page_id;page_title;value_valid_from;type;votes_for_election;needed_votes;turnout;electoral_vote1;popular_vote1;percentage1;electoral_vote2;popular_vote2;percentage2
628673;1979 European Parliament election in the United Kingdom;2009-06-15T19:34:03.000000;parliamentary;;;;;;;;;
628673;1979 European Parliament election in the United Kingdom;2014-03-15T14:26:28.000000;parliamentary;;;;;;51.0;;;33.0
628673;1979 European Parliament election in the United Kingdom;2014-03-17T18:55:02.000000;parliamentary;;;;;;48.4;;;31.6
628673;1979 European Parliament election in the United Kingdom;2014-10-13T23:14:29.000000;parliamentary;;;32.7;;6508492;48.4;;4253247;31.6
628673;1979 European Parliament election in the United Kingdom;2017-07-22T01:26:25.000000;parliamentary;;;32.7;;6508492;48.5;;4253247;31.7
628673;1979 European Parliament election in the United Kingdom;2017-07-22T01:58:51.000000;parliamentary;;;32.7;;6508492;48.4;;4253247;31.6
628673;1979 European Parliament election in the United Kingdom;2018-03-31T12:49:07.000000;parliamentary;;;32.4;;6508492;48.4;;4253247;31.6
629054;1984 European Parliament election in the United Kingdom;2009-06-15T20:28:14.000000;parliamentary;;;;;;;;;
629054;1984 European Parliament election in the United Kingdom;2014-03-15T14:12:35.000000;parliamentary;;;;;;38.8;;;34.7
629054;1984 European Parliament election in the United Kingdom;2014-03-17T18:57:53.000000;parliamentary;;;;;5426866;38.8;;4865224;34.7
629054;1984 European Parliament election in the United Kingdom;2014-10-13T23:17:19.000000;parliamentary;;;33.0;;5426866;38.8;;4865224;34.7
629054;1984 European Parliament election in the United Kingdom;2017-07-22T02:08:39.000000;parliamentary;;;33.0;;5426866;38.8;;4865224;34.8
629054;1984 European Parliament election in the United Kingdom;2018-03-31T12:47:31.000000;parliamentary;;;32.6;;5426866;38.8;;4865224;34.8
629219;1989 European Parliament election in the United Kingdom;2009-06-16T07:56:33.000000;parliamentary;;;;;;;;;
629219;1989 European Parliament election in the United Kingdom;2014-03-15T13:58:46.000000;parliamentary;;;;;;37.0;;;35.0
629219;1989 European Parliament election in the United Kingdom;2014-03-17T18:50:39.000000;parliamentary;;;;;6153640;37.0;;5331077;35.0
629219;1989 European Parliament election in the United Kingdom;2014-03-17T19:01:50.000000;parliamentary;;;;;6153640;39.0;;5331077;33.0
629219;1989 European Parliament election in the United Kingdom;2014-12-16T15:26:36.000000;parliamentary;;;;;6153640;40.1;;5331077;34.7
629219;1989 European Parliament election in the United Kingdom;2017-07-22T21:10:10.000000;parliamentary;;;;;6153640;38.7;;5331077;33.7
629219;1989 European Parliament election in the United Kingdom;2018-03-31T12:51:11.000000;parliamentary;;;36.4;;6153640;38.7;;5331077;33.7
629422;1994 European Parliament election in the United Kingdom;2009-06-16T07:58:26.000000;parliamentary;;;;;;;;;
629422;1994 European Parliament election in the United Kingdom;2010-05-06T13:43:38.000000;parliamentary;;;;;6753863;44.0;;4248531;28.0
629422;1994 European Parliament election in the United Kingdom;2010-12-31T03:21:16.000000;parliamentary;;;;;6753863;44.0;;4254114;28.0
629422;1994 European Parliament election in the United Kingdom;2014-03-17T18:48:14.000000;parliamentary;;;;;6753863;44.0;;4254114;28.0
629422;1994 European Parliament election in the United Kingdom;2017-02-02T19:34:05.000000;parliamentary;;;;;6753863;44.2;;4254114;27.8
629422;1994 European Parliament election in the United Kingdom;2017-02-02T19:35:43.000000;parliamentary;;;;;6753863;42.6;;4254114;26.8
629422;1994 European Parliament election in the United Kingdom;2017-07-23T01:31:29.000000;parliamentary;;;;;6753881;42.6;;4274122;26.8
629422;1994 European Parliament election in the United Kingdom;2018-03-31T12:52:12.000000;parliamentary;;;36.4;;6753881;42.6;;4274122;26.8
629422;1994 European Parliament election in the United Kingdom;2018-04-30T22:12:07.000000;parliamentary;;;36.4;;6753881;42.6;;4274122;26.8
630500;1999 European Parliament election in the United Kingdom;2009-06-16T08:01:33.000000;parliamentary;;;;;;;;;
630500;1999 European Parliament election in the United Kingdom;2010-03-03T18:48:27.000000;parliamentary;;;;;;;;2803821;28.03
630500;1999 European Parliament election in the United Kingdom;2011-08-10T16:13:01.000000;parliamentary;;;;;3578218;35.77;;2803821;28.03
630500;1999 European Parliament election in the United Kingdom;2014-05-26T22:46:24.000000;parliamentary;;;24.0;;3578218;35.77;;2803821;28.03
630500;1999 European Parliament election in the United Kingdom;2014-05-28T00:56:20.000000;parliamentary;;;24.0;;3578218;35.8;;2803821;28.0
630500;1999 European Parliament election in the United Kingdom;2014-05-28T08:52:39.000000;parliamentary;;;24.0;;3578218;35.77;;2803821;28.03
630500;1999 European Parliament election in the United Kingdom;2017-07-23T17:27:22.000000;parliamentary;;;24.0;;3578218;33.5;;2803821;26.3
630500;1999 European Parliament election in the United Kingdom;2018-03-31T12:59:27.000000;parliamentary;;;24.0;;3578218;33.5;;2803821;26.3
630500;1999 European Parliament election in the United Kingdom;2019-05-26T00:35:49.000000;parliamentary;;;24.0;;3578218;33.5;;2803821;26.3
731977;2004 European Parliament election in Poland;2010-07-09T00:33:21.000000;parliamentary;;;;;1467775;24.1;;969689;12.67
731977;2004 European Parliament election in Poland;2013-10-06T18:10:31.000000;parliamentary;;;;;1467775;24.1;;969689;15.92
731977;2004 European Parliament election in Poland;2015-07-14T12:36:44.000000;parliamentary;;;20.87;;1467775;24.1;;969689;15.92
731977;2004 European Parliament election in Poland;2017-10-05T19:44:54.000000;parliamentary;;;20.87;;1467775;24.1;;969689;15.92
740632;2004 European Parliament election in Belgium;2012-12-06T12:12:53.000000;parliamentary;;;;;;;;;
740632;2004 European Parliament election in Belgium;2015-07-15T15:59:06.000000;parliamentary;;;;;1131119;17.43;;930731;14.43
740632;2004 European Parliament election in Belgium;2017-09-13T20:28:14.000000;parliamentary;;;;;1131119;17.43;;930731;14.43
740632;2004 European Parliament election in Belgium;2017-09-14T07:07:37.000000;parliamentary;;;;;1131119;17.43;;930731;14.43
740647;2004 European Parliament election in the Czech Republic;2015-11-07T16:16:02.000000;parliamentary;;;;;;;;;
740647;2004 European Parliament election in the Czech Republic;2016-08-02T07:41:34.000000;parliamentary;;;28.32;;700942;30.04;;472862;20.26
740696;2004 European Parliament election in France;2009-06-23T10:13:34.000000;parliamentary;;;;;4960756;28.9;;2856368;16.6
743340;2004 European Parliament election in Greece;2009-04-20T22:46:37.000000;legislative;;;;;;;;;
743340;2004 European Parliament election in Greece;2009-04-22T13:49:29.000000;legislative;;;;;;43.02;;;34.03
743355;2004 European Parliament election in Italy;2009-12-15T09:48:54.000000;parliamentary;;;;;10105836;31.1;;6806245;20.9
755594;2004 European Parliament election in the Netherlands;2009-06-23T13:41:47.000000;Parliamentary;;;;;;;;;
755594;2004 European Parliament election in the Netherlands;2009-06-23T13:43:37.000000;Parliamentary;;;39.26;;;;;;
755594;2004 European Parliament election in the Netherlands;2017-02-23T09:16:18.000000;Parliamentary;;;39.26;;1164431;24.43;;1124549;23.6
755594;2004 European Parliament election in the Netherlands;2017-04-13T22:31:30.000000;Parliamentary;;;39.26;;1164431;24.43;;1124549;23.6
755601;2004 European Parliament election in Portugal;2010-07-12T11:34:01.000000;Parliamentary;;;38.6;;;;;;
755601;2004 European Parliament election in Portugal;2017-07-26T21:49:02.000000;Parliamentary;;;38.6;;1516001;44.5;;1132769;33.3
755614;2004 European Parliament election in Slovenia;2009-06-16T08:10:17.000000;parliamentary;;;;;;;;;
755614;2004 European Parliament election in Slovenia;2014-08-25T09:33:00.000000;parliamentary;;;;;102753;23.57;;95489;21.91
755626;2004 European Parliament election in Spain;2017-07-21T20:08:59.000000;parliamentary;;;45.1;;6741112;43.5;;6393192;41.2
3865939;1987 European Parliament election in Portugal;2010-07-12T11:41:10.000000;Parliamentary;;;72.4;;;;;;
3865939;1987 European Parliament election in Portugal;2016-11-03T18:17:43.000000;Parliamentary;;;72.4;;2111828;37.5;;1267672;22.5
5371495;1994 European Parliament election in Greece;2009-04-23T18:39:50.000000;legislative;;;;;;37.6;;;32.7
5371833;1999 European Parliament election in Greece;2009-04-22T15:12:39.000000;legislative;;;;;;36.0;;;32.9
8599208;2009 European Parliament election in Ireland;2009-04-09T19:12:18.000000;legislative;;;;;;;;;
8599208;2009 European Parliament election in Ireland;2009-06-10T16:06:59.000000;legislative;;;;;532889;29.1;;440562;24.1
8599208;2009 European Parliament election in Ireland;2009-06-20T12:19:25.000000;parliamentary;;;;;532889;29.1;;440562;24.1
8599208;2009 European Parliament election in Ireland;2014-03-17T18:15:12.000000;parliamentary;;;;;532889;29.1;;440562;24.1
8710829;1999 European Parliament election in the Netherlands;2009-06-23T13:45:07.000000;Parliamentary;;;30.02;;;;;;
8710829;1999 European Parliament election in the Netherlands;2017-02-24T02:20:22.000000;Parliamentary;;;30.02;;951898;26.94;;712929;20.11
8710829;1999 European Parliament election in the Netherlands;2017-04-14T02:11:37.000000;Parliamentary;;;30.02;;951898;26.94;;712929;20.11
8710829;1999 European Parliament election in the Netherlands;2018-04-20T20:12:59.000000;Parliamentary;;;30.02;;951898;26.94;;954898;20.11
8710829;1999 European Parliament election in the Netherlands;2018-04-20T20:13:36.000000;Parliamentary;;;30.02;;954898;26.94;;712929;20.11
8711099;1994 European Parliament election in the Netherlands;2009-06-23T13:48:49.000000;Parliamentary;;;35.7;;;;;;
8711099;1994 European Parliament election in the Netherlands;2016-01-29T11:24:38.000000;Parliamentary;;;35.7;;;;;;
8711099;1994 European Parliament election in the Netherlands;2017-02-20T04:44:08.000000;Parliamentary;;;35.69;;;;;;
8711099;1994 European Parliament election in the Netherlands;2017-02-24T10:28:21.000000;Parliamentary;;;35.69;;1271855;30.77;;945869;22.88
8711099;1994 European Parliament election in the Netherlands;2017-04-13T23:01:17.000000;Parliamentary;;;35.69;;1271855;30.77;;945869;22.88
8711276;1989 European Parliament election in the Netherlands;2009-06-23T13:52:13.000000;Parliamentary;;;47.5;;;;;;
8711276;1989 European Parliament election in the Netherlands;2017-02-20T10:21:08.000000;Parliamentary;;;47.48;;;;;;
8711276;1989 European Parliament election in the Netherlands;2017-02-26T05:12:00.000000;Parliamentary;;;47.48;;1814107;34.6;;1609626;30.7
8711276;1989 European Parliament election in the Netherlands;2017-02-26T05:34:24.000000;Parliamentary;;;47.48;;1814107;34.6;;1609626;30.7
8711276;1989 European Parliament election in the Netherlands;2017-02-27T00:23:04.000000;Parliamentary;;;47.48;;1814107;34.6;;1609626;30.7
8711505;1984 European Parliament election in the Netherlands;2009-06-15T20:26:18.000000;parliamentary;;;;;;;;;
8711505;1984 European Parliament election in the Netherlands;2009-06-21T17:07:47.000000;parliamentary;;;;;;;;;
8711505;1984 European Parliament election in the Netherlands;2009-06-23T13:54:52.000000;parliamentary;;;50.9;;;;;;
8711505;1984 European Parliament election in the Netherlands;2017-02-20T10:21:46.000000;parliamentary;;;50.88;;;;;;
8711505;1984 European Parliament election in the Netherlands;2017-02-27T00:22:26.000000;Parliamentary;;;50.88;;1785165;33.7;;1590218;30.02
8711586;1979 European Parliament election in the Netherlands;2009-06-15T19:28:31.000000;parliamentary;;;;;;;;;
8711586;1979 European Parliament election in the Netherlands;2009-06-23T13:57:18.000000;parliamentary;;;58.1;;;;;;
8711586;1979 European Parliament election in the Netherlands;2017-02-20T10:22:20.000000;parliamentary;;;58.12;;;;;;
8711586;1979 European Parliament election in the Netherlands;2017-02-26T02:02:06.000000;Parliamentary;;;58.12;;2017743;35.6;;1722240;30.39
8721556;2007 European Parliament election in Bulgaria;2010-05-01T03:59:06.000000;parliamentary;;;;;420001;21.68;;414786;21.41
8721556;2007 European Parliament election in Bulgaria;2012-07-29T20:00:05.000000;parliamentary;;;28.6;;420001;21.68;;414786;21.41
8721556;2007 European Parliament election in Bulgaria;2012-09-10T11:11:01.000000;parliamentary;;;28.6;;420001;21.68;;414786;21.41
8721556;2007 European Parliament election in Bulgaria;2012-10-12T08:35:05.000000;parliamentary;;;28.6;;420001;21.68;;414786;21.41
8739635;2009 European Parliament election in the United Kingdom;2009-04-09T18:44:12.000000;legislative;;;;;;;;;
8739635;2009 European Parliament election in the United Kingdom;2009-06-08T12:29:21.000000;parliamentary;;;;;;;;;
8739635;2009 European Parliament election in the United Kingdom;2009-09-28T14:04:09.000000;parliamentary;;;;;4198394;27.7;;2498226;16.5
8739635;2009 European Parliament election in the United Kingdom;2010-01-13T14:59:31.000000;parliamentary;;;;;4198394;37.7;;2498226;18.8
8739635;2009 European Parliament election in the United Kingdom;2010-01-17T15:42:48.000000;parliamentary;;;;;4198394;27.7;;2498226;16.5
8739635;2009 European Parliament election in the United Kingdom;2013-01-12T01:17:52.000000;parliamentary;;;;;4198394;27.7;;2498226;16.5
8739635;2009 European Parliament election in the United Kingdom;2014-05-23T17:29:34.000000;parliamentary;;;34.7;;4198394;27.7;;2498226;16.5
8739635;2009 European Parliament election in the United Kingdom;2016-06-21T16:23:11.000000;parliamentary;;;34.7;;4198394;27.7;;2498226;16.5
8739635;2009 European Parliament election in the United Kingdom;2016-06-21T16:32:15.000000;parliamentary;;;34.7;;4198394;27.7;;2498226;16.5
8739635;2009 European Parliament election in the United Kingdom;2017-07-25T00:27:39.000000;parliamentary;;;34.7;;4281286;27.4;;2498226;16.0
8739635;2009 European Parliament election in the United Kingdom;2018-03-31T13:00:42.000000;parliamentary;;;34.7;;4281286;27.4;;2498226;16.0
8739635;2009 European Parliament election in the United Kingdom;2019-05-26T00:43:54.000000;parliamentary;;;34.7;;4281286;27.4;;2498226;16.0
10899247;1989 European Parliament election in France;2009-06-27T10:34:59.000000;parliamentary;;;;;;28.88;;;23.61
10966244;1994 European Parliament election in France;2009-06-24T09:30:58.000000;parliamentary;;;;;4985574;25.58;;2824173;14.49
10966244;1994 European Parliament election in France;2009-06-25T21:40:33.000000;parliamentary;;;;;4985574;25.58;;2824173;14.49
10966848;1999 European Parliament election in France;2009-06-23T10:56:04.000000;parliamentary;;;;;3873901;21.95;;2304285;13.5
10966848;1999 European Parliament election in France;2009-06-26T00:19:53.000000;parliamentary;;;;;3873901;21.95;;2304285;13.05
10966848;1999 European Parliament election in France;2017-11-21T10:47:46.000000;parliamentary;;;;;3873901;21.95;;2304285;13.05
11569554;1979 European Parliament election in Italy;2009-06-15T19:25:59.000000;parliamentary;;;;;;;;;
11569554;1979 European Parliament election in Italy;2011-02-10T23:52:11.000000;legislative;;;;;12774320;36.5;;10361344;29.6
11728067;2009 European Parliament election in France;2009-06-15T16:17:03.000000;parliamentary;;;;;;;;;
11728067;2009 European Parliament election in France;2009-06-23T10:35:57.000000;parliamentary;;;;;4798921;27.87;;2837674;16.48
11728067;2009 European Parliament election in France;2009-08-30T12:45:50.000000;parliamentary;;;;;4799908;27.88;;2838160;16.48
11728067;2009 European Parliament election in France;2012-04-23T17:43:17.000000;parliamentary;;;;;4799908;27.88;;2838160;16.48
11728067;2009 European Parliament election in France;2014-03-17T18:06:54.000000;parliamentary;;;;;4799908;27.88;;2838160;16.48
11789225;2009 European Parliament election in Italy;2009-06-15T16:21:08.000000;parliamentary;;;;;;;;;
11789225;2009 European Parliament election in Italy;2009-09-10T16:58:28.000000;parliamentary;;;;;10807854;35.26;;8007854;26.13
11789225;2009 European Parliament election in Italy;2009-11-21T00:15:11.000000;parliamentary;;;;;10807854;35.2;;8007854;26.1
11789225;2009 European Parliament election in Italy;2009-12-15T16:28:12.000000;parliamentary;;;;;10807794;35.3;;8008203;26.1
11789225;2009 European Parliament election in Italy;2013-05-25T19:53:59.000000;parliamentary;;;;;10797296;35.3;;7999476;26.1
11797025;1989 European Parliament election in Greece;2009-04-24T19:25:54.000000;legislative;;;;;;40.45;;;35.94
12130396;1999 European Parliament election in Germany;2012-05-05T11:22:16.000000;parliamentary;;;45.2;;13168231;48.7;;8307085;30.7
12293809;1999 European Parliament election in Belgium;2012-11-15T14:08:15.000000;parliamentary;;;;;;;;;
12293809;1999 European Parliament election in Belgium;2012-12-06T12:16:58.000000;parliamentary;;;;;;;;;
12293809;1999 European Parliament election in Belgium;2015-07-17T16:02:27.000000;parliamentary;;;;;847099;13.61;;839720;13.49
12293809;1999 European Parliament election in Belgium;2017-09-13T21:00:57.000000;parliamentary;;;;;847099;13.61;;839720;13.49
12293809;1999 European Parliament election in Belgium;2017-09-14T07:07:35.000000;parliamentary;;;;;847099;13.61;;839720;13.49
12305445;1994 European Parliament election in Belgium;2012-11-15T14:18:36.000000;parliamentary;;;;;;;;;
12305445;1994 European Parliament election in Belgium;2012-12-06T12:19:41.000000;parliamentary;;;;;;;;;
12305445;1994 European Parliament election in Belgium;2015-07-17T23:10:42.000000;parliamentary;;;;;1013266;;;678421;
12305445;1994 European Parliament election in Belgium;2015-07-17T23:16:22.000000;parliamentary;;;;;1013266;16.98;;680142;11.4
12305445;1994 European Parliament election in Belgium;2017-09-13T20:43:10.000000;parliamentary;;;;;1013266;16.98;;680142;11.4
12305445;1994 European Parliament election in Belgium;2017-09-14T07:07:27.000000;parliamentary;;;;;1013266;16.98;;680142;11.4
12307536;1989 European Parliament election in Belgium;2012-12-06T11:20:05.000000;parliamentary;;;;;;;;;
12307536;1989 European Parliament election in Belgium;2015-07-17T23:26:15.000000;parliamentary;;;;;1247075;21.14;;854207;14.48
12307536;1989 European Parliament election in Belgium;2017-09-13T20:45:35.000000;parliamentary;;;;;1247075;21.14;;854207;14.48
12307536;1989 European Parliament election in Belgium;2017-09-14T07:07:25.000000;parliamentary;;;;;1247075;21.14;;854207;14.48
12307948;1984 European Parliament election in Belgium;2009-06-15T19:57:12.000000;parliamentary;;;;;;;;;
12307948;1984 European Parliament election in Belgium;2012-12-06T11:22:42.000000;parliamentary;;;;;;;;;
12307948;1984 European Parliament election in Belgium;2015-07-17T23:36:05.000000;parliamentary;;;;;1132682;19.8;;979702;17.12
12307948;1984 European Parliament election in Belgium;2017-09-13T20:46:03.000000;parliamentary;;;;;1132682;19.8;;979702;17.12
12307948;1984 European Parliament election in Belgium;2017-09-14T07:07:23.000000;parliamentary;;;;;1132682;19.8;;979702;17.12
12309447;1979 European Parliament election in Belgium;2009-06-15T19:16:02.000000;parliamentary;;;;;;;;;
12309447;1979 European Parliament election in Belgium;2012-12-06T12:06:28.000000;parliamentary;;;;;;;;;
12309447;1979 European Parliament election in Belgium;2015-07-17T23:40:18.000000;parliamentary;;;;;1607941;29.54;;698889;12.84
12309447;1979 European Parliament election in Belgium;2017-09-13T20:50:17.000000;parliamentary;;;;;1607941;29.54;;698889;12.84
12309447;1979 European Parliament election in Belgium;2017-09-14T07:07:22.000000;parliamentary;;;;;1607941;29.54;;698889;12.84
15124116;1987 European Parliament election in Spain;2015-04-19T18:42:25.000000;parliamentary;;;68.5;;7522706;39.1;;4747283;24.7
15124116;1987 European Parliament election in Spain;2017-02-05T16:12:28.000000;parliamentary;;;68.5;;7522706;39.1;;4747283;24.7
15124116;1987 European Parliament election in Spain;2017-02-25T22:10:16.000000;parliamentary;;;68.5;;7522706;39.1;;4747283;24.6
15124702;1984 European Parliament election in Italy;2009-06-15T20:18:02.000000;parliamentary;;;;;;;;;
15124702;1984 European Parliament election in Italy;2011-05-27T18:50:21.000000;parliamentary;;;;;11714428;33.3;;11583767;33.0
15124710;1989 European Parliament election in Italy;2011-10-05T20:32:23.000000;parliamentary;;;;;11451053;32.9;;9598369;27.6
15124732;1994 European Parliament election in Italy;2009-12-15T10:33:24.000000;parliamentary;;;;;10089139;30.6;;6281354;19.1
15124732;1994 European Parliament election in Italy;2010-06-17T00:20:32.000000;parlamentare;;;;;10089139;30.6;;6281354;19.1
15124732;1994 European Parliament election in Italy;2010-06-17T00:53:13.000000;parliamentary;;;;;10089139;30.6;;6281354;19.1
15124732;1994 European Parliament election in Italy;2019-06-27T21:28:54.000000;parliamentary;;;73.6;;10089139;30.6;;6281354;19.1
15124737;1999 European Parliament election in Italy;2009-12-15T10:21:06.000000;parliamentary;;;;;7829624;25.2;;5395363;17.3
15124737;1999 European Parliament election in Italy;2015-11-03T21:10:10.000000;parliamentary;;;;;7829624;25.2;;5395363;17.3
15124758;1989 European Parliament election in Spain;2017-02-27T20:37:02.000000;parliamentary;;;54.7;;6275552;39.6;;3395015;21.4
15124763;1994 European Parliament election in Spain;2017-02-27T23:03:13.000000;parliamentary;;;59.1;;7453900;40.1;;5719707;30.8
15124772;1999 European Parliament election in Spain;2017-07-14T13:52:01.000000;parliamentary;;;63.0;;8410993;39.7;;7477823;35.3
15124796;2009 European Parliament election in Spain;2009-06-13T15:28:44.000000;parliamentary;;;;;;;;;
15124796;2009 European Parliament election in Spain;2013-05-23T15:53:19.000000;parliamentary;;;44.9;;6670377;42.1;;6141784;38.8
15124796;2009 European Parliament election in Spain;2014-02-09T12:51:05.000000;parliamentary;;;44.9;;6670377;42.1;;6141784;38.8
15124796;2009 European Parliament election in Spain;2014-05-18T18:35:39.000000;parliamentary;;;44.9;;6670377;42.1;;6141784;38.8
15124796;2009 European Parliament election in Spain;2017-02-27T17:13:57.000000;parliamentary;;;44.9;;6670377;42.1;;6141784;38.8
15124996;2009 European Parliament election in Belgium;2015-07-15T15:49:25.000000;parliamentary;;;;;948123;14.43;;837884;12.75
15124996;2009 European Parliament election in Belgium;2017-09-13T20:27:13.000000;parliamentary;;;;;948123;14.43;;837884;12.75
15124996;2009 European Parliament election in Belgium;2017-09-14T07:07:45.000000;parliamentary;;;;;948123;14.43;;837884;12.75
15125012;2009 European Parliament election in Bulgaria;2009-06-13T16:06:30.000000;parliamentary;;;;;;;;;
15125012;2009 European Parliament election in Bulgaria;2012-07-29T19:58:43.000000;parliamentary;;;37.5;;627693;24.36;;476618;18.5
15125012;2009 European Parliament election in Bulgaria;2012-09-10T11:17:00.000000;parliamentary;;;37.5;;627693;24.36;;476618;18.5
15125012;2009 European Parliament election in Bulgaria;2012-10-12T08:36:53.000000;parliamentary;;;37.5;;627693;24.36;;476618;18.5
15125012;2009 European Parliament election in Bulgaria;2014-02-24T02:03:34.000000;parliamentary;;;37.5;;627693;24.36;;476618;18.5
15125027;2009 European Parliament election in the Czech Republic;2009-06-13T16:12:51.000000;parliamentary;;;;;;;;;
15125027;2009 European Parliament election in the Czech Republic;2015-11-14T00:11:53.000000;parliamentary;;;;;741946;31.45;;528132;22.38
15125027;2009 European Parliament election in the Czech Republic;2015-11-17T09:19:55.000000;parliamentary;;;;;741946;31.45;;528132;22.38
15125027;2009 European Parliament election in the Czech Republic;2019-05-27T20:14:19.000000;parliamentary;;;28.22;;741946;31.45;;528132;22.38
15125067;2009 European Parliament election in Greece;2009-04-19T12:45:04.000000;legislative;;;;;;;;;
15125067;2009 European Parliament election in Greece;2009-06-12T13:47:41.000000;legislative;;;;;1878859;36.64;;1655636;32.29
15125067;2009 European Parliament election in Greece;2014-03-17T18:46:49.000000;legislative;;;;;1878859;36.64;;1655636;32.29
15125179;2009 European Parliament election in the Netherlands;2009-06-15T16:30:35.000000;parliamentary;;;;;;;;;
15125179;2009 European Parliament election in the Netherlands;2009-06-15T17:25:54.000000;Parliamentary;;;36.9;;;;;;
15125179;2009 European Parliament election in the Netherlands;2017-02-23T07:48:09.000000;Parliamentary;;;36.9;;913233;20.05;;772746;16.97
15125179;2009 European Parliament election in the Netherlands;2017-04-13T22:22:54.000000;Parliamentary;;;36.9;;913233;20.05;;772746;16.97
15125179;2009 European Parliament election in the Netherlands;2017-05-12T09:44:00.000000;Parliamentary;;;36.75;;913233;20.05;;772746;16.97
15125188;2009 European Parliament election in Poland;2009-06-15T16:34:11.000000;parliamentary;;;;;;;;;
15125188;2009 European Parliament election in Poland;2010-07-08T23:45:55.000000;parliamentary;;;;;3271852;44.43;;2017607;27.4
15125188;2009 European Parliament election in Poland;2012-03-21T23:55:50.000000;parliamentary;;;;;3271852;44.43;;2017607;27.4
15125188;2009 European Parliament election in Poland;2012-03-21T23:57:31.000000;parliamentary;;;;;3271852;44.43;;2017607;27.4
15125188;2009 European Parliament election in Poland;2014-03-17T18:39:16.000000;parliamentary;;;;;3271852;44.43;;2017607;27.4
15125188;2009 European Parliament election in Poland;2014-03-17T18:41:19.000000;parliamentary;;;;;3271852;44.43;;2017607;27.4
15125188;2009 European Parliament election in Poland;2015-07-14T12:35:45.000000;parliamentary;;;24.53;;3271852;44.43;;2017607;27.4
15125188;2009 European Parliament election in Poland;2017-10-05T19:46:27.000000;parliamentary;;;24.53;;3271852;44.43;;2017607;27.4
15125201;2009 European Parliament election in Portugal;2009-06-15T16:35:47.000000;parliamentary;;;;;;;;;
15125201;2009 European Parliament election in Portugal;2010-07-12T11:35:00.000000;parliamentary;;;36.8;;;;;;
15125201;2009 European Parliament election in Portugal;2010-07-14T22:13:24.000000;Parliamentary;;;36.8;;;;;;
15125201;2009 European Parliament election in Portugal;2017-07-27T20:13:07.000000;Parliamentary;;;36.8;;1131744;31.7;;946818;26.5
15125204;2009 European Parliament election in Romania;2009-04-12T17:55:58.000000;legislative;;;;;;;;;
15125204;2009 European Parliament election in Romania;2009-06-09T18:31:38.000000;parliamentary;;;;;1504218;31.07;;1438000;29.71
15125204;2009 European Parliament election in Romania;2014-03-17T17:49:41.000000;parliamentary;;;;;1504218;31.07;;1438000;29.71
15125204;2009 European Parliament election in Romania;2019-06-03T18:08:57.000000;parliamentary;;;27.67;;1504218;31.07;;1438000;29.71
15125225;2009 European Parliament election in Slovenia;2009-06-15T16:43:14.000000;parliamentary;;;;;;;;;
15125225;2009 European Parliament election in Slovenia;2014-08-22T22:45:30.000000;parliamentary;;;;;123369;26.66;;85402;18.43
15125225;2009 European Parliament election in Slovenia;2014-08-25T09:14:03.000000;parliamentary;;;28.36;;123369;26.66;;85402;18.43
15125225;2009 European Parliament election in Slovenia;2017-10-05T19:46:34.000000;parliamentary;;;28.36;;123369;26.66;;85402;18.43
21211407;2009 European Parliament election in Germany;2009-06-15T16:19:02.000000;parliamentary;;;;;;;;;
21211407;2009 European Parliament election in Germany;2012-05-05T09:32:46.000000;parliamentary;;;43.3;;9968153;37.9;;5472566;20.8
28562704;2014 European Parliament election in Ireland;2010-11-19T14:22:35.000000;parliamentary;;;;;;;;;
28562704;2014 European Parliament election in Ireland;2010-11-19T14:25:00.000000;parliamentary;;;;;;;;;
28562704;2014 European Parliament election in Ireland;2013-10-21T20:53:39.000000;parliamentary;;;;;;;;;
28562704;2014 European Parliament election in Ireland;2014-05-27T22:21:52.000000;parliamentary;;;;;;22.3;;323300;19.5
28562704;2014 European Parliament election in Ireland;2014-05-27T22:23:09.000000;parliamentary;;;;;369120;22.3;;323300;19.5
28562704;2014 European Parliament election in Ireland;2014-06-03T05:07:58.000000;parliamentary;;;;;369120;22.3;;323300;19.5
28562704;2014 European Parliament election in Ireland;2014-06-03T05:11:36.000000;parliamentary;;;;;369120;22.3;;323300;19.5
28562704;2014 European Parliament election in Ireland;2014-06-03T05:28:48.000000;parliamentary;;;;;369120;22.3;;323300;19.5
28562704;2014 European Parliament election in Ireland;2014-06-04T20:17:43.000000;parliamentary;;;;;369120;22.3;;323300;19.5
28562704;2014 European Parliament election in Ireland;2014-12-30T01:43:36.000000;parliamentary;;;52.44;;369120;22.3;;323300;19.5
28562704;2014 European Parliament election in Ireland;2014-12-30T03:13:50.000000;parliamentary;;;52.44;;369120;22.28;;323300;19.5
28562704;2014 European Parliament election in Ireland;2015-06-01T12:16:53.000000;parliamentary;;;52.44;;369120;22.28;;323300;19.5
28562704;2014 European Parliament election in Ireland;2016-05-29T15:06:03.000000;parliamentary;;;52.44;;369120;22.28;;323300;19.5
28562704;2014 European Parliament election in Ireland;2016-05-29T15:06:41.000000;parliamentary;;;52.44;;369120;22.28;;323300;19.5
28562704;2014 European Parliament election in Ireland;2017-10-05T20:29:53.000000;parliamentary;;;52.44;;369120;22.28;;323300;19.5
36148626;2014 European Parliament election in the United Kingdom;2009-06-13T10:00:51.000000;parliamentary;;;;;;;;;
36148626;2014 European Parliament election in the United Kingdom;2009-06-14T09:13:37.000000;parliamentary;;;;;;;;;
36148626;2014 European Parliament election in the United Kingdom;2012-06-15T13:52:54.000000;parliamentary;;;;;;;;;
36148626;2014 European Parliament election in the United Kingdom;2014-05-25T23:08:03.000000;parliamentary;;;;;;;;;
36148626;2014 European Parliament election in the United Kingdom;2014-05-25T23:09:04.000000;parliamentary;;;;;;;;;
36148626;2014 European Parliament election in the United Kingdom;2014-05-26T15:12:25.000000;parliamentary;;;34.17;;;;;;
36148626;2014 European Parliament election in the United Kingdom;2014-05-26T16:40:28.000000;parliamentary;;;34.17;;4352251;27.5;;4020656;25.4
36148626;2014 European Parliament election in the United Kingdom;2014-05-27T10:38:35.000000;parliamentary;;;34.17;;4352251;27.5;;4020656;25.4
36148626;2014 European Parliament election in the United Kingdom;2014-06-08T18:20:34.000000;parliamentary;;;34.17;;4376635;27.5;;4020646;25.4
36148626;2014 European Parliament election in the United Kingdom;2014-10-13T10:03:38.000000;parliamentary;;;34.17;;4376635;26.6;;4020646;24.4
36148626;2014 European Parliament election in the United Kingdom;2014-12-30T02:03:00.000000;parliamentary;;;35.6;;4376635;26.6;;4020646;24.4
36148626;2014 European Parliament election in the United Kingdom;2016-06-11T07:26:29.000000;parliamentary;;;35.6;;4376635;26.6;;4020646;24.4
36148626;2014 European Parliament election in the United Kingdom;2016-06-21T16:23:54.000000;parliamentary;;;35.6;;4376635;26.6;;4020646;24.4
36148626;2014 European Parliament election in the United Kingdom;2016-06-21T16:32:15.000000;parliamentary;;;35.6;;4376635;26.6;;4020646;24.4
36148626;2014 European Parliament election in the United Kingdom;2016-07-11T17:27:09.000000;parliamentary;;;35.6;;4376635;26.6;;4020646;24.4
36148626;2014 European Parliament election in the United Kingdom;2018-03-16T13:39:18.000000;parliamentary;;;35.6;;4376635;26.6;;4020646;25.4
36148626;2014 European Parliament election in the United Kingdom;2018-03-16T14:03:44.000000;parliamentary;;;35.6;;4376635;26.6;;4020646;24.4
36148626;2014 European Parliament election in the United Kingdom;2018-05-17T02:05:33.000000;parliamentary;;;35.6;;4376635;26.6;;4020646;24.4
36148626;2014 European Parliament election in the United Kingdom;2019-01-22T20:43:37.000000;parliamentary;;;35.6;;4376635;26.6;;4020646;24.4
36148626;2014 European Parliament election in the United Kingdom;2019-05-24T12:44:59.000000;parliamentary;;;35.6;;4376635;26.6;;4020646;24.4
36148626;2014 European Parliament election in the United Kingdom;2019-05-26T17:55:34.000000;parliamentary;;;35.6;;4376635;26.6;;4020646;24.4
37290824;2014 European Parliament election in Croatia;2014-03-22T13:18:20.000000;parliamentary;;;;;;;;;
37290824;2014 European Parliament election in Croatia;2014-04-04T11:58:21.000000;parliamentary;;;0.0;;;;;;
37290824;2014 European Parliament election in Croatia;2014-04-10T16:52:40.000000;parliamentary;;;0.0;;;;;;
37290824;2014 European Parliament election in Croatia;2014-05-25T22:12:28.000000;parliamentary;;;25.0;;337220;41.5;;271465;29.9
37290824;2014 European Parliament election in Croatia;2014-05-25T22:15:30.000000;parliamentary;;;25.0;;377881;41.5;;272571;29.9
37290824;2014 European Parliament election in Croatia;2014-05-25T22:46:38.000000;parliamentary;;;25.0;;379437;41.4;;274225;29.9
37290824;2014 European Parliament election in Croatia;2014-05-25T23:00:16.000000;parliamentary;;;25.0;;379437;41.4;;274225;29.9
37290824;2014 European Parliament election in Croatia;2014-05-26T12:45:42.000000;parliamentary;;;25.0;;381844;41.4;;275904;29.9
37290824;2014 European Parliament election in Croatia;2014-12-30T01:32:00.000000;parliamentary;;;25.24;;381844;41.4;;275904;29.9
37290824;2014 European Parliament election in Croatia;2019-05-27T11:00:43.000000;parliamentary;;;25.24;;381844;41.4;;275904;29.9
38464496;2013 European Parliament election in Croatia;2013-04-08T20:45:02.000000;parliamentary;;;;;;;;;
38464496;2013 European Parliament election in Croatia;2013-04-14T20:53:50.000000;parliamentary;;;20.62;;186153;32.9;;177185;31.31
38464496;2013 European Parliament election in Croatia;2013-04-14T20:57:09.000000;parliamentary;;;20.78;;186153;32.9;;177185;31.31
38464496;2013 European Parliament election in Croatia;2013-04-14T21:01:21.000000;parliamentary;;;20.71;;196489;33.05;;186474;31.37
38464496;2013 European Parliament election in Croatia;2013-04-14T21:45:08.000000;parliamentary;;;20.74;;214034;33.13;;203623;31.51
38464496;2013 European Parliament election in Croatia;2013-04-15T12:08:39.000000;parliamentary;;;20.74;;243654;32.86;;237778;32.07
38701962;2014 European Parliament election in Romania;2013-05-08T13:04:20.000000;parliamentary;;;;;;;;;
38701962;2014 European Parliament election in Romania;2014-05-26T21:12:54.000000;parliamentary;;;;;;37.6;;;15.0
38701962;2014 European Parliament election in Romania;2014-12-30T01:55:46.000000;parliamentary;;;32.44;;;37.6;;;15.0
39272578;2014 European Parliament election in Belgium;2013-05-08T08:43:12.000000;parliamentary;;;;;;;;;
39272578;2014 European Parliament election in Belgium;2014-05-26T21:45:52.000000;parliamentary;;;;;1123027;16.85;;858872;12.89
39272578;2014 European Parliament election in Belgium;2014-05-29T16:19:16.000000;parliamentary;;;89.64;;1123363;16.79;;859254;12.84
39272578;2014 European Parliament election in Belgium;2014-12-30T01:22:05.000000;parliamentary;;;89.64;;1123363;16.79;;859254;12.84
39272578;2014 European Parliament election in Belgium;2017-09-13T20:27:48.000000;parliamentary;;;89.64;;1123363;16.79;;859254;12.84
39272578;2014 European Parliament election in Belgium;2017-09-14T07:07:13.000000;parliamentary;;;89.64;;1123363;16.79;;859254;12.84
39364082;2014 European Parliament election in Austria;2014-01-20T23:42:39.000000;parliamentary;;;;;;;;;
39364082;2014 European Parliament election in Austria;2014-05-26T22:22:47.000000;parliamentary;;;;;761896;26.98;;680180;24.09
39364082;2014 European Parliament election in Austria;2014-12-30T01:18:01.000000;parliamentary;;;45.39;;761896;26.98;;680180;24.09
39364082;2014 European Parliament election in Austria;2014-12-30T23:11:09.000000;parliamentary;;;45.39;;761896;26.98;;680180;24.09
39364084;2014 European Parliament election in Bulgaria;2014-02-24T03:17:41.000000;parliamentary;;;;;;;;;
39364084;2014 European Parliament election in Bulgaria;2014-05-26T13:57:27.000000;parliamentary;;;27.0;;;;;;
39364084;2014 European Parliament election in Bulgaria;2014-05-26T21:08:07.000000;parliamentary;;;27.0;;;30.45;;;19.05
39364084;2014 European Parliament election in Bulgaria;2014-05-26T21:15:35.000000;parliamentary;;;27.0;;;30.4;;;18.94
39364084;2014 European Parliament election in Bulgaria;2014-05-28T20:43:20.000000;parliamentary;;;27.0;;680838;30.4;;424037;18.94
39364084;2014 European Parliament election in Bulgaria;2014-05-28T20:45:08.000000;parliamentary;;;36.15;;680838;30.4;;424037;18.94
39364084;2014 European Parliament election in Bulgaria;2014-10-02T15:42:44.000000;parliamentary;;;36.15;;680838;30.4;;424037;18.93
39364084;2014 European Parliament election in Bulgaria;2014-12-30T01:29:51.000000;parliamentary;;;35.84;;680838;30.4;;424037;18.93
39364090;2014 European Parliament election in the Czech Republic;2015-11-07T16:11:36.000000;parliamentary;;;;;;;;;
39364090;2014 European Parliament election in the Czech Republic;2015-11-13T00:07:37.000000;parliamentary;;;;;244501;16.13;;241747;15.95
39364090;2014 European Parliament election in the Czech Republic;2015-11-17T09:54:14.000000;parliamentary;;;;;244501;16.13;;241747;15.95
39364090;2014 European Parliament election in the Czech Republic;2018-07-19T08:01:53.000000;parliamentary;;;18.2;;244501;16.13;;241747;15.95
39364092;2014 European Parliament election in Denmark;2013-07-01T15:31:08.000000;parliamentary;;;;;;;;;
39364092;2014 European Parliament election in Denmark;2014-05-26T04:45:04.000000;parliamentary;;;;;;;;;
39364092;2014 European Parliament election in Denmark;2014-05-27T21:42:25.000000;parliamentary;;;;;;;;;
39364092;2014 European Parliament election in Denmark;2014-05-29T16:48:00.000000;parliamentary;;;;;605889;26.6;;435245;19.1
39364092;2014 European Parliament election in Denmark;2014-12-30T01:35:58.000000;parliamentary;;;56.32;;605889;26.6;;435245;19.1
39364092;2014 European Parliament election in Denmark;2017-07-12T14:59:39.000000;parliamentary;;;56.32;;605889;26.6;;435245;19.1
39364092;2014 European Parliament election in Denmark;2017-10-05T20:23:25.000000;parliamentary;;;56.32;;605889;26.6;;435245;19.1
39364094;2014 European Parliament election in Estonia;2014-01-20T12:05:34.000000;Parliamentary;;;;;;;;;
39364094;2014 European Parliament election in Estonia;2014-05-18T22:42:37.000000;Parliamentary;;;;;;;;;
39364094;2014 European Parliament election in Estonia;2014-05-25T23:31:27.000000;Parliamentary;;;36.44;;79865;24.3;;73449;22.3
39364094;2014 European Parliament election in Estonia;2014-05-26T15:36:52.000000;Parliamentary;;;36.52;;79854;24.3;;73427;22.4
39364094;2014 European Parliament election in Estonia;2014-05-28T00:50:25.000000;Parliamentary;;;36.52;;79849;24.3;;73419;22.4
39364094;2014 European Parliament election in Estonia;2014-12-30T01:37:04.000000;Parliamentary;;;36.52;;79849;24.3;;73419;22.4
39364096;2014 European Parliament election in Finland;2014-02-16T14:21:42.000000;parliamentary;;;;;;;;;
39364096;2014 European Parliament election in Finland;2014-12-30T01:50:18.000000;parliamentary;;;39.1;;;;;;
39364096;2014 European Parliament election in Finland;2017-09-26T16:44:08.000000;parliamentary;;;39.1;;;;;;
39364096;2014 European Parliament election in Finland;2017-10-05T20:23:30.000000;parliamentary;;;39.1;;;;;;
39364096;2014 European Parliament election in Finland;2019-02-01T18:32:01.000000;parliamentary;;;39.1;;390376;22.6;;339895;19.7
39364101;2014 European Parliament election in France;2013-12-20T21:11:23.000000;parliamentary;;;;;;;;;
39364101;2014 European Parliament election in France;2014-05-26T19:36:53.000000;parliamentary;;;;;4711339;24.85;;3942766;20.8
39364101;2014 European Parliament election in France;2014-05-26T19:39:39.000000;parliamentary;;;;;4711339;24.85;;3942766;20.8
39364101;2014 European Parliament election in France;2014-05-29T18:00:34.000000;parliamentary;;;;;4711339;24.85;;3942766;20.8
39364101;2014 European Parliament election in France;2014-12-30T01:38:28.000000;parliamentary;;;42.43;;4711339;24.85;;3942766;20.8
39364101;2014 European Parliament election in France;2018-06-05T22:54:04.000000;parliamentary;;;42.43;;4711339;24.85;;3942766;20.8
39364104;2014 European Parliament election in Greece;2013-12-03T17:55:58.000000;legislative;;;;;;;;;
39364104;2014 European Parliament election in Greece;2014-05-26T21:51:19.000000;legislative;;;;;1516634;26.6;;1295967;22.7
39364104;2014 European Parliament election in Greece;2014-05-26T22:03:38.000000;parliamentary;;;59.96;;1516637;26.58;;1295967;22.71
39364104;2014 European Parliament election in Greece;2014-06-23T19:13:09.000000;parliamentary;;;59.97;;1516637;26.58;;1295967;22.71
39364104;2014 European Parliament election in Greece;2015-04-23T15:49:46.000000;parliamentary;;;59.97;;1516637;26.58;;1295967;22.71
39364104;2014 European Parliament election in Greece;2016-07-21T11:52:13.000000;parliamentary;;;59.97;;1516637;26.58;;1295967;22.71
39364104;2014 European Parliament election in Greece;2016-09-14T16:34:36.000000;parliamentary;;;59.97;;1516637;26.58;;1295967;22.71
39364104;2014 European Parliament election in Greece;2016-11-14T23:34:22.000000;parliamentary;;;59.97;;1516637;26.58;;1295967;22.71
39364104;2014 European Parliament election in Greece;2017-10-05T20:23:42.000000;parliamentary;;;59.97;;1516637;26.58;;1295967;22.71
39364107;2014 European Parliament election in Hungary;2014-04-23T14:22:12.000000;legislative;;;;;;;;;
39364107;2014 European Parliament election in Hungary;2014-05-26T22:15:33.000000;legislative;;;;;1191163;51.49;;339501;14.68
39364107;2014 European Parliament election in Hungary;2014-05-29T10:30:09.000000;legislative;;;;;1193991;51.48;;340287;14.67
39364107;2014 European Parliament election in Hungary;2014-12-30T01:42:18.000000;legislative;;;28.97;;1193991;51.48;;340287;14.67
39364108;2014 European Parliament election in Italy;2013-12-18T16:37:24.000000;parliamentary;;;;;;;;;
39364108;2014 European Parliament election in Italy;2014-05-26T10:43:00.000000;parliamentary;;;;;11172861;40.8;;5792865;21.2
39364108;2014 European Parliament election in Italy;2014-05-26T11:32:37.000000;parliamentary;;;;;11203231;40.81;;5807362;21.15
39364108;2014 European Parliament election in Italy;2014-05-26T22:14:53.000000;parliamentary;;;;;11203231;40.8;;5807362;21.2
39364108;2014 European Parliament election in Italy;2014-06-24T15:35:11.000000;parliamentary;;;;;11203231;40.8;;5807362;21.2
39364108;2014 European Parliament election in Italy;2014-12-30T01:45:03.000000;parliamentary;;;57.22;;11203231;40.8;;5807362;21.2
39364108;2014 European Parliament election in Italy;2018-08-18T21:57:33.000000;parliamentary;;;57.22;;11203231;40.8;;5807362;21.2
39364109;2014 European Parliament election in Latvia;2014-08-30T15:02:51.000000;Parliamentary;;;30.24;;204979;46.2;;63229;14.3
39364109;2014 European Parliament election in Latvia;2014-12-30T01:46:51.000000;Parliamentary;;;30.24;;204979;46.2;;63229;14.3
39364114;2014 European Parliament election in the Netherlands;2015-03-15T00:08:18.000000;Parliamentary;;;37.3;;;;;;
39364114;2014 European Parliament election in the Netherlands;2017-02-14T03:02:49.000000;Parliamentary;;;37.32;;;;;;
39364114;2014 European Parliament election in the Netherlands;2017-02-15T00:36:26.000000;Parliamentary;;;37.32;;;;;;
39364114;2014 European Parliament election in the Netherlands;2017-02-21T07:04:21.000000;Parliamentary;;;37.32;735825;;15.48;721766;;15.18
39364114;2014 European Parliament election in the Netherlands;2017-02-21T07:40:17.000000;Parliamentary;;;37.32;735825;735825;15.48;721766;721766;15.18
39364114;2014 European Parliament election in the Netherlands;2017-03-04T09:02:34.000000;Parliamentary;;;37.32;735825;735825;15.48;721766;721766;15.18
39364115;2014 European Parliament election in Poland;2014-01-30T12:02:52.000000;parliamentary;;;;;;;;;
39364115;2014 European Parliament election in Poland;2014-05-26T19:54:10.000000;parliamentary;;;;;;;;;
39364115;2014 European Parliament election in Poland;2014-05-26T22:43:18.000000;parliamentary;;;;;2271215;32.13;;2246870;31.78
39364115;2014 European Parliament election in Poland;2014-05-27T18:55:46.000000;parliamentary;;;;;2271215;32.13;;2246870;31.78
39364115;2014 European Parliament election in Poland;2014-05-31T23:09:45.000000;parliamentary;;;23.83;;2271215;32.13;;2246870;31.78
39364115;2014 European Parliament election in Poland;2014-12-30T01:53:11.000000;parliamentary;;;23.83;;2271215;32.13;;2246870;31.78
39364115;2014 European Parliament election in Poland;2018-08-18T21:58:45.000000;parliamentary;;;23.83;;2271215;32.13;;2246870;31.78
39364120;2014 European Parliament election in Slovakia;2014-05-23T13:00:34.000000;parliamentary;;;;;;;;;
39364120;2014 European Parliament election in Slovakia;2014-05-28T16:39:19.000000;parliamentary;;;13.0;;135089;24.09;;74108;13.21
39364120;2014 European Parliament election in Slovakia;2014-12-30T01:57:17.000000;parliamentary;;;13.05;;135089;24.09;;74108;13.21
39364124;2014 European Parliament election in Spain;2014-02-02T23:49:41.000000;parliamentary;;;;;;;;;
39364124;2014 European Parliament election in Spain;2014-05-25T22:50:37.000000;parliamentary;;;;;4070615;26.1;;3593233;23.0
39364124;2014 European Parliament election in Spain;2014-05-25T23:24:46.000000;parliamentary;;;;;4073301;26.1;;3595518;23.0
39364124;2014 European Parliament election in Spain;2014-05-26T05:42:11.000000;parliamentary;;;;;4074363;26.1;;3596324;23.0
39364124;2014 European Parliament election in Spain;2014-06-08T15:55:25.000000;parliamentary;;;45.8;;4074363;26.1;;3596324;23.0
39364124;2014 European Parliament election in Spain;2014-06-08T15:55:58.000000;parliamentary;;;45.8;;4074363;26.1;;3596324;23.0
39364124;2014 European Parliament election in Spain;2014-06-18T16:55:22.000000;parliamentary;;;43.8;;4098339;26.1;;3614232;23.0
39364124;2014 European Parliament election in Spain;2014-09-20T09:01:34.000000;parliamentary;;;43.8;;4098339;26.1;;3614232;23.0
39364124;2014 European Parliament election in Spain;2014-12-30T02:00:06.000000;parliamentary;;;43.81;;4098339;26.1;;3614232;23.0
39364124;2014 European Parliament election in Spain;2014-12-30T02:01:20.000000;parliamentary;;;43.81;;4098339;26.1;;3614232;23.0
39364124;2014 European Parliament election in Spain;2014-12-30T02:02:27.000000;parliamentary;;;43.81;;4098339;26.1;;3614232;23.0
39364124;2014 European Parliament election in Spain;2014-12-30T02:03:39.000000;parliamentary;;;43.8;;4098339;26.1;;3614232;23.0
39364124;2014 European Parliament election in Spain;2016-07-24T13:16:11.000000;parliamentary;;;43.8;;4098339;26.1;;3614232;23.0
39364124;2014 European Parliament election in Spain;2017-02-25T14:48:45.000000;parliamentary;;;43.8;;4098339;26.1;;3614232;23.0
39364126;2014 European Parliament election in Sweden;2014-04-12T09:30:43.000000;parliamentary;;;;;;;;;
39364126;2014 European Parliament election in Sweden;2014-05-29T16:37:35.000000;parliamentary;;;48.9;;866063;24.4;;541023;15.3
39364126;2014 European Parliament election in Sweden;2014-05-30T13:34:27.000000;parliamentary;;;51.07;;899074;24.19;;572591;15.41
39364126;2014 European Parliament election in Sweden;2014-12-30T02:01:31.000000;parliamentary;;;51.07;;899074;24.19;;572591;15.41
40039466;2014 European Parliament election in Portugal;2013-07-27T01:03:55.000000;Parliamentary;;;;;;;;;
40039466;2014 European Parliament election in Portugal;2014-05-27T21:29:13.000000;Parliamentary;;;33.91;;;;;;
40039466;2014 European Parliament election in Portugal;2014-05-27T21:49:13.000000;parliamentary;;;33.91;;;;;;
40039466;2014 European Parliament election in Portugal;2014-05-27T21:53:16.000000;parliamentary;;;33.91;;1032911;31.47;;909607;27.71
40039466;2014 European Parliament election in Portugal;2014-05-27T22:12:23.000000;parliamentary;;;33.89;;1032895;31.46;;909588;27.71
40039466;2014 European Parliament election in Portugal;2014-05-28T17:18:43.000000;parliamentary;;;33.89;;1032895;31.46;;909588;27.71
40039466;2014 European Parliament election in Portugal;2014-05-29T18:41:33.000000;parliamentary;;;33.89;;1032895;31.5;;909588;27.7
40039466;2014 European Parliament election in Portugal;2014-12-30T01:54:26.000000;parliamentary;;;33.67;;1032895;31.5;;909588;27.7
40039466;2014 European Parliament election in Portugal;2015-03-31T01:37:43.000000;parliamentary;;;33.67;;1034249;31.5;;910647;27.7
40039466;2014 European Parliament election in Portugal;2017-07-24T18:23:26.000000;parliamentary;;;33.67;;1034249;31.5;;910647;27.7
40039466;2014 European Parliament election in Portugal;2018-04-22T03:04:40.000000;parliamentary;;;33.7;;1034249;31.5;;910647;27.7
42797713;2014 European Parliament election in Cyprus;2014-05-19T01:47:25.000000;parliamentary;;;;;;;;;
42797713;2014 European Parliament election in Cyprus;2014-05-19T01:58:54.000000;parliamentary;;;;;;;;;
42797713;2014 European Parliament election in Cyprus;2014-05-28T04:34:56.000000;parliamentary;;;43.97;;97732;37.75;;69852;26.98
42797713;2014 European Parliament election in Cyprus;2014-12-30T01:33:54.000000;parliamentary;;;43.97;;97732;37.75;;69852;26.98
43659161;2014 European Parliament election in Slovenia;2014-08-26T00:07:00.000000;parliamentary;;;24.55;;99643;24.78;;66760;16.6
43659161;2014 European Parliament election in Slovenia;2014-12-30T01:58:09.000000;parliamentary;;;24.55;;99643;24.78;;66760;16.6
43659161;2014 European Parliament election in Slovenia;2017-10-05T20:24:07.000000;parliamentary;;;24.55;;99643;24.78;;66760;16.6
47802164;2019 European Parliament election in the United Kingdom;2015-09-13T08:59:25.000000;parliamentary;;;;;;;;;
47802164;2019 European Parliament election in the United Kingdom;2016-08-29T17:29:24.000000;parliamentary;;;;;;;;;
47802164;2019 European Parliament election in the United Kingdom;2016-08-30T15:21:50.000000;parliamentary;;;;;;;;;
47802164;2019 European Parliament election in the United Kingdom;2018-05-27T19:44:59.000000;parliamentary;;;;;;;;;
47802164;2019 European Parliament election in the United Kingdom;2018-05-28T06:30:15.000000;parliamentary;;;;;;;;;
47802164;2019 European Parliament election in the United Kingdom;2018-06-01T19:24:27.000000;parliamentary;;;;;;;;;
47802164;2019 European Parliament election in the United Kingdom;2018-06-04T20:08:05.000000;parliamentary;;;;;;;;;
47802164;2019 European Parliament election in the United Kingdom;2018-07-24T20:41:46.000000;parliamentary;;;;;;;;;
47802164;2019 European Parliament election in the United Kingdom;2018-07-25T14:14:26.000000;parliamentary;;;;;;;;;
47802164;2019 European Parliament election in the United Kingdom;2019-04-16T22:55:59.000000;parliamentary;;;;;;;;;
47802164;2019 European Parliament election in the United Kingdom;2019-04-18T17:44:17.000000;parliamentary;;;;;;;;;
47802164;2019 European Parliament election in the United Kingdom;2019-04-20T12:43:31.000000;parliamentary;;;;;;;;;
47802164;2019 European Parliament election in the United Kingdom;2019-04-22T22:52:34.000000;parliamentary;;;;;;;;;
47802164;2019 European Parliament election in the United Kingdom;2019-04-22T22:58:02.000000;parliamentary;;;;;;;;;
47802164;2019 European Parliament election in the United Kingdom;2019-05-27T00:01:02.000000;parliamentary;;;;;;;;;
47802164;2019 European Parliament election in the United Kingdom;2019-05-27T06:25:46.000000;parliamentary;;;;;5244893;31.6;;3366673;20.3
47802164;2019 European Parliament election in the United Kingdom;2019-05-27T19:32:05.000000;parliamentary;;;;;5248533;30.6;;3367284;19.6
47802164;2019 European Parliament election in the United Kingdom;2019-05-28T00:15:38.000000;parliamentary;;;;;5248533;30.5;;3367284;19.6
47802164;2019 European Parliament election in the United Kingdom;2019-05-28T01:01:49.000000;parliamentary;;;;;5248533;31.7;;3367284;18.5
47802164;2019 European Parliament election in the United Kingdom;2019-05-28T02:31:29.000000;parliamentary;;;;;5248533;30.5;;3367284;19.6
47802164;2019 European Parliament election in the United Kingdom;2019-05-30T18:48:25.000000;parliamentary;;;37.0;;5248533;30.5;;3367284;19.6
47802164;2019 European Parliament election in the United Kingdom;2019-05-31T07:25:57.000000;parliamentary;;;37.0;;5248533;30.5;;3367284;19.6
47802164;2019 European Parliament election in the United Kingdom;2019-06-30T16:02:13.000000;parliamentary;;;37.0;;5248533;30.5;;3367284;19.6
47802164;2019 European Parliament election in the United Kingdom;2019-07-04T17:50:43.000000;parliamentary;;;37.0;;5248533;30.5;;3367284;19.6
47802164;2019 European Parliament election in the United Kingdom;2019-07-04T21:10:40.000000;parliamentary;;;37.0;;5248533;30.5;;3367284;19.6
47802164;2019 European Parliament election in the United Kingdom;2019-08-28T19:20:38.000000;parliamentary;;;37.0;;5248533;30.5;;3367284;19.6
52005048;2019 European Parliament election in Spain;2016-10-15T21:13:54.000000;parliamentary;;;;;;;;;
52005048;2019 European Parliament election in Spain;2019-05-26T21:15:48.000000;parliamentary;;;;;6964470;32.8;;4267365;20.1
52005048;2019 European Parliament election in Spain;2019-05-26T21:18:10.000000;parliamentary;;;;;7023909;32.8;;4304460;20.1
52005048;2019 European Parliament election in Spain;2019-05-27T06:45:18.000000;parliamentary;;;;;7359617;32.8;;4510193;20.1
52005048;2019 European Parliament election in Spain;2019-05-30T22:35:58.000000;parliamentary;;;64.3;;7359617;32.8;;4510193;20.1
52005048;2019 European Parliament election in Spain;2019-07-22T17:15:30.000000;parliamentary;;;60.7;;7369789;32.9;;4519205;20.2
56079977;2019 European Parliament election in France;2018-10-14T02:35:40.000000;parliamentary;;;;;;;;;
56079977;2019 European Parliament election in France;2019-05-27T09:42:44.000000;parliamentary;;;;;;23.31;;;22.4
56079977;2019 European Parliament election in France;2019-05-27T09:51:00.000000;parliamentary;;;;;;23.31;;;22.4
56079977;2019 European Parliament election in France;2019-05-27T11:24:32.000000;parliamentary;;;;;;23.31;;;22.4
56079977;2019 European Parliament election in France;2019-05-27T11:35:35.000000;parliamentary;;;;;5281745;23.31;;5076469;22.41
56079977;2019 European Parliament election in France;2019-05-27T11:37:24.000000;parliamentary;;;50.12;;5281745;23.31;;5076469;22.41
56079977;2019 European Parliament election in France;2019-05-28T14:36:12.000000;parliamentary;;;50.12;;5284151;23.32;;5077809;22.41
56079977;2019 European Parliament election in France;2019-05-29T01:00:44.000000;parliamentary;;;50.12;;5284365;23.33;;5078068;22.41
56079977;2019 European Parliament election in France;2019-05-31T00:04:36.000000;parliamentary;;;50.12;;5286279;23.33;;5078781;22.42
56079977;2019 European Parliament election in France;2019-05-31T01:15:58.000000;parliamentary;;;50.12;;5286939;23.34;;5079015;22.42
56438360;2019 European Parliament election in the Czech Republic;2018-01-29T09:37:17.000000;parliamentary;;;;;;;;;
56438360;2019 European Parliament election in the Czech Republic;2019-05-26T21:44:39.000000;parliamentary;;;28.72;;502343;21.18;;344885;14.54
56459590;2019 European Parliament election in Finland;2018-01-31T14:53:10.000000;parliamentary;;;;;;;;;
56459590;2019 European Parliament election in Finland;2019-05-26T22:31:57.000000;parliamentary;;;40.7;;380106;20.8;;292512;16.0
56459590;2019 European Parliament election in Finland;2019-05-26T23:32:48.000000;parliamentary;;;40.7;;380106;20.8;;292512;16.0
56814371;2019 European Parliament election in Romania;2018-03-11T22:07:19.000000;parliamentary;;;;;;;;;
56814371;2019 European Parliament election in Romania;2019-05-27T17:31:01.000000;parliamentary;;;48.66;;;26.35;;;23.16
56814371;2019 European Parliament election in Romania;2019-06-03T17:58:08.000000;parliamentary;;;51.07;;;27.0;;;22.51
56814371;2019 European Parliament election in Romania;2019-06-03T18:09:23.000000;parliamentary;;;51.07;;;27.0;;;22.51
56814371;2019 European Parliament election in Romania;2019-06-04T12:59:49.000000;parliamentary;;;51.2;;;27.0;;;22.51
58442647;2019 European Parliament election in Italy;2018-09-09T16:33:48.000000;parliamentary;;;;;;;;;
58442647;2019 European Parliament election in Italy;2019-05-27T08:28:49.000000;parliamentary;;;;;;34.33;;;22.69
58442647;2019 European Parliament election in Italy;2019-05-27T08:29:33.000000;parliamentary;;;;;;34.3;;;22.7
58442647;2019 European Parliament election in Italy;2019-05-27T09:49:01.000000;parliamentary;;;;;;34.33;;;22.69
58442647;2019 European Parliament election in Italy;2019-05-27T10:05:43.000000;parliamentary;;;;;;34.3;;;22.7
58442647;2019 European Parliament election in Italy;2019-05-28T02:54:03.000000;parliamentary;;;;;9175108;34.3;;6089017;22.7
58442647;2019 European Parliament election in Italy;2019-05-28T18:49:30.000000;parliamentary;;;;;9175208;34.3;;6089853;22.7
58485203;2019 European Parliament election in Sweden;2018-09-14T16:31:45.000000;parliamentary;;;;;;;;;
58485203;2019 European Parliament election in Sweden;2019-02-16T16:52:38.000000;parliamentary;;;;;;;;;
58485203;2019 European Parliament election in Sweden;2019-02-16T16:52:53.000000;parliamentary;;;;;;;;;
58485203;2019 European Parliament election in Sweden;2019-02-16T18:58:20.000000;parliamentary;;;;;;;;;
58485203;2019 European Parliament election in Sweden;2019-02-16T23:30:57.000000;parliamentary;;;;;;;;;
58485203;2019 European Parliament election in Sweden;2019-02-27T19:53:51.000000;parliamentary;;;;;;;;;
58485203;2019 European Parliament election in Sweden;2019-02-27T19:54:08.000000;parliamentary;;;;;;;;;
58485203;2019 European Parliament election in Sweden;2019-05-30T17:05:27.000000;parliamentary;;;;;;23.4;;;16.8
58485203;2019 European Parliament election in Sweden;2019-06-01T20:33:42.000000;parliamentary;;;;;;23.4;;;16.8
58485203;2019 European Parliament election in Sweden;2019-07-06T10:06:07.000000;parliamentary;;;55.27;;;23.4;;;16.8
58485203;2019 European Parliament election in Sweden;2019-07-06T10:15:23.000000;parliamentary;;;55.27;;;23.4;;;16.8
58485203;2019 European Parliament election in Sweden;2019-07-06T12:56:10.000000;parliamentary;;;55.27;;;23.4;;;16.8
58485203;2019 European Parliament election in Sweden;2019-07-15T10:14:23.000000;parliamentary;;;55.27;;;23.5;;;16.8
59335924;2019 European Parliament election in Estonia;2018-12-10T09:02:54.000000;Parliamentary;;;;;;;;;
59335924;2019 European Parliament election in Estonia;2019-05-26T21:34:03.000000;Parliamentary;;;;;87158;26.2;;77384;23.3
59335924;2019 European Parliament election in Estonia;2019-05-26T21:47:13.000000;Parliamentary;;;37.6;;87158;26.2;;77384;23.3
59469131;2019 European Parliament election in Malta;2018-12-23T12:34:19.000000;parliamentary;;;;;;;;;
59469131;2019 European Parliament election in Malta;2019-05-26T19:36:13.000000;parliamentary;;;;;;55.9;;;
59469131;2019 European Parliament election in Malta;2019-05-26T19:40:44.000000;parliamentary;;;;;;55.9;;;36.2
59469131;2019 European Parliament election in Malta;2019-05-26T19:50:16.000000;parliamentary;;;74.8;;;55.9;;;36.2
59469131;2019 European Parliament election in Malta;2019-05-26T21:19:06.000000;parliamentary;;;74.8;;100200;55.9;;47500;36.2
59469131;2019 European Parliament election in Malta;2019-05-27T07:05:53.000000;parliamentary;;;74.8;;141267;54.29;;98611;37.9
59903052;2019 European Parliament election in Hungary;2019-03-04T16:03:42.000000;parliamentary;;;;;;;;;
59903052;2019 European Parliament election in Hungary;2019-05-29T17:43:29.000000;parliamentary;;;43.26;;1816998;52.62;;219784;6.36
59903052;2019 European Parliament election in Hungary;2019-05-29T17:56:43.000000;parliamentary;;;43.26;;1816998;52.62;;219784;6.36
59903052;2019 European Parliament election in Hungary;2019-05-29T18:27:04.000000;parliamentary;;;43.26;;1816998;52.62;;219784;6.36
59903052;2019 European Parliament election in Hungary;2019-05-29T19:01:08.000000;parliamentary;;;43.26;;1816998;52.62;;555403;16.08
59903052;2019 European Parliament election in Hungary;2019-05-30T15:36:15.000000;parliamentary;;;43.48;;1824220;52.56;;557081;16.05
60016408;2019 European Parliament election in Slovenia;2019-02-19T09:38:51.000000;parliamentary;;;;;;;;;
60016408;2019 European Parliament election in Slovenia;2019-05-27T05:31:06.000000;parliamentary;;;;;124634;26.43;;87913;18.64
60221941;2019 European Parliament election in Bulgaria;2019-03-13T22:50:29.000000;parliamentary;;;;;;;;;
60221941;2019 European Parliament election in Bulgaria;2019-05-30T00:46:05.000000;parliamentary;;;;;607194;31.07;;474160;24.26
60338061;2019 European Parliament election in the Netherlands;2019-03-26T20:27:41.000000;parliamentary;;;;;;;;;
60338061;2019 European Parliament election in the Netherlands;2019-05-28T06:01:44.000000;parliamentary;;;;;1045293;18.9;;804679;14.6
60338061;2019 European Parliament election in the Netherlands;2019-06-05T05:26:08.000000;parliamentary;;;;;1045274;19.01;;805100;14.64
60338061;2019 European Parliament election in the Netherlands;2019-06-05T05:32:19.000000;parliamentary;;;41.93;;1045274;19.01;;805100;14.64
60452444;2019 European Parliament election in Poland;2019-04-09T13:26:33.000000;parliamentary;;;;;;;;;
60452444;2019 European Parliament election in Poland;2019-05-27T17:39:40.000000;parliamentary;;;45.68;;6192780;45.38;;5249935;38.47
60484390;2019 European Parliament election in Slovakia;2019-04-18T21:29:06.000000;parliamentary;;;;;;;;;
60484390;2019 European Parliament election in Slovakia;2019-05-26T21:42:05.000000;parliamentary;;;;;198255;20.11;;154996;15.72
60537806;2019 European Parliament election in Denmark;2019-05-07T19:55:46.000000;parliamentary;;;;;;;;;
60537806;2019 European Parliament election in Denmark;2019-05-27T00:47:03.000000;parliamentary;;;;;;23.5;;;21.5
60537806;2019 European Parliament election in Denmark;2019-05-27T05:35:39.000000;parliamentary;;;66.0;;;23.5;;;21.5
60537806;2019 European Parliament election in Denmark;2019-06-01T23:16:46.000000;parliamentary;;;66.08;;;23.5;;;21.5
60699754;2019 European Parliament election in Austria;2019-05-08T03:32:51.000000;parliamentary;;;;;;26.98;;;
60699754;2019 European Parliament election in Austria;2019-05-28T03:09:25.000000;parliamentary;;;59.8;;1305954;34.6;;903151;23.9
60743758;2019 European Parliament election in Latvia;2019-05-27T07:24:14.000000;Parliamentary;;;;;124193;26.24;;82604;17.45
60743758;2019 European Parliament election in Latvia;2019-05-27T17:39:18.000000;Parliamentary;;;;;124193;26.24;;82604;17.45
32009;2000 United States presidential election;2007-08-09T02:32:05.000000;presidential;;;;271;50460110;47.9;266;51003926;48.4
32009;2000 United States presidential election;2007-08-17T17:20:02.000000;presidential;;;;271;50460110;47.9;267;51003926;48.4
32009;2000 United States presidential election;2007-08-22T19:02:20.000000;presidential;;;;271;50460110;47.9;267;51003926;48.4
32009;2000 United States presidential election;2007-08-22T22:49:01.000000;presidential;;;;271;50460110;47.9;266;51003926;48.4
32009;2000 United States presidential election;2007-08-23T03:10:20.000000;presidential;;;;271;50460110;47.9;266;51003926;48.4
32009;2000 United States presidential election;2007-08-26T16:51:46.000000;presidential;;;;271;49819600;48.0;266;50156783;48.2
32009;2000 United States presidential election;2007-09-08T14:54:30.000000;presidential;;;;271;50460110;47.87;266;51003926;48.38
32009;2000 United States presidential election;2007-09-30T14:39:08.000000;presidential;;;;271;50460110;47.87;266;51003926;48.38
32009;2000 United States presidential election;2007-10-05T17:48:39.000000;presidential;;;;271;50460110;47.87;266;51003926;48.38
32009;2000 United States presidential election;2007-10-05T18:04:27.000000;presidential;;;;271;50460110;47.87;266;51003926;48.38
32009;2000 United States presidential election;2007-10-18T12:54:08.000000;presidential;;;;271;50460110;47.87;266;51003926;48.38
32009;2000 United States presidential election;2007-10-18T16:43:45.000000;presidential;;;;271;50460110;47.87;266;51003926;48.38
32009;2000 United States presidential election;2007-10-21T15:55:27.000000;presidential;;;;271;50460110;47.9;266;51003926;48.4
32009;2000 United States presidential election;2007-10-21T16:49:22.000000;presidential;;;;271;50460110;47.87;266;51003926;48.38
32009;2000 United States presidential election;2007-11-04T17:55:24.000000;presidential;;;;271;50460110;47.9;266;51003926;48.4
32009;2000 United States presidential election;2007-11-09T04:04:15.000000;presidential;;;;271;50460110;47.9;266;51003926;48.4
32009;2000 United States presidential election;2007-11-19T20:13:14.000000;presidential;;;;271;50460110;47.9;266;51003926;48.4
32009;2000 United States presidential election;2007-11-19T20:14:30.000000;presidential;;;;271;50460110;47.9;266;51003926;48.4
32009;2000 United States presidential election;2007-12-31T05:47:08.000000;presidential;;;;271;50460110;47.9;266;51003926;48.4
32009;2000 United States presidential election;2007-12-31T05:47:47.000000;presidential;;;;271;50460110;47.9;266;51003926;48.4
32009;2000 United States presidential election;2008-01-23T20:55:00.000000;presidential;;;;271;50460110;47.9;266;51003926;48.4
32009;2000 United States presidential election;2008-01-23T20:56:22.000000;presidential;;;;271;50460110;47.9;266;51003926;48.4
32009;2000 United States presidential election;2008-01-30T02:47:26.000000;presidential;;;;271;50460110;47.9;266;51003926;48.4
32009;2000 United States presidential election;2008-01-30T02:55:20.000000;presidential;;;;271;50460110;47.9;266;51003926;48.4
32009;2000 United States presidential election;2008-02-19T06:42:37.000000;presidential;;;;271;50460110;47.9;266;51003926;48.4
32009;2000 United States presidential election;2008-02-19T06:43:52.000000;presidential;;;;271;50460110;47.9;266;51003926;48.4
32009;2000 United States presidential election;2008-03-20T15:49:34.000000;presidential;;;;360;50460110;47.9;266;51003926;48.4
32009;2000 United States presidential election;2008-03-20T16:05:23.000000;presidential;;;;271;50460110;47.9;266;51003926;48.4
32009;2000 United States presidential election;2008-05-03T04:12:44.000000;presidential;;;;271;50456002;47.9;266;50999897;48.4
32009;2000 United States presidential election;2008-05-27T15:29:04.000000;presidential;;;;271;50460110;47.9;266;51003926;48.4
32009;2000 United States presidential election;2008-05-30T07:35:53.000000;presidential;;;;271;50456002;47.9;266;50999897;48.4
32009;2000 United States presidential election;2008-06-06T15:03:14.000000;president;;;;271;50456002;47.9;266;50999897;48.4
32009;2000 United States presidential election;2008-06-06T15:16:56.000000;presidential;;;;271;50456002;47.9;266;50999897;48.4
32009;2000 United States presidential election;2008-06-10T14:57:33.000000;presidential;;;;271;50456002;47.9;267;50999897;48.4
32009;2000 United States presidential election;2008-06-10T15:02:57.000000;presidential;;;;271;50456002;47.9;266;50999897;48.4
32009;2000 United States presidential election;2008-06-10T15:06:14.000000;presidential;;;;271;50456002;47.9;266;50999897;48.4
32009;2000 United States presidential election;2008-06-10T15:29:23.000000;presidential;;;;271;50456002;47.9;266;50999897;48.4
32009;2000 United States presidential election;2008-06-28T01:30:15.000000;presidential;;;;246;50456002;47.9;291;50999897;48.4
32009;2000 United States presidential election;2008-06-28T03:13:13.000000;presidential;;;;266;50456002;47.9;271;50999897;48.4
32009;2000 United States presidential election;2008-06-28T03:13:42.000000;presidential;;;;271;50456002;47.9;266;50999897;48.4
32009;2000 United States presidential election;2008-06-29T17:44:30.000000;presidential;;;;271;50456002;47.9;266;50999897;48.4
32009;2000 United States presidential election;2008-07-01T18:31:12.000000;presidential;;;;271;50456002;47.9;266;50999897;48.4
32009;2000 United States presidential election;2008-07-05T02:58:31.000000;presidential;;;;271;50456002;47.9;266;50999897;48.4
32009;2000 United States presidential election;2008-08-01T18:12:42.000000;presidential;;;;271;50456002;47.9;266;50999897;48.4
32009;2000 United States presidential election;2008-08-03T04:44:51.000000;presidential;;;;271;50456002;47.9;267;50999897;48.4
32009;2000 United States presidential election;2008-08-03T16:54:01.000000;presidential;;;;271;50456002;47.9;266;50999897;48.4
32009;2000 United States presidential election;2008-08-07T23:04:31.000000;presidential;;;;271;50456002;47.9;266;50999897;48.4
32009;2000 United States presidential election;2008-08-14T20:45:24.000000;presidential;;;;271;50456002;47.9;266;50999897;48.4
32009;2000 United States presidential election;2008-08-21T15:49:03.000000;presidential;;;;271;50456002;47.9;267;50999897;48.4
32009;2000 United States presidential election;2008-08-23T19:06:02.000000;presidential;;;;271;50456002;47.9;266;50999897;48.4
32009;2000 United States presidential election;2008-08-24T07:41:41.000000;presidential;;;;271;50456002;47.9;267;50999897;48.4
32009;2000 United States presidential election;2008-08-24T07:49:08.000000;presidential;;;;271;50456002;47.9;266;50999897;48.4
32009;2000 United States presidential election;2008-09-25T23:59:00.000000;ass whole;;;;271;50456002;47.9;266;50999897;48.4
32009;2000 United States presidential election;2008-09-26T02:21:43.000000;presidential;;;;271;50456002;47.9;266;50999897;48.4
32009;2000 United States presidential election;2008-10-02T13:34:46.000000;presidential;;;;271;50456002;47.9;286;50999897;48.4
32009;2000 United States presidential election;2008-10-02T14:11:34.000000;presidential;;;;271;50456002;47.9;266;50999897;48.4
32009;2000 United States presidential election;2008-10-27T01:08:14.000000;presidential;;;;271;50456002;47.9;266;50999897;48.4
32009;2000 United States presidential election;2008-10-27T01:08:44.000000;presidential;;;;271;50456002;47.9;266;50999897;48.4
32009;2000 United States presidential election;2008-10-27T02:09:47.000000;presidential;;;;271;50456002;47.9;266;50999897;48.4
32009;2000 United States presidential election;2008-10-27T14:44:33.000000;presidential;;;;271;50456002;47.9;266;50999897;48.4
32009;2000 United States presidential election;2008-10-28T17:49:44.000000;pre!sidential;;;;271;50456002;47.9;266;50999897;48.4
32009;2000 United States presidential election;2008-10-28T17:49:58.000000;presidential;;;;271;50456002;47.9;266;50999897;48.4
32009;2000 United States presidential election;2008-11-02T04:03:05.000000;presidential;;;;271;50456002;47.9;266;50999897;48.4
32009;2000 United States presidential election;2008-11-02T23:20:40.000000;presidential;;;;158;30464245;47.9;379;50999897;48.4
32009;2000 United States presidential election;2008-11-02T23:22:08.000000;presidential;;;;271;50456002;47.9;266;50999897;48.4
32009;2000 United States presidential election;2008-11-03T04:09:25.000000;presidential;;;;271;50999897;48.4;266;50456002;47.9
32009;2000 United States presidential election;2008-11-03T04:10:08.000000;presidential;;;;271;50999897;48.4;266;50456002;47.9
32009;2000 United States presidential election;2008-11-03T04:21:39.000000;presidential;;;;271;50456002;47.9;266;50999897;48.4
32009;2000 United States presidential election;2008-11-06T04:51:24.000000;presidential;;;;271;50999897;47.9;266;50456002;48.4
32009;2000 United States presidential election;2008-11-06T04:52:26.000000;presidential;;;;271;50999897;47.9;266;50456002;48.4
32009;2000 United States presidential election;2008-11-06T04:55:27.000000;presidential;;;;271;50999897;48.4;266;50456002;47.9
32009;2000 United States presidential election;2008-11-06T04:59:43.000000;presidential;;;;271;50456002;48.4;266;50999897;47.9
32009;2000 United States presidential election;2008-11-06T05:00:14.000000;presidential;;;;271;50456002;47.9;266;50999897;48.4
32009;2000 United States presidential election;2008-11-06T05:24:11.000000;presidential;;;;271;50456002;47.9;266;50999897;48.4
32009;2000 United States presidential election;2008-11-06T17:12:59.000000;presidential;;;;271;50456002;47.9;266;50999897;48.4
32009;2000 United States presidential election;2008-11-06T17:14:21.000000;presidential;;;;271;50456002;47.9;266;50999897;48.4
32009;2000 United States presidential election;2008-11-16T08:13:44.000000;presidential;;;;271;50765002;48.9;266;50465897;47.1
32009;2000 United States presidential election;2008-11-16T17:46:33.000000;presidential;;;;271;50456002;47.9;266;50999897;48.4
32009;2000 United States presidential election;2008-11-23T07:09:27.000000;presidential;;;;271;50456002;47.9;270;50999897;48.4
32009;2000 United States presidential election;2008-11-23T17:35:55.000000;presidential;;;;271;50456002;47.9;266;50999897;48.4
32009;2000 United States presidential election;2008-12-06T21:45:17.000000;presidential;;;;244;50456002;47.9;294;50999897;48.4
32009;2000 United States presidential election;2008-12-06T21:51:07.000000;presidential;;;;271;50456002;47.9;266;50999897;48.4
32009;2000 United States presidential election;2008-12-11T08:39:15.000000;presidential;;;;246;50456002;47.9;291;50999897;48.4
32009;2000 United States presidential election;2008-12-11T10:14:27.000000;presidential;;;;271;50456002;47.9;266;50999897;48.4
32009;2000 United States presidential election;2009-01-01T01:06:01.000000;presidential;;;;271;50456002;47.9;266;50999897;48.4
32009;2000 United States presidential election;2009-01-01T01:08:24.000000;presidential;;;;271;50456002;47.9;266;50999897;48.4
32009;2000 United States presidential election;2009-01-01T01:10:15.000000;presidential;;;;271;50456002;47.9;266;50999897;48.4
32009;2000 United States presidential election;2009-01-29T20:37:48.000000;presidential;;;;271;50456002;47.9;266;50999897;48.4
32009;2000 United States presidential election;2009-01-29T20:54:44.000000;presidential;;;;271;50456002;47.9;266;50999897;48.4
32009;2000 United States presidential election;2009-02-07T01:52:40.000000;presidential;;;;266;50456002;2.0;271;50999897;48.4
32009;2000 United States presidential election;2009-02-07T01:57:17.000000;presidential;;;;271;50456002;2.0;266;50999897;48.4
32009;2000 United States presidential election;2009-02-07T02:10:05.000000;presidential;;;;271;50456002;47.9;266;50999897;48.4
32009;2000 United States presidential election;2009-03-09T10:49:01.000000;presidential;;;;271;50456002;47.9;267;50999897;48.4
32009;2000 United States presidential election;2009-03-09T20:32:25.000000;presidential;;;;271;50456002;47.9;266;50999897;48.4
32009;2000 United States presidential election;2009-03-10T18:42:11.000000;presidential;;;;271;596738668564;47.9;266;1;48.4
32009;2000 United States presidential election;2009-03-10T18:44:15.000000;presidential;;;;399;596738668564;99.9;1;1;0.1
32009;2000 United States presidential election;2009-03-10T18:48:50.000000;presidential;;;;271;50456002;47.9;266;50999897;48.4
32009;2000 United States presidential election;2009-03-16T13:40:13.000000;presidential;;;;271;50456002;47.9;267;50999897;48.4
32009;2000 United States presidential election;2009-03-16T22:02:00.000000;presidential;;;;271;50456002;47.9;266;50999897;48.4
32009;2000 United States presidential election;2009-04-04T15:08:51.000000;presidential;;;;246;50456002;47.9;291;50999897;48.4
32009;2000 United States presidential election;2009-04-04T15:11:48.000000;presidential;;;;271;50456002;47.9;266;50999897;48.4
32009;2000 United States presidential election;2009-04-08T23:01:15.000000;presidential;;;;271;50460110;47.9;266;51003926;48.4
32009;2000 United States presidential election;2009-04-08T23:22:26.000000;presidential;;;;271;50456002;47.9;266;50999897;48.4
32009;2000 United States presidential election;2009-04-09T08:45:33.000000;presidential;;;;266;50999897;48.4;271;50456002;47.9
32009;2000 United States presidential election;2009-04-09T12:51:04.000000;presidential;;;;266;50999897;48.4;271;50456002;47.9
32009;2000 United States presidential election;2009-04-09T14:37:21.000000;presidential;;;;271;50456002;47.9;266;50999897;48.4
32009;2000 United States presidential election;2009-04-09T18:35:11.000000;presidential;;;;271;50460110;47.9;266;51003926;48.4
32009;2000 United States presidential election;2009-04-09T19:23:07.000000;presidential;;;;271;50456002;47.9;266;50999897;48.4
32009;2000 United States presidential election;2009-04-24T00:37:41.000000;presidential;;;;221;50456002;47.9;271;50999897;48.4
32009;2000 United States presidential election;2009-04-24T00:39:47.000000;presidential;;;;271;50456002;47.9;266;50999897;48.4
32009;2000 United States presidential election;2009-05-02T16:07:20.000000;presidential;;;;246;50456002;47.9;287;50999897;48.4
32009;2000 United States presidential election;2009-05-02T16:12:10.000000;presidential;;;;271;50456002;47.9;266;50999897;48.4
32009;2000 United States presidential election;2009-05-04T17:29:51.000000;presidential;;;;271;50456002;47.9;286;50999897;48.4
32009;2000 United States presidential election;2009-05-04T17:32:13.000000;presidential;;;;253;50456002;47.9;286;50999897;48.4
32009;2000 United States presidential election;2009-05-04T17:34:28.000000;presidential;;;;271;50456002;47.9;266;50999897;48.4
32009;2000 United States presidential election;2009-05-05T12:32:10.000000;presidential;;;;271;50456002;47.9;266;50999897;48.4
32009;2000 United States presidential election;2009-05-05T12:34:15.000000;presidential;;;;244;50456002;47.9;293;50999897;48.4
32009;2000 United States presidential election;2009-05-05T12:37:30.000000;presidential;;;;244;50456002;47.9;291;50999897;48.4
32009;2000 United States presidential election;2009-05-05T13:04:42.000000;presidential;;;;271;50456002;47.9;266;50999897;48.4
32009;2000 United States presidential election;2009-05-05T13:08:00.000000;presidential;;;;271;50456002;47.9;286;50999897;48.4
32009;2000 United States presidential election;2009-05-05T15:01:39.000000;presidential;;;;271;50456002;47.9;266;50999897;48.4
32009;2000 United States presidential election;2009-05-21T19:51:01.000000;presidential;;;;256;50456002;47.9;291;50999897;48.4
32009;2000 United States presidential election;2009-05-21T20:04:26.000000;presidential;;;;271;50456002;47.9;266;50999897;48.4
32009;2000 United States presidential election;2009-05-25T05:37:08.000000;presidential;;;;271;50460110;47.9;266;51003926;48.4
32009;2000 United States presidential election;2009-05-29T00:28:35.000000;presidential;;;;271;50456002;47.9;266;50999897;48.4
32009;2000 United States presidential election;2009-06-06T22:39:44.000000;presidential;;;;271;50456002;47.9;277;50999897;48.4
32009;2000 United States presidential election;2009-06-06T22:40:48.000000;presidential;;;;271;50456002;47.9;266;50999897;48.4
32009;2000 United States presidential election;2009-06-14T18:16:52.000000;presidential;;;;246;50456002;47.9;285;50999897;48.4
32009;2000 United States presidential election;2009-06-14T19:16:13.000000;presidential;;;;271;50456002;47.9;266;50999897;48.4
32009;2000 United States presidential election;2009-06-16T17:22:50.000000;presidential;;;;271;50456002;47.9;266;50999897;48.4
32009;2000 United States presidential election;2009-06-16T17:24:51.000000;presidential;;;;271;50460110;47.9;266;51003926;48.4
32009;2000 United States presidential election;2009-06-16T21:49:19.000000;presidential;;;;271;50456002;47.9;266;50999897;48.4
32009;2000 United States presidential election;2009-06-17T20:09:14.000000;presidential;;;;271;50460110;47.9;266;51003926;48.4
32009;2000 United States presidential election;2009-06-17T20:12:04.000000;presidential;;;;271;50456002;47.9;266;50999897;48.4
32009;2000 United States presidential election;2009-07-30T21:04:05.000000;presidential;;;;110;211176;2.4;266;50999897;48.4
32009;2000 United States presidential election;2009-07-30T21:26:35.000000;presidential;;;;271;50456002;47.9;266;50999897;48.4
32009;2000 United States presidential election;2009-09-16T21:32:14.000000;presidential;;;;271;60456002;47.9;266;60999897;48.4
32009;2000 United States presidential election;2009-09-16T22:00:42.000000;presidential;;;;271;50456002;47.9;266;50999897;48.4
32009;2000 United States presidential election;2009-10-15T22:40:18.000000;presidential;;;;271;60456002;47.9;266;60999897;48.4
32009;2000 United States presidential election;2009-10-15T22:54:43.000000;presidential;;;;271;50456002;47.9;266;50999897;48.4
32009;2000 United States presidential election;2009-11-17T13:44:47.000000;presidential;;;;271;50456002;47.9;2100;50999897;48.4
32009;2000 United States presidential election;2009-11-17T13:45:44.000000;presidential;;;;271;50456002;47.9;266;50999897;48.4
32009;2000 United States presidential election;2009-12-08T05:48:15.000000;presidential;;;;271;50456002;47.9;266;50999897;48.4
32009;2000 United States presidential election;2009-12-16T12:26:28.000000;presidential;;;;271;50456002;47.9;266;50999897;48.4
32009;2000 United States presidential election;2009-12-21T22:18:16.000000;presidential;;;;271;50456002;47.9;266;50999897;48.4
32009;2000 United States presidential election;2010-01-09T20:00:49.000000;presidential;;;;0;2882995;2.74;266;50999897;48.4
32009;2000 United States presidential election;2010-01-09T20:15:15.000000;presidential;;;;271;50456002;2.74;266;50999897;48.4
32009;2000 United States presidential election;2010-01-09T20:21:06.000000;presidential;;;;271;50456002;2.74;266;50999897;48.4
32009;2000 United States presidential election;2010-01-09T20:21:36.000000;presidential;;;;271;50456002;47.9;266;50999897;48.4
32009;2000 United States presidential election;2010-01-11T20:23:09.000000;adams a fag;;;;271;50456002;47.9;266;50999897;48.4
32009;2000 United States presidential election;2010-01-11T20:36:22.000000;randel is a faget with a small cock;;;;271;50456002;47.9;266;50999897;48.4
32009;2000 United States presidential election;2010-01-11T21:37:42.000000;presidential;;;;271;50456002;47.9;266;50999897;48.4
32009;2000 United States presidential election;2010-01-24T16:08:55.000000;presidential;;;;271;50456002;47.9;266;50999897;48.4
32009;2000 United States presidential election;2010-02-25T19:24:38.000000;presidential;;;;271;50456002;47.9;266;50999897;48.4
32009;2000 United States presidential election;2010-02-26T19:01:36.000000;presidential;;;;271;50456002;47.9;266;50999897;48.4
32009;2000 United States presidential election;2010-03-14T00:32:43.000000;presidential;;;;271;50456002;47.9;266;50999897;48.4
32009;2000 United States presidential election;2010-03-14T03:53:10.000000;presidential;;;;271;50456002;47.9;266;50999897;48.4
32009;2000 United States presidential election;2010-03-17T19:00:50.000000;presidential;;;;271;50456002;47.9;266;50999897;48.4
32009;2000 United States presidential election;2010-03-17T20:04:39.000000;presidential;;;;271;50456002;47.9;266;50999897;48.4
32009;2000 United States presidential election;2010-04-11T06:57:41.000000;presidential;;;;271;50456002;47.9;266;50999897;48.4
32009;2000 United States presidential election;2010-04-11T15:03:03.000000;presidential;;;;271;50456002;47.9;266;50999897;48.4
32009;2000 United States presidential election;2010-04-13T07:10:06.000000;presidential;;;;271;50456002;47.9;266;50999897;48.4
32009;2000 United States presidential election;2010-05-03T22:28:52.000000;presidential;;;;271;50456003;47.9;266;50999897;48.4
32009;2000 United States presidential election;2010-05-03T23:58:19.000000;presidential;;;;271;50456002;47.9;266;50999897;48.4
32009;2000 United States presidential election;2010-05-08T18:40:54.000000;presidential;;;;271;50456002;47.9;266;50999897;48.4
32009;2000 United States presidential election;2010-05-09T11:25:27.000000;presidential;;;;271;50456002;47.9;266;50999897;48.4
32009;2000 United States presidential election;2010-09-22T11:09:39.000000;presidential;;;;271;50456002;47.9;266;50999897;48.4
32009;2000 United States presidential election;2010-11-01T22:44:53.000000;presidential;;;;266;50456002;47.9;266;50999897;48.4
32009;2000 United States presidential election;2010-11-02T00:33:35.000000;presidential;;;;271;50456002;47.9;266;50999897;48.4
32009;2000 United States presidential election;2010-11-03T23:35:07.000000;presidential;;;;271;50456002;47.9;286;50999897;48.4
32009;2000 United States presidential election;2010-11-03T23:36:52.000000;presidential;;;;271;50456002;47.9;266;50999897;48.4
32009;2000 United States presidential election;2010-12-05T00:14:20.000000;presidential;;;;291;50999897;48.4;291;50456002;47.9
32009;2000 United States presidential election;2010-12-05T00:18:31.000000;presidential;;;;291;50999897;48.4;246;50456002;47.9
32009;2000 United States presidential election;2010-12-05T03:00:08.000000;presidential;;;;266;50999897;48.4;271;50456002;47.9
32009;2000 United States presidential election;2010-12-05T15:02:47.000000;presidential;;;;266;50999897;48.4;271;50456002;47.9
32009;2000 United States presidential election;2010-12-05T22:12:54.000000;presidential;;;;271;50456002;47.9;266;50999897;48.4
32009;2000 United States presidential election;2011-01-16T19:27:35.000000;presidential;;;;271;50456002;47.9;266;50999897;48.4
32009;2000 United States presidential election;2011-02-12T21:46:12.000000;presidential;;;;244;50456002;47.9;294;50999897;48.4
32009;2000 United States presidential election;2011-02-12T21:54:11.000000;presidential;;;;271;50456002;47.9;266;50999897;48.4
32009;2000 United States presidential election;2011-03-03T06:22:55.000000;presidential;;;;271;50456002;47.9;266;50999897;48.4
32009;2000 United States presidential election;2011-03-03T06:28:24.000000;presidential;;;;271;50456002;47.9;266;50999897;48.4
32009;2000 United States presidential election;2011-03-06T00:09:36.000000;presidential;;;;271;50456002;47.9;266;50999897;48.4
32009;2000 United States presidential election;2011-03-06T00:11:29.000000;presidential;;;;271;50456002;47.9;266;50999897;48.4
32009;2000 United States presidential election;2011-03-06T00:12:29.000000;presidential;;;;271;50456002;47.9;266;50999897;48.4
32009;2000 United States presidential election;2011-03-06T00:14:15.000000;presidential;;;;271;50456002;47.9;266;50999897;48.4
32009;2000 United States presidential election;2011-06-11T18:06:28.000000;presidential;;;;271;51456002;49.9;266;50999897;47.4
32009;2000 United States presidential election;2011-06-11T19:01:51.000000;presidential;;;;271;50456002;49.9;266;50999897;47.4
32009;2000 United States presidential election;2011-06-11T19:02:31.000000;presidential;;;;271;50456002;47.87;266;50999897;48.38
32009;2000 United States presidential election;2011-06-11T19:03:42.000000;presidential;;;;271;50456002;47.9;266;50999897;48.4
32009;2000 United States presidential election;2011-06-11T19:05:21.000000;presidential;;;;271;50456002;47.9;266;50999897;48.4
32009;2000 United States presidential election;2011-08-11T21:48:20.000000;presidential;;;;271;51456002;47.9;266;50999897;48.4
32009;2000 United States presidential election;2011-08-11T21:56:38.000000;presidential;;;;271;50456002;47.9;266;50999897;48.4
32009;2000 United States presidential election;2011-10-26T16:30:18.000000;rigged election;;;;271;50456002;47.9;266;50999897;48.4
32009;2000 United States presidential election;2011-10-26T16:31:54.000000;presidential;;;;271;50456002;47.9;266;50999897;48.4
32009;2000 United States presidential election;2012-01-06T03:18:50.000000;presidential;;;;271;1;47.9;266;1;48.4
32009;2000 United States presidential election;2012-01-06T03:27:03.000000;presidential;;;;271;50456002;47.9;266;50999897;48.4
32009;2000 United States presidential election;2012-02-17T15:22:20.000000;presidential;;;;271;50456002;47.9;266;50999897;48.4
32009;2000 United States presidential election;2012-02-17T15:25:04.000000;presidential;;;;271;50456002;47.9;266;50999897;48.4
32009;2000 United States presidential election;2012-05-29T10:07:11.000000;presidential;;;;271;50456002;49.0;266;70132895;51.0
32009;2000 United States presidential election;2012-05-29T10:10:16.000000;presidential;;;;271;50456002;49.0;266;50999897;51.0
32009;2000 United States presidential election;2012-05-29T10:20:22.000000;presidential;;;;271;50456002;49.0;270;50999897;51.0
32009;2000 United States presidential election;2012-05-29T10:21:10.000000;presidential;;;;275;50456002;49.0;270;50999897;51.0
32009;2000 United States presidential election;2012-05-29T15:29:54.000000;presidential;;;;271;50456002;47.9;266;50999897;48.4
32009;2000 United States presidential election;2012-05-31T17:49:43.000000;presidential;;;;271;50456002;47.9;266;50999897;48.4
32009;2000 United States presidential election;2012-05-31T18:03:08.000000;presidential;;;;271;50456002;47.9;266;50999897;48.4
32009;2000 United States presidential election;2012-06-29T03:46:37.000000;presidential;;;;271;50456002;47.9;266;50999897;48.4
32009;2000 United States presidential election;2012-06-29T11:39:21.000000;presidential;;;;271;50456002;47.9;266;50999897;48.4
32009;2000 United States presidential election;2012-06-30T18:45:57.000000;presidential;538;270;;271;50456002;47.9;266;50999897;48.4
32009;2000 United States presidential election;2012-06-30T18:46:53.000000;presidential;538;270;;271;50456002;47.9;266;50999897;48.4
32009;2000 United States presidential election;2012-08-25T18:58:16.000000;presidential;538;270;;271;50456002;47.9;267;50999897;48.4
32009;2000 United States presidential election;2012-08-25T19:31:54.000000;presidential;538;270;;271;50456002;47.9;266;50999897;48.4
32009;2000 United States presidential election;2012-08-26T04:49:27.000000;presidential;538;270;54.2;271;50456002;47.9;266;50999897;48.4
32009;2000 United States presidential election;2012-08-26T05:04:27.000000;presidential;538;270;54.2;271;50456002;47.9;266;50999897;48.4
32009;2000 United States presidential election;2012-09-19T14:03:43.000000;presidential;538;270;54.2;271;50456002;47.9;266;50999897;48.4
32009;2000 United States presidential election;2012-09-19T14:03:56.000000;presidential;538;270;54.2;271;50456002;47.9;266;50999897;48.4
32009;2000 United States presidential election;2012-10-16T16:43:34.000000;presidential;538;270;54.2;271;100000000000000;47.9;266;50999897;48.4
32009;2000 United States presidential election;2012-10-16T16:43:49.000000;presidential;538;270;54.2;271;50456002;47.9;266;50999897;48.4
32009;2000 United States presidential election;2012-10-16T16:46:39.000000;presidential;538;270;54.2;271;50456002;47.9;266;50999897;1234223.0
32009;2000 United States presidential election;2012-10-16T16:47:09.000000;presidential;538;270;54.2;271;50456002;47.9;266;50999897;48.4
32009;2000 United States presidential election;2012-10-22T03:49:31.000000;presidential;538;270;50.4;271;50456002;47.9;266;50999897;48.4
32009;2000 United States presidential election;2012-10-22T03:51:41.000000;presidential;538;270;50.4;271;50456002;47.9;266;50999897;48.4
32009;2000 United States presidential election;2012-11-22T01:58:46.000000;presidential;538;270;50.4;211;50456002;47.9;266;50999897;48.4
32009;2000 United States presidential election;2012-11-22T02:35:48.000000;presidential;538;270;50.4;271;50456002;47.9;266;50999897;48.4
32009;2000 United States presidential election;2012-12-13T23:48:30.000000;presidential;538;270;54.2;271;50456002;47.9;266;50999897;48.4
32009;2000 United States presidential election;2013-03-21T18:00:24.000000;presidential;538;270;54.2;271;50456002;47.9;266;50999897;48.4
32009;2000 United States presidential election;2013-04-25T01:48:50.000000;presidential;538;270;54.2;271;10350456002;47.9;266;50999897;48.4
32009;2000 United States presidential election;2013-04-25T01:51:53.000000;presidential;538;270;54.2;271;50456002;47.9;266;50999897;48.4
32009;2000 United States presidential election;2013-05-20T21:08:41.000000;presidential;538;270;54.2;271;50456002;47.9;266;50999897;48.4
32009;2000 United States presidential election;2013-05-24T18:17:50.000000;presidential;538;270;54.2;197;40456002;37.9;340;60999897;61.4
32009;2000 United States presidential election;2013-05-24T19:27:45.000000;presidential;538;270;54.2;271;50456002;47.9;266;50999897;48.4
32009;2000 United States presidential election;2013-06-27T12:20:36.000000;presidential;538;270;54.2;271;50456002;47.87;266;50999897;48.38
32009;2000 United States presidential election;2013-06-28T14:42:06.000000;presidential;538;270;54.2;271;50456002;47.9;266;50999897;48.4
32009;2000 United States presidential election;2013-07-19T15:41:00.000000;presidential;538;270;54.2;271;50456002;47.9;266;50999897;48.4
32009;2000 United States presidential election;2013-09-06T11:25:29.000000;presidential;538;270;54.2;271;50456002;47.87;266;50999897;48.38
32009;2000 United States presidential election;2013-09-06T17:12:24.000000;presidential;538;270;54.2;271;50456002;47.9;266;50999897;48.4
32009;2000 United States presidential election;2013-12-02T22:14:05.000000;presidential;538;270;54.2;271;50456002;47.9;266;50999897;48.4
32009;2000 United States presidential election;2013-12-02T23:41:34.000000;presidential;538;270;54.2;271;50456002;47.9;266;50999897;48.4
32009;2000 United States presidential election;2014-02-27T17:50:41.000000;presidential;538;270;54.2;271;50456002;47.9;266;50999897;48.4
32009;2000 United States presidential election;2014-06-30T07:17:54.000000;presidential;538;270;54.2;271;50456002;47.9;266;50999897;48.4
32009;2000 United States presidential election;2014-09-19T14:49:33.000000;presidential;538;270;54.2;246;50456002;47.9;291;50999897;48.4
32009;2000 United States presidential election;2014-09-19T14:54:39.000000;presidential;538;270;54.2;246;50456002;47.9;291;50999897;48.4
32009;2000 United States presidential election;2014-09-19T15:20:11.000000;presidential;538;270;54.2;271;50456002;47.9;266;50999897;48.4
32009;2000 United States presidential election;2014-09-19T20:26:12.000000;presidential;538;270;54.2;246;50456002;47.9;291;50999897;48.4
32009;2000 United States presidential election;2014-09-19T20:51:43.000000;presidential;538;270;54.2;271;50456002;47.9;266;50999897;48.4
32009;2000 United States presidential election;2014-09-19T20:53:11.000000;presidential;538;270;54.2;246;50456002;47.9;291;50999897;48.4
32009;2000 United States presidential election;2014-09-19T21:00:35.000000;presidential;538;270;54.2;271;50456002;47.9;266;50999897;48.4
32009;2000 United States presidential election;2014-10-10T17:38:23.000000;presidential;538;270;54.2;271;50456002;47.9;266;50999897;48.4
32009;2000 United States presidential election;2014-12-12T23:11:07.000000;presidential;538;270;54.2;262;50456002;40.0;276;50999897;58.2
32009;2000 United States presidential election;2014-12-12T23:32:45.000000;presidential;538;270;54.2;271;50456002;47.9;266;50999897;48.4
32009;2000 United States presidential election;2015-08-16T15:19:01.000000;presidential;538;270;54.2;271;50456002;47.9;266;50999897;48.4
32009;2000 United States presidential election;2015-11-02T01:17:42.000000;presidential;538;270;54.2;271;50456002;47.9;266;50999897;48.4
32009;2000 United States presidential election;2015-11-02T01:18:47.000000;presidential;538;270;54.2;271;50456002;47.9;266;50999897;48.4
32009;2000 United States presidential election;2015-11-02T01:19:21.000000;presidential;538;270;54.2;271;50456002;47.9;266;50999897;48.4
32009;2000 United States presidential election;2015-11-02T01:20:16.000000;presidential;538;270;54.2;271;50456002;47.9;266;50999897;48.4
32009;2000 United States presidential election;2015-11-02T03:52:03.000000;presidential;538;270;54.2;271;50456002;47.9;266;50999897;48.4
32009;2000 United States presidential election;2015-11-11T20:08:17.000000;presidential race;538;270;54.2;271;50456002;47.9;266;50999897;48.4
32009;2000 United States presidential election;2015-11-11T20:08:23.000000;presidential;538;270;54.2;271;50456002;47.9;266;50999897;48.4
32009;2000 United States presidential election;2015-12-27T18:18:00.000000;presidential;538;270;51.2;271;50456002;47.9;266;50999897;48.4
32009;2000 United States presidential election;2016-02-17T20:22:55.000000;presidential;538;270;51.2;271;50456002;47.9;266;50999897;48.4
32009;2000 United States presidential election;2016-03-09T15:14:55.000000;presidential;538;270;51.2;271;50456002;47.9;266;50999897;48.4
32009;2000 United States presidential election;2016-03-18T07:49:35.000000;presidential;538;270;51.2;271;50456002;47.9;266;50999897;48.4
32009;2000 United States presidential election;2016-04-22T20:43:30.000000;presidential;538;270;51.2;271;50456002;47.9;266;50999897;48.4
32009;2000 United States presidential election;2016-04-22T20:44:08.000000;presidential;538;270;51.2;271;50456002;47.9;266;50999897;48.4
32009;2000 United States presidential election;2016-04-22T22:06:19.000000;presidential;538;270;51.2;271;50456002;47.9;266;50999897;48.4
32009;2000 United States presidential election;2016-05-01T11:47:33.000000;presidential;538;270;51.2;291;50999897;48.4;246;50456002;47.9
32009;2000 United States presidential election;2016-05-01T12:14:14.000000;presidential;538;270;51.2;266;50999897;48.4;271;50456002;47.9
32009;2000 United States presidential election;2016-05-01T14:38:22.000000;presidential;538;270;51.2;271;50456002;47.9;266;50999897;48.4
32009;2000 United States presidential election;2016-05-16T16:40:31.000000;presidential;538;270;51.2;271;50456002;47.9;266;50999897;100.0
32009;2000 United States presidential election;2016-05-16T16:40:55.000000;presidential;538;270;51.2;271;50456002;47.9;266;50999897;48.4
32009;2000 United States presidential election;2016-05-16T16:41:50.000000;presidential;538;270;51.2;271;50456002;47.9;266;50999897;100.0
32009;2000 United States presidential election;2016-05-16T16:42:00.000000;presidential;538;270;51.2;271;50456002;47.9;266;50999897;48.4
32009;2000 United States presidential election;2016-05-16T16:44:23.000000;presidential;538;270;51.2;271;50456002;47.9;266;50999897;48.4
32009;2000 United States presidential election;2016-06-23T22:03:00.000000;presidential;538;270;51.2;271;50456002;47.9;266;50999897;48.4
32009;2000 United States presidential election;2016-07-21T21:44:26.000000;presidential;538;270;51.2;291;50999897;48.4;246;50456002;47.9
32009;2000 United States presidential election;2016-07-21T21:59:39.000000;presidential;538;270;51.2;266;50999897;48.4;271;50456002;47.9
32009;2000 United States presidential election;2016-07-21T22:05:34.000000;presidential;538;270;51.2;266;50999897;48.4;271;50456002;47.9
32009;2000 United States presidential election;2016-07-21T22:30:34.000000;presidential;538;270;51.2;271;50456002;47.9;266;50999897;48.4
32009;2000 United States presidential election;2016-08-02T09:14:53.000000;presidential;538;270;51.2;271;50456002;47.9;266;50999897;48.4
32009;2000 United States presidential election;2016-08-02T09:15:10.000000;presidential;538;270;51.2;271;50456002;47.9;266;50999897;48.4
32009;2000 United States presidential election;2016-08-18T16:27:18.000000;presidential;538;270;51.2;271;50456002;47.9;266;50999897;48.4
32009;2000 United States presidential election;2016-08-26T05:10:53.000000;presidential;538;270;51.2;271;50456002;47.9;266;50999897;48.4
32009;2000 United States presidential election;2016-08-26T15:20:56.000000;presidential;538;270;51.2;271;50456002;47.9;266;50999897;48.4
32009;2000 United States presidential election;2016-10-16T01:18:42.000000;presidential;538;270;51.2;271;50456002;47.9;266;50999897;48.4
32009;2000 United States presidential election;2016-10-16T02:03:17.000000;presidential;538;270;51.2;271;50456002;47.9;266;50999897;48.4
32009;2000 United States presidential election;2016-10-18T18:35:30.000000;presidential;538;270;51.2;271;50456002;47.9;266;50999897;48.4
32009;2000 United States presidential election;2016-10-19T02:44:05.000000;presidential;538;270;51.2;271;50456002;47.9;266;50999897;48.4
32009;2000 United States presidential election;2016-10-21T14:31:44.000000;presidential;538;270;51.2;271;50456002;47.9;266;50999897;48.4
32009;2000 United States presidential election;2016-10-21T14:36:18.000000;presidential;538;270;51.2;271;50456002;47.9;266;50999897;48.4
32009;2000 United States presidential election;2016-10-21T15:06:09.000000;presidential;538;270;51.2;271;50456002;47.9;266;50999897;48.4
32009;2000 United States presidential election;2016-10-21T23:24:25.000000;presidential;538;270;51.2;271;50456002;47.9;266;50999897;48.4
32009;2000 United States presidential election;2016-10-21T23:38:39.000000;presidential;538;270;51.2;271;50456002;47.9;266;50999897;48.4
32009;2000 United States presidential election;2016-10-23T06:17:22.000000;presidential;538;270;51.2;268;50456002;47.9;270;50999897;48.4
32009;2000 United States presidential election;2016-10-23T07:03:54.000000;presidential;538;270;51.2;271;50456002;47.9;266;50999897;48.4
32009;2000 United States presidential election;2016-10-23T07:04:35.000000;presidential;538;270;51.2;271;50456002;47.9;266;50999897;48.4
32009;2000 United States presidential election;2016-10-25T01:44:53.000000;presidential;538;270;51.2;271;50456002;47.9;266;50999897;48.4
32009;2000 United States presidential election;2016-11-04T01:08:13.000000;presidential;538;270;51.2;271;50456002;47.9;266;50999897;48.4
32009;2000 United States presidential election;2016-11-04T01:18:15.000000;presidential;538;270;51.2;271;50456002;47.9;266;50999897;48.4
32009;2000 United States presidential election;2016-11-13T02:38:05.000000;presidential;538;270;51.2;271;50456002;47.9;266;50999897;48.4
32009;2000 United States presidential election;2016-11-14T07:22:18.000000;presidential;538;270;51.2;271;50456002;47.9;266;50999897;48.4
32009;2000 United States presidential election;2016-11-24T12:21:55.000000;presidential;538;270;51.2;270;50456000;48.0;265;51000000;48.5
32009;2000 United States presidential election;2016-11-24T18:39:55.000000;presidential;538;270;51.2;271;50456002;47.9;266;50999897;48.4
32009;2000 United States presidential election;2016-11-25T20:22:59.000000;presidential;538;270;51.2;271;50999897;48.4;266;50999897;48.4
32009;2000 United States presidential election;2016-11-25T20:39:59.000000;presidential;538;270;51.2;271;50456002;47.9;266;50999897;48.4
32009;2000 United States presidential election;2017-01-07T19:21:58.000000;presidential;538;270;51.2;178;50456002;47.9;365;50999897;48.4
32009;2000 United States presidential election;2017-01-07T19:31:02.000000;presidential;538;270;51.2;271;50456002;47.9;266;50999897;48.4
32009;2000 United States presidential election;2017-01-10T21:19:49.000000;presidential;538;270;51.2;271;50456002;48.2;266;50456001;48.2
32009;2000 United States presidential election;2017-01-10T21:20:36.000000;presidential;538;270;51.2;271;50456002;48.2;266;50456001;48.2
32009;2000 United States presidential election;2017-01-10T23:36:25.000000;presidential;538;270;51.2;271;50456002;48.2;266;50456001;48.2
32009;2000 United States presidential election;2017-01-11T00:45:51.000000;presidential;538;270;51.2;271;50456002;47.9;266;50999897;48.4
32009;2000 United States presidential election;2017-01-13T09:10:01.000000;presidential;538;270;51.2;271;50456002;48.0;266;51000000;48.5
32009;2000 United States presidential election;2017-01-13T18:35:23.000000;presidential;538;270;51.2;271;50456002;47.9;266;50999897;48.4
32009;2000 United States presidential election;2017-01-16T02:41:34.000000;presidential;538;270;51.2;271;50456002;47.9;266;50999897;48.4
32009;2000 United States presidential election;2017-01-16T16:00:11.000000;presidential;538;270;51.2;271;50456002;47.9;266;50999897;48.4
32009;2000 United States presidential election;2017-01-29T19:50:05.000000;presidential;538;270;51.2;271;7;47.9;266;90999897;48.4
32009;2000 United States presidential election;2017-01-29T19:57:00.000000;presidential;538;270;51.2;271;50456002;47.9;266;50999897;48.4
32009;2000 United States presidential election;2017-02-22T11:07:48.000000;presidential;538;270;51.2;271;50462412;47.87;266;51009810;48.38
32009;2000 United States presidential election;2017-02-22T19:57:23.000000;presidential;538;270;51.2;271;50462412;47.9;266;51009810;48.4
32009;2000 United States presidential election;2017-02-23T01:39:34.000000;presidential;538;270;51.2;266;50462412;47.9;271;51009810;48.4
32009;2000 United States presidential election;2017-02-23T02:27:20.000000;presidential;538;270;51.2;271;50462412;47.9;266;51009810;48.4
32009;2000 United States presidential election;2017-04-08T14:28:58.000000;presidential;538;270;51.2;271;50462412;47.9;266;51009810;48.4
32009;2000 United States presidential election;2017-04-10T19:24:02.000000;presidential;538;270;51.2;271;50462412;47.9;266;51009810;48.4
32009;2000 United States presidential election;2017-04-16T16:42:59.000000;presidential;538;270;51.2;271;50456002;47.9;266;50999897;48.4
32009;2000 United States presidential election;2017-05-12T01:23:55.000000;presidential;538;270;51.2;246;50455465;47.9;291;51000034;48.4
32009;2000 United States presidential election;2017-05-12T01:42:05.000000;presidential;538;270;51.2;271;50456002;47.9;266;50999897;48.4
32009;2000 United States presidential election;2017-05-12T23:25:41.000000;presidential;538;270;51.2;271;50456169;47.9;266;50999116;48.4
32009;2000 United States presidential election;2017-05-13T02:27:08.000000;presidential;538;270;51.2;271;50456002;47.9;266;50999897;48.4
32009;2000 United States presidential election;2017-05-23T13:07:44.000000;presidential;538;270;51.2;246;50456002;47.9;291;51212897;50.4
32009;2000 United States presidential election;2017-05-23T13:09:55.000000;presidential;538;270;51.2;246;50456002;47.9;291;51212897;50.4
32009;2000 United States presidential election;2017-05-23T13:11:17.000000;presidential;538;270;51.2;246;50456002;47.9;291;51212897;50.4
32009;2000 United States presidential election;2017-05-23T13:14:57.000000;presidential;538;270;53.2;246;50456002;47.9;291;51212897;50.4
32009;2000 United States presidential election;2017-05-23T14:42:43.000000;presidential;538;270;51.2;271;50456002;47.9;266;50999897;48.4
32009;2000 United States presidential election;2017-05-31T21:47:22.000000;presidential;538;270;69.7;271;0;44.1;266;0;0.0
32009;2000 United States presidential election;2017-05-31T21:52:05.000000;presidential;538;270;51.2;271;50456002;47.9;266;50999897;48.4
32009;2000 United States presidential election;2017-06-09T21:17:05.000000;presidential;538;270;51.2;271;50456002;47.9;266;51001233;49.4
32009;2000 United States presidential election;2017-06-10T01:37:15.000000;presidential;538;270;51.2;271;50456002;47.9;266;50999897;48.4
32009;2000 United States presidential election;2017-06-24T04:58:03.000000;presidential;538;270;51.2;271;49056002;46.6;266;51109897;49.1
32009;2000 United States presidential election;2017-06-24T04:59:22.000000;presidential;538;270;51.2;271;54088002;45.6;266;61109897;52.1
32009;2000 United States presidential election;2017-06-24T05:26:47.000000;presidential;538;270;51.2;271;50456002;47.9;266;50999897;48.4
32009;2000 United States presidential election;2017-09-05T20:26:41.000000;presidential;538;270;51.2;271;50456002;47.9;267;50999897;48.4
32009;2000 United States presidential election;2017-09-06T09:33:31.000000;presidential;538;270;51.2;271;50456002;47.9;266;50999897;48.4
32009;2000 United States presidential election;2017-09-07T02:18:53.000000;presidential;538;270;51.2;271;51934678;47.9;266;50999897;48.4
32009;2000 United States presidential election;2017-09-07T04:42:08.000000;presidential;538;270;51.2;271;50456002;47.9;266;50999897;48.4
32009;2000 United States presidential election;2017-09-11T05:43:56.000000;presidential;538;270;51.2;271;50456002;47.9;266;50999897;48.4
32009;2000 United States presidential election;2017-10-07T15:48:38.000000;presidential;538;270;51.2;271;50999898;48.5;266;50999897;48.4
32009;2000 United States presidential election;2017-10-07T16:24:51.000000;presidential;538;270;51.2;271;50456002;47.9;266;50999897;48.4
32009;2000 United States presidential election;2017-10-25T18:45:11.000000;presidential;538;270;51.2;271;50456002;47.9;266;50999897;48.4
32009;2000 United States presidential election;2017-11-03T03:28:05.000000;presidential;538;270;51.2;271;50456002;47.9;266;50366897;46.4
32009;2000 United States presidential election;2017-11-03T03:29:05.000000;presidential;538;270;51.2;271;50456002;47.9;266;50366897;46.4
32009;2000 United States presidential election;2017-11-03T04:29:14.000000;presidential;538;270;51.2;271;50456002;47.9;266;50999897;48.4
32009;2000 United States presidential election;2017-12-02T17:30:00.000000;presidential;538;270;51.2;271;50456002;47.9;266;50999897;48.4
32009;2000 United States presidential election;2017-12-15T11:23:43.000000;presidential;538;270;51.2;271;50456002;47.9;266;50999897;48.4
32009;2000 United States presidential election;2018-01-08T15:36:23.000000;presidential;537;270;51.2;271;50456002;47.9;266;50999897;48.4
32009;2000 United States presidential election;2018-01-08T15:42:12.000000;presidential;537;270;51.2;271;50456002;47.9;266;50999897;48.4
32009;2000 United States presidential election;2018-01-27T14:46:48.000000;presidential;537;270;51.2;271;50456002;47.9;267;50999897;48.4
32009;2000 United States presidential election;2018-02-04T07:13:32.000000;presidential;537;270;51.2;271;50456002;47.9;266;50999897;48.4
32009;2000 United States presidential election;2018-02-11T09:36:55.000000;presidential;537;270;51.2;271;50456002;47.9;266;50999897;48.4
32009;2000 United States presidential election;2018-02-11T11:51:57.000000;presidential;537;270;51.2;271;50456002;47.9;266;50999897;48.4
32009;2000 United States presidential election;2018-03-15T03:17:30.000000;presidential;537;270;51.2;271;50456002;47.9;266;50999897;48.4
32009;2000 United States presidential election;2018-03-28T00:40:47.000000;presidential;537;270;51.2;271;50456002;47.9;267;50999897;48.4
32009;2000 United States presidential election;2018-03-28T00:41:22.000000;presidential;537;270;51.2;271;50456002;47.9;266;50999897;48.4
32009;2000 United States presidential election;2018-05-17T21:30:19.000000;presidential;537;270;51.2;271;50456002;47.9;266;50999897;48.4
32009;2000 United States presidential election;2018-05-19T02:37:51.000000;presidential;537;270;51.2;271;50456002;47.9;266;50999897;48.4
32009;2000 United States presidential election;2018-10-29T21:26:51.000000;presidential;537;270;51.2;271;50456002;47.85;266;50999897;48.38
32009;2000 United States presidential election;2018-11-26T16:10:40.000000;presidential;537;270;51.2;271;50456002;47.85;266;50999897;48.38
32009;2000 United States presidential election;2018-12-20T05:03:01.000000;presidential;537;270;51.2;271;50456002;47.85;266;50999897;48.38
32009;2000 United States presidential election;2018-12-20T05:03:56.000000;presidential;537;270;51.2;271;50456002;47.85;266;50999897;48.38
32009;2000 United States presidential election;2019-02-03T03:32:02.000000;presidential;537;270;51.2;246;50456002;47.85;292;50999897;48.38
32009;2000 United States presidential election;2019-02-03T03:45:01.000000;presidential;537;270;51.2;271;50456002;47.85;266;50999897;48.38
32009;2000 United States presidential election;2019-03-13T22:14:44.000000;presidential;537;270;51.2;271;50456002;47.85;266;50999897;48.38
32009;2000 United States presidential election;2019-08-24T15:53:06.000000;presidential;537;270;51.2;271;50456002;47.89;266;51009810;48.39
32009;2000 United States presidential election;2019-08-25T10:29:22.000000;presidential;537;270;51.2;271;50456002;47.85;266;50999897;48.38
32077;1996 United States presidential election;2007-08-05T19:45:41.000000;presidential;;;;379;47400125;49.2;159;39198755;40.7
32077;1996 United States presidential election;2008-05-03T04:04:34.000000;presidential;;;;379;47402357;49.2;159;39198755;40.7
32077;1996 United States presidential election;2008-05-03T04:21:49.000000;presidential;;;;379;47402357;49.24;159;39198755;40.71
32077;1996 United States presidential election;2008-09-06T12:01:19.000000;presidential;;;;379;47402357;49.24;159;39198755;40.71
32077;1996 United States presidential election;2008-09-06T12:04:03.000000;presidential;;;;379;47402357;49.24;159;39198755;40.71
32077;1996 United States presidential election;2008-10-25T18:19:48.000000;presidential;;;;379;47402357;49.24;159;39198755;40.71
32077;1996 United States presidential election;2008-11-29T13:28:24.000000;presidential;;;;379;47402357;49.2;159;39198755;40.7
32077;1996 United States presidential election;2009-01-17T03:38:09.000000;presidential;;;;379;47402357;49.2;159;39198755;40.7
32077;1996 United States presidential election;2009-02-01T17:05:30.000000;presidential;;;;379;47402357;49.2;159;39198755;40.7
32077;1996 United States presidential election;2009-02-01T19:07:56.000000;presidential;;;;379;47402357;49.2;159;39198755;40.7
32077;1996 United States presidential election;2009-02-07T02:18:46.000000;presidential;;;;159;47402357;40.2;379;39198755;49.2
32077;1996 United States presidential election;2009-02-07T02:31:55.000000;presidential;;;;379;47402357;49.2;159;39198755;40.7
32077;1996 United States presidential election;2009-02-15T14:29:07.000000;presidential;;;;379;47402357;49.2;159;39198755;40.7
32077;1996 United States presidential election;2009-02-15T14:58:13.000000;presidential;;;;379;47402357;49.2;159;39198755;40.7
32077;1996 United States presidential election;2009-02-15T18:17:04.000000;presidential;;;;379;47402357;49.2;159;39198755;40.7
32077;1996 United States presidential election;2009-02-15T19:14:58.000000;presidential;;;;379;47402357;49.2;159;39198755;40.7
32077;1996 United States presidential election;2009-04-09T08:42:14.000000;presidential;;;;379;47402357;49.2;159;39198755;40.7
32077;1996 United States presidential election;2009-04-09T14:39:57.000000;presidential;;;;379;47402357;49.2;159;39198755;40.7
32077;1996 United States presidential election;2009-04-29T01:04:12.000000;presidential;;;;379;47402357;49.2;159;39198755;40.7
32077;1996 United States presidential election;2009-04-30T03:16:32.000000;presidential;;;;379;47402357;49.2;159;39198755;40.7
32077;1996 United States presidential election;2009-06-16T17:30:40.000000;presidential;;;;379;47402357;49.2;159;39198755;40.7
32077;1996 United States presidential election;2009-06-17T20:19:55.000000;presidential;;;;379;47402357;49.2;159;39198755;40.7
32077;1996 United States presidential election;2009-09-27T10:53:55.000000;presidential;;;;379;47401185;49.2;159;39197469;40.7
32077;1996 United States presidential election;2010-08-01T20:07:26.000000;presidential;;;;159;47401185;49.2;379;39197469;40.7
32077;1996 United States presidential election;2010-08-01T20:09:20.000000;presidential;;;;379;47401185;49.2;159;39197469;40.7
32077;1996 United States presidential election;2010-08-04T02:13:16.000000;presidential;;;;379;47401185;49.2;159;39197469;40.7
32077;1996 United States presidential election;2010-11-17T02:00:54.000000;presidential;;;;159;47401185;49.2;379;39197469;40.7
32077;1996 United States presidential election;2010-11-17T02:54:26.000000;presidential;;;;379;47401185;49.2;159;39197469;40.7
32077;1996 United States presidential election;2012-06-30T18:48:23.000000;presidential;538;270;;379;47401185;49.2;159;39197469;40.7
32077;1996 United States presidential election;2012-07-09T20:20:05.000000;presidential;538;270;;365;69456897;52.9;173;59934814;45.7
32077;1996 United States presidential election;2012-07-09T20:24:09.000000;presidential;538;270;;379;47401185;49.2;159;39197469;40.7
32077;1996 United States presidential election;2012-08-26T05:03:20.000000;presidential;538;270;51.7;379;47401185;49.2;159;39197469;40.7
32077;1996 United States presidential election;2012-10-22T03:53:23.000000;presidential;538;270;49.0;379;47401185;49.2;159;39197469;40.7
32077;1996 United States presidential election;2012-10-24T13:02:39.000000;presidential;538;270;51.7;379;47401185;49.2;159;39197469;40.7
32077;1996 United States presidential election;2012-10-30T05:11:36.000000;presidential;538;270;49.0;379;47401185;49.2;159;39197469;40.7
32077;1996 United States presidential election;2012-11-27T09:13:15.000000;presidential;538;270;49.0;379;47401185;49.2;159;39197469;40.7
32077;1996 United States presidential election;2012-12-04T15:51:09.000000;presidential;538;270;55.2;379;47401185;49.2;159;39197469;40.7
32077;1996 United States presidential election;2012-12-04T15:53:14.000000;presidential;538;270;49.0;379;47401185;49.2;159;39197469;40.7
32077;1996 United States presidential election;2013-06-27T12:19:33.000000;presidential;538;270;49.0;379;47401185;49.24;159;39197469;40.71
32077;1996 United States presidential election;2013-06-28T16:27:13.000000;presidential;538;270;49.0;379;47401185;49.2;159;39197469;40.7
32077;1996 United States presidential election;2013-09-06T11:24:50.000000;presidential;538;270;49.0;379;47401185;49.23;159;39197469;40.72
32077;1996 United States presidential election;2013-09-06T17:12:58.000000;presidential;538;270;49.0;379;47401185;49.2;159;39197469;40.7
32077;1996 United States presidential election;2013-11-23T14:07:04.000000;presidential;538;270;49.0;379;47401185;49.2;159;39197469;40.7
32077;1996 United States presidential election;2014-04-01T04:10:35.000000;presidential;538;270;49.0;379;47401185;49.2;159;39197469;40.7
32077;1996 United States presidential election;2016-03-10T23:50:11.000000;presidential;538;270;49.0;379;47401185;49.2;159;39197469;40.7
32077;1996 United States presidential election;2016-03-10T23:52:02.000000;presidential;538;270;49.0;379;47401185;49.2;159;39197469;40.7
32077;1996 United States presidential election;2016-06-23T22:03:00.000000;presidential;538;270;49.0;379;47401185;49.2;159;39197469;40.7
32077;1996 United States presidential election;2016-10-18T14:40:18.000000;presidential;538;270;49.0;379;47401185;49.2;159;39197469;40.7
32077;1996 United States presidential election;2016-10-18T14:46:44.000000;presidential;538;270;49.0;379;47401185;49.2;159;39197469;40.7
32077;1996 United States presidential election;2016-10-23T03:10:03.000000;presidential;538;270;49.0;159;39197469;40.7;0;8085294;8.4
32077;1996 United States presidential election;2016-10-23T03:20:03.000000;presidential;538;270;49.0;379;47401185;49.2;159;39197469;40.7
32077;1996 United States presidential election;2016-11-10T14:19:45.000000;presidential;538;270;49.0;379;47401185;49.2;159;39197469;40.7
32077;1996 United States presidential election;2016-11-14T07:23:06.000000;presidential;538;270;49.0;379;47401185;49.2;159;39197469;40.7
32077;1996 United States presidential election;2017-01-10T07:12:31.000000;presidential;538;270;49.0;379;47401185;49.2;16;14002911;8.3
32077;1996 United States presidential election;2017-01-10T09:31:17.000000;presidential;538;270;49.0;379;47401185;49.2;159;39197469;40.7
32077;1996 United States presidential election;2017-01-23T01:24:58.000000;presidential;538;236;49.0;379;47401185;49.2;159;39197469;40.7
32077;1996 United States presidential election;2017-01-23T01:34:11.000000;presidential;538;270;49.0;379;47401185;49.2;159;39197469;40.7
32077;1996 United States presidential election;2017-12-13T00:34:19.000000;presidential;538;270;49.0;379;47401185;49.2;159;39197469;40.7
32077;1996 United States presidential election;2017-12-13T00:50:07.000000;presidential;538;270;49.0;379;47401185;49.2;159;39197469;40.7
32077;1996 United States presidential election;2018-12-20T05:14:49.000000;presidential;538;270;49.0;379;47401185;49.23;159;39197469;40.71
32077;1996 United States presidential election;2019-06-25T22:28:06.000000;presidential;538;270;49.0;379;47401185;49.23;159;39197469;40.71
39529;1992 United States presidential election;2007-08-06T11:00:36.000000;presidential;;;;370;44909806;43.0;168;39104550;37.4
39529;1992 United States presidential election;2007-11-02T18:29:56.000000;presidential;;;;370;44909806;43.0;168;39104550;37.4
39529;1992 United States presidential election;2007-12-14T19:53:51.000000;presidential;;;;370;44909806;43.0;168;39104550;37.4
39529;1992 United States presidential election;2008-04-27T20:17:38.000000;presidential;;;;370;44909806;43.0;168;39104550;37.4
39529;1992 United States presidential election;2008-04-27T20:18:13.000000;presidential;;;;370;44909806;43.0;168;39104550;37.4
39529;1992 United States presidential election;2008-09-23T21:49:42.000000;presidential;;;;370;44909806;43.0;168;391045;37.4
39529;1992 United States presidential election;2008-09-23T22:19:10.000000;presidential;;;;370;44909806;43.0;168;39104500;37.7
39529;1992 United States presidential election;2008-10-22T10:55:41.000000;presidential;;;;370;44909806;43.0;168;39104500;37.7
39529;1992 United States presidential election;2008-10-22T10:56:47.000000;presidential;;;;370;44909806;43.0;168;39104500;37.7
39529;1992 United States presidential election;2008-10-22T10:59:35.000000;presidential;;;;370;44909806;43.0;168;39104500;37.7
39529;1992 United States presidential election;2008-10-28T16:12:24.000000;presidential;;;;370;44909806;43.0;168;39104500;37.7
39529;1992 United States presidential election;2008-10-28T16:18:40.000000;presidential;;;;370;44909806;43.0;168;39104500;37.7
39529;1992 United States presidential election;2008-12-27T13:03:02.000000;presidential;;;;370;44909806;43.0;168;39104500;37.7
39529;1992 United States presidential election;2009-01-16T16:57:08.000000;presidential;;;;370;44909806;43.0;168;39104500;37.7
39529;1992 United States presidential election;2009-02-01T17:04:36.000000;presidential;;;;370;44909806;43.0;168;39104500;37.7
39529;1992 United States presidential election;2009-02-01T19:07:25.000000;presidential;;;;370;44909806;43.0;168;39104500;37.7
39529;1992 United States presidential election;2009-02-13T16:22:15.000000;presidential;;;;370;44909806;43.0;168;39104550;37.7
39529;1992 United States presidential election;2009-02-13T17:23:24.000000;presidential;;;;370;44909806;43.0;168;39104500;37.7
39529;1992 United States presidential election;2009-02-15T14:28:46.000000;presidential;;;;370;44909806;43.0;168;39104500;37.7
39529;1992 United States presidential election;2009-02-15T14:57:59.000000;presidential;;;;370;44909806;43.0;168;39104500;37.7
39529;1992 United States presidential election;2009-02-15T18:37:33.000000;presidential;;;;370;44909806;43.0;168;39104500;37.7
39529;1992 United States presidential election;2009-02-15T19:28:42.000000;presidential;;;;370;44909806;43.0;168;39104500;37.7
39529;1992 United States presidential election;2009-02-15T21:35:25.000000;presidential;;;;370;44909806;43.0;168;39104550;37.4
39529;1992 United States presidential election;2009-03-22T12:55:27.000000;presidential;;;;370;44909806;100.0;168;39104550;37.4
39529;1992 United States presidential election;2009-03-22T12:56:16.000000;presidential;;;;370;44909806;43.0;168;39104550;37.4
39529;1992 United States presidential election;2009-04-09T08:40:08.000000;presidential;;;;370;44909806;43.0;168;39104550;37.4
39529;1992 United States presidential election;2009-04-09T14:47:40.000000;presidential;;;;370;44909806;43.0;168;39104550;37.4
39529;1992 United States presidential election;2009-04-10T10:35:32.000000;presidential;;;;370;44909806;43.0;168;39104550;37.4
39529;1992 United States presidential election;2009-04-10T13:32:42.000000;presidential;;;;370;44909806;43.0;168;39104550;37.4
39529;1992 United States presidential election;2009-04-23T00:24:25.000000;presidential;;;;168;39104550;37.4;370;44909806;43.0
39529;1992 United States presidential election;2009-04-23T00:29:01.000000;presidential;;;;370;44909806;43.0;168;39104550;37.4
39529;1992 United States presidential election;2009-04-29T01:03:13.000000;presidential;;;;370;44909806;43.0;168;39104550;37.4
39529;1992 United States presidential election;2009-04-30T03:06:28.000000;presidential;;;;370;44909806;43.0;168;39104550;37.4
39529;1992 United States presidential election;2009-06-16T17:33:13.000000;presidential;;;;370;44909806;43.0;168;39104550;37.4
39529;1992 United States presidential election;2009-06-17T20:19:54.000000;presidential;;;;370;44909806;43.0;168;39104550;37.4
39529;1992 United States presidential election;2010-02-03T03:17:43.000000;presidential;;;;370;44909806;43.0;168;39104550;37.5
39529;1992 United States presidential election;2010-02-17T20:40:13.000000;presidential;;;;370;44909806;43.0;168;39104550;37.5
39529;1992 United States presidential election;2010-11-22T07:38:42.000000;presidential;;;;370;44909806;43.0;168;39104550;37.5
39529;1992 United States presidential election;2011-04-21T22:21:16.000000;presidential;;;;370;44909806;43.0;168;39104550;37.5
39529;1992 United States presidential election;2011-04-21T22:22:49.000000;presidential;;;;370;44909806;43.0;168;39104550;37.5
39529;1992 United States presidential election;2011-10-14T00:13:51.000000;presidential;;;;370;44909806;43.0;168;39104550;37.5
39529;1992 United States presidential election;2011-10-18T16:09:31.000000;presidential;;;;370;44909806;43.0;168;39104550;37.5
39529;1992 United States presidential election;2011-10-18T16:10:06.000000;presidential;;;;370;44909806;43.0;168;39104550;37.5
39529;1992 United States presidential election;2012-06-30T18:49:11.000000;presidential;538;270;;370;44909806;43.0;168;39104550;37.5
39529;1992 United States presidential election;2012-07-07T18:48:13.000000;presidential;538;270;;370;55909806;43.0;168;25104550;37.5
39529;1992 United States presidential election;2012-07-07T18:50:39.000000;presidential;538;270;;275;42909806;43.4;263;42104550;42.7
39529;1992 United States presidential election;2012-07-07T20:19:43.000000;presidential;538;270;;370;44909806;43.0;168;39104550;37.5
39529;1992 United States presidential election;2012-08-26T05:06:34.000000;presidential;538;270;58.1;370;44909806;43.0;168;39104550;37.5
39529;1992 United States presidential election;2012-10-22T03:56:45.000000;presidential;538;270;55.2;370;44909806;43.0;168;39104550;37.5
39529;1992 United States presidential election;2012-11-11T02:19:16.000000;presidential;538;270;55.2;688;94909806;43.0;177;39104550;37.5
39529;1992 United States presidential election;2012-11-11T02:21:46.000000;presidential;538;270;55.2;370;44909806;43.0;168;39104550;37.5
39529;1992 United States presidential election;2013-06-27T12:18:50.000000;presidential;538;270;55.2;370;44909806;43.01;168;39104550;37.45
39529;1992 United States presidential election;2013-06-28T16:27:17.000000;presidential;538;270;55.2;370;44909806;43.0;168;39104550;37.5
39529;1992 United States presidential election;2013-09-06T11:24:17.000000;presidential;538;270;55.2;370;44909806;43.01;168;39104550;37.45
39529;1992 United States presidential election;2013-09-06T17:13:37.000000;presidential;538;270;55.2;370;44909806;43.0;168;39104550;37.5
39529;1992 United States presidential election;2013-11-23T14:00:28.000000;presidential;538;270;55.2;370;44909806;43.0;168;39104550;37.5
39529;1992 United States presidential election;2014-03-29T19:39:14.000000;presidential;538;270;55.2;168;44909806;43.0;370;39104550;37.5
39529;1992 United States presidential election;2014-03-29T19:39:53.000000;presidential;538;270;55.2;370;44909806;43.0;168;39104550;37.5
39529;1992 United States presidential election;2014-04-01T04:10:28.000000;presidential;538;270;55.2;370;44909806;43.0;168;39104550;37.5
39529;1992 United States presidential election;2016-02-01T20:09:58.000000;presidential;538;270;55.2;370;44909806;43.0;168;39104550;37.4
39529;1992 United States presidential election;2016-03-10T23:52:03.000000;presidential;538;270;55.2;370;44909806;43.0;168;39104550;37.4
39529;1992 United States presidential election;2016-06-23T22:03:00.000000;presidential;538;270;55.2;370;44909806;43.0;168;39104550;37.4
39529;1992 United States presidential election;2016-07-23T18:21:15.000000;presidential;538;270;55.2;370;44909806;43.0;168;39104550;37.4
39529;1992 United States presidential election;2016-07-25T04:11:38.000000;presidential;538;270;55.2;370;44909806;43.0;168;39104550;37.4
39529;1992 United States presidential election;2016-08-18T16:19:31.000000;presidential;538;270;55.2;370;44909806;43.0;168;39104550;37.4
39529;1992 United States presidential election;2016-11-14T07:23:35.000000;presidential;538;270;55.2;370;44909806;43.0;168;39104550;37.4
39529;1992 United States presidential election;2016-12-20T19:48:09.000000;presidential;538;270;55.2;470;444909806;43.0;168;39104550;37.4
39529;1992 United States presidential election;2016-12-20T20:19:19.000000;presidential;538;270;55.2;370;44909806;43.0;168;39104550;37.4
39529;1992 United States presidential election;2017-01-16T18:59:51.000000;presidential;538;270;59.2;276;38909806;38.2;221;39104550;37.4
39529;1992 United States presidential election;2017-01-16T19:08:49.000000;presidential;538;270;55.2;370;44909806;43.0;168;39104500;37.7
39529;1992 United States presidential election;2017-01-21T09:44:44.000000;presidential;538;270;55.2;370;44909806;43.01;168;39104550;37.45
39529;1992 United States presidential election;2017-11-25T00:00:50.000000;presidential;538;270;55.2;370;44909806;43.0;168;39104550;37.4
39529;1992 United States presidential election;2018-04-28T05:14:01.000000;presidential;538;270;55.2;538;44909806;100.0;168;39104550;37.4
39529;1992 United States presidential election;2018-04-28T05:14:30.000000;presidential;538;270;55.2;370;44909806;43.0;168;39104550;37.4
39529;1992 United States presidential election;2018-11-19T03:08:41.000000;presidential;538;270;55.2;370;44909889;43.01;168;39104545;37.45
39529;1992 United States presidential election;2018-11-29T09:21:50.000000;presidential;538;270;55.2;370;44909889;43.0;168;39104545;37.4
39529;1992 United States presidential election;2018-12-04T23:17:13.000000;presidential;538;270;55.2;370;44909889;43.0;168;39104545;37.4
39529;1992 United States presidential election;2018-12-05T05:41:36.000000;presidential;538;270;55.2;370;44909889;43.0;168;39104545;37.4
39529;1992 United States presidential election;2018-12-20T05:18:24.000000;presidential;538;270;55.2;370;44909889;43.04;168;39104545;37.45
39531;1988 United States presidential election;2007-08-06T11:49:15.000000;presidential;;;;426;48886597;53.4;111;41809476;45.6
39531;1988 United States presidential election;2007-08-17T17:27:53.000000;presidential;;;;426;48886597;53.4;112;41809476;45.6
39531;1988 United States presidential election;2007-12-18T20:40:06.000000;presidential;;;;426;48886597;53.4;111;41809476;45.6
39531;1988 United States presidential election;2008-11-08T07:31:36.000000;presidential;;;;426;48886597;53.4;101;41809476;45.6
39531;1988 United States presidential election;2008-11-08T07:32:33.000000;presidential;;;;426;48886597;53.4;109;41809476;45.6
39531;1988 United States presidential election;2008-11-09T14:40:54.000000;presidential;;;;426;48886597;53.4;111;41809476;45.6
39531;1988 United States presidential election;2009-01-17T03:36:48.000000;presidential;;;;426;48886597;53.4;111;41809476;45.6
39531;1988 United States presidential election;2009-02-01T17:03:07.000000;presidential;;;;426;48886597;53.4;111;41809476;45.6
39531;1988 United States presidential election;2009-02-01T19:07:05.000000;presidential;;;;426;48886597;53.4;111;41809476;45.6
39531;1988 United States presidential election;2009-02-15T14:28:11.000000;presidential;;;;426;48886597;53.4;111;41809476;45.6
39531;1988 United States presidential election;2009-02-15T14:57:44.000000;presidential;;;;426;48886597;53.4;111;41809476;45.6
39531;1988 United States presidential election;2009-02-15T18:37:12.000000;presidential;;;;426;48886597;53.4;111;41809476;45.6
39531;1988 United States presidential election;2009-02-15T19:27:16.000000;presidential;;;;426;48886597;53.4;111;41809476;45.6
39531;1988 United States presidential election;2009-04-01T00:07:59.000000;presidential;;;;426;48886597;53.4;111;41809476;45.6
39531;1988 United States presidential election;2009-04-01T01:08:11.000000;presidential;;;;426;48886597;53.4;111;41809476;45.6
39531;1988 United States presidential election;2009-04-09T08:38:04.000000;presidential;;;;426;48886597;53.4;111;41809476;45.6
39531;1988 United States presidential election;2009-04-09T14:48:48.000000;presidential;;;;426;48886597;53.4;111;41809476;45.6
39531;1988 United States presidential election;2009-04-10T10:33:36.000000;presidential;;;;426;48886597;53.4;111;41809476;45.6
39531;1988 United States presidential election;2009-04-10T23:34:28.000000;presidential;;;;426;48886597;53.4;111;41809476;45.6
39531;1988 United States presidential election;2009-04-28T21:22:42.000000;presidential;;;;426;48886597;53.4;111;41809476;45.6
39531;1988 United States presidential election;2009-04-30T03:21:38.000000;presidential;;;;426;48886597;53.4;111;41809476;45.6
39531;1988 United States presidential election;2009-06-16T17:21:20.000000;presidential;;;;426;48886597;53.4;111;41809476;45.6
39531;1988 United States presidential election;2009-06-17T20:20:21.000000;presidential;;;;426;48886597;53.4;111;41809476;45.6
39531;1988 United States presidential election;2010-02-03T03:18:08.000000;presidential;;;;426;48886597;53.4;111;41809476;45.7
39531;1988 United States presidential election;2010-11-22T07:39:31.000000;presidential;;;;426;48886597;53.4;111;41809476;45.7
39531;1988 United States presidential election;2011-03-19T04:32:01.000000;presidential;;;;426;48886597;53.4;1;41809476;0.0
39531;1988 United States presidential election;2011-03-19T04:33:47.000000;presidential;;;;426;48886597;53.4;111;41809476;45.7
39531;1988 United States presidential election;2011-12-08T03:24:48.000000;presidential;;;;426;48886097;53.4;111;41809074;45.7
39531;1988 United States presidential election;2012-05-29T10:25:04.000000;presidential;;;;266;45886097;50.5;259;45809074;49.5
39531;1988 United States presidential election;2012-05-29T15:35:35.000000;presidential;;;;426;48886097;53.4;111;41809074;45.7
39531;1988 United States presidential election;2012-06-30T18:50:16.000000;presidential;538;270;;426;48886097;53.4;111;41809074;45.7
39531;1988 United States presidential election;2012-08-26T05:08:11.000000;presidential;538;270;52.8;426;48886097;53.4;111;41809074;45.7
39531;1988 United States presidential election;2012-10-22T03:57:54.000000;presidential;538;270;50.2;426;48886097;53.4;111;41809074;45.7
39531;1988 United States presidential election;2012-10-27T17:37:31.000000;dictator;538;270;50.2;426;48886097;53.4;111;41809074;45.7
39531;1988 United States presidential election;2012-10-27T17:47:16.000000;presidential;538;270;50.2;426;48886097;53.4;111;41809074;45.7
39531;1988 United States presidential election;2012-10-28T01:14:21.000000;presidential;4;100;2.0;426;48886097;53.4;111;41809074;45.7
39531;1988 United States presidential election;2012-10-28T01:42:55.000000;presidential;538;270;50.2;426;48886097;53.4;111;41809074;45.7
39531;1988 United States presidential election;2013-02-15T23:21:56.000000;presidential;538;270;50.2;426;43500000;57.0;111;31500000;42.0
39531;1988 United States presidential election;2013-02-16T00:14:39.000000;presidential;538;270;50.2;426;48886097;53.4;111;41809074;45.7
39531;1988 United States presidential election;2013-06-27T12:16:46.000000;presidential;538;270;50.2;426;48886097;53.37;111;41809074;45.65
39531;1988 United States presidential election;2013-06-28T16:28:08.000000;presidential;538;270;50.2;426;48886097;53.4;111;41809074;45.7
39531;1988 United States presidential election;2013-09-06T11:23:36.000000;presidential;538;270;50.2;426;48886097;53.37;111;41809074;45.65
39531;1988 United States presidential election;2013-09-06T17:13:47.000000;presidential;538;270;50.2;426;48886097;53.4;111;41809074;45.7
39531;1988 United States presidential election;2013-11-23T13:59:22.000000;presidential;538;270;50.2;426;48886097;53.4;111;41809074;45.7
39531;1988 United States presidential election;2014-04-01T04:10:21.000000;presidential;538;270;50.2;426;48886097;53.4;111;41809074;45.7
39531;1988 United States presidential election;2015-06-08T00:36:19.000000;presidential;538;270;50.2;426;48886097;53.4;112;41809074;45.7
39531;1988 United States presidential election;2015-06-08T00:43:23.000000;presidential;538;270;50.2;426;48886097;53.4;111;41809074;45.7
39531;1988 United States presidential election;2016-02-01T20:03:51.000000;presidential;538;270;50.2;426;48886097;53.4;111;41809074;45.6
39531;1988 United States presidential election;2016-06-23T22:03:02.000000;presidential;538;270;50.2;426;48886097;53.4;111;41809074;45.6
39531;1988 United States presidential election;2016-11-14T07:24:05.000000;presidential;538;270;50.2;426;48886097;53.4;111;41809074;45.6
39531;1988 United States presidential election;2016-12-31T07:47:27.000000;presidential;538;270;50.2;426;48886097;53.4;111;41809074;45.6
39531;1988 United States presidential election;2017-01-09T01:03:52.000000;presidential;538;270;50.2;426;48886097;53.4;111;41809074;45.6
39531;1988 United States presidential election;2017-04-08T14:29:28.000000;presidential;538;270;50.2;426;48886097;53.4;111;41809074;45.6
39531;1988 United States presidential election;2017-04-10T19:24:37.000000;presidential;538;270;50.2;426;48886097;53.4;111;41809074;45.6
39531;1988 United States presidential election;2017-04-29T02:48:05.000000;presidential;538;270;50.2;0;0;0.0;548;91594686;100.0
39531;1988 United States presidential election;2017-04-29T02:48:28.000000;presidential;538;270;50.2;0;0;0.0;538;91594686;100.0
39531;1988 United States presidential election;2017-04-29T02:49:15.000000;presidential;538;270;50.2;426;48886097;53.4;111;41809074;45.6
39531;1988 United States presidential election;2017-05-23T06:50:46.000000;presidential;538;270;50.2;426;48886097;53.4;111;41809074;45.6
39531;1988 United States presidential election;2018-09-30T16:08:14.000000;presidential;538;270;50.2;426;48886597;53.4;111;41809074;45.6
39531;1988 United States presidential election;2018-12-20T05:25:23.000000;presidential;538;270;50.2;426;48886597;53.39;111;41809074;45.65
39531;1988 United States presidential election;2019-06-25T23:40:15.000000;presidential;538;270;50.2;426;48886597;53.39;111;41809074;45.65
40402;1876 United States presidential election;2007-08-08T04:49:16.000000;presidential;;;;185;4034311;47.9;184;4288546;51.0
40402;1876 United States presidential election;2007-09-09T02:54:44.000000;presidential;;;;184;4288546;51.0;185;4034311;47.9
40402;1876 United States presidential election;2007-09-10T23:25:55.000000;presidential;;;;185;4034311;47.9;184;4288546;51.0
40402;1876 United States presidential election;2008-01-11T17:08:39.000000;presidential;;;;185;4034311;47.9;184;4288546;51.0
40402;1876 United States presidential election;2008-04-14T02:53:45.000000;presidential;;;;178;4034311;47.9;191;4288546;51.0
40402;1876 United States presidential election;2008-04-14T02:58:10.000000;presidential;;;;191;4288546;51.0;178;4034311;47.9
40402;1876 United States presidential election;2008-04-14T05:15:21.000000;presidential;;;;185;4034311;47.9;184;4288546;51.0
40402;1876 United States presidential election;2008-10-21T01:24:43.000000;presidential;;;;185;4034311;47.9;184;4288546;51.0
40402;1876 United States presidential election;2009-04-09T05:05:41.000000;presidential;;;;178;4034311;47.9;191;4288546;51.0
40402;1876 United States presidential election;2009-04-09T05:07:27.000000;presidential;;;;191;4288546;51.0;178;4034311;47.9
40402;1876 United States presidential election;2009-04-09T08:07:43.000000;presidential;;;;184;4288546;51.0;185;4034311;47.9
40402;1876 United States presidential election;2009-04-09T14:58:22.000000;presidential;;;;185;4034311;47.9;184;4288546;51.0
40402;1876 United States presidential election;2009-05-17T17:34:54.000000;presidential;;;;178;4034311;47.9;191;4288546;51.0
40402;1876 United States presidential election;2009-05-17T17:36:09.000000;presidential;;;;191;4288546;51.0;178;4034311;47.9
40402;1876 United States presidential election;2009-05-17T21:21:48.000000;presidential;;;;184;4288546;51.0;185;4034311;47.9
40402;1876 United States presidential election;2009-05-17T21:22:31.000000;presidential;;;;184;4288546;51.0;185;4034311;47.9
40402;1876 United States presidential election;2009-05-17T21:23:24.000000;presidential;;;;184;4288546;51.0;185;4034311;47.9
40402;1876 United States presidential election;2009-05-20T19:21:51.000000;presidential;;;;185;4034311;47.9;184;4288546;51.0
40402;1876 United States presidential election;2009-11-03T05:37:57.000000;presidential;;;;185;4034311;47.9;184;4288546;51.0
40402;1876 United States presidential election;2009-11-03T05:54:41.000000;presidential;;;;185;4034311;47.9;184;4288546;51.0
40402;1876 United States presidential election;2010-02-25T19:27:55.000000;presidential;;;;185;4034311;47.9;184;4288546;51.0
40402;1876 United States presidential election;2010-03-02T17:08:51.000000;presidential;;;;185;4034311;47.9;184;4288546;51.0
40402;1876 United States presidential election;2010-06-08T17:33:41.000000;presidential;;;;185;4034311;47.9;184;4288546;51.0
40402;1876 United States presidential election;2010-09-19T19:05:09.000000;presidential;;;;185;4036572;47.9;184;4284020;51.0
40402;1876 United States presidential election;2011-05-18T20:47:29.000000;presidential;;;;165;4036572;47.9;184;4284020;51.0
40402;1876 United States presidential election;2011-05-21T19:28:18.000000;presidential;;;;185;4036572;47.9;184;4284020;51.0
40402;1876 United States presidential election;2012-10-30T19:36:50.000000;presidential;;;;178;4036572;47.9;191;4284020;51.0
40402;1876 United States presidential election;2012-10-30T19:37:39.000000;presidential;;;;178;4036572;47.9;191;4284020;51.0
40402;1876 United States presidential election;2012-10-31T18:08:40.000000;presidential;;;;185;4036572;47.9;184;4284020;51.0
40402;1876 United States presidential election;2012-10-31T18:09:43.000000;presidential;;;;178;4036572;47.9;191;4284020;51.0
40402;1876 United States presidential election;2012-10-31T18:10:02.000000;presidential;;;;185;4036572;47.9;184;4284020;51.0
40402;1876 United States presidential election;2012-10-31T18:10:12.000000;presidential;;;;178;4036572;47.9;191;4284020;51.0
40402;1876 United States presidential election;2012-10-31T18:11:03.000000;presidential;;;;185;4036572;47.9;184;4284020;51.0
40402;1876 United States presidential election;2012-10-31T18:11:57.000000;presidential;;;;178;4036572;47.9;191;4284020;51.0
40402;1876 United States presidential election;2012-10-31T18:16:08.000000;presidential;;;;185;4036572;47.9;184;4284020;51.0
40402;1876 United States presidential election;2012-11-01T20:14:05.000000;presidential;;;;185;4036572;47.9;184;4284020;51.0
40402;1876 United States presidential election;2012-12-16T04:34:01.000000;presidential;;;;185;4036572;47.9;184;4284020;50.9
40402;1876 United States presidential election;2013-01-24T19:31:02.000000;presidential;;;;185;4036572;47.9;184;4284020;50.9
40402;1876 United States presidential election;2013-02-11T18:58:04.000000;presidential;;;;185;4036572;50.0;184;4284020;50.0
40402;1876 United States presidential election;2013-02-12T21:52:48.000000;presidential;;;;185;4036572;47.9;184;4284020;50.9
40402;1876 United States presidential election;2013-06-14T14:34:07.000000;presidential;369;185;;185;4036572;47.9;184;4284020;50.9
40402;1876 United States presidential election;2013-09-06T11:06:21.000000;presidential;369;185;;185;4036572;47.92;184;4284020;50.92
40402;1876 United States presidential election;2013-09-06T17:28:03.000000;presidential;369;185;;185;4036572;47.9;184;4284020;50.9
40402;1876 United States presidential election;2014-01-24T04:06:24.000000;presidential;369;185;;185;4034311;48.0;184;4288546;51.0
40402;1876 United States presidential election;2014-01-29T20:44:41.000000;presidential;369;185;;185;4034311;47.9;184;4288546;50.9
40402;1876 United States presidential election;2014-02-01T10:51:49.000000;presidential;369;185;;165;4034311;47.9;204;4288546;50.9
40402;1876 United States presidential election;2014-02-01T11:13:47.000000;presidential;369;185;;185;4034311;47.9;184;4288546;50.9
40402;1876 United States presidential election;2014-02-03T21:16:54.000000;presidential;369;185;81.8;185;4034311;47.9;184;4288546;50.9
40402;1876 United States presidential election;2015-08-26T13:23:47.000000;presidential;369;185;81.8;185;4034311;47.9;184;4288546;50.9
40402;1876 United States presidential election;2015-08-26T13:25:09.000000;presidential;369;185;81.8;185;4034311;47.9;184;4288546;50.9
40402;1876 United States presidential election;2016-10-17T14:24:37.000000;trump vs  clinton;369;185;81.8;185;4034311;47.9;184;4288546;50.9
40402;1876 United States presidential election;2016-10-17T14:24:43.000000;presidential;369;185;81.8;185;4034311;47.9;184;4288546;50.9
40402;1876 United States presidential election;2016-11-14T03:05:35.000000;presidential;369;185;81.8;185;4034311;47.9;184;4288546;50.9
40402;1876 United States presidential election;2016-11-14T07:37:58.000000;presidential;369;185;81.8;185;4034311;47.9;184;4288546;50.9
40402;1876 United States presidential election;2017-06-03T06:04:54.000000;presidential;369;185;81.8;185;4034311;47.9;203;4288546;50.9
40402;1876 United States presidential election;2017-06-03T12:24:19.000000;presidential;369;185;81.8;185;4034311;47.9;184;4288546;50.9
40402;1876 United States presidential election;2019-03-01T14:45:31.000000;presidential;369;185;81.8;185;4034311;47.9;184;4288546;50.9
40402;1876 United States presidential election;2019-03-30T22:45:44.000000;presidential;369;185;81.8;185;4034311;47.9;184;4288546;50.9
40510;1828 United States presidential election;2007-08-09T07:58:25.000000;presidential;;;;178;642553;56.0;83;500897;43.6
40510;1828 United States presidential election;2008-11-13T00:03:39.000000;presidential;;;;178;642553;56.0;83;500897;43.6
40510;1828 United States presidential election;2008-12-28T08:19:43.000000;presidential;;;;178;642553;56.0;83;500897;43.6
40510;1828 United States presidential election;2009-02-15T13:52:15.000000;presidential;;;;178;642553;56.0;83;500897;43.6
40510;1828 United States presidential election;2009-02-15T14:46:36.000000;presidential;;;;178;642553;56.0;83;500897;43.6
40510;1828 United States presidential election;2009-02-15T18:19:10.000000;presidential;;;;178;642553;56.0;83;500897;43.6
40510;1828 United States presidential election;2009-02-15T19:18:00.000000;presidential;;;;178;642553;56.0;83;500897;43.6
40510;1828 United States presidential election;2009-03-25T01:14:54.000000;presidential;;;;178;642553;56.0;83;500897;43.6
40510;1828 United States presidential election;2009-03-25T01:15:49.000000;presidential;;;;178;642553;56.0;83;500897;43.6
40510;1828 United States presidential election;2009-04-10T15:28:33.000000;presidential;;;;178;642553;56.0;83;500897;43.6
40510;1828 United States presidential election;2009-04-10T23:22:05.000000;presidential;;;;178;642553;56.0;83;500897;43.6
40510;1828 United States presidential election;2009-06-16T19:47:28.000000;presidential;;;;178;642553;56.0;83;500897;43.6
40510;1828 United States presidential election;2009-06-17T20:19:19.000000;presidential;;;;178;642553;56.0;83;500897;43.6
40510;1828 United States presidential election;2010-01-26T12:06:29.000000;presidential;;;;178;642553;56.0;83;500897;43.6
40510;1828 United States presidential election;2011-08-08T23:59:35.000000;presidential;;;;178;642553;56.0;83;500897;43.6
40510;1828 United States presidential election;2012-02-20T21:22:42.000000;presidential;;;;178;642553;56.0;83;500897;43.6
40510;1828 United States presidential election;2012-02-20T21:39:05.000000;presidential;;;;178;642553;56.0;83;500897;43.6
40510;1828 United States presidential election;2013-06-14T14:48:25.000000;presidential;261;131;;178;642553;56.0;83;500897;43.6
40510;1828 United States presidential election;2013-09-06T10:56:16.000000;presidential;261;131;;178;642553;55.93;83;500897;43.68
40510;1828 United States presidential election;2013-09-06T17:41:10.000000;presidential;261;131;;178;642553;55.9;83;500897;43.7
40510;1828 United States presidential election;2013-12-17T18:08:12.000000;presidential;261;131;57.6;178;642553;55.9;83;500897;43.7
40510;1828 United States presidential election;2014-03-27T02:27:23.000000;presidential;261;131;57.6;178;642553;55.9;83;500897;43.7
40510;1828 United States presidential election;2014-03-27T02:31:59.000000;presidential;261;131;57.6;178;642553;55.9;83;500897;43.7
40510;1828 United States presidential election;2014-09-28T02:39:12.000000;presidential;261;131;57.6;178;642553;55.9;83;500897;43.7
40510;1828 United States presidential election;2015-02-27T01:17:53.000000;presidential;261;131;57.6;178;642553;56.0;83;500897;43.6
40510;1828 United States presidential election;2015-04-17T17:27:43.000000;presidential;30000000;131;57.6;178;642553;56.0;83;500897;43.6
40510;1828 United States presidential election;2015-04-17T17:47:51.000000;presidential;261;131;57.6;178;642553;56.0;83;500897;43.6
40510;1828 United States presidential election;2016-01-28T18:09:22.000000;presidential;261;131;57.6;178;642553;56.0;83;500897;43.6
40510;1828 United States presidential election;2016-01-28T18:40:07.000000;presidential;261;131;57.6;178;642553;56.0;83;500897;43.6
40510;1828 United States presidential election;2017-02-28T20:57:59.000000;presidential;261;131;57.6;178;642553;56.0;83;500897;43.6
40510;1828 United States presidential election;2017-02-28T21:05:44.000000;presidential;261;131;57.6;178;642553;56.0;83;500897;43.6
40510;1828 United States presidential election;2017-03-08T15:04:59.000000;presidential;261;131;57.6;178;642553;56.0;83;500897;43.6
40510;1828 United States presidential election;2018-04-06T03:20:59.000000;presidential;261;131;57.6;178;642553;56.0;83;500897;43.6
40510;1828 United States presidential election;2018-04-13T00:48:51.000000;presidential;261;131;57.6;178;642553;56.0;87;500897;43.6
40510;1828 United States presidential election;2018-04-13T00:51:15.000000;presidential;261;131;57.6;178;642553;56.0;83;500897;43.6
40510;1828 United States presidential election;2018-10-22T22:43:46.000000;presidential;261;131;57.6;178;642553;56.0;83;500897;43.6
40510;1828 United States presidential election;2018-11-13T15:18:05.000000;presidential;261;131;57.6;178;642553;56.0;83;500897;43.6
40510;1828 United States presidential election;2018-12-11T21:00:57.000000;presidential;261;131;57.6;178;642553;56.0;83444;500897;43.6
40510;1828 United States presidential election;2018-12-12T02:23:10.000000;presidential;261;131;57.6;178;642553;56.0;83;500897;43.6
40510;1828 United States presidential election;2019-03-29T00:41:26.000000;judge;261;131;57.6;178;642553;56.0;83;500897;43.6
40510;1828 United States presidential election;2019-03-29T00:42:34.000000;presidential;261;131;57.6;178;642553;56.0;83;500897;43.6
40511;1832 United States presidential election;2007-08-09T07:42:10.000000;presidential;;;;219;701780;54.2;49;484205;37.4
40511;1832 United States presidential election;2008-12-28T08:22:00.000000;presidential;;;;219;701780;54.2;49;484205;37.4
40511;1832 United States presidential election;2009-02-15T13:52:38.000000;presidential;;;;219;701780;54.2;49;484205;37.4
40511;1832 United States presidential election;2009-02-15T14:46:49.000000;presidential;;;;219;701780;54.2;49;484205;37.4
40511;1832 United States presidential election;2009-02-15T18:19:40.000000;presidential;;;;219;701780;54.2;49;484205;37.4
40511;1832 United States presidential election;2009-02-15T19:18:20.000000;presidential;;;;219;701780;54.2;49;484205;37.4
40511;1832 United States presidential election;2009-04-10T15:28:15.000000;presidential;;;;219;701780;54.2;49;484205;37.4
40511;1832 United States presidential election;2009-04-10T23:22:28.000000;presidential;;;;219;701780;54.2;49;484205;37.4
40511;1832 United States presidential election;2009-06-16T19:46:50.000000;presidential;;;;219;701780;54.2;49;484205;37.4
40511;1832 United States presidential election;2009-06-17T20:19:18.000000;presidential;;;;219;701780;54.2;49;484205;37.4
40511;1832 United States presidential election;2011-08-09T00:00:07.000000;presidential;;;;219;701780;54.2;49;484205;37.4
40511;1832 United States presidential election;2013-06-14T14:47:40.000000;presidential;286;144;;219;701780;54.2;49;484205;37.4
40511;1832 United States presidential election;2013-09-06T10:58:05.000000;presidential;286;144;;219;701780;54.74;49;484205;36.93
40511;1832 United States presidential election;2013-09-06T17:41:18.000000;presidential;286;144;;219;701780;54.7;49;484205;36.9
40511;1832 United States presidential election;2013-12-17T18:10:00.000000;presidential;286;144;55.4;219;701780;54.7;49;484205;36.9
40511;1832 United States presidential election;2014-06-30T00:47:16.000000;presidential;286;144;55.4;219;701780;54.7;49;484205;36.9
40511;1832 United States presidential election;2014-09-28T02:43:28.000000;presidential;286;144;55.4;219;701780;54.7;49;484205;36.9
40511;1832 United States presidential election;2015-02-21T05:23:42.000000;presidential;286;144;55.4;219;701780;54.7;49;484205;36.9
40511;1832 United States presidential election;2015-02-27T01:36:58.000000;presidential;286;144;55.4;219;701780;54.2;49;484205;37.4
40511;1832 United States presidential election;2016-11-14T03:14:10.000000;presidential;286;144;55.4;219;701780;54.2;49;484205;37.4
40511;1832 United States presidential election;2016-11-14T07:55:03.000000;presidential;286;144;55.4;219;701780;54.2;49;484205;37.4
40512;1836 United States presidential election;2007-08-09T06:58:23.000000;presidential;;;;170;764176;50.8;73;550816;36.6
40512;1836 United States presidential election;2008-12-28T08:22:34.000000;presidential;;;;170;764176;50.8;73;550816;36.6
40512;1836 United States presidential election;2009-02-15T13:53:11.000000;presidential;;;;170;764176;50.8;73;550816;36.6
40512;1836 United States presidential election;2009-02-15T13:53:19.000000;presidential;;;;170;764176;50.8;73;550816;36.6
40512;1836 United States presidential election;2009-02-15T14:06:37.000000;presidential;;;;170;764176;50.8;73;550816;36.6
40512;1836 United States presidential election;2009-02-15T14:47:33.000000;presidential;;;;170;764176;50.8;73;550816;36.6
40512;1836 United States presidential election;2009-02-15T18:19:59.000000;presidential;;;;170;764176;50.8;73;550816;36.6
40512;1836 United States presidential election;2009-02-15T19:18:49.000000;presidential;;;;170;764176;50.8;73;550816;36.6
40512;1836 United States presidential election;2009-04-10T15:27:58.000000;presidential;;;;170;764176;50.8;73;550816;36.6
40512;1836 United States presidential election;2009-04-10T23:22:47.000000;presidential;;;;170;764176;50.8;73;550816;36.6
40512;1836 United States presidential election;2009-06-16T19:46:24.000000;presidential;;;;170;764176;50.8;73;550816;36.6
40512;1836 United States presidential election;2009-06-17T20:19:17.000000;presidential;;;;170;764176;50.8;73;550816;36.6
40512;1836 United States presidential election;2011-08-09T00:00:44.000000;presidential;;;;170;764176;50.8;73;550816;36.6
40512;1836 United States presidential election;2013-06-14T14:46:39.000000;presidential;294;148;;170;764176;50.8;73;550816;36.6
40512;1836 United States presidential election;2013-09-06T10:39:40.000000;presidential;294;148;;170;764176;50.83;73;550816;36.63
40512;1836 United States presidential election;2013-09-06T17:51:12.000000;presidential;294;148;;170;764176;50.8;73;550816;36.6
40512;1836 United States presidential election;2013-09-06T18:21:03.000000;presidential;294;148;;170;764176;50.83;73;550816;36.63
40512;1836 United States presidential election;2013-12-17T18:11:24.000000;presidential;294;148;57.8;170;764176;50.83;73;550816;36.63
40512;1836 United States presidential election;2014-02-19T02:47:33.000000;presidential election;294;148;57.8;170;764176;50.83;73;550816;36.63
40512;1836 United States presidential election;2014-02-19T10:23:08.000000;presidential;294;148;57.8;170;764176;50.83;73;550816;36.63
40512;1836 United States presidential election;2014-09-28T02:45:00.000000;presidential;294;148;57.8;170;764176;50.83;73;550816;36.63
40512;1836 United States presidential election;2015-03-05T18:05:50.000000;presidential;294;148;57.8;170;764176;50.83;73;550816;36.63
40512;1836 United States presidential election;2016-11-14T03:13:38.000000;presidential;294;148;57.8;170;764176;50.83;73;550816;36.63
40512;1836 United States presidential election;2016-11-14T07:54:13.000000;presidential;294;148;57.8;170;764176;50.83;73;550816;36.63
40512;1836 United States presidential election;2016-11-16T00:00:30.000000;presidential;294;148;57.8;170;764176;50.8;73;550816;36.6
40512;1836 United States presidential election;2018-05-13T17:52:33.000000;presidential;294;148;57.8;170;764176;50.8;73;550816;36.6
40513;1840 United States presidential election;2007-08-09T05:57:54.000000;presidential;;;;234;1275390;52.9;60;1128854;46.8
40513;1840 United States presidential election;2008-12-28T08:24:06.000000;presidential;;;;234;1275390;52.9;60;1128854;46.8
40513;1840 United States presidential election;2009-02-01T15:50:18.000000;presidential;;;;234;1275390;52.9;60;1128854;46.8
40513;1840 United States presidential election;2009-02-01T18:50:52.000000;presidential;;;;234;1275390;52.9;60;1128854;46.8
40513;1840 United States presidential election;2009-02-15T14:07:07.000000;presidential;;;;234;1275390;52.9;60;1128854;46.8
40513;1840 United States presidential election;2009-02-15T14:47:45.000000;presidential;;;;234;1275390;52.9;60;1128854;46.8
40513;1840 United States presidential election;2009-02-15T18:20:27.000000;presidential;;;;234;1275390;52.9;60;1128854;46.8
40513;1840 United States presidential election;2009-02-15T19:19:25.000000;presidential;;;;234;1275390;52.9;60;1128854;46.8
40513;1840 United States presidential election;2009-03-30T22:02:02.000000;Zebra;;;;234;1275390;52.9;60;1128854;46.8
40513;1840 United States presidential election;2009-03-30T22:06:31.000000;presidential;;;;234;1275390;52.9;60;1128854;46.8
40513;1840 United States presidential election;2009-04-10T15:27:38.000000;presidential;;;;234;1275390;52.9;60;1128854;46.8
40513;1840 United States presidential election;2009-04-10T23:23:06.000000;presidential;;;;234;1275390;52.9;60;1128854;46.8
40513;1840 United States presidential election;2009-06-16T17:52:12.000000;presidential;;;;234;1275390;52.9;60;1128854;46.8
40513;1840 United States presidential election;2009-06-17T20:17:49.000000;presidential;;;;234;1275390;52.9;60;1128854;46.8
40513;1840 United States presidential election;2010-02-09T01:07:43.000000;presidential;;;;234;1275390;52.9;60;1128854;46.8
40513;1840 United States presidential election;2010-02-09T01:12:20.000000;presidential;;;;234;1275390;52.9;60;1128854;46.8
40513;1840 United States presidential election;2011-08-09T00:01:23.000000;presidential;;;;234;1275390;52.9;60;1128854;46.8
40513;1840 United States presidential election;2013-06-14T14:45:37.000000;presidential;294;148;;234;1275390;52.9;60;1128854;46.8
40513;1840 United States presidential election;2013-09-06T10:59:42.000000;presidential;294;148;;234;1275390;52.87;60;1128854;46.82
40513;1840 United States presidential election;2013-09-06T17:33:03.000000;presidential;294;148;;234;1275390;52.9;60;1128854;46.8
40513;1840 United States presidential election;2013-12-11T15:30:01.000000;presidential;294;148;;234;1275390;52.9;60;1128854;46.8
40513;1840 United States presidential election;2013-12-11T15:30:39.000000;presidential;294;148;;234;1275390;52.9;60;1128854;46.8
40513;1840 United States presidential election;2013-12-17T18:19:08.000000;presidential;294;148;80.2;234;1275390;52.9;60;1128854;46.8
40513;1840 United States presidential election;2014-02-03T21:09:04.000000;presidential;294;148;80.2;234;1275390;52.9;60;1128854;46.8
40513;1840 United States presidential election;2015-03-05T17:59:54.000000;presidential;294;148;80.2;234;1275390;52.9;60;1128854;46.8
40513;1840 United States presidential election;2016-11-14T03:12:49.000000;presidential;294;148;80.2;234;1275390;52.9;60;1128854;46.8
40513;1840 United States presidential election;2016-11-14T07:53:11.000000;presidential;294;148;80.2;234;1275390;52.9;60;1128854;46.8
40513;1840 United States presidential election;2018-01-18T02:17:30.000000;presidential;294;148;80.2;234;1275390;52.9;60;1128854;46.8
40513;1840 United States presidential election;2019-02-23T00:32:49.000000;presidential;294;148;80.2;234;1275390;52.9;60;1128854;46.8
40514;1844 United States presidential election;2007-08-08T15:35:18.000000;presidential;;;;170;1339494;49.5;105;1300004;48.1
40514;1844 United States presidential election;2008-12-28T08:25:19.000000;presidential;;;;170;1339494;49.5;105;1300004;48.1
40514;1844 United States presidential election;2009-02-01T15:51:00.000000;presidential;;;;170;1339494;49.5;105;1300004;48.1
40514;1844 United States presidential election;2009-02-01T18:52:35.000000;presidential;;;;170;1339494;49.5;105;1300004;48.1
40514;1844 United States presidential election;2009-02-15T14:07:27.000000;presidential;;;;170;1339494;49.5;105;1300004;48.1
40514;1844 United States presidential election;2009-02-15T14:47:57.000000;presidential;;;;170;1339494;49.5;105;1300004;48.1
40514;1844 United States presidential election;2009-02-15T18:21:08.000000;presidential;;;;170;1339494;49.5;105;1300004;48.1
40514;1844 United States presidential election;2009-02-15T19:19:45.000000;presidential;;;;170;1339494;49.5;105;1300004;48.1
40514;1844 United States presidential election;2009-04-10T15:27:20.000000;presidential;;;;170;1339494;49.5;105;1300004;48.1
40514;1844 United States presidential election;2009-04-10T23:23:26.000000;presidential;;;;170;1339494;49.5;105;1300004;48.1
40514;1844 United States presidential election;2009-06-16T17:51:42.000000;presidential;;;;170;1339494;49.5;105;1300004;48.1
40514;1844 United States presidential election;2009-06-17T20:17:48.000000;presidential;;;;170;1339494;49.5;105;1300004;48.1
40514;1844 United States presidential election;2011-01-20T02:12:06.000000;presidential;;;;170;1339494;49.5;105;1300004;48.1
40514;1844 United States presidential election;2011-01-20T02:12:13.000000;presidential;;;;170;1339494;49.5;105;1300004;48.1
40514;1844 United States presidential election;2011-08-09T00:01:54.000000;presidential;;;;170;1339494;49.5;105;1300004;48.1
40514;1844 United States presidential election;2012-04-01T17:20:03.000000;presidential;;;;170;1339494;49.5;105;1300004;48.1
40514;1844 United States presidential election;2013-05-07T17:55:52.000000;gaysidential;;;;170;1339494;49.5;105;1300004;48.1
40514;1844 United States presidential election;2013-05-07T17:56:01.000000;presidential;;;;170;1339494;49.5;105;1300004;48.1
40514;1844 United States presidential election;2013-06-14T14:44:10.000000;presidential;275;138;;170;1339494;49.5;105;1300004;48.1
40514;1844 United States presidential election;2013-09-06T11:00:13.000000;presidential;275;138;;170;1339494;49.54;105;1300004;48.09
40514;1844 United States presidential election;2013-09-06T17:31:57.000000;presidential;275;138;;170;1339494;49.5;105;1300004;48.1
40514;1844 United States presidential election;2013-12-17T23:57:48.000000;presidential;275;138;78.9;170;1339494;49.5;105;1300004;48.1
40514;1844 United States presidential election;2014-01-02T22:34:02.000000;presidential;275;138;78.9;170;1339494;49.5;105;1300004;48.1
40514;1844 United States presidential election;2014-02-09T21:24:48.000000;presidential;275;138;78.9;170;1339494;49.5;105;1300004;48.1
40514;1844 United States presidential election;2014-02-26T22:48:21.000000;presidential;275;138;78.9;170;1339494;49.5;105;1300004;48.1
40514;1844 United States presidential election;2014-02-26T22:48:26.000000;presidential;275;138;78.9;170;1339494;49.5;105;1300004;48.1
40514;1844 United States presidential election;2014-09-28T02:35:47.000000;presidential;275;138;78.9;170;1339494;49.5;105;1300004;48.1
40514;1844 United States presidential election;2015-02-17T17:34:26.000000;presidential;275;138;78.9;170;1339494;49.5;105;1300004;48.1
40514;1844 United States presidential election;2016-11-14T03:11:58.000000;presidential;275;138;78.9;170;1339494;49.5;105;1300004;48.1
40514;1844 United States presidential election;2016-11-14T07:52:21.000000;presidential;275;138;78.9;170;1339494;49.5;105;1300004;48.1
40515;1848 United States presidential election;2007-08-08T15:11:19.000000;presidential;;;;163;1361393;47.3;127;1223460;42.5
40515;1848 United States presidential election;2008-12-28T08:25:55.000000;presidential;;;;163;1361393;47.3;127;1223460;42.5
40515;1848 United States presidential election;2009-01-14T00:33:18.000000;presidential;;;;163;1361393;47.3;127;78;42.5
40515;1848 United States presidential election;2009-01-14T00:33:41.000000;presidential;;;;163;1361393;47.3;127;1223460;42.5
40515;1848 United States presidential election;2009-02-01T15:53:51.000000;presidential;;;;163;1361393;47.3;127;1223460;42.5
40515;1848 United States presidential election;2009-02-01T18:53:01.000000;presidential;;;;163;1361393;47.3;127;1223460;42.5
40515;1848 United States presidential election;2009-02-15T14:07:46.000000;presidential;;;;163;1361393;47.3;127;1223460;42.5
40515;1848 United States presidential election;2009-02-15T14:48:17.000000;presidential;;;;163;1361393;47.3;127;1223460;42.5
40515;1848 United States presidential election;2009-02-15T18:21:27.000000;presidential;;;;163;1361393;47.3;127;1223460;42.5
40515;1848 United States presidential election;2009-02-15T19:20:04.000000;presidential;;;;163;1361393;47.3;127;1223460;42.5
40515;1848 United States presidential election;2009-04-10T15:27:01.000000;presidential;;;;163;1361393;47.3;127;1223460;42.5
40515;1848 United States presidential election;2009-04-10T23:23:48.000000;presidential;;;;163;1361393;47.3;127;1223460;42.5
40515;1848 United States presidential election;2009-06-16T17:51:08.000000;presidential;;;;163;1361393;47.3;127;1223460;42.5
40515;1848 United States presidential election;2009-06-17T20:17:47.000000;presidential;;;;163;1361393;47.3;127;1223460;42.5
40515;1848 United States presidential election;2011-04-30T23:58:32.000000;presidential;;;;163;1361393;47.3;127;1223460;42.5
40515;1848 United States presidential election;2011-08-09T00:02:39.000000;presidential;;;;163;1361393;47.3;127;1223460;42.5
40515;1848 United States presidential election;2013-06-14T14:43:10.000000;presidential;290;145;;163;1361393;47.3;127;1223460;42.5
40515;1848 United States presidential election;2013-09-06T11:00:51.000000;presidential;290;145;;163;1361393;47.28;127;1223460;42.49
40515;1848 United States presidential election;2013-09-06T17:31:17.000000;presidential;290;145;;163;1361393;47.3;127;1223460;42.5
40515;1848 United States presidential election;2014-09-28T02:53:43.000000;presidential;290;145;72.7;163;1361393;47.3;127;1223460;42.5
40515;1848 United States presidential election;2015-10-16T16:46:38.000000;presidential;290;146;72.7;163;1361393;47.3;127;1223460;42.5
40515;1848 United States presidential election;2016-09-16T15:05:24.000000;presidential;290;146;72.7;163;136139314142;47.3;127;1223460;42.5
40515;1848 United States presidential election;2016-09-16T20:42:03.000000;presidential;290;146;72.7;163;1361393;47.3;127;1223460;42.5
40515;1848 United States presidential election;2016-11-14T03:11:15.000000;presidential;290;146;72.7;163;1361393;47.3;127;1223460;42.5
40515;1848 United States presidential election;2016-11-14T07:46:37.000000;presidential;290;146;72.7;163;1361393;47.3;127;1223460;42.5
40515;1848 United States presidential election;2017-01-01T15:45:51.000000;presidential;290;146;72.7;163;1652894;47.3;127;1223460;42.5
40515;1848 United States presidential election;2017-01-01T15:47:46.000000;presidential;290;146;72.7;163;1652894;57.4;127;1223460;42.5
40515;1848 United States presidential election;2017-01-01T16:11:57.000000;presidential;290;146;72.7;163;1361393;47.3;127;1223460;42.5
40516;1852 United States presidential election;2007-08-08T14:15:46.000000;presidential;;;;254;1607510;50.8;42;1386942;43.9
40516;1852 United States presidential election;2008-09-10T23:44:04.000000;presidential;;;;254;1607510;50.8;42;1386942;43.9
40516;1852 United States presidential election;2008-12-28T08:26:35.000000;presidential;;;;254;1607510;50.8;42;1386942;43.9
40516;1852 United States presidential election;2009-02-01T15:55:05.000000;presidential;;;;254;1607510;50.8;42;1386942;43.9
40516;1852 United States presidential election;2009-02-01T18:53:37.000000;presidential;;;;254;1607510;50.8;42;1386942;43.9
40516;1852 United States presidential election;2009-02-15T14:08:04.000000;presidential;;;;254;1607510;50.8;42;1386942;43.9
40516;1852 United States presidential election;2009-02-15T14:48:27.000000;presidential;;;;254;1607510;50.8;42;1386942;43.9
40516;1852 United States presidential election;2009-02-15T18:21:43.000000;presidential;;;;254;1607510;50.8;42;1386942;43.9
40516;1852 United States presidential election;2009-02-15T19:22:13.000000;presidential;;;;254;1607510;50.8;42;1386942;43.9
40516;1852 United States presidential election;2009-04-10T15:26:34.000000;presidential;;;;254;1607510;50.8;42;1386942;43.9
40516;1852 United States presidential election;2009-06-16T17:48:10.000000;presidential;;;;254;1607510;50.8;42;1386942;43.9
40516;1852 United States presidential election;2009-06-17T20:19:31.000000;presidential;;;;254;1607510;50.8;42;1386942;43.9
40516;1852 United States presidential election;2009-06-17T20:34:19.000000;presidential;;;;254;1607510;50.8;42;1386942;43.9
40516;1852 United States presidential election;2011-06-19T00:58:52.000000;presidential;;;;254;1607510;50.8;42;1386942;43.9
40516;1852 United States presidential election;2013-06-14T14:41:58.000000;presidential;296;149;;254;1607510;50.8;42;1386942;43.9
40516;1852 United States presidential election;2013-09-06T11:01:42.000000;presidential;296;149;;254;1607510;50.83;42;1386942;43.88
40516;1852 United States presidential election;2013-09-06T17:31:20.000000;presidential;296;149;;254;1607510;50.8;42;1386942;43.9
40516;1852 United States presidential election;2014-09-28T02:58:43.000000;presidential;296;149;69.6;254;1607510;50.8;42;1386942;43.9
40516;1852 United States presidential election;2015-12-07T14:04:38.000000;Blue;296;149;69.6;254;1607510;50.8;42;1386942;43.9
40516;1852 United States presidential election;2015-12-07T16:09:33.000000;presidential;296;149;69.6;254;1607510;50.8;42;1386942;43.9
40516;1852 United States presidential election;2016-11-14T03:10:33.000000;presidential;296;149;69.6;254;1607510;50.8;42;1386942;43.9
40516;1852 United States presidential election;2016-11-14T07:45:50.000000;presidential;296;149;69.6;254;1607510;50.8;42;1386942;43.9
40516;1852 United States presidential election;2018-09-12T01:43:46.000000;presidential;296;149;69.6;254;1607510;50.8;42;1386942;43.9
40517;1856 United States presidential election;2007-08-08T13:34:47.000000;presidential;;;;174;1836072;45.3;114;1342345;33.1
40517;1856 United States presidential election;2008-02-12T16:11:00.000000;hi;;;;174;1836072;45.3;114;1342345;33.1
40517;1856 United States presidential election;2008-02-12T16:22:36.000000;presidential;;;;174;1836072;45.3;114;1342345;33.1
40517;1856 United States presidential election;2008-10-25T16:43:27.000000;presidential;;;;174;1836072;45.3;114;1342345;33.1
40517;1856 United States presidential election;2008-12-30T13:29:01.000000;presidential;;;;174;1836072;45.3;114;1342345;33.1
40517;1856 United States presidential election;2009-02-01T15:56:07.000000;presidential;;;;174;1836072;45.3;114;1342345;33.1
40517;1856 United States presidential election;2009-02-01T18:54:01.000000;presidential;;;;174;1836072;45.3;114;1342345;33.1
40517;1856 United States presidential election;2009-02-15T14:08:24.000000;presidential;;;;174;1836072;45.3;114;1342345;33.1
40517;1856 United States presidential election;2009-02-15T14:48:37.000000;presidential;;;;174;1836072;45.3;114;1342345;33.1
40517;1856 United States presidential election;2009-02-15T18:22:01.000000;presidential;;;;174;1836072;45.3;114;1342345;33.1
40517;1856 United States presidential election;2009-02-15T19:22:44.000000;presidential;;;;174;1836072;45.3;114;1342345;33.1
40517;1856 United States presidential election;2009-04-09T08:04:40.000000;presidential;;;;174;1836072;45.3;114;1342345;33.1
40517;1856 United States presidential election;2009-04-09T15:06:06.000000;presidential;;;;174;1836072;45.3;114;1342345;33.1
40517;1856 United States presidential election;2009-04-10T15:26:17.000000;presidential;;;;174;1836072;45.3;114;1342345;33.1
40517;1856 United States presidential election;2009-06-16T17:48:29.000000;presidential;;;;174;1836072;45.3;114;1342345;33.1
40517;1856 United States presidential election;2009-06-17T20:35:54.000000;presidential;;;;174;1836072;45.3;114;1342345;33.1
40517;1856 United States presidential election;2009-06-17T20:36:20.000000;presidential;;;;174;1836072;45.3;114;1342345;33.1
40517;1856 United States presidential election;2011-08-09T00:03:21.000000;presidential;;;;174;1836072;45.3;114;1342345;33.1
40517;1856 United States presidential election;2012-01-25T03:17:43.000000;presidential;;;;5000;;45.3;200;200;33.1
40517;1856 United States presidential election;2012-01-25T03:32:07.000000;presidential;;;;174;1836072;45.3;114;1342345;33.1
40517;1856 United States presidential election;2013-01-22T14:08:27.000000;presidential;;;;174;1836072;45.3;114;1342345;33.1
40517;1856 United States presidential election;2013-06-14T14:41:11.000000;presidential;296;149;;174;1836072;45.3;114;1342345;33.1
40517;1856 United States presidential election;2013-09-06T11:02:37.000000;presidential;296;149;;174;1836072;45.29;114;1342345;33.09
40517;1856 United States presidential election;2013-09-06T17:30:57.000000;presidential;296;149;;174;1836072;45.3;114;1342345;33.1
40517;1856 United States presidential election;2014-09-28T03:00:42.000000;presidential;296;149;78.9;174;1836072;45.3;114;1342345;33.1
40517;1856 United States presidential election;2016-11-14T03:09:57.000000;presidential;296;149;78.9;174;1836072;45.3;114;1342345;33.1
40517;1856 United States presidential election;2016-11-14T07:43:51.000000;presidential;296;149;78.9;174;1836072;45.3;114;1342345;33.1
40517;1856 United States presidential election;2016-12-22T02:27:36.000000;presidential;538;270;55.3;304;62979636;45.95;227;65844610;48.05
40517;1856 United States presidential election;2017-09-26T15:31:58.000000;presidential porn;538;270;55.3;304;62979636;45.95;227;65844610;48.05
40517;1856 United States presidential election;2017-09-26T15:32:03.000000;presidential;538;270;55.3;304;62979636;45.95;227;65844610;48.05
40517;1856 United States presidential election;2017-09-26T15:33:29.000000;presidential pornhub;538;270;55.3;304;62979636;45.95;227;65844610;48.05
40517;1856 United States presidential election;2017-09-26T15:35:57.000000;presidential;538;270;55.3;304;62979636;45.95;227;65844610;48.05
40519;1860 United States presidential election;2007-08-08T10:33:29.000000;presidential;;;;180;1865908;39.8;72;848019;18.1
40519;1860 United States presidential election;2007-09-28T04:03:30.000000;presidential;;;;180;1865908;39.8;72;848019;18.1
40519;1860 United States presidential election;2007-11-19T14:50:09.000000;presidential;;;;180;1865908;39.8;72;848019;18.1
40519;1860 United States presidential election;2007-11-19T19:24:48.000000;presidential;;;;180;1865908;39.8;72;848019;18.1
40519;1860 United States presidential election;2007-12-12T18:11:26.000000;presidential;;;;180;1865593;39.8;72;848356;18.1
40519;1860 United States presidential election;2008-01-09T22:33:55.000000;presidential;;;;180;1865593;39.8;72;848356;18.1
40519;1860 United States presidential election;2008-01-21T00:40:51.000000;presidential;;;;180;1865908;39.8;72;848019;18.1
40519;1860 United States presidential election;2008-03-10T20:19:34.000000;presidential;;;;180;1865908;39.8;72;848019;18.1
40519;1860 United States presidential election;2008-03-22T15:23:07.000000;presidential;;;;180;1865908;39.8;72;848019;18.1
40519;1860 United States presidential election;2008-03-26T17:29:39.000000;presidential;;;;180;1865908;39.8;72;848019;18.1
40519;1860 United States presidential election;2008-04-11T01:31:33.000000;presidential;;;;180;1865908;39.9;72;848019;18.1
40519;1860 United States presidential election;2008-04-11T01:33:52.000000;presidential;;;;180;1865908;39.8;72;848019;18.1
40519;1860 United States presidential election;2008-04-11T01:35:25.000000;presidential;;;;180;1865908;39.9;72;848019;18.1
40519;1860 United States presidential election;2008-04-11T01:37:52.000000;presidential;;;;180;1865908;39.8;72;848019;18.1
40519;1860 United States presidential election;2008-04-23T20:34:07.000000;presidential;;;;180;1865908;39.8;72;848019;18.1
40519;1860 United States presidential election;2008-04-24T04:26:45.000000;presidential;;;;180;1865908;39.8;72;848019;18.1
40519;1860 United States presidential election;2008-05-12T16:54:42.000000;presidential;;;;180;1865908;39.8;72;848019;18.1
40519;1860 United States presidential election;2008-05-12T17:00:55.000000;presidential;;;;180;1865908;39.8;72;848019;18.1
40519;1860 United States presidential election;2008-05-12T22:03:39.000000;presidential;;;;180;1865908;39.8;72;848019;18.1
40519;1860 United States presidential election;2008-05-12T22:03:43.000000;presidential;;;;180;1865908;39.8;72;848019;18.1
40519;1860 United States presidential election;2008-05-14T16:11:38.000000;presidential;;;;180;1865908;39.8;72;848019;18.1
40519;1860 United States presidential election;2008-08-22T01:11:31.000000;presidential;;;;180;1865908;39.8;72;848019;18.1
40519;1860 United States presidential election;2008-08-26T19:50:24.000000;presidential;;;;180;1865908;39.8;72;848019;18.1
40519;1860 United States presidential election;2008-10-13T13:39:05.000000;presidential;;;;180;1865908;39.8;72;848019;18.1
40519;1860 United States presidential election;2008-10-13T13:41:39.000000;presidential;;;;180;1865908;39.8;72;848019;18.1
40519;1860 United States presidential election;2008-10-13T13:45:09.000000;presidential;;;;180;1865908;39.8;72;848019;18.1
40519;1860 United States presidential election;2008-10-28T01:38:22.000000;presidential fuck;;;;180;1865908;39.8;72;848019;18.1
40519;1860 United States presidential election;2008-10-28T01:39:30.000000;presidential;;;;180;1865908;39.8;72;848019;18.1
40519;1860 United States presidential election;2008-10-28T16:23:10.000000;presidential;;;;180;1865908;39.8;72;848019;18.1
40519;1860 United States presidential election;2008-11-11T01:26:23.000000;presidentiap;;;;180;1865908;39.8;72;848019;18.1
40519;1860 United States presidential election;2008-11-11T14:20:15.000000;presidential;;;;180;1865908;39.8;72;848019;18.1
40519;1860 United States presidential election;2008-11-24T13:19:39.000000;porno;;;;180;1865908;39.8;72;848019;18.1
40519;1860 United States presidential election;2008-11-24T13:20:04.000000;presidential;;;;180;1865908;39.8;72;848019;18.1
40519;1860 United States presidential election;2008-12-02T00:09:38.000000;presidential;;;;180;0;39.8;72;848019;18.1
40519;1860 United States presidential election;2008-12-02T00:19:34.000000;presidential;;;;180;1865908;39.8;72;848019;18.1
40519;1860 United States presidential election;2008-12-12T03:14:50.000000;presidential;;;;180;1865908;39.8;72;848019;18.1
40519;1860 United States presidential election;2008-12-31T14:05:16.000000;presidential;;;;180;1865908;39.8;72;848019;18.1
40519;1860 United States presidential election;2009-02-01T15:59:21.000000;presidential;;;;180;1865908;39.8;72;848019;18.1
40519;1860 United States presidential election;2009-02-01T18:54:19.000000;presidential;;;;180;1865908;39.8;72;848019;18.1
40519;1860 United States presidential election;2009-02-05T03:39:53.000000;presidential;;;;180;1865908;39.8;72;848019;18.1
40519;1860 United States presidential election;2009-02-15T14:08:49.000000;presidential;;;;180;1865908;39.8;72;848019;18.1
40519;1860 United States presidential election;2009-02-15T14:49:25.000000;presidential;;;;180;1865908;39.8;72;848019;18.1
40519;1860 United States presidential election;2009-02-15T18:22:24.000000;presidential;;;;180;1865908;39.8;72;848019;18.1
40519;1860 United States presidential election;2009-02-15T19:24:37.000000;presidential;;;;180;1865908;39.8;72;848019;18.1
40519;1860 United States presidential election;2009-03-19T23:15:25.000000;presidential;;;;180;1865908;39.8;72;848019;18.1
40519;1860 United States presidential election;2009-04-09T08:05:05.000000;presidential;;;;180;1865908;39.8;72;848019;18.1
40519;1860 United States presidential election;2009-04-09T14:42:26.000000;presidential;;;;180;1865908;39.8;72;848019;18.1
40519;1860 United States presidential election;2009-04-10T15:25:58.000000;presidential;;;;180;1865908;39.8;72;848019;18.1
40519;1860 United States presidential election;2009-04-10T16:03:19.000000;presidential;;;;180;1865908;39.8;72;848019;18.1
40519;1860 United States presidential election;2009-05-07T15:32:04.000000;presidential;;;;180;1865908;39.8;72;848019;18.1
40519;1860 United States presidential election;2009-05-07T15:32:50.000000;presidential;;;;180;1865908;39.8;72;848019;18.1
40519;1860 United States presidential election;2009-05-12T10:55:47.000000;presidential;;;;180;1865908;39.8;72;848019;18.1
40519;1860 United States presidential election;2009-05-12T11:49:04.000000;presidential;;;;180;1865908;39.8;72;848019;18.1
40519;1860 United States presidential election;2009-06-16T17:47:27.000000;presidential;;;;180;1865908;39.8;72;848019;18.1
40519;1860 United States presidential election;2009-06-17T20:37:20.000000;presidential;;;;180;1865908;39.8;72;848019;18.1
40519;1860 United States presidential election;2009-06-17T20:37:50.000000;presidential;;;;180;1865908;39.8;72;848019;18.1
40519;1860 United States presidential election;2010-02-16T17:29:33.000000;presidential;;;;180;1865908;39.8;72;848019;18.1
40519;1860 United States presidential election;2010-02-16T17:29:48.000000;presidential;;;;180;1865908;39.8;72;848019;18.1
40519;1860 United States presidential election;2010-02-17T17:00:37.000000;presidential;;;;-67;1865908;39.8;6;666;18.1
40519;1860 United States presidential election;2010-02-17T17:20:27.000000;presidential;;;;180;1865908;39.8;72;848019;18.1
40519;1860 United States presidential election;2010-04-19T15:26:48.000000;presidential;;;;180;;39.8;72;848019;18.1
40519;1860 United States presidential election;2010-04-19T15:27:50.000000;presidential;;;;180;;100.0;72;848019;18.1
40519;1860 United States presidential election;2010-04-19T15:35:10.000000;presidential;;;;180;1865908;39.8;72;848019;18.1
40519;1860 United States presidential election;2010-04-26T20:18:45.000000;presidential;;;;180;1865908;39.8;72;848019;18.1
40519;1860 United States presidential election;2010-04-26T20:18:50.000000;presidential;;;;180;1865908;39.8;72;848019;18.1
40519;1860 United States presidential election;2010-04-29T15:44:18.000000;presidential sex;;;;180;1865908;39.8;72;848019;18.1
40519;1860 United States presidential election;2010-04-29T15:45:10.000000;presidential;;;;180;1865908;39.8;72;848019;18.1
40519;1860 United States presidential election;2010-06-04T21:56:55.000000;presidential;;;;180;1865908;39.8;72;848019;18.1
40519;1860 United States presidential election;2010-06-04T22:02:31.000000;presidential;;;;180;1865908;39.8;72;848019;18.1
40519;1860 United States presidential election;2010-06-04T22:03:34.000000;presidential;;;;180;1865908;39.8;72;848019;18.1
40519;1860 United States presidential election;2010-09-15T23:27:23.000000;presidential;;;;180;1865908;39.8;72;848019;18.1
40519;1860 United States presidential election;2010-09-22T07:29:44.000000;presidential;;;;180;1865908;39.8;72;848019;18.1
40519;1860 United States presidential election;2010-10-26T13:08:07.000000;presidential;;;;180;1865908;39.8;72;848019;18.1
40519;1860 United States presidential election;2010-11-01T01:51:13.000000;presidential;;;;180;1865908;39.8;69;848019;18.1
40519;1860 United States presidential election;2010-11-01T02:20:56.000000;presidential;;;;180;1865908;39.8;72;848019;18.1
40519;1860 United States presidential election;2010-11-03T13:33:55.000000;presidential;;;;666;;39.8;72;848019;18.1
40519;1860 United States presidential election;2010-11-03T13:36:04.000000;presidential;;;;180;1865908;39.8;72;848019;18.1
40519;1860 United States presidential election;2010-12-05T23:38:34.000000;presidential;;;;180;1865908;39.8;72;848019;18.1
40519;1860 United States presidential election;2011-02-09T23:45:26.000000;presidential;;;;180;1865908;39.8;72;848019;18.1
40519;1860 United States presidential election;2011-02-09T23:46:00.000000;presidential;;;;180;1865908;39.8;72;848019;18.1
40519;1860 United States presidential election;2011-02-19T02:13:14.000000;presidential;;;;180;1865908;39.8;12;1380201;29.5
40519;1860 United States presidential election;2011-04-05T18:05:54.000000;presidential;;;;180;1865908;39.8;72;848019;18.1
40519;1860 United States presidential election;2011-04-05T21:51:43.000000;presidential;;;;180;1865908;39.8;12;1380201;29.5
40519;1860 United States presidential election;2011-07-10T16:13:43.000000;presidential;;;;180;1865908;39.8;72;848019;18.1
40519;1860 United States presidential election;2011-08-08T23:51:00.000000;presidential;;;;180;1865908;39.8;72;848019;18.1
40519;1860 United States presidential election;2012-03-16T21:50:27.000000;presidential;;;;180;1865908;39.8;72;669148;14.3
40519;1860 United States presidential election;2012-03-28T20:21:38.000000;presidential;;;;76;1865908;39.8;72;669148;14.3
40519;1860 United States presidential election;2012-03-28T20:32:33.000000;presidential;;;;180;1865908;39.8;72;669148;14.3
40519;1860 United States presidential election;2012-10-19T15:28:36.000000;presidential;;;;180;1865908;39.8;12;1380202;29.5
40519;1860 United States presidential election;2012-10-24T21:39:10.000000;presidential;;;;180;1865908;39.8;12;1380202;29.5
40519;1860 United States presidential election;2012-11-08T06:27:54.000000;presidential;;;;180;1865908;39.8;12;1380202;29.5
40519;1860 United States presidential election;2012-11-19T01:31:13.000000;presidential,sdFGEHYRTHGSDFGDSBSDFHHRGHSDFBG;;;;180;1865908;39.8;12;1380202;29.5
40519;1860 United States presidential election;2012-11-19T02:52:33.000000;presidential;;;;180;1865908;39.8;12;1380202;29.5
40519;1860 United States presidential election;2013-04-23T20:43:34.000000;presidential;;;;180;1865908;39.8;12;1380202;29.5
40519;1860 United States presidential election;2013-06-14T14:38:58.000000;presidential;303;152;;180;1865908;39.8;12;1380202;29.5
40519;1860 United States presidential election;2013-07-15T21:06:35.000000;presidential;303;152;;180;1865908;39.8;12;1380202;29.5
40519;1860 United States presidential election;2013-07-16T16:57:08.000000;presidential;303;152;;180;1865908;39.8;12;1380202;29.5
40519;1860 United States presidential election;2013-08-13T14:04:28.000000;presidential;303;152;;180;1865908;39.8;12;1380202;29.5
40519;1860 United States presidential election;2013-08-14T00:01:23.000000;presidential;303;152;;180;1865908;39.8;12;1380202;29.5
40519;1860 United States presidential election;2013-09-06T11:03:51.000000;presidential;303;152;;180;1865908;39.65;12;1380202;29.5
40519;1860 United States presidential election;2013-09-06T17:29:42.000000;presidential;303;152;;180;1865908;39.7;12;1380202;29.5
40519;1860 United States presidential election;2013-11-06T22:30:39.000000;presidential;303;152;;180;1865908;39.7;12;1380202;29.5
40519;1860 United States presidential election;2013-11-06T22:31:03.000000;presidential;303;152;;180;1865908;39.7;12;1380202;29.5
40519;1860 United States presidential election;2014-02-03T23:11:31.000000;presidential;303;152;81.2;180;1865908;39.7;12;1380202;29.5
40519;1860 United States presidential election;2014-03-24T02:13:39.000000;presidential;303;152;81.2;180;1865908;39.7;12;1380202;29.5
40519;1860 United States presidential election;2014-04-25T14:41:39.000000;presidential;303;152;81.2;180;1865908;39.7;12;1380202;29.5
40519;1860 United States presidential election;2014-04-25T14:42:37.000000;presidential;303;152;81.2;180;1865908;39.7;12;1380202;29.5
40519;1860 United States presidential election;2014-04-25T14:46:02.000000;presidential;303;152;81.2;180;1865908;39.7;12;1380202;29.5
40519;1860 United States presidential election;2014-06-07T15:00:24.000000;prime minister;303;152;81.2;180;1865908;39.7;12;1380202;29.5
40519;1860 United States presidential election;2014-06-07T15:01:56.000000;presidential;303;152;81.2;180;1865908;39.7;12;1380202;29.5
40519;1860 United States presidential election;2014-09-28T03:02:38.000000;presidential;303;152;81.2;180;1865908;39.7;12;1380202;29.5
40519;1860 United States presidential election;2014-10-08T00:17:11.000000;presidential;303;152;81.2;180;1865908;39.7;12;1380202;29.5
40519;1860 United States presidential election;2014-10-08T00:44:12.000000;presidential;303;152;81.2;180;1865908;39.7;12;1380202;29.5
40519;1860 United States presidential election;2014-10-08T01:43:57.000000;presidential;303;152;81.2;180;1865908;39.7;12;1380202;29.5
40519;1860 United States presidential election;2014-11-06T00:18:08.000000;presidential;303;152;81.2;180;1865908;39.7;12;1380202;29.5
40519;1860 United States presidential election;2014-11-06T00:18:28.000000;presidential;303;152;81.2;180;1865908;39.7;12;1380202;29.5
40519;1860 United States presidential election;2015-02-18T02:08:59.000000;Derp;303;152;81.2;180;1865908;39.7;12;1380202;29.5
40519;1860 United States presidential election;2015-02-18T02:09:36.000000;presidential;303;152;81.2;180;1865908;39.7;12;1380202;29.5
40519;1860 United States presidential election;2015-04-16T19:23:34.000000;presidential;303;152;81.2;180;1865908;39.7;12;1380202;29.5
40519;1860 United States presidential election;2015-04-16T21:55:03.000000;presidential;303;152;81.2;180;1865908;39.7;72;848019;18.2
40519;1860 United States presidential election;2015-04-20T17:14:40.000000;presidential;303;152;81.2;180;1865908;56.5;72;848019;18.2
40519;1860 United States presidential election;2015-04-20T17:18:29.000000;presidential;303;152;81.2;180;1865908;56.5;72;848019;25.7
40519;1860 United States presidential election;2015-04-20T17:26:34.000000;presidential;303;152;81.2;180;1865908;39.8;72;848019;18.1
40519;1860 United States presidential election;2015-04-21T16:43:25.000000;presidential;303;152;81.2;180;1865908;39.7;72;848019;18.2
40519;1860 United States presidential election;2015-04-22T17:40:26.000000;presidential;303;152;81.2;180;1865908;39.7;72;848019;18.2
40519;1860 United States presidential election;2015-04-22T17:43:02.000000;presidential;303;152;81.2;180;1865908;39.7;72;848019;18.2
40519;1860 United States presidential election;2015-04-27T20:24:53.000000;presidential;303;152;81.2;180;1865908;39.7;12;1380202;29.5
40519;1860 United States presidential election;2015-04-28T16:05:01.000000;presidential;303;152;81.2;180;1865908;39.7;12;1380202;29.5
40519;1860 United States presidential election;2015-04-28T16:07:51.000000;presidential;303;152;81.2;180;1865908;39.7;12;1380202;29.5
40519;1860 United States presidential election;2015-04-29T00:04:06.000000;presidential;303;152;81.2;180;1865908;39.7;72;848019;18.2
40519;1860 United States presidential election;2015-05-12T16:51:19.000000;presidential;303;152;81.2;180;1865908;39.7;72;848019;18.2
40519;1860 United States presidential election;2015-05-12T16:56:45.000000;presidential;303;152;81.2;180;1865908;39.7;72;848019;18.2
40519;1860 United States presidential election;2015-05-12T17:00:50.000000;presidential;303;152;81.2;180;1865908;39.7;72;848019;18.2
40519;1860 United States presidential election;2015-05-12T17:03:28.000000;presidential;303;152;81.2;180;1865908;39.7;72;848019;18.2
40519;1860 United States presidential election;2015-05-12T17:04:48.000000;presidential;303;152;81.2;180;1865908;39.7;72;848019;18.2
40519;1860 United States presidential election;2015-05-20T13:33:03.000000;presidentidwweal,sdjfjdfhsjfedfongoing = no;303;152;81.2;180;1865908;39.7;72;848019;18.2
40519;1860 United States presidential election;2015-05-20T13:33:07.000000;presidential;303;152;81.2;180;1865908;39.7;72;848019;18.2
40519;1860 United States presidential election;2015-05-20T13:34:22.000000;presidential;303;152;81.2;180;1865908;39.7;72;848019;18.2
40519;1860 United States presidential election;2015-05-20T13:36:14.000000;presidential;303;152;81.2;180;1865908;39.7;72;848019;18.2
40519;1860 United States presidential election;2015-08-20T17:50:31.000000;presidential;303;152;81.2;180;1865908;39.7;12;1380202;18.2
40519;1860 United States presidential election;2015-08-21T03:56:12.000000;presidential;303;152;81.2;180;1865908;39.7;12;1380202;29.5
40519;1860 United States presidential election;2015-09-11T06:15:18.000000;stupid;303;152;81.2;180;1865908;39.7;12;1380202;29.5
40519;1860 United States presidential election;2015-09-11T06:16:26.000000;STUPID!!!!!!!!!;303;152;81.2;180;1865908;39.7;12;1380202;29.5
40519;1860 United States presidential election;2015-09-11T06:16:31.000000;presidential;303;152;81.2;180;1865908;39.7;12;1380202;29.5
40519;1860 United States presidential election;2015-09-16T03:42:42.000000;presidential;303;152;81.2;180;1865908;39.7;72;848019;18.2
40519;1860 United States presidential election;2015-12-14T23:18:15.000000;presidential;303;152;81.2;180;1865908;39.8;72;848019;18.1
40519;1860 United States presidential election;2016-11-14T03:08:57.000000;presidential;303;152;81.2;180;1865908;39.8;72;848019;18.1
40519;1860 United States presidential election;2016-11-14T07:40:29.000000;presidential;303;152;81.2;180;1865908;39.8;72;848019;18.1
40519;1860 United States presidential election;2016-11-17T14:51:02.000000;pimp;303;152;81.2;180;1865908;39.8;72;848019;18.1
40519;1860 United States presidential election;2016-11-17T14:55:13.000000;presidential;303;152;81.2;180;1865908;39.8;72;848019;18.1
40519;1860 United States presidential election;2017-01-13T18:12:39.000000;presidential;303;152;81.2;180;1865908;39.8;72;848019;18.1
40519;1860 United States presidential election;2017-01-13T18:12:44.000000;presidential;303;152;81.2;180;1865908;39.8;72;848019;18.1
40519;1860 United States presidential election;2017-01-13T18:14:33.000000;presidential;303;152;81.2;180;1865908;39.8;72;848019;18.1
40519;1860 United States presidential election;2017-03-03T14:59:25.000000;presidential;303;152;81.2;180;1865908;39.8;72;848019;76.9
40519;1860 United States presidential election;2017-03-03T15:54:49.000000;presidential;303;152;81.2;180;1865908;39.8;72;848019;18.1
40519;1860 United States presidential election;2017-04-03T19:46:35.000000;presidential;303;152;81.2;180;1865908;39.8;72;848019;18.1
40519;1860 United States presidential election;2017-10-09T00:55:28.000000;presidential;303;152;81.2;180;1865908;39.8;72;848019;18.1
40519;1860 United States presidential election;2017-10-15T13:21:52.000000;presidential;303;152;81.2;180;1865908;51.6;72;848019;18.1
40519;1860 United States presidential election;2017-10-15T13:23:05.000000;presidential;303;152;81.2;180;1865908;99.6;72;848019;18.1
40519;1860 United States presidential election;2017-10-15T15:01:12.000000;presidential;303;152;81.2;180;1865908;39.8;72;848019;18.1
40519;1860 United States presidential election;2019-01-25T16:06:09.000000;presidential;303;152;81.2;180;1865908;39.8;72;848019;18.1
40519;1860 United States presidential election;2019-02-19T19:03:41.000000;presidential;303;152;81.2;180;1865908;39.8;72;848019;18.1
40520;1864 United States presidential election;2007-08-08T09:58:56.000000;presidential;;;;212;2218388;55.0;21;1812807;45.0
40520;1864 United States presidential election;2007-09-10T14:43:04.000000;presidential;;;;212;2218388;55.0;29;1812807;45.0
40520;1864 United States presidential election;2007-09-10T14:44:20.000000;presidential;;;;212;2218388;55.0;21;1812807;45.0
40520;1864 United States presidential election;2007-10-02T23:25:48.000000;presidential;;;;212;2218388;55.0;21;1812807;45.0
40520;1864 United States presidential election;2007-12-03T12:46:49.000000;presidential;;;;212;2218388;55.0;21;1812807;45.0
40520;1864 United States presidential election;2008-05-05T20:51:59.000000;presidential;;;;2120;2218388;55.0;21;1812807;45.0
40520;1864 United States presidential election;2008-05-05T20:52:35.000000;presidential;;;;212;2218388;55.0;21;1812807;45.0
40520;1864 United States presidential election;2008-05-07T18:21:57.000000;dirty;;;;212;2218388;55.0;21;1812807;45.0
40520;1864 United States presidential election;2008-05-07T18:23:31.000000;presidential;;;;212;2218388;55.0;21;1812807;45.0
40520;1864 United States presidential election;2008-05-22T15:30:33.000000;presidential;;;;212;2218388;55.0;21;1812807;99.0
40520;1864 United States presidential election;2008-05-22T15:31:14.000000;presidential;;;;212;2218388;55.0;21;1812807;45.0
40520;1864 United States presidential election;2008-05-22T15:31:37.000000;poopy;;;;212;2218388;55.0;21;1812807;45.0
40520;1864 United States presidential election;2008-05-22T15:31:41.000000;presidential;;;;212;2218388;55.0;21;1812807;45.0
40520;1864 United States presidential election;2008-05-22T15:31:52.000000;poopy;;;;212;2218388;55.0;21;1812807;45.0
40520;1864 United States presidential election;2008-05-22T15:31:55.000000;presidential;;;;212;2218388;55.0;21;1812807;45.0
40520;1864 United States presidential election;2008-10-16T01:32:59.000000;presidential;;;;212;2218388;55.0;21;1812807;45.0
40520;1864 United States presidential election;2008-10-17T20:26:24.000000;presidential;;;;212;2218388;55.0;21;1812807;45.0
40520;1864 United States presidential election;2008-12-31T14:05:38.000000;presidential;;;;212;2218388;55.0;21;1812807;45.0
40520;1864 United States presidential election;2009-01-13T03:51:54.000000;presidential;;;;212;2218388;55.0;21;1812807;45.0
40520;1864 United States presidential election;2009-01-13T03:54:22.000000;presidential;;;;212;2218388;55.0;21;1812807;45.0
40520;1864 United States presidential election;2009-01-13T03:55:06.000000;presidential;;;;212;2218388;55.0;21;1812807;45.0
40520;1864 United States presidential election;2009-01-13T03:59:06.000000;presidential;;;;212;2218388;55.0;21;1812807;45.0
40520;1864 United States presidential election;2009-02-01T16:00:22.000000;presidential;;;;212;2218388;55.0;21;1812807;45.0
40520;1864 United States presidential election;2009-02-01T18:54:30.000000;presidential;;;;212;2218388;55.0;21;1812807;45.0
40520;1864 United States presidential election;2009-02-15T14:09:12.000000;presidential;;;;212;2218388;55.0;21;1812807;45.0
40520;1864 United States presidential election;2009-02-15T14:49:37.000000;presidential;;;;212;2218388;55.0;21;1812807;45.0
40520;1864 United States presidential election;2009-02-15T18:22:49.000000;presidential;;;;212;2218388;55.0;21;1812807;45.0
40520;1864 United States presidential election;2009-02-15T19:24:53.000000;presidential;;;;212;2218388;55.0;21;1812807;45.0
40520;1864 United States presidential election;2009-04-07T21:13:44.000000;presidential;;;;212;2218388;55.0;24;1812807;45.0
40520;1864 United States presidential election;2009-04-09T08:05:50.000000;presidential;;;;212;2218388;55.0;24;1812807;45.0
40520;1864 United States presidential election;2009-04-09T15:05:51.000000;presidential;;;;212;2218388;55.0;21;1812807;45.0
40520;1864 United States presidential election;2009-04-10T15:25:19.000000;presidential;;;;212;2218388;55.0;21;1812807;45.0
40520;1864 United States presidential election;2009-04-10T17:09:17.000000;presidential;;;;212;2218388;55.0;21;1812807;45.0
40520;1864 United States presidential election;2009-04-17T21:06:22.000000;presidential;;;;212;2218388;55.0;24;1812807;45.0
40520;1864 United States presidential election;2009-04-26T00:20:45.000000;presidential;;;;212;2218388;55.0;13;1225110;10.0
40520;1864 United States presidential election;2009-04-26T00:21:23.000000;presidential;;;;212;2218388;55.0;24;1812807;45.0
40520;1864 United States presidential election;2009-04-27T15:14:44.000000;presidential;;;;212;2218388;55.0;24;1812807;45.0
40520;1864 United States presidential election;2009-04-27T15:26:06.000000;presidential;;;;212;2218388;55.0;24;1812807;45.0
40520;1864 United States presidential election;2009-04-27T15:26:48.000000;presidential;;;;212;2218388;55.0;24;1812807;45.0
40520;1864 United States presidential election;2009-05-18T23:36:44.000000;presidential;;;;212;2218388;55.0;21;1812807;45.0
40520;1864 United States presidential election;2009-06-16T17:12:28.000000;presidential;;;;212;2218388;55.0;21;1812807;45.0
40520;1864 United States presidential election;2009-06-17T20:39:39.000000;presidential;;;;212;2218388;55.0;21;1812807;45.0
40520;1864 United States presidential election;2009-06-17T20:39:52.000000;presidential;;;;212;2218388;55.0;21;1812807;45.0
40520;1864 United States presidential election;2009-06-19T16:10:31.000000;presidential;;;;212;2218388;55.0;24;1812807;45.0
40520;1864 United States presidential election;2009-06-19T19:27:13.000000;presidential;;;;212;2218388;55.0;21;1812807;45.0
40520;1864 United States presidential election;2009-06-19T19:29:39.000000;presidential;;;;212;2218388;55.0;24;1812807;45.0
40520;1864 United States presidential election;2009-06-25T19:46:46.000000;presidential;;;;212;2218388;55.0;21;1812807;45.0
40520;1864 United States presidential election;2009-07-02T04:51:16.000000;presidential;;;;212;2218388;55.0;24;1812807;45.0
40520;1864 United States presidential election;2009-08-22T15:10:16.000000;presidential;;;;212;2218388;55.0;21;1812807;45.0
40520;1864 United States presidential election;2010-01-15T15:40:06.000000;presidential;;;;212;2218388;55.0;210;1812807;45.0
40520;1864 United States presidential election;2010-01-15T15:40:45.000000;presidential;;;;212;2218388;55.0;21;1812807;45.0
40520;1864 United States presidential election;2010-02-22T00:26:48.000000;presidential;;;;212;2218388;55.0;25;3812807;45.0
40520;1864 United States presidential election;2010-02-22T00:27:10.000000;presidential;;;;212;2218388;55.0;21;3812807;45.0
40520;1864 United States presidential election;2010-02-22T00:28:04.000000;presidential;;;;2512;22148388;55.0;21;3812807;45.0
40520;1864 United States presidential election;2010-02-22T01:41:23.000000;presidential;;;;212;2218388;55.0;21;1812807;45.0
40520;1864 United States presidential election;2011-08-08T23:51:35.000000;presidential;;;;212;2218388;55.0;21;1812807;45.0
40520;1864 United States presidential election;2012-05-17T22:22:56.000000;presidential;;;;212;2218388;55.0;21;1812807;45.0
40520;1864 United States presidential election;2013-06-14T14:37:50.000000;presidential;233;117;;212;2218388;55.0;21;1812807;45.0
40520;1864 United States presidential election;2013-07-15T21:08:13.000000;presidential;233;117;;212;2218388;55.0;21;1812807;45.0
40520;1864 United States presidential election;2013-07-15T23:29:51.000000;presidential;233;117;;212;2218388;55.0;21;1812807;45.0
40520;1864 United States presidential election;2013-09-06T11:04:30.000000;presidential;233;117;;212;2218388;55.03;21;1812807;44.95
40520;1864 United States presidential election;2013-09-06T17:28:38.000000;presidential;233;117;;212;2218388;55.0;21;1812807;45.0
40520;1864 United States presidential election;2014-09-28T03:05:05.000000;presidential;233;117;73.8;212;2218388;55.0;21;1812807;45.0
40520;1864 United States presidential election;2015-03-29T02:42:18.000000;presidential;233;117;73.8;212;2218388;55.0;21;1812807;45.0
40520;1864 United States presidential election;2016-11-14T03:08:20.000000;presidential;233;117;73.8;212;2218388;55.0;21;1812807;45.0
40520;1864 United States presidential election;2016-11-14T07:40:03.000000;presidential;233;117;73.8;212;2218388;55.0;21;1812807;45.0
40520;1864 United States presidential election;2017-08-19T18:29:02.000000;presidential;233;117;73.8;212;2218388;55.0;21;1812807;45.0
40520;1864 United States presidential election;2018-02-04T19:49:06.000000;presidential;233;117;73.8;212;2218388;55.0;21;1812807;44.9
40520;1864 United States presidential election;2018-02-18T17:51:28.000000;presidential;233;117;73.8;212;2218388;55.0;21;1812807;44.9
40520;1864 United States presidential election;2018-03-15T05:42:01.000000;presidential;233;117;73.8;213;2218388;55.0;21;1812807;44.9
40520;1864 United States presidential election;2018-03-15T05:49:12.000000;presidential;233;117;73.8;212;2218388;55.0;21;1812807;44.9
40520;1864 United States presidential election;2018-04-12T09:11:57.000000;presidential;233;117;73.8;212;2218388;55.0;21;1812807;44.9
40520;1864 United States presidential election;2018-04-19T11:20:16.000000;presidential;233;117;73.8;212;6969696969696969;69.0;0;0;0.0
40520;1864 United States presidential election;2018-04-19T11:21:58.000000;presidential;233;117;73.8;212;2218388;55.0;21;1812807;44.9
40520;1864 United States presidential election;2018-07-09T05:54:51.000000;presidential;233;118;73.8;212;2218388;55.0;21;1812807;44.9
40520;1864 United States presidential election;2018-07-25T07:04:28.000000;presidential;233;118;73.8;212;2218388;55.0;21;1812807;45.0
40520;1864 United States presidential election;2018-11-02T15:47:12.000000;presidential;233;118;73.8;212;2218388;55.0;21;1812807;45.0
40520;1864 United States presidential election;2019-03-13T22:14:06.000000;presidential;233;118;73.8;212;2218388;55.0;21;1812807;45.0
40520;1864 United States presidential election;2019-05-29T22:24:09.000000;presidential;233;118;73.8;212;2218388;55.0;21;1812807;200.6
40520;1864 United States presidential election;2019-05-30T09:34:31.000000;presidential;233;118;73.8;212;2218388;55.0;21;1812807;45.0
40521;1868 United States presidential election;2007-08-08T09:45:40.000000;presidential;;;;214;3013650;52.7;80;2708744;47.3
40521;1868 United States presidential election;2008-12-31T14:06:22.000000;presidential;;;;214;3013650;52.7;80;2708744;47.3
40521;1868 United States presidential election;2009-02-01T16:01:23.000000;presidential;;;;214;3013650;52.7;80;2708744;47.3
40521;1868 United States presidential election;2009-02-01T18:54:54.000000;presidential;;;;214;3013650;52.7;80;2708744;47.3
40521;1868 United States presidential election;2009-02-15T14:09:28.000000;presidential;;;;214;3013650;52.7;80;2708744;47.3
40521;1868 United States presidential election;2009-02-15T14:49:48.000000;presidential;;;;214;3013650;52.7;80;2708744;47.3
40521;1868 United States presidential election;2009-02-15T18:23:26.000000;presidential;;;;214;3013650;52.7;80;2708744;47.3
40521;1868 United States presidential election;2009-02-15T19:25:14.000000;presidential;;;;214;3013650;52.7;80;2708744;47.3
40521;1868 United States presidential election;2009-04-09T08:06:12.000000;presidential;;;;214;3013650;52.7;80;2708744;47.3
40521;1868 United States presidential election;2009-04-09T15:02:11.000000;presidential;;;;214;3013650;52.7;80;2708744;47.3
40521;1868 United States presidential election;2009-04-10T15:25:01.000000;presidential;;;;214;3013650;52.7;80;2708744;47.3
40521;1868 United States presidential election;2009-04-10T23:24:34.000000;presidential;;;;214;3013650;52.7;80;2708744;47.3
40521;1868 United States presidential election;2009-06-16T17:11:52.000000;presidential;;;;214;3013650;52.7;80;2708744;47.3
40521;1868 United States presidential election;2009-06-17T20:40:26.000000;presidential;;;;214;3013650;52.7;80;2708744;47.3
40521;1868 United States presidential election;2011-08-08T23:52:21.000000;presidential;;;;214;3013650;52.7;80;2708744;47.3
40521;1868 United States presidential election;2012-11-07T01:11:18.000000;presidential;;;;214;3013421;52.7;80;2706829;47.3
40521;1868 United States presidential election;2012-11-13T21:11:37.000000;presidential;;;;214;3013421;52.7;80;2706829;47.3
40521;1868 United States presidential election;2013-06-14T14:36:29.000000;presidential;294;148;;214;3013421;52.7;80;2706829;47.3
40521;1868 United States presidential election;2013-07-15T21:08:57.000000;presidential;294;148;;214;3013421;52.7;80;2706829;47.3
40521;1868 United States presidential election;2013-07-16T16:59:54.000000;presidential;294;148;;214;3013421;52.7;80;2706829;47.3
40521;1868 United States presidential election;2013-09-06T11:05:10.000000;presidential;294;148;;214;3013421;52.66;80;2706829;47.34
40521;1868 United States presidential election;2013-09-06T17:28:09.000000;presidential;294;148;;214;3013421;52.7;80;2706829;47.3
40521;1868 United States presidential election;2014-09-28T03:07:55.000000;presidential;294;148;78.1;214;3013421;52.7;80;2706829;47.3
40521;1868 United States presidential election;2015-03-29T02:43:04.000000;presidential;294;148;78.1;214;3013421;52.7;80;2706829;47.3
40521;1868 United States presidential election;2016-05-27T14:33:13.000000;presidential;294;148;78.1;214;3013421;52.7;80;2706829;47.3
40521;1868 United States presidential election;2016-11-14T03:07:35.000000;presidential;294;148;78.1;214;3013421;52.7;80;2706829;47.3
40521;1868 United States presidential election;2016-11-14T07:38:40.000000;presidential;294;148;78.1;214;3013421;52.7;80;2706829;47.3
40525;1880 United States presidential election;2007-08-08T04:26:27.000000;presidential;;;;214;4446158;48.3;155;4444260;48.3
40525;1880 United States presidential election;2008-06-17T22:11:16.000000;presidential;;;;214;4446158;48.3;155;4444260;48.2
40525;1880 United States presidential election;2008-12-31T14:12:39.000000;presidential;;;;214;4446158;48.3;155;4444260;48.2
40525;1880 United States presidential election;2009-02-01T16:05:02.000000;presidential;;;;214;4446158;48.3;155;4444260;48.2
40525;1880 United States presidential election;2009-02-01T18:55:54.000000;presidential;;;;214;4446158;48.3;155;4444260;48.2
40525;1880 United States presidential election;2009-02-15T14:10:12.000000;presidential;;;;214;4446158;48.3;155;4444260;48.2
40525;1880 United States presidential election;2009-02-15T14:50:31.000000;presidential;;;;214;4446158;48.3;155;4444260;48.2
40525;1880 United States presidential election;2009-02-15T18:24:34.000000;presidential;;;;214;4446158;48.3;155;4444260;48.2
40525;1880 United States presidential election;2009-02-15T19:29:04.000000;presidential;;;;214;4446158;48.3;155;4444260;48.2
40525;1880 United States presidential election;2009-04-08T17:41:32.000000;presidential;;;;214;4446158;48.3;155;4444260;48.2
40525;1880 United States presidential election;2009-04-09T08:08:09.000000;presidential;;;;214;4446158;48.3;155;4444260;48.2
40525;1880 United States presidential election;2009-04-09T14:56:25.000000;presidential;;;;214;4446158;48.3;155;4444260;48.2
40525;1880 United States presidential election;2009-04-10T15:24:17.000000;presidential;;;;214;4446158;48.3;155;4444260;48.2
40525;1880 United States presidential election;2009-04-10T23:25:20.000000;presidential;;;;214;4446158;48.3;155;4444260;48.2
40525;1880 United States presidential election;2009-06-16T17:09:33.000000;presidential;;;;214;4446158;48.3;155;4444260;48.2
40525;1880 United States presidential election;2009-06-16T17:10:12.000000;presidential;;;;214;4446158;48.3;155;4444260;48.2
40525;1880 United States presidential election;2009-06-17T20:42:03.000000;presidential;;;;214;4446158;48.3;155;4444260;48.2
40525;1880 United States presidential election;2011-08-08T23:53:24.000000;presidential;;;;214;4446158;48.3;155;4444260;48.2
40525;1880 United States presidential election;2013-06-14T14:27:34.000000;presidential;369;185;;214;4446158;48.3;155;4444260;48.2
40525;1880 United States presidential election;2013-09-06T11:06:49.000000;presidential;369;185;;214;4446158;48.31;155;4444260;48.22
40525;1880 United States presidential election;2013-09-06T17:22:56.000000;presidential;369;185;;214;4446158;48.3;155;4444260;48.2
40525;1880 United States presidential election;2014-03-19T23:42:19.000000;presidential;369;185;;214;4446158;48.3;155;4444260;48.2
40525;1880 United States presidential election;2014-09-28T03:13:09.000000;presidential;369;185;79.4;214;4446158;48.3;155;4444260;48.2
40525;1880 United States presidential election;2015-01-05T16:42:19.000000;presidential;369;185;79.4;214;4453337;48.3;155;4444267;48.2
40525;1880 United States presidential election;2015-03-29T02:56:38.000000;presidential;369;185;79.4;214;4453337;48.3;155;4444267;48.2
40525;1880 United States presidential election;2015-05-25T18:35:42.000000;presidential;369;185;79.4;214;4453337;48.3;155;4444267;48.2
40525;1880 United States presidential election;2015-05-30T00:33:34.000000;presidential;369;185;78.0;214;4446158;48.27;155;4444260;48.25
40525;1880 United States presidential election;2015-05-31T09:15:07.000000;presidential;369;185;78.0;214;4446158;48.27;155;4444260;48.25
40525;1880 United States presidential election;2015-07-09T12:28:55.000000;presidential;369;185;78.0;214;4446158;48.27;155;4444260;48.25
40525;1880 United States presidential election;2015-11-03T04:25:42.000000;presidential;369;185;78.0;214;4446158;48.27;155;4444260;48.25
40525;1880 United States presidential election;2015-11-03T08:32:24.000000;presidential;369;185;78.0;214;4446158;48.27;155;4444260;48.25
40525;1880 United States presidential election;2015-11-03T09:46:54.000000;presidential;369;185;78.0;214;4446158;48.27;155;4444260;48.25
40525;1880 United States presidential election;2015-11-03T17:40:49.000000;presidential;369;185;78.0;214;4446158;48.27;155;4444260;48.25
40525;1880 United States presidential election;2015-11-03T17:40:52.000000;presidential;369;185;78.0;214;4446158;48.27;155;4444260;48.25
40525;1880 United States presidential election;2015-11-03T17:42:33.000000;presidential;369;185;78.0;214;4446158;48.27;155;4444260;48.25
40525;1880 United States presidential election;2015-11-03T18:07:05.000000;presidential;369;185;78.0;214;4446158;48.27;155;4444260;48.25
40525;1880 United States presidential election;2015-11-03T19:44:26.000000;presidential;369;185;78.0;214;4446158;48.27;155;4444260;48.25
40525;1880 United States presidential election;2015-11-03T19:45:23.000000;presidential;369;185;78.0;214;4446158;48.27;155;4444260;48.25
40525;1880 United States presidential election;2015-11-03T19:46:22.000000;presidential;369;185;78.0;214;4446158;48.27;155;4444260;48.25
40525;1880 United States presidential election;2015-11-03T23:23:44.000000;presidential;369;185;78.0;214;4446158;48.27;155;4444260;48.25
40525;1880 United States presidential election;2015-11-03T23:24:54.000000;presidential;369;185;78.0;214;4446158;48.27;155;4444260;48.25
40525;1880 United States presidential election;2016-01-27T16:09:11.000000;presidential;369;185;78.0;214;4446158;48.27;155;4444260;48.25
40525;1880 United States presidential election;2016-01-27T20:30:42.000000;presidential;369;185;78.0;214;4446158;48.27;155;4444260;48.25
40525;1880 United States presidential election;2016-08-05T18:43:03.000000;presidential;369;185;78.0;214;4446158;48.27;155;4444260;48.25
40525;1880 United States presidential election;2016-08-28T13:15:18.000000;presidential;369;185;78.0;214;4446158;48.27;155;4444260;48.25
40525;1880 United States presidential election;2016-11-14T03:04:51.000000;presidential;369;185;78.0;214;4446158;48.27;155;4444260;48.25
40525;1880 United States presidential election;2016-11-14T07:37:35.000000;presidential;369;185;78.0;214;4446158;48.27;155;4444260;48.25
40525;1880 United States presidential election;2018-11-01T00:10:13.000000;presidential;369;185;78.0;214;4454443;48.29;155;4444976;48.21
40525;1880 United States presidential election;2018-11-01T00:12:00.000000;presidential;369;185;78.0;214;4454443;48.29;155;4444976;48.21
40525;1880 United States presidential election;2018-11-20T23:24:01.000000;presidential;369;185;78.0;214;4446158;48.29;155;4444260;48.21
40525;1880 United States presidential election;2019-01-21T06:51:55.000000;presidential;369;185;78.0;214;4454443;48.29;155;4444976;48.21
40525;1880 United States presidential election;2019-01-29T13:51:31.000000;presidential;369;185;78.0;214;4446158;48.29;155;4444260;48.21
40525;1880 United States presidential election;2019-02-02T17:10:43.000000;presidential;369;185;78.0;214;4446158;48.29;0;4444260;48.21
40525;1880 United States presidential election;2019-02-02T17:11:45.000000;presidential;369;185;78.0;214;4446158;48.29;155;4444260;48.21
40525;1880 United States presidential election;2019-02-05T09:00:34.000000;presidential;369;185;78.0;2004;4446158;48.29;155;4444260;48.21
40525;1880 United States presidential election;2019-02-05T15:28:50.000000;presidential;369;185;78.0;214;4446158;48.29;155;4444260;48.21
40526;1884 United States presidential election;2007-08-08T04:11:23.000000;presidential;;;;219;4874621;48.5;182;4848936;48.2
40526;1884 United States presidential election;2008-01-31T00:12:44.000000;presidential;;;;219;4874621;48.5;182;4848936;48.2
40526;1884 United States presidential election;2008-12-31T14:15:43.000000;presidential;;;;219;4874621;48.5;182;4848936;48.2
40526;1884 United States presidential election;2009-02-01T16:06:04.000000;presidential;;;;219;4874621;48.5;182;4848936;48.2
40526;1884 United States presidential election;2009-02-01T18:56:10.000000;presidential;;;;219;4874621;48.5;182;4848936;48.2
40526;1884 United States presidential election;2009-02-15T14:10:37.000000;presidential;;;;219;4874621;48.5;182;4848936;48.2
40526;1884 United States presidential election;2009-02-15T14:50:42.000000;presidential;;;;219;4874621;48.5;182;4848936;48.2
40526;1884 United States presidential election;2009-02-15T18:25:12.000000;presidential;;;;219;4874621;48.5;182;4848936;48.2
40526;1884 United States presidential election;2009-02-15T19:29:22.000000;presidential;;;;219;4874621;48.5;182;4848936;48.2
40526;1884 United States presidential election;2009-04-08T17:44:43.000000;presidential;;;;219;4874621;48.5;182;4848936;48.2
40526;1884 United States presidential election;2009-06-17T20:42:29.000000;presidential;;;;219;4874621;48.5;182;4848936;48.2
40526;1884 United States presidential election;2010-02-25T19:43:02.000000;presidential;;;;219;4874621;48.5;182;4848936;48.2
40526;1884 United States presidential election;2011-03-14T14:40:51.000000;presidential;;;;219;4874621;48.5;182;4848936;48.2
40526;1884 United States presidential election;2013-01-18T02:34:26.000000;presidential;;;;219;4914482;48.9;182;4856903;48.3
40526;1884 United States presidential election;2013-06-14T14:26:50.000000;presidential;401;201;;219;4914482;48.9;182;4856903;48.3
40526;1884 United States presidential election;2013-09-06T11:07:24.000000;presidential;401;201;;219;4914482;48.85;182;4856903;48.28
40526;1884 United States presidential election;2013-09-06T17:22:57.000000;presidential;401;201;;219;4914482;48.9;182;4856903;48.3
40526;1884 United States presidential election;2013-12-04T15:35:01.000000;presidential;401;201;;219;4914482;48.9;182;4856905;48.3
40526;1884 United States presidential election;2014-09-28T03:15:22.000000;presidential;401;201;77.5;219;4914482;48.9;182;4856905;48.3
40526;1884 United States presidential election;2015-03-29T02:59:16.000000;presidential;401;201;77.5;219;4914482;48.9;182;4856905;48.3
40526;1884 United States presidential election;2016-11-14T03:03:25.000000;presidential;401;201;77.5;219;4914482;48.9;182;4856905;48.3
40526;1884 United States presidential election;2016-11-14T07:37:06.000000;presidential;401;201;77.5;219;4914482;48.9;182;4856905;48.3
40527;1888 United States presidential election;2007-08-08T03:49:12.000000;presidential;;;;233;5443892;47.8;168;5534488;48.6
40527;1888 United States presidential election;2008-09-15T00:07:54.000000;presidential;;;;233;5443892;47.8;168;5534488;48.6
40527;1888 United States presidential election;2009-04-09T08:54:26.000000;presidential;;;;168;5534488;48.6;233;5443892;47.8
40527;1888 United States presidential election;2009-04-09T14:45:08.000000;presidential;;;;233;5443892;47.8;168;5534488;48.6
40527;1888 United States presidential election;2009-04-10T23:29:00.000000;presidential;;;;233;5443892;47.8;168;5534488;48.6
40527;1888 United States presidential election;2009-05-20T07:50:52.000000;presidential;;;;233;5443892;47.8;168;5534488;48.6
40527;1888 United States presidential election;2009-06-16T17:05:51.000000;presidential;;;;233;5443892;47.8;168;5534488;48.6
40527;1888 United States presidential election;2010-02-25T19:43:37.000000;presidential;;;;233;5443892;47.8;168;5534488;48.6
40527;1888 United States presidential election;2010-02-28T13:26:19.000000;presidential;;;;233;5443892;47.8;168;5534488;48.6
40527;1888 United States presidential election;2010-04-19T09:12:24.000000;presidential;;;;233;5443892;47.8;168;5534488;48.6
40527;1888 United States presidential election;2010-04-19T13:13:11.000000;presidential;;;;233;5443892;47.8;168;5534488;48.6
40527;1888 United States presidential election;2011-01-18T23:55:12.000000;presidential;;;;233;5443892;47.8;168;5534488;48.6
40527;1888 United States presidential election;2013-06-14T14:25:46.000000;presidential;401;201;;233;5443892;47.8;168;5534488;48.6
40527;1888 United States presidential election;2013-09-06T11:08:16.000000;presidential;401;201;;233;5443892;47.8;168;5534488;48.63
40527;1888 United States presidential election;2013-09-06T17:22:35.000000;presidential;401;201;;233;5443892;47.8;168;5534488;48.6
40527;1888 United States presidential election;2014-01-07T16:13:10.000000;presidential;999;201;;233;5443892;47.8;168;5534488;48.6
40527;1888 United States presidential election;2014-01-07T16:35:04.000000;presidential;401;201;;233;5443892;47.8;168;5534488;48.6
40527;1888 United States presidential election;2014-09-28T03:19:27.000000;presidential;401;201;79.3;233;5443892;47.8;168;5534488;48.6
40527;1888 United States presidential election;2015-03-29T03:03:48.000000;presidential;401;201;79.3;233;5443892;47.8;168;5534488;48.6
40527;1888 United States presidential election;2016-11-07T16:53:16.000000;presidential;401;201;79.3;233;5443892;47.8;168;5534488;48.6
40527;1888 United States presidential election;2016-11-07T16:53:18.000000;presidential;401;201;79.3;233;5443892;47.8;168;5534488;48.6
40527;1888 United States presidential election;2016-11-14T03:02:51.000000;presidential;401;201;79.3;233;5443892;47.8;168;5534488;48.6
40527;1888 United States presidential election;2016-11-14T07:36:29.000000;presidential;401;201;79.3;233;5443892;47.8;168;5534488;48.6
40528;1892 United States presidential election;2007-08-07T23:35:26.000000;presidential;;;;277;5553898;46.0;145;5190819;43.0
40528;1892 United States presidential election;2008-02-14T20:21:16.000000;presidential;;;;277;5556918;46.0;145;5176108;43.0
40528;1892 United States presidential election;2008-11-12T01:27:57.000000;presidential;;;;277;5556918;46.0;145;5176108000000;43.0
40528;1892 United States presidential election;2008-11-12T01:29:53.000000;presidential;;;;277;5556918;46.0;145;5176108;43.0
40528;1892 United States presidential election;2009-01-17T03:01:02.000000;presidential;;;;277;5556918;46.0;145;5176108;43.0
40528;1892 United States presidential election;2009-02-01T16:07:44.000000;presidential;;;;277;5556918;46.0;145;5176108;43.0
40528;1892 United States presidential election;2009-02-01T18:58:42.000000;presidential;;;;277;5556918;46.0;145;5176108;43.0
40528;1892 United States presidential election;2009-02-15T14:11:00.000000;presidential;;;;277;5556918;46.0;145;5176108;43.0
40528;1892 United States presidential election;2009-02-15T14:50:54.000000;presidential;;;;277;5556918;46.0;145;5176108;43.0
40528;1892 United States presidential election;2009-02-15T18:25:36.000000;presidential;;;;277;5556918;46.0;145;5176108;43.0
40528;1892 United States presidential election;2009-02-15T19:29:46.000000;presidential;;;;277;5556918;46.0;145;5176108;43.0
40528;1892 United States presidential election;2009-04-09T08:08:44.000000;presidential;;;;277;5556918;46.0;145;5176108;43.0
40528;1892 United States presidential election;2009-04-09T14:54:49.000000;presidential;;;;277;5556918;46.0;145;5176108;43.0
40528;1892 United States presidential election;2009-04-10T15:23:10.000000;presidential;;;;277;5556918;46.0;145;5176108;43.0
40528;1892 United States presidential election;2009-04-10T23:30:33.000000;presidential;;;;277;5556918;46.0;145;5176108;43.0
40528;1892 United States presidential election;2009-06-16T17:07:13.000000;presidential;;;;277;5556918;46.0;145;5176108;43.0
40528;1892 United States presidential election;2009-06-17T20:43:08.000000;presidential;;;;277;5556918;46.0;145;5176108;43.0
40528;1892 United States presidential election;2010-01-15T00:53:50.000000;presidential;;;;277;5556918;46.0;145;5176108;43.0
40528;1892 United States presidential election;2010-01-15T00:55:29.000000;presidential;;;;277;5556918;46.0;145;5176108;43.0
40528;1892 United States presidential election;2011-08-08T23:54:06.000000;presidential;;;;277;5556918;46.0;145;5176108;43.0
40528;1892 United States presidential election;2013-06-14T14:24:16.000000;presidential;444;223;;277;5556918;46.0;145;5176108;43.0
40528;1892 United States presidential election;2013-09-06T11:09:10.000000;presidential;444;223;;277;5556918;46.02;145;5176108;43.01
40528;1892 United States presidential election;2013-09-06T17:22:23.000000;presidential;444;223;;277;5556918;46.0;145;5176108;43.0
40528;1892 United States presidential election;2014-09-28T03:23:18.000000;presidential;444;223;74.7;277;5556918;46.0;145;5176108;43.0
40528;1892 United States presidential election;2015-03-29T03:06:46.000000;presidential;444;223;74.7;277;5556918;46.0;145;5176108;43.0
40528;1892 United States presidential election;2016-11-14T03:02:15.000000;presidential;444;223;74.7;277;5556918;46.0;145;5176108;43.0
40528;1892 United States presidential election;2016-11-14T07:36:06.000000;presidential;444;223;74.7;277;5556918;46.0;145;5176108;43.0
40528;1892 United States presidential election;2017-04-08T14:33:53.000000;presidential;444;223;74.7;277;5556918;46.0;145;5176108;43.0
40528;1892 United States presidential election;2017-05-03T04:13:06.000000;presidential;444;223;74.7;277;5556918;46.0;145;5176108;43.0
40529;1896 United States presidential election;2007-08-08T03:38:34.000000;presidential;;;;271;7112138;51.0;176;6508172;46.7
40529;1896 United States presidential election;2009-01-17T03:03:27.000000;presidential;;;;271;7112138;51.0;176;6508172;46.7
40529;1896 United States presidential election;2009-02-01T16:08:33.000000;presidential;;;;271;7112138;51.0;176;6508172;46.7
40529;1896 United States presidential election;2009-02-01T18:59:00.000000;presidential;;;;271;7112138;51.0;176;6508172;46.7
40529;1896 United States presidential election;2009-02-15T14:11:20.000000;presidential;;;;271;7112138;51.0;176;6508172;46.7
40529;1896 United States presidential election;2009-02-15T14:51:06.000000;presidential;;;;271;7112138;51.0;176;6508172;46.7
40529;1896 United States presidential election;2009-02-15T18:25:56.000000;presidential;;;;271;7112138;51.0;176;6508172;46.7
40529;1896 United States presidential election;2009-02-15T19:29:58.000000;presidential;;;;271;7112138;51.0;176;6508172;46.7
40529;1896 United States presidential election;2009-04-08T17:46:34.000000;presidential;;;;271;7112138;51.0;176;6508172;46.7
40529;1896 United States presidential election;2009-06-17T20:43:45.000000;presidential;;;;271;7112138;51.0;176;6508172;46.7
40529;1896 United States presidential election;2009-08-08T13:34:45.000000;presidential;;;;271;7112138;51.02;176;6508172;46.71
40529;1896 United States presidential election;2009-09-09T23:28:34.000000;presidential;;;;271;7105144;51.1;176;6370897;45.8
40529;1896 United States presidential election;2009-10-07T23:59:45.000000;senatorial;;;;271;7105144;51.1;176;6370897;45.8
40529;1896 United States presidential election;2009-10-10T01:57:15.000000;presidential;;;;271;7105144;51.1;176;6370897;45.8
40529;1896 United States presidential election;2010-01-07T02:48:31.000000;presidential;;;;271;7102246;51.1;176;6492559;45.8
40529;1896 United States presidential election;2011-04-15T18:35:38.000000;presidential;;;;271;7104779;51.1;176;6502925;47.7
40529;1896 United States presidential election;2011-04-15T18:37:05.000000;presidential;;;;271;7104779;51.1;176;6502925;47.7
40529;1896 United States presidential election;2011-05-16T10:07:51.000000;presidential;;;;271;7104779;51.1;176;6502925;47.7
40529;1896 United States presidential election;2011-11-07T06:24:46.000000;presidential;;;;271;7104779;51.0;176;6502925;46.7
40529;1896 United States presidential election;2012-12-17T19:38:25.000000;presidential;;;;271;7104779;51.0;176;6502925;22.7
40529;1896 United States presidential election;2012-12-17T19:45:59.000000;presidential;;;;271;7104779;51.0;176;6502925;46.7
40529;1896 United States presidential election;2013-02-11T17:19:52.000000;presidential;;;;271;7102246;51.0;176;6492559;46.7
40529;1896 United States presidential election;2013-06-14T14:23:27.000000;presidential;447;224;;271;7102246;51.0;176;6492559;46.7
40529;1896 United States presidential election;2013-09-06T11:09:50.000000;presidential;447;224;;271;7102246;51.02;176;6492559;46.71
40529;1896 United States presidential election;2013-09-06T17:21:43.000000;presidential;447;224;;271;7102246;51.0;176;6492559;46.7
40529;1896 United States presidential election;2014-09-28T03:26:17.000000;presidential;447;224;79.3;271;7102246;51.0;176;6492559;46.7
40529;1896 United States presidential election;2015-01-03T23:00:34.000000;presidential;447;224;79.3;271;7102246;51.0;176;6492559;46.7
40529;1896 United States presidential election;2015-02-11T19:19:24.000000;presidential;447;224;79.3;271;7111607;51.03;176;6509052;46.7
40529;1896 United States presidential election;2015-03-29T03:09:29.000000;presidential;447;224;79.3;271;7111607;51.03;176;6509052;46.7
40529;1896 United States presidential election;2015-05-05T02:02:47.000000;Alexis;447;224;79.3;271;7111607;51.03;176;6509052;46.7
40529;1896 United States presidential election;2015-05-05T04:13:07.000000;presidential;447;224;79.3;271;7111607;51.03;176;6509052;46.7
40529;1896 United States presidential election;2015-10-02T18:37:43.000000;Tiffany;447;224;79.3;271;7111607;51.03;176;6509052;46.7
40529;1896 United States presidential election;2015-10-02T20:54:02.000000;presidential;447;224;79.3;271;7111607;51.03;176;6509052;46.7
40529;1896 United States presidential election;2016-11-14T03:00:49.000000;presidential;447;224;79.3;271;7111607;51.03;176;6509052;46.7
40529;1896 United States presidential election;2016-11-14T07:35:43.000000;presidential;447;224;79.3;271;7111607;51.03;176;6509052;46.7
40529;1896 United States presidential election;2016-11-15T16:46:52.000000;presidential;447;224;79.3;271;7111607;51.03;176;6509052;46.7
40529;1896 United States presidential election;2016-11-16T01:11:02.000000;presidential;447;224;79.3;271;7111607;51.0;176;6509052;46.7
40529;1896 United States presidential election;2017-05-28T18:01:28.000000;presidential;447;224;79.3;271;7111607;51.0;176;6509052;46.7
40529;1896 United States presidential election;2017-10-19T04:51:14.000000;presidential;447;224;79.3;271;7111607;51.0;176;6509052;46.7
40531;1900 United States presidential election;2007-08-08T03:17:21.000000;presidential;;;;292;7228864;51.6;155;6370932;45.5
40531;1900 United States presidential election;2008-04-13T03:29:22.000000;presidential;;;;292;7228864;51.6;155;6370932;45.5
40531;1900 United States presidential election;2008-12-02T21:40:46.000000;presidential;;;;153;5228864;31.6;294;8370932;68.4
40531;1900 United States presidential election;2008-12-02T21:44:37.000000;presidential;;;;292;7228864;51.6;155;6370932;45.5
40531;1900 United States presidential election;2008-12-24T12:39:27.000000;presidential;;;;292;7228864;51.6;155;6370932;45.5
40531;1900 United States presidential election;2008-12-24T12:40:01.000000;presidential;;;;292;7228864;51.6;155;6370932;45.5
40531;1900 United States presidential election;2009-01-17T03:04:27.000000;presidential;;;;292;7228864;51.6;155;6370932;45.5
40531;1900 United States presidential election;2009-02-01T16:09:05.000000;presidential;;;;292;7228864;51.6;155;6370932;45.5
40531;1900 United States presidential election;2009-02-01T18:59:12.000000;presidential;;;;292;7228864;51.6;155;6370932;45.5
40531;1900 United States presidential election;2009-02-15T14:11:41.000000;presidential;;;;292;7228864;51.6;155;6370932;45.5
40531;1900 United States presidential election;2009-02-15T14:51:15.000000;presidential;;;;292;7228864;51.6;155;6370932;45.5
40531;1900 United States presidential election;2009-02-15T18:26:25.000000;presidential;;;;292;7228864;51.6;155;6370932;45.5
40531;1900 United States presidential election;2009-02-15T19:30:24.000000;presidential;;;;292;7228864;51.6;155;6370932;45.5
40531;1900 United States presidential election;2009-04-08T17:51:05.000000;presidential;;;;292;7228864;51.6;155;6370932;45.5
40531;1900 United States presidential election;2009-04-09T15:44:37.000000;presidential;;;;292;7228864;51.6;155;6370932;45.5
40531;1900 United States presidential election;2009-04-10T15:22:44.000000;presidential;;;;292;7228864;51.6;155;6370932;45.5
40531;1900 United States presidential election;2009-04-10T23:31:00.000000;presidential;;;;292;7228864;51.6;155;6370932;45.5
40531;1900 United States presidential election;2009-06-16T17:46:43.000000;presidential;;;;292;7228864;51.6;155;6370932;45.5
40531;1900 United States presidential election;2009-06-17T20:44:08.000000;presidential;;;;292;7228864;51.6;155;6370932;45.5
40531;1900 United States presidential election;2010-10-26T00:35:14.000000;presidential;;;;292;7328864;51.6;155;6370932;45.5
40531;1900 United States presidential election;2010-10-27T00:41:02.000000;presidential;;;;292;7228864;51.6;155;6370932;45.5
40531;1900 United States presidential election;2011-08-09T00:04:45.000000;presidential;;;;292;7228864;51.6;155;6370932;45.5
40531;1900 United States presidential election;2013-06-14T14:22:13.000000;presidential;447;224;;292;7228864;51.6;155;6370932;45.5
40531;1900 United States presidential election;2013-09-06T11:10:21.000000;presidential;447;224;;292;7228864;51.64;155;6370932;45.52
40531;1900 United States presidential election;2013-09-06T17:20:29.000000;presidential;447;224;;292;7228864;51.6;155;6370932;45.5
40531;1900 United States presidential election;2015-03-29T03:14:38.000000;presidential;447;224;73.2;292;7228864;51.6;155;6370932;45.5
40531;1900 United States presidential election;2015-09-04T14:16:08.000000;presidential;447;224;73.2;292;7228864;51.6;155;900;45.5
40531;1900 United States presidential election;2015-09-06T02:35:26.000000;presidential;447;224;73.2;292;7228864;51.6;155;6370932;45.5
40531;1900 United States presidential election;2016-11-10T15:49:54.000000;presidential;447;224;73.2;292;7228864;51.6;155;6370932;45.5
40531;1900 United States presidential election;2016-11-10T15:52:05.000000;presidential;447;224;73.2;292;7228864;51.6;155;6370932;45.5
40531;1900 United States presidential election;2016-11-14T03:00:05.000000;presidential;447;224;73.2;292;7228864;51.6;155;6370932;45.5
40531;1900 United States presidential election;2016-11-14T07:35:19.000000;presidential;447;224;73.2;292;7228864;51.6;155;6370932;45.5
40532;1904 United States presidential election;2007-08-08T02:10:37.000000;presidential;;;;336;7630457;56.4;140;5083880;37.6
40532;1904 United States presidential election;2008-12-28T22:05:05.000000;presidential;;;;336;7630457;56.4;140;5083880;37.6
40532;1904 United States presidential election;2008-12-28T22:05:16.000000;presidential;;;;336;7630457;56.4;140;5083880;37.6
40532;1904 United States presidential election;2008-12-29T13:22:30.000000;presidential;;;;336;7630457;56.4;140;5083880;37.6
40532;1904 United States presidential election;2008-12-29T14:45:37.000000;presidential;;;;336;7630457;56.4;140;5083880;37.6
40532;1904 United States presidential election;2009-01-17T03:05:50.000000;presidential;;;;336;7630457;56.4;140;5083880;37.6
40532;1904 United States presidential election;2009-02-01T16:09:52.000000;presidential;;;;336;7630457;56.4;140;5083880;37.6
40532;1904 United States presidential election;2009-02-01T18:59:26.000000;presidential;;;;336;7630457;56.4;140;5083880;37.6
40532;1904 United States presidential election;2009-02-15T14:11:59.000000;presidential;;;;336;7630457;56.4;140;5083880;37.6
40532;1904 United States presidential election;2009-02-15T14:51:23.000000;presidential;;;;336;7630457;56.4;140;5083880;37.6
40532;1904 United States presidential election;2009-02-15T18:26:44.000000;presidential;;;;336;7630457;56.4;140;5083880;37.6
40532;1904 United States presidential election;2009-02-15T19:30:39.000000;presidential;;;;336;7630457;56.4;140;5083880;37.6
40532;1904 United States presidential election;2009-02-26T18:59:10.000000;presidential;;;;336;7630457;56.4;140;5083880;37.6
40532;1904 United States presidential election;2009-02-26T18:59:50.000000;presidential;;;;336;7630457;56.4;140;5083880;37.6
40532;1904 United States presidential election;2009-02-26T20:09:50.000000;presidential;;;;336;7630457;56.4;140;5083880;37.6
40532;1904 United States presidential election;2009-04-08T17:52:23.000000;presidential;;;;336;7630457;56.4;140;5083880;37.6
40532;1904 United States presidential election;2009-04-09T14:38:12.000000;presidential;;;;336;7630457;56.4;140;5083880;37.6
40532;1904 United States presidential election;2009-04-10T15:22:21.000000;presidential;;;;336;7630457;56.4;140;5083880;37.6
40532;1904 United States presidential election;2009-04-10T23:31:24.000000;presidential;;;;336;7630457;56.4;140;5083880;37.6
40532;1904 United States presidential election;2009-06-16T17:46:18.000000;presidential;;;;336;7630457;56.4;140;5083880;37.6
40532;1904 United States presidential election;2009-06-17T20:44:35.000000;presidential;;;;336;7630457;56.4;140;5083880;37.6
40532;1904 United States presidential election;2010-02-10T23:12:51.000000;senator;;;;336;7630457;56.4;140;5083880;37.6
40532;1904 United States presidential election;2010-02-11T00:29:45.000000;presidential;;;;336;7630457;56.4;140;5083880;37.6
40532;1904 United States presidential election;2010-09-09T15:18:29.000000;presidential;;;;336;7630557;56.4;140;5083880;37.6
40532;1904 United States presidential election;2010-09-09T21:19:05.000000;presidential;;;;336;7630457;56.4;140;5083880;37.6
40532;1904 United States presidential election;2011-08-09T00:05:18.000000;presidential;;;;336;7630457;56.4;140;5083880;37.6
40532;1904 United States presidential election;2012-10-09T21:24:56.000000;presidential;;;;336;7630457;56.4;482740;5083880;37.6
40532;1904 United States presidential election;2012-10-09T22:26:40.000000;presidential;;;;336;7630457;56.4;140;5083880;37.6
40532;1904 United States presidential election;2013-06-14T14:19:57.000000;presidential;476;239;;336;7630457;56.4;140;5083880;37.6
40532;1904 United States presidential election;2013-09-06T11:11:08.000000;presidential;476;239;;336;7630457;56.42;140;5083880;37.59
40532;1904 United States presidential election;2013-09-06T17:20:13.000000;presidential;476;239;;336;7630457;56.4;140;5083880;37.6
40532;1904 United States presidential election;2016-11-14T01:11:02.000000;presidential;476;239;65.2;336;7630457;56.4;140;5083880;37.6
40532;1904 United States presidential election;2016-11-14T02:59:13.000000;presidential;476;239;65.2;336;7630457;56.4;140;5083880;37.6
40532;1904 United States presidential election;2016-11-14T07:34:54.000000;presidential;476;239;65.2;336;7630457;56.4;140;5083880;37.6
40533;1908 United States presidential election;2007-08-08T00:55:17.000000;presidential;;;;162;6408984;43.0;321;7678395;51.6
40533;1908 United States presidential election;2007-08-08T00:57:16.000000;presidential;;;;321;7678395;51.6;162;6408984;43.0
40533;1908 United States presidential election;2007-11-05T16:36:11.000000;presidential;;;;321;7678395;51.6;162;6408984;43.0
40533;1908 United States presidential election;2008-09-29T16:56:05.000000;presidential;;;;321;7678395;51.6;162;6408984;43.0
40533;1908 United States presidential election;2009-01-17T03:06:18.000000;presidential;;;;321;7678395;51.6;162;6408984;43.0
40533;1908 United States presidential election;2009-02-01T16:10:42.000000;presidential;;;;321;7678395;51.6;162;6408984;43.0
40533;1908 United States presidential election;2009-06-16T17:45:48.000000;presidential;;;;321;7678395;51.6;162;6408984;43.0
40533;1908 United States presidential election;2009-06-17T20:45:48.000000;presidential;;;;321;7678395;51.6;162;6408984;43.0
40533;1908 United States presidential election;2011-08-09T00:05:48.000000;presidential;;;;321;7678395;51.6;162;6408984;43.0
40533;1908 United States presidential election;2013-06-14T14:18:53.000000;presidential;483;242;;321;7678395;51.6;162;6408984;43.0
40533;1908 United States presidential election;2013-09-06T11:11:44.000000;presidential;483;242;;321;7678395;51.57;162;6408984;43.04
40533;1908 United States presidential election;2013-09-06T17:21:09.000000;presidential;483;242;;321;7678395;51.6;162;6408984;43.0
40533;1908 United States presidential election;2016-11-14T01:16:59.000000;presidential;483;242;65.4;321;7678395;51.6;162;6408984;43.0
40533;1908 United States presidential election;2016-11-14T02:58:20.000000;presidential;483;242;65.4;321;7678395;51.6;162;6408984;43.0
40533;1908 United States presidential election;2016-11-14T07:34:27.000000;presidential;483;242;65.4;321;7678395;51.6;162;6408984;43.0
40534;1912 United States presidential election;2007-08-07T19:14:32.000000;presidential;;;;435;6296284;41.8;8;3486242;23.2
40534;1912 United States presidential election;2007-08-08T09:20:25.000000;presidential;;;;435;6296284;41.8;88;4122721;27.4
40534;1912 United States presidential election;2007-10-03T22:52:35.000000;presidential;;;;427;6296284;33.2;117;4998875;29.6
40534;1912 United States presidential election;2007-10-06T13:56:38.000000;presidential;;;;427;6296284;33.2;88;4998875;29.6
40534;1912 United States presidential election;2007-10-12T18:50:56.000000;presidential;;;;435;6296284;33.2;88;4998875;29.6
40534;1912 United States presidential election;2007-10-17T00:26:27.000000;presidential;;;;435;6296284;33.2;88;4998875;29.5
40534;1912 United States presidential election;2007-10-17T01:04:56.000000;presidential;;;;435;6296284;41.8;88;4122721;27.4
40534;1912 United States presidential election;2007-10-19T05:01:56.000000;presidential;;;;435;6296284;41.8;88;4122721;27.4
40534;1912 United States presidential election;2008-01-15T03:20:28.000000;presidential;;;;435;6296284;41.8;88;4122721;27.4
40534;1912 United States presidential election;2008-01-15T03:25:31.000000;presidential;;;;435;6296284;41.8;88;4122721;27.4
40534;1912 United States presidential election;2008-10-21T15:45:36.000000;presidential;;;;435;6296284;41.8;88;4122721;27.4
40534;1912 United States presidential election;2008-10-21T15:45:43.000000;presidential;;;;435;6296284;41.8;88;4122721;27.4
40534;1912 United States presidential election;2008-11-17T01:57:29.000000;presidential;;;;435;6296284;41.8;88;4122721;27.4
40534;1912 United States presidential election;2009-01-17T03:07:21.000000;presidential;;;;435;6296284;41.8;88;4122721;27.4
40534;1912 United States presidential election;2009-01-19T23:14:14.000000;presidential;;;;435;;77.7;88;4122721;27.4
40534;1912 United States presidential election;2009-01-19T23:17:20.000000;presidential;;;;435;6296284;41.8;88;4122721;27.4
40534;1912 United States presidential election;2009-01-19T23:23:48.000000;presidential;;;;435;6296284;41.8;88;4122721;27.4
40534;1912 United States presidential election;2009-02-01T16:11:37.000000;presidential;;;;435;6296284;41.8;88;4122721;27.4
40534;1912 United States presidential election;2009-02-01T18:59:57.000000;presidential;;;;435;6296284;41.8;88;4122721;27.4
40534;1912 United States presidential election;2009-02-15T14:12:37.000000;presidential;;;;435;6296284;41.8;88;4122721;27.4
40534;1912 United States presidential election;2009-02-15T14:51:50.000000;presidential;;;;435;6296284;41.8;88;4122721;27.4
40534;1912 United States presidential election;2009-02-15T18:27:28.000000;presidential;;;;435;6296284;41.8;88;4122721;27.4
40534;1912 United States presidential election;2009-02-15T19:31:18.000000;presidential;;;;435;6296284;41.8;88;4122721;27.4
40534;1912 United States presidential election;2009-02-26T19:03:41.000000;presidential;;;;435;6296284;41.8;88;4122721;27.4
40534;1912 United States presidential election;2009-02-26T20:11:42.000000;presidential;;;;435;6296284;41.8;88;4122721;27.4
40534;1912 United States presidential election;2009-04-08T17:55:47.000000;presidential;;;;435;6296284;41.8;88;4122721;27.4
40534;1912 United States presidential election;2009-04-09T15:41:04.000000;presidential;;;;435;6296284;41.8;88;4122721;27.4
40534;1912 United States presidential election;2009-04-10T15:21:39.000000;presidential;;;;435;6296284;41.8;88;4122721;27.4
40534;1912 United States presidential election;2009-04-10T23:31:34.000000;presidential;;;;435;6296284;41.8;88;4122721;27.4
40534;1912 United States presidential election;2009-06-16T17:42:51.000000;presidential;;;;435;6296284;41.8;88;4122721;27.4
40534;1912 United States presidential election;2009-06-17T20:46:16.000000;presidential;;;;435;6296284;41.8;88;4122721;27.4
40534;1912 United States presidential election;2009-12-18T17:32:21.000000;presidential;;;;435;6296285;41.8;88;4122721;27.4
40534;1912 United States presidential election;2009-12-18T17:40:12.000000;presidential;;;;435;6296284;41.8;88;4122721;27.4
40534;1912 United States presidential election;2009-12-18T17:41:27.000000;presidential;;;;435;6296254657;41.8;88;4122721;27.4
40534;1912 United States presidential election;2009-12-18T17:48:09.000000;presidential;;;;435;6296284;41.8;88;4122721;27.4
40534;1912 United States presidential election;2010-02-23T01:35:54.000000;presidential;;;;0;901551;41.8;88;4122721;27.4
40534;1912 United States presidential election;2010-02-23T01:48:13.000000;presidential;;;;435;6296284;41.8;88;4122721;27.4
40534;1912 United States presidential election;2010-04-22T12:03:39.000000;presidential;;;;435;6296284;42.5;88;4122721;27.8
40534;1912 United States presidential election;2010-04-22T12:56:49.000000;presidential;;;;435;6296284;41.8;88;4122721;27.4
40534;1912 United States presidential election;2010-05-16T15:44:02.000000;presidential;;;;435;6296284;41.8;88;4122721;27.4
40534;1912 United States presidential election;2010-10-13T11:59:53.000000;presidential;;;;435;2568885163123;12177.0;88;4122721;27.4
40534;1912 United States presidential election;2010-10-13T12:01:02.000000;presidential;;;;435;6296284;41.8;88;4122721;27.4
40534;1912 United States presidential election;2010-10-13T12:05:46.000000;heterosexual;;;;69;69;69.0;88;4122721;27.4
40534;1912 United States presidential election;2010-10-13T12:05:51.000000;presidential;;;;435;6296284;41.8;88;4122721;27.4
40534;1912 United States presidential election;2010-10-13T12:09:26.000000;presidential;;;;435;6296284;41.8;88;4122721;27.4
40534;1912 United States presidential election;2011-08-09T00:06:48.000000;presidential;;;;435;6296284;41.8;88;4122721;27.4
40534;1912 United States presidential election;2012-03-28T21:58:15.000000;presidential;;;;435;6296284;39.8;88;4122721;28.4
40534;1912 United States presidential election;2012-03-28T23:21:56.000000;presidential;;;;435;6296284;41.8;88;4122721;27.4
40534;1912 United States presidential election;2013-06-14T14:20:37.000000;presidential;531;266;;435;6296284;41.8;88;4122721;27.4
40534;1912 United States presidential election;2013-09-06T11:12:34.000000;presidential;531;266;;435;6296284;41.84;88;4122721;27.4
40534;1912 United States presidential election;2013-09-06T17:19:10.000000;presidential;531;266;;435;6296284;41.8;88;4122721;27.4
40534;1912 United States presidential election;2013-10-20T23:17:42.000000;presidential;531;266;;435;6296284;41.8;88;4122721;27.4
40534;1912 United States presidential election;2013-10-20T23:18:03.000000;presidential;531;266;;435;6296284;41.8;88;4122721;27.4
40534;1912 United States presidential election;2013-12-03T17:12:16.000000;presidential;531;266;;435;6296284;41.8;88;4122721;27.4
40534;1912 United States presidential election;2014-01-31T06:48:30.000000;presidential;531;266;;435;6296284;41.8;8;3486242;23.2
40534;1912 United States presidential election;2014-01-31T15:16:23.000000;presidential;531;266;;435;6296284;41.8;88;4122721;27.4
40534;1912 United States presidential election;2015-09-23T13:47:42.000000;porn ongoing = no;531;266;;435;6296284;41.8;88;4122721;27.4
40534;1912 United States presidential election;2015-09-23T13:47:48.000000;presidential;531;266;;435;6296284;41.8;88;4122721;27.4
40534;1912 United States presidential election;2016-11-14T01:17:48.000000;presidential;531;266;58.8;435;6296284;41.8;88;4122721;27.4
40534;1912 United States presidential election;2016-11-14T02:57:46.000000;presidential;531;266;58.8;435;6296284;41.8;88;4122721;27.4
40534;1912 United States presidential election;2016-11-14T07:34:00.000000;presidential;531;266;58.8;435;6296284;41.8;88;4122721;27.4
40534;1912 United States presidential election;2017-05-23T03:06:07.000000;presidential;531;266;58.8;266;6877317;45.7;265;6696731;44.5
40534;1912 United States presidential election;2017-05-23T03:09:12.000000;presidential;531;266;58.8;435;6296284;41.8;88;4122721;27.4
40534;1912 United States presidential election;2018-01-31T21:07:53.000000;presidential;532;266;58.8;435;6296284;41.8;88;4122721;27.4
40534;1912 United States presidential election;2018-10-13T20:13:33.000000;presidential;532;266;58.8;435;6296284;41.8;88;4122721;27.4
40534;1912 United States presidential election;2018-10-13T20:20:31.000000;presidential;532;266;58.8;435;6296284;41.8;88;4122721;27.4
40534;1912 United States presidential election;2018-10-24T07:09:41.000000;presidential;531;266;58.8;435;6296284;41.8;88;4122721;27.4
40535;1916 United States presidential election;2007-08-07T20:02:18.000000;presidential;;;;254;8548728;46.1;277;9126868;49.2
40535;1916 United States presidential election;2007-08-08T00:58:25.000000;presidential;;;;277;9126868;49.2;254;8548728;46.1
40535;1916 United States presidential election;2008-02-19T02:07:04.000000;presidential;;;;277;9126868;49.2;254;8548728;46.1
40535;1916 United States presidential election;2008-02-19T02:20:42.000000;presidential;;;;277;9126868;49.2;254;8548728;46.1
40535;1916 United States presidential election;2008-02-19T02:21:31.000000;presidential;;;;277;9126868;49.2;254;8548728;46.1
40535;1916 United States presidential election;2008-02-23T01:02:40.000000;presidential;;;;277;9126868;49.2;254;8548728;46.1
40535;1916 United States presidential election;2009-01-17T03:08:01.000000;presidential;;;;277;9126868;49.2;254;8548728;46.1
40535;1916 United States presidential election;2009-02-01T16:12:18.000000;presidential;;;;277;9126868;49.2;254;8548728;46.1
40535;1916 United States presidential election;2009-02-01T19:00:13.000000;presidential;;;;277;9126868;49.2;254;8548728;46.1
40535;1916 United States presidential election;2009-02-15T14:12:55.000000;presidential;;;;277;9126868;49.2;254;8548728;46.1
40535;1916 United States presidential election;2009-02-15T14:52:00.000000;presidential;;;;277;9126868;49.2;254;8548728;46.1
40535;1916 United States presidential election;2009-02-15T18:27:59.000000;presidential;;;;277;9126868;49.2;254;8548728;46.1
40535;1916 United States presidential election;2009-02-15T19:31:31.000000;presidential;;;;277;9126868;49.2;254;8548728;46.1
40535;1916 United States presidential election;2009-04-04T18:11:59.000000;presidential;;;;277;9126868;49.2;254;8548728;46.1
40535;1916 United States presidential election;2009-04-09T15:38:57.000000;presidential;;;;277;9126868;49.2;254;8548728;46.1
40535;1916 United States presidential election;2009-04-10T10:24:54.000000;presidential;;;;277;9126868;49.2;254;8548728;46.1
40535;1916 United States presidential election;2009-06-16T17:43:30.000000;presidential;;;;277;9126868;49.2;254;8548728;46.1
40535;1916 United States presidential election;2009-06-17T20:46:33.000000;presidential;;;;277;9126868;49.2;254;8548728;46.1
40535;1916 United States presidential election;2010-03-18T16:48:56.000000;presidential;;;;277;0;49.2;254;8548728;46.1
40535;1916 United States presidential election;2010-03-18T20:09:09.000000;presidential;;;;277;9126868;49.2;254;8548728;46.1
40535;1916 United States presidential election;2011-08-09T00:08:04.000000;presidential;;;;277;9126868;49.2;254;8548728;46.1
40535;1916 United States presidential election;2012-03-28T22:08:28.000000;presidential;;;;277;9126868;48.2;254;8548728;47.1
40535;1916 United States presidential election;2012-03-28T23:48:14.000000;presidential;;;;277;9126868;49.2;254;8548728;46.1
40535;1916 United States presidential election;2012-11-26T15:37:23.000000;presidential;531;266;;277;9126868;49.2;254;8548728;46.1
40535;1916 United States presidential election;2013-09-06T11:13:15.000000;presidential;531;266;;277;9126868;49.24;254;8548728;46.12
40535;1916 United States presidential election;2013-09-06T17:18:49.000000;presidential;531;266;;277;9126868;49.2;254;8548728;46.1
40535;1916 United States presidential election;2015-06-11T14:05:00.000000;presidential;531;266;;277;9126868;49.2;254;8548728;46.1
40535;1916 United States presidential election;2016-11-11T23:33:55.000000;presidential;531;266;;254;8548728;46.1;277;9126868;49.2
40535;1916 United States presidential election;2016-11-12T05:10:37.000000;presidential;531;266;;277;9126868;49.2;254;8548728;46.1
40535;1916 United States presidential election;2016-11-14T01:18:32.000000;presidential;531;266;61.6;277;9126868;49.2;254;8548728;46.1
40535;1916 United States presidential election;2016-11-14T02:56:45.000000;presidential;531;266;61.6;277;9126868;49.2;254;8548728;46.1
40535;1916 United States presidential election;2016-11-14T07:33:32.000000;presidential;531;266;61.6;277;9126868;49.2;254;8548728;46.1
40536;1920 United States presidential election;2007-08-07T19:04:00.000000;presidential;;;;404;16144093;60.3;127;9139661;34.1
40536;1920 United States presidential election;2007-10-11T15:11:22.000000;presidential;;;;404;16144093;60.3;127;9139661;34.1
40536;1920 United States presidential election;2008-02-18T19:42:44.000000;presidential;;;;404;16144093;1.0;127;9139661;34.1
40536;1920 United States presidential election;2008-02-18T19:43:12.000000;presidential;;;;404;16144093;60.3;127;9139661;34.1
40536;1920 United States presidential election;2008-03-25T14:17:15.000000;presidential;;;;404;16144093;60.3;127;9139661;34.1
40536;1920 United States presidential election;2008-05-29T01:26:51.000000;presidential;;;;404;16144093;60.3;127;9139661;34.1
40536;1920 United States presidential election;2008-05-29T01:27:39.000000;presidential;;;;404;16144093;60.3;127;9139661;34.1
40536;1920 United States presidential election;2008-09-17T21:34:54.000000;presidential;;;;404;16144093;60.3;127;9139661;34.1
40536;1920 United States presidential election;2009-01-10T22:24:19.000000;presidential;;;;404;16144093;60.4;127;9139661;34.2
40536;1920 United States presidential election;2009-01-10T23:52:50.000000;presidential;;;;404;16144093;60.3;127;9139661;34.1
40536;1920 United States presidential election;2009-01-17T03:09:43.000000;presidential;;;;404;16144093;60.3;127;9139661;34.1
40536;1920 United States presidential election;2009-02-01T16:12:58.000000;presidential;;;;404;16144093;60.3;127;9139661;34.1
40536;1920 United States presidential election;2009-02-01T19:00:25.000000;presidential;;;;404;16144093;60.3;127;9139661;34.1
40536;1920 United States presidential election;2009-02-15T14:13:14.000000;presidential;;;;404;16144093;60.3;127;9139661;34.1
40536;1920 United States presidential election;2009-02-15T14:52:11.000000;presidential;;;;404;16144093;60.3;127;9139661;34.1
40536;1920 United States presidential election;2009-02-15T18:28:16.000000;presidential;;;;404;16144093;60.3;127;9139661;34.1
40536;1920 United States presidential election;2009-02-15T19:31:42.000000;presidential;;;;404;16144093;60.3;127;9139661;34.1
40536;1920 United States presidential election;2009-04-08T18:00:24.000000;presidential;;;;404;16144093;60.3;127;9139661;34.1
40536;1920 United States presidential election;2009-04-09T15:38:17.000000;presidential;;;;404;16144093;60.3;127;9139661;34.1
40536;1920 United States presidential election;2009-04-10T10:25:41.000000;presidential;;;;404;16144093;60.3;127;9139661;34.1
40536;1920 United States presidential election;2009-04-10T13:47:07.000000;presidential;;;;404;16144093;60.3;127;9139661;34.1
40536;1920 United States presidential election;2009-04-10T15:21:10.000000;presidential;;;;404;16144093;60.3;127;9139661;34.1
40536;1920 United States presidential election;2009-04-10T23:32:02.000000;presidential;;;;404;16144093;60.3;127;9139661;34.1
40536;1920 United States presidential election;2009-05-01T17:24:52.000000;presidential;;;;404;16144093;60.3;127;9139661;34.1
40536;1920 United States presidential election;2009-05-06T13:39:06.000000;presidential;;;;404;16144093;60.3;127;9139661;34.1
40536;1920 United States presidential election;2009-05-06T13:39:10.000000;presidential;;;;404;16144093;60.3;127;9139661;34.1
40536;1920 United States presidential election;2009-06-16T17:44:01.000000;presidential;;;;404;16144093;60.3;127;9139661;34.1
40536;1920 United States presidential election;2009-06-17T20:46:54.000000;presidential;;;;404;16144093;60.3;127;9139661;34.1
40536;1920 United States presidential election;2010-04-01T02:50:05.000000;presidential;;;;404;16144093;60.3;127;9139661;34.1
40536;1920 United States presidential election;2010-04-01T02:50:48.000000;presidential;;;;404;16144093;60.3;127;9139661;34.1
40536;1920 United States presidential election;2011-08-09T00:09:47.000000;presidential;;;;404;16144093;60.3;127;9139661;34.1
40536;1920 United States presidential election;2011-10-19T17:46:40.000000;presidential;;;;404;16144093;60.3;127;9139661;34.1
40536;1920 United States presidential election;2011-10-20T19:43:01.000000;presidential;;;;404;16144093;60.3;127;9139661;34.1
40536;1920 United States presidential election;2012-05-07T01:17:45.000000;presidential;;;;404;16144093;60.3;127;9139661;34.1
40536;1920 United States presidential election;2012-05-07T01:19:32.000000;presidential;;;;404;16144093;60.3;127;9139661;34.1
40536;1920 United States presidential election;2012-11-26T15:39:59.000000;presidential;531;266;;404;16144093;60.3;127;9139661;34.1
40536;1920 United States presidential election;2013-01-09T17:51:47.000000;presidential;531;266;;404;16144093;60.3;127;9139661;34.2
40536;1920 United States presidential election;2013-09-06T11:13:47.000000;presidential;531;266;;404;16144093;60.32;127;9139661;34.15
40536;1920 United States presidential election;2013-09-06T17:18:41.000000;presidential;531;266;;404;16144093;60.3;127;9139661;34.2
40536;1920 United States presidential election;2015-12-08T12:51:47.000000;presidential;531;266;;404;16144093;60.3;127;9139661;34.2
40536;1920 United States presidential election;2016-11-14T01:19:03.000000;presidential;531;266;49.2;404;16144093;60.3;127;9139661;34.2
40536;1920 United States presidential election;2016-11-14T02:55:33.000000;presidential;531;266;49.2;404;16144093;60.3;127;9139661;34.2
40536;1920 United States presidential election;2016-11-14T07:33:02.000000;presidential;531;266;49.2;404;16144093;60.3;127;9139661;34.2
40536;1920 United States presidential election;2017-03-20T18:10:25.000000;presidential;531;266;49.2;404;16144093;60.3;127;9139661;34.2
40536;1920 United States presidential election;2017-03-20T18:22:58.000000;presidential;531;266;49.2;404;16144093;60.3;127;9139661;34.2
40536;1920 United States presidential election;2017-10-31T03:20:01.000000;CHICKEN;531;266;49.2;404;16144093;60.3;127;9139661;34.2
40536;1920 United States presidential election;2017-10-31T15:47:55.000000;presidential;531;266;49.2;404;16144093;60.3;127;9139661;34.2
40536;1920 United States presidential election;2017-12-09T00:26:09.000000;presidential;531;266;49.2;404;16144093;60.3;127;9139661;34.1
40537;1924 United States presidential election;2007-08-07T14:02:40.000000;presidential;;;;382;15723789;54.0;136;8386242;28.8
40537;1924 United States presidential election;2007-08-13T10:44:00.000000;presidential;;;;382;15723789;54.0;136;4831706;28.8
40537;1924 United States presidential election;2007-08-13T10:45:19.000000;presidential;;;;382;15723789;54.0;136;8386242;28.8
40537;1924 United States presidential election;2008-10-30T00:03:16.000000;rassberry means my butt;;;;382;15723789;54.0;136;8386242;28.8
40537;1924 United States presidential election;2008-10-30T00:12:07.000000;presidential;;;;382;15723789;54.0;136;8386242;28.8
40537;1924 United States presidential election;2009-01-17T03:11:28.000000;presidential;;;;382;15723789;54.0;136;8386242;28.8
40537;1924 United States presidential election;2009-02-01T16:13:49.000000;presidential;;;;382;15723789;54.0;136;8386242;28.8
40537;1924 United States presidential election;2009-02-01T19:01:36.000000;presidential;;;;382;15723789;54.0;136;8386242;28.8
40537;1924 United States presidential election;2009-02-15T14:13:36.000000;presidential;;;;382;15723789;54.0;136;8386242;28.8
40537;1924 United States presidential election;2009-02-15T14:52:21.000000;presidential;;;;382;15723789;54.0;136;8386242;28.8
40537;1924 United States presidential election;2009-02-15T18:28:32.000000;presidential;;;;382;15723789;54.0;136;8386242;28.8
40537;1924 United States presidential election;2009-02-15T19:31:55.000000;presidential;;;;382;15723789;54.0;136;8386242;28.8
40537;1924 United States presidential election;2009-04-08T18:02:34.000000;presidential;;;;382;15723789;54.0;136;8386242;28.8
40537;1924 United States presidential election;2009-04-09T15:37:59.000000;presidential;;;;382;15723789;54.0;136;8386242;28.8
40537;1924 United States presidential election;2009-04-10T10:26:06.000000;presidential;;;;382;15723789;54.0;136;8386242;28.8
40537;1924 United States presidential election;2009-04-21T06:24:27.000000;presidential;;;;382;15723789;54.0;136;8386242;28.8
40537;1924 United States presidential election;2009-06-16T17:44:35.000000;presidential;;;;382;15723789;54.0;136;8386242;28.8
40537;1924 United States presidential election;2009-06-17T20:47:14.000000;presidential;;;;382;15723789;54.0;136;8386242;28.8
40537;1924 United States presidential election;2009-10-16T19:46:24.000000;presidential;;;;382;15723788;54.0;136;8386242;28.8
40537;1924 United States presidential election;2009-10-16T19:52:16.000000;presidential;;;;382;15723789;54.0;136;8386242;28.8
40537;1924 United States presidential election;2011-08-09T00:10:59.000000;presidential;;;;382;15723789;54.0;136;8386242;28.8
40537;1924 United States presidential election;2012-11-26T15:40:59.000000;presidential;531;266;;382;15723789;54.0;136;8386242;28.8
40537;1924 United States presidential election;2013-09-06T11:14:19.000000;presidential;531;266;;382;15723789;54.04;136;8386242;28.82
40537;1924 United States presidential election;2013-09-06T17:18:26.000000;presidential;531;266;;382;15723789;54.0;136;8386242;28.8
40537;1924 United States presidential election;2016-07-12T23:59:50.000000;presidential;531;266;;274;7516219;25.8;143;13291870;45.7
40537;1924 United States presidential election;2016-07-13T00:01:00.000000;presidential;531;266;;382;15723789;54.0;136;8386242;28.8
40537;1924 United States presidential election;2016-11-14T01:19:42.000000;presidential;531;266;48.9;382;15723789;54.0;136;8386242;28.8
40537;1924 United States presidential election;2016-11-14T02:54:34.000000;presidential;531;266;48.9;382;15723789;54.0;136;8386242;28.8
40537;1924 United States presidential election;2016-11-14T07:32:38.000000;presidential;531;266;48.9;382;15723789;54.0;136;8386242;28.8
40538;1928 United States presidential election;2007-08-07T13:17:30.000000;presidential;;;;444;21427123;58.2;87;15015464;40.8
40538;1928 United States presidential election;2007-11-05T03:57:19.000000;presidential;;;;444;1;58.2;87;15015464;105.54
40538;1928 United States presidential election;2007-11-05T03:57:26.000000;presidential;;;;444;21427123;58.2;87;15015464;40.8
40538;1928 United States presidential election;2008-02-10T23:11:03.000000;presidential;;;;444;21427123;58.2;87;15015464;40.8
40538;1928 United States presidential election;2009-01-17T03:12:59.000000;presidential;;;;444;21427123;58.2;87;15015464;40.8
40538;1928 United States presidential election;2009-02-01T16:14:43.000000;presidential;;;;444;21427123;58.2;87;15015464;40.8
40538;1928 United States presidential election;2009-02-01T19:01:47.000000;presidential;;;;444;21427123;58.2;87;15015464;40.8
40538;1928 United States presidential election;2009-02-15T14:13:56.000000;presidential;;;;444;21427123;58.2;87;15015464;40.8
40538;1928 United States presidential election;2009-02-15T14:52:30.000000;presidential;;;;444;21427123;58.2;87;15015464;40.8
40538;1928 United States presidential election;2009-02-15T18:28:53.000000;presidential;;;;444;21427123;58.2;87;15015464;40.8
40538;1928 United States presidential election;2009-02-15T19:32:14.000000;presidential;;;;444;21427123;58.2;87;15015464;40.8
40538;1928 United States presidential election;2009-04-08T18:04:01.000000;presidential;;;;444;21427123;58.2;87;15015464;40.8
40538;1928 United States presidential election;2009-04-08T19:15:49.000000;presidential;;;;444;21427123;58.2;87;15015464;40.8
40538;1928 United States presidential election;2009-04-09T08:10:03.000000;presidential;;;;444;21427123;58.2;87;15015464;40.8
40538;1928 United States presidential election;2009-04-09T14:54:30.000000;presidential;;;;444;21427123;58.2;87;15015464;40.8
40538;1928 United States presidential election;2009-04-10T10:26:28.000000;presidential;;;;444;21427123;58.2;87;15015464;40.8
40538;1928 United States presidential election;2009-05-10T00:51:13.000000;presidential;;;;444;21427123;58.2;87;15015464;40.8
40538;1928 United States presidential election;2009-06-16T17:45:12.000000;presidential;;;;444;21427123;58.2;87;15015464;40.8
40538;1928 United States presidential election;2009-06-17T20:47:33.000000;presidential;;;;444;21427123;58.2;87;15015464;40.8
40538;1928 United States presidential election;2009-08-01T04:32:37.000000;presidential;;;;444;21427123;58.2;4;15015464;40.8
40538;1928 United States presidential election;2009-08-01T12:42:39.000000;presidential;;;;444;21427123;58.2;87;15015464;40.8
40538;1928 United States presidential election;2011-08-09T00:11:50.000000;presidential;;;;444;21427123;58.2;87;15015464;40.8
40538;1928 United States presidential election;2012-11-26T15:41:46.000000;presidential;531;266;;444;21427123;58.2;87;15015464;40.8
40538;1928 United States presidential election;2013-09-06T11:14:52.000000;presidential;531;266;;444;21427123;58.21;87;15015464;40.8
40538;1928 United States presidential election;2013-09-06T17:18:06.000000;presidential;531;266;;444;21427123;58.2;87;15015464;40.8
40538;1928 United States presidential election;2015-11-12T19:05:25.000000;presidential;531;266;;444;21427123;58.2;87;15015464;40.8
40538;1928 United States presidential election;2015-11-12T19:07:08.000000;presidential;531;266;;444;21427123;58.2;87;15015464;40.8
40538;1928 United States presidential election;2016-04-24T18:42:38.000000;presidential;531;266;;44;1427123;58.2;87;15015464;40.8
40538;1928 United States presidential election;2016-04-24T18:44:16.000000;presidential;531;266;;444;21427123;58.2;87;15015464;40.8
40538;1928 United States presidential election;2016-11-14T01:20:19.000000;presidential;531;266;56.9;444;21427123;58.2;87;15015464;40.8
40538;1928 United States presidential election;2016-11-14T02:53:34.000000;presidential;531;266;56.9;444;21427123;58.2;87;15015464;40.8
40538;1928 United States presidential election;2016-11-14T07:32:14.000000;presidential;531;266;56.9;444;21427123;58.2;87;15015464;40.8
40538;1928 United States presidential election;2018-05-02T01:39:08.000000;presidential;531;266;56.9;444;21427123;58.2;87;15015464;40.8
40538;1928 United States presidential election;2018-05-02T01:40:23.000000;presidential;531;266;56.9;444;21427123;58.2;87;15015464;40.8
40538;1928 United States presidential election;2019-02-17T20:59:32.000000;dab;531;266;56.9;444;21427123;58.2;87;15015464;40.8
40538;1928 United States presidential election;2019-02-17T21:00:06.000000;presidential;531;266;56.9;444;21427123;58.2;87;15015464;40.8
40556;1932 United States presidential election;2007-08-07T13:04:49.000000;presidential;;;;472;22821277;57.4;59;15761254;39.7
40556;1932 United States presidential election;2007-12-27T00:25:32.000000;mayor;;;;1472;22821277;57.4;59;15761254;39.7
40556;1932 United States presidential election;2007-12-27T01:43:35.000000;presidential;;;;472;22821277;57.4;59;15761254;39.7
40556;1932 United States presidential election;2008-02-22T02:15:10.000000;presidential;;;;1245;22821277;57.4;59;15761254;39.7
40556;1932 United States presidential election;2008-02-22T02:17:41.000000;presidential;;;;472;22821277;57.4;59;15761254;39.7
40556;1932 United States presidential election;2008-04-16T02:51:22.000000;presidential;;;;472;22821277;57.4;59;15761254;39.7
40556;1932 United States presidential election;2008-10-17T01:55:21.000000;presidential;;;;472;22821277;57.4;59;15761254;39.7
40556;1932 United States presidential election;2009-01-17T03:14:30.000000;presidential;;;;472;22821277;57.4;59;15761254;39.7
40556;1932 United States presidential election;2009-02-01T16:15:36.000000;presidential;;;;472;22821277;57.4;59;15761254;39.7
40556;1932 United States presidential election;2009-02-01T19:02:00.000000;presidential;;;;472;22821277;57.4;59;15761254;39.7
40556;1932 United States presidential election;2009-02-15T14:14:13.000000;presidential;;;;472;22821277;57.4;59;15761254;39.7
40556;1932 United States presidential election;2009-02-15T14:52:41.000000;presidential;;;;472;22821277;57.4;59;15761254;39.7
40556;1932 United States presidential election;2009-02-15T18:29:15.000000;presidential;;;;472;22821277;57.4;59;15761254;39.7
40556;1932 United States presidential election;2009-02-15T19:32:40.000000;presidential;;;;472;22821277;57.4;59;15761254;39.7
40556;1932 United States presidential election;2009-04-08T18:07:41.000000;presidential;;;;472;22821277;57.4;59;15761254;39.7
40556;1932 United States presidential election;2009-04-09T15:36:19.000000;presidential;;;;472;22821277;57.4;59;15761254;39.7
40556;1932 United States presidential election;2009-04-10T10:26:50.000000;presidential;;;;472;22821277;57.4;59;15761254;39.7
40556;1932 United States presidential election;2009-04-10T10:27:48.000000;presidential;;;;472;22821277;57.4;59;15761254;39.7
40556;1932 United States presidential election;2009-04-10T15:20:46.000000;presidential;;;;472;22821277;57.4;59;15761254;39.7
40556;1932 United States presidential election;2009-04-10T23:32:08.000000;presidential;;;;472;22821277;57.4;59;15761254;39.7
40556;1932 United States presidential election;2009-04-29T22:52:18.000000;presidential;;;;472;22821277;57.4;59;15761254;39.7
40556;1932 United States presidential election;2009-04-30T03:15:37.000000;presidential;;;;472;22821277;57.4;59;15761254;39.7
40556;1932 United States presidential election;2009-04-30T23:45:57.000000;presidential;;;;472;22821277;57.4;59;15761254;39.7
40556;1932 United States presidential election;2009-05-02T04:54:01.000000;presidential;;;;472;22821277;57.4;59;15761254;39.7
40556;1932 United States presidential election;2009-05-10T00:49:20.000000;presidential;;;;472;22821277;57.4;59;15761254;39.7
40556;1932 United States presidential election;2009-05-10T00:50:48.000000;presidential;;;;472;22821277;57.4;59;15761254;39.7
40556;1932 United States presidential election;2009-06-16T17:37:06.000000;presidential;;;;472;22821277;57.4;59;15761254;39.7
40556;1932 United States presidential election;2009-06-17T20:19:40.000000;presidential;;;;472;22821277;57.4;59;15761254;39.7
40556;1932 United States presidential election;2010-11-21T21:58:43.000000;presidential;;;;892;22821277;71.09;5;15761254;21.0
40556;1932 United States presidential election;2010-11-21T22:06:46.000000;presidential;;;;472;22821277;57.4;59;15761254;39.7
40556;1932 United States presidential election;2010-11-21T22:11:28.000000;presidentil;;;;472;22821277;57.4;59;15761254;39.7
40556;1932 United States presidential election;2010-11-21T22:12:01.000000;presidential;;;;472;22821277;57.4;59;15761254;39.7
40556;1932 United States presidential election;2010-11-22T07:40:30.000000;presidential;;;;472;22821277;57.4;59;15761254;39.7
40556;1932 United States presidential election;2012-11-26T15:42:55.000000;presidential;531;266;;472;22821277;57.4;59;15761254;39.7
40556;1932 United States presidential election;2013-09-06T11:15:27.000000;presidential;531;266;;472;22821277;57.41;59;15761254;39.65
40556;1932 United States presidential election;2013-09-06T17:18:05.000000;presidential;531;266;;472;22821277;57.4;59;15761254;39.7
40556;1932 United States presidential election;2014-03-13T14:53:13.000000;presidential;531;266;;472;22821277;57.4;59;15761254;47.0
40556;1932 United States presidential election;2014-03-13T14:53:24.000000;presidential;531;266;;472;22821277;57.4;59;15761254;39.7
40556;1932 United States presidential election;2014-12-11T13:32:43.000000;presidential;531;266;;472;22821277;57.4;59;15761254;39.7
40556;1932 United States presidential election;2016-07-02T05:26:22.000000;presidential;531;266;;472;22821277;57.4;59;15761254;39.7
40556;1932 United States presidential election;2016-11-09T16:01:56.000000;presidential not;531;266;;472;22821277;57.4;59;15761254;39.7
40556;1932 United States presidential election;2016-11-09T16:02:56.000000;presidential;531;266;;472;22821277;57.4;59;15761254;39.7
40556;1932 United States presidential election;2016-11-14T01:20:54.000000;presidential;531;266;56.9;472;22821277;57.4;59;15761254;39.7
40556;1932 United States presidential election;2016-11-14T02:52:30.000000;presidential;531;266;56.9;472;22821277;57.4;59;15761254;39.7
40556;1932 United States presidential election;2016-11-14T07:31:52.000000;presidential;531;266;56.9;472;22821277;57.4;59;15761254;39.7
40556;1932 United States presidential election;2016-11-16T20:24:46.000000;presidential;531;266;56.9;472;22821277;57.4;59;15761254;39.7
40556;1932 United States presidential election;2017-01-09T06:28:35.000000;presidential;531;266;56.9;261;22821277;45.9;270;15761254;55.5
40556;1932 United States presidential election;2017-01-09T06:29:28.000000;presidential;531;266;56.9;472;22821277;57.4;59;15761254;39.7
40556;1932 United States presidential election;2017-08-01T12:44:28.000000;presidential;531;266;66.9;472;22821277;57.4;59;15761254;39.7
40556;1932 United States presidential election;2017-08-01T12:44:49.000000;presidential;531;266;56.9;472;22821277;57.4;59;15761254;39.7
40556;1932 United States presidential election;2017-10-16T19:52:46.000000;chicken;531;266;56.9;472;22821277;57.4;59;15761254;39.7
40556;1932 United States presidential election;2017-10-16T19:52:50.000000;presidential;531;266;56.9;472;22821277;57.4;59;15761254;39.7
40556;1932 United States presidential election;2018-02-09T00:35:19.000000;presidential;531;267;56.9;472;22821277;57.4;59;15761254;39.7
40556;1932 United States presidential election;2018-12-01T04:09:17.000000;presidential;531;266;56.9;472;22821277;57.4;59;15761254;39.7
40558;1936 United States presidential election;2007-08-07T12:54:18.000000;presidential;;;;523;27752648;60.8;8;16681862;36.5
40558;1936 United States presidential election;2008-10-07T15:36:10.000000;presidential;;;;523;27752648;60.8;8;16681862;36.5
40558;1936 United States presidential election;2008-10-20T15:18:46.000000;presidential;;;;523;27752648;60.8;8;16681862;36.5
40558;1936 United States presidential election;2008-10-21T12:25:15.000000;presidential;;;;523;27752648;60.8;8;16681862;36.5
40558;1936 United States presidential election;2008-10-21T13:27:36.000000;presidential;;;;523;27752648;60.8;8;16681862;36.5
40558;1936 United States presidential election;2009-01-17T03:15:26.000000;presidential;;;;523;27752648;60.8;8;16681862;36.5
40558;1936 United States presidential election;2009-02-01T16:16:11.000000;presidential;;;;523;27752648;60.8;8;16681862;36.5
40558;1936 United States presidential election;2009-02-01T19:02:11.000000;presidential;;;;523;27752648;60.8;8;16681862;36.5
40558;1936 United States presidential election;2009-02-15T14:14:29.000000;presidential;;;;523;27752648;60.8;8;16681862;36.5
40558;1936 United States presidential election;2009-02-15T14:53:02.000000;presidential;;;;523;27752648;60.8;8;16681862;36.5
40558;1936 United States presidential election;2009-02-15T18:29:32.000000;presidential;;;;523;27752648;60.8;8;16681862;36.5
40558;1936 United States presidential election;2009-02-15T19:32:49.000000;presidential;;;;523;27752648;60.8;8;16681862;36.5
40558;1936 United States presidential election;2009-04-08T18:10:38.000000;presidential;;;;523;27752648;60.8;8;16681862;36.5
40558;1936 United States presidential election;2009-04-09T15:35:02.000000;presidential;;;;523;27752648;60.8;8;16681862;36.5
40558;1936 United States presidential election;2009-04-10T10:27:09.000000;presidential;;;;523;27752648;60.8;8;16681862;36.5
40558;1936 United States presidential election;2009-04-10T10:29:43.000000;presidential;;;;523;27752648;60.8;8;16681862;36.5
40558;1936 United States presidential election;2009-04-10T15:20:28.000000;presidential;;;;523;27752648;60.8;8;16681862;36.5
40558;1936 United States presidential election;2009-04-10T23:32:31.000000;presidential;;;;523;27752648;60.8;8;16681862;36.5
40558;1936 United States presidential election;2009-04-29T22:51:45.000000;presidential;;;;523;27752648;60.8;8;16681862;36.5
40558;1936 United States presidential election;2009-04-30T03:02:49.000000;presidential;;;;523;27752648;60.8;8;16681862;36.5
40558;1936 United States presidential election;2009-06-16T17:37:50.000000;presidential;;;;523;27752648;60.8;8;16681862;36.5
40558;1936 United States presidential election;2009-06-17T20:19:41.000000;presidential;;;;523;27752648;60.8;8;16681862;36.5
40558;1936 United States presidential election;2010-11-22T07:42:20.000000;presidential;;;;523;27752648;60.8;8;16681862;36.5
40558;1936 United States presidential election;2013-06-17T15:55:03.000000;presidential;531;266;;523;27752648;60.8;8;16681862;36.5
40558;1936 United States presidential election;2013-09-06T11:15:58.000000;presidential;531;266;;523;27752648;60.8;8;16681862;36.54
40558;1936 United States presidential election;2013-09-06T17:17:45.000000;presidential;531;266;;523;27752648;60.8;8;16681862;36.5
40558;1936 United States presidential election;2014-07-06T21:51:02.000000;presidential;531;266;;523;27747636;60.8;8;16679543;36.5
40558;1936 United States presidential election;2016-05-29T22:47:47.000000;presidential;531;266;;523;27747636;60.8;8;16679543;36.5
40558;1936 United States presidential election;2016-09-01T23:16:01.000000;presidential;531;266;;523;27747636;60.8;8;16679543;36.5
40558;1936 United States presidential election;2016-09-01T23:18:53.000000;presidential;531;266;;523;27747636;60.8;8;16679543;36.5
40558;1936 United States presidential election;2016-09-01T23:23:31.000000;presidential;531;266;;523;27747636;60.8;8;16679543;36.5
40558;1936 United States presidential election;2016-11-14T01:21:35.000000;presidential;531;266;61.0;523;27747636;60.8;8;16679543;36.5
40558;1936 United States presidential election;2016-11-14T02:49:42.000000;presidential;531;266;61.0;523;27747636;60.8;8;16679543;36.5
40558;1936 United States presidential election;2016-11-14T07:30:45.000000;presidential;531;266;61.0;523;27747636;60.8;8;16679543;36.5
40559;1940 United States presidential election;2007-08-07T12:40:36.000000;presidential;;;;449;27313945;54.7;82;22347744;44.8
40559;1940 United States presidential election;2008-12-29T12:00:54.000000;presidential;;;;449;27313945;54.7;82;22347744;44.7
40559;1940 United States presidential election;2009-01-17T03:16:16.000000;presidential;;;;449;27313945;54.7;82;22347744;44.7
40559;1940 United States presidential election;2009-02-01T16:16:50.000000;presidential;;;;449;27313945;54.7;82;22347744;44.7
40559;1940 United States presidential election;2009-02-01T19:02:23.000000;presidential;;;;449;27313945;54.7;82;22347744;44.7
40559;1940 United States presidential election;2009-02-15T14:14:48.000000;presidential;;;;449;27313945;54.7;82;22347744;44.7
40559;1940 United States presidential election;2009-02-15T14:53:36.000000;presidential;;;;449;27313945;54.7;82;22347744;44.7
40559;1940 United States presidential election;2009-02-15T18:29:50.000000;presidential;;;;449;27313945;54.7;82;22347744;44.7
40559;1940 United States presidential election;2009-02-15T19:32:58.000000;presidential;;;;449;27313945;54.7;82;22347744;44.7
40559;1940 United States presidential election;2009-04-08T18:12:18.000000;presidential;;;;449;27313945;54.7;82;22347744;44.7
40559;1940 United States presidential election;2009-04-09T15:34:44.000000;presidential;;;;449;27313945;54.7;82;22347744;44.7
40559;1940 United States presidential election;2009-04-10T10:27:35.000000;presidential;;;;449;27313945;54.7;82;22347744;44.7
40559;1940 United States presidential election;2009-04-10T23:43:00.000000;presidential;;;;449;27313945;54.7;82;22347744;44.7
40559;1940 United States presidential election;2009-04-29T22:50:57.000000;presidential;;;;449;27313945;54.7;82;22347744;44.7
40559;1940 United States presidential election;2009-04-30T03:03:41.000000;presidential;;;;449;27313945;54.7;82;22347744;44.7
40559;1940 United States presidential election;2009-06-16T17:38:43.000000;presidential;;;;449;27313945;54.7;82;22347744;44.7
40559;1940 United States presidential election;2009-06-17T20:19:42.000000;presidential;;;;449;27313945;54.7;82;22347744;44.7
40559;1940 United States presidential election;2011-08-09T00:12:37.000000;presidential;;;;449;27313945;54.7;82;22347744;44.7
40559;1940 United States presidential election;2012-01-20T14:14:13.000000;presidential;;;;449;27313945;54.7;82;22347744;44.8
40559;1940 United States presidential election;2013-06-17T15:55:18.000000;presidential;531;266;;449;27313945;54.7;82;22347744;44.8
40559;1940 United States presidential election;2013-09-06T11:16:30.000000;presidential;531;266;;449;27313945;54.74;82;22347744;44.78
40559;1940 United States presidential election;2013-09-06T17:17:18.000000;presidential;531;266;;449;27313945;54.7;82;22347744;44.8
40559;1940 United States presidential election;2014-05-25T18:17:35.000000;presidential;531;266;;449;27313945;54.7;82;22347744;44.8
40559;1940 United States presidential election;2014-05-25T18:17:38.000000;presidential;531;266;;449;27313945;54.7;82;22347744;44.8
40559;1940 United States presidential election;2014-05-25T18:20:00.000000;presidential;531;266;;449;27313945;54.7;82;22347744;44.8
40559;1940 United States presidential election;2014-05-25T18:23:54.000000;presidential;531;266;;449;27313945;54.7;82;22347744;44.8
40559;1940 United States presidential election;2016-11-14T01:22:12.000000;presidential;531;266;62.5;449;27313945;54.7;82;22347744;44.8
40559;1940 United States presidential election;2016-11-14T02:44:46.000000;presidential;531;266;62.5;449;27313945;54.7;82;22347744;44.8
40559;1940 United States presidential election;2016-11-14T07:30:21.000000;presidential;531;266;62.5;449;27313945;54.7;82;22347744;44.8
40559;1940 United States presidential election;2019-01-25T03:41:50.000000;presidential;531;266;62.5;449;27313945;54.72;82;22347744;44.78
40560;1944 United States presidential election;2007-08-07T12:25:46.000000;presidential;;;;432;25612916;53.4;99;22017929;45.9
40560;1944 United States presidential election;2009-01-17T03:17:39.000000;presidential;;;;432;25612916;53.4;99;22017929;45.9
40560;1944 United States presidential election;2009-02-01T16:17:44.000000;presidential;;;;432;25612916;53.4;99;22017929;45.9
40560;1944 United States presidential election;2009-02-01T19:02:38.000000;presidential;;;;432;25612916;53.4;99;22017929;45.9
40560;1944 United States presidential election;2009-02-15T14:15:19.000000;presidential;;;;432;25612916;53.4;99;22017929;45.9
40560;1944 United States presidential election;2009-02-15T14:53:49.000000;presidential;;;;432;25612916;53.4;99;22017929;45.9
40560;1944 United States presidential election;2009-02-15T18:30:29.000000;presidential;;;;432;25612916;53.4;99;22017929;45.9
40560;1944 United States presidential election;2009-02-15T19:33:07.000000;presidential;;;;432;25612916;53.4;99;22017929;45.9
40560;1944 United States presidential election;2009-04-08T18:14:21.000000;presidential;;;;432;25612916;53.4;99;22017929;45.9
40560;1944 United States presidential election;2009-04-09T14:53:49.000000;presidential;;;;432;25612916;53.4;99;22017929;45.9
40560;1944 United States presidential election;2009-04-10T10:27:55.000000;presidential;;;;432;25612916;53.4;99;22017929;45.9
40560;1944 United States presidential election;2009-04-10T23:42:51.000000;presidential;;;;432;25612916;53.4;99;22017929;45.9
40560;1944 United States presidential election;2009-04-29T22:49:50.000000;presidential;;;;432;25612916;53.4;99;22017929;45.9
40560;1944 United States presidential election;2009-04-30T03:17:53.000000;presidential;;;;432;25612916;53.4;99;22017929;45.9
40560;1944 United States presidential election;2009-06-16T17:39:22.000000;presidential;;;;432;25612916;53.4;99;22017929;45.9
40560;1944 United States presidential election;2009-06-17T20:19:43.000000;presidential;;;;432;25612916;53.4;99;22017929;45.9
40560;1944 United States presidential election;2011-04-26T09:13:37.000000;presidential;;;;432;25612916;53.4;99;22017929;45.9
40560;1944 United States presidential election;2013-06-17T15:55:36.000000;presidential;531;266;;432;25612916;53.4;99;22017929;45.9
40560;1944 United States presidential election;2013-09-06T11:16:56.000000;presidential;531;266;;432;25612916;53.39;99;22017929;45.89
40560;1944 United States presidential election;2013-09-06T17:17:18.000000;presidential;531;266;;432;25612916;53.4;99;22017929;45.9
40560;1944 United States presidential election;2015-02-13T22:36:58.000000;presidential;530;266;;432;25612916;53.4;99;22017929;45.9
40560;1944 United States presidential election;2015-02-14T02:39:50.000000;presidential;531;266;;432;25612916;53.4;99;22017929;45.9
40560;1944 United States presidential election;2016-11-14T01:22:56.000000;presidential;531;266;55.9;432;25612916;53.4;99;22017929;45.9
40560;1944 United States presidential election;2016-11-14T02:43:58.000000;presidential;531;266;55.9;432;25612916;53.4;99;22017929;45.9
40560;1944 United States presidential election;2016-11-14T07:29:51.000000;presidential;531;266;55.9;432;25612916;53.4;99;22017929;45.9
40560;1944 United States presidential election;2019-01-23T03:43:09.000000;presidential;531;266;55.9;432;25612916;53.38;99;22017929;45.89
40562;1948 United States presidential election;2007-08-07T10:41:45.000000;presidential;;;;303;24179347;49.6;189;21991292;45.1
40562;1948 United States presidential election;2008-12-12T02:21:36.000000;presidential;;;;303;24179347;49.6;189;21991292;45.1
40562;1948 United States presidential election;2008-12-12T02:21:53.000000;presidential;;;;303;24179347;49.6;189;21991292;45.1
40562;1948 United States presidential election;2008-12-24T19:20:47.000000;presidential;;;;303;24179347;49.6;189;21991292;45.1
40562;1948 United States presidential election;2008-12-24T19:23:12.000000;presidential;;;;303;24179347;49.6;189;21991292;45.1
40562;1948 United States presidential election;2009-01-17T03:18:25.000000;presidential;;;;303;24179347;49.6;189;21991292;45.1
40562;1948 United States presidential election;2009-02-01T16:18:27.000000;presidential;;;;303;24179347;49.6;189;21991292;45.1
40562;1948 United States presidential election;2009-02-01T19:02:54.000000;presidential;;;;303;24179347;49.6;189;21991292;45.1
40562;1948 United States presidential election;2009-02-15T14:15:41.000000;presidential;;;;303;24179347;49.6;189;21991292;45.1
40562;1948 United States presidential election;2009-02-15T14:54:05.000000;presidential;;;;303;24179347;49.6;189;21991292;45.1
40562;1948 United States presidential election;2009-02-15T18:30:55.000000;presidential;;;;303;24179347;49.6;189;21991292;45.1
40562;1948 United States presidential election;2009-02-15T19:31:43.000000;presidential;;;;303;24179347;49.6;189;21991292;45.1
40562;1948 United States presidential election;2009-04-08T18:17:03.000000;presidential;;;;303;24179347;49.6;189;21991292;45.1
40562;1948 United States presidential election;2009-04-09T15:34:05.000000;presidential;;;;303;24179347;49.6;189;21991292;45.1
40562;1948 United States presidential election;2009-04-10T10:28:51.000000;presidential;;;;303;24179347;49.6;189;21991292;45.1
40562;1948 United States presidential election;2009-04-10T23:41:40.000000;presidential;;;;303;24179347;49.6;189;21991292;45.1
40562;1948 United States presidential election;2009-04-29T22:47:55.000000;presidential;;;;303;24179347;49.6;189;21991292;45.1
40562;1948 United States presidential election;2009-04-30T03:07:25.000000;presidential;;;;303;24179347;49.6;189;21991292;45.1
40562;1948 United States presidential election;2009-06-16T17:40:11.000000;presidential;;;;303;24179347;49.6;189;21991292;45.1
40562;1948 United States presidential election;2009-06-17T20:19:49.000000;presidential;;;;303;24179347;49.6;189;21991292;45.1
40562;1948 United States presidential election;2010-11-30T05:44:15.000000;presidential;;;;189;21991292;45.1;303;24179347;49.6
40562;1948 United States presidential election;2010-11-30T05:49:12.000000;presidential;;;;303;24179347;49.6;189;21991292;45.1
40562;1948 United States presidential election;2011-01-28T19:06:16.000000;presidential;;;;303;24179347;49.5;189;21991292;45.1
40562;1948 United States presidential election;2011-01-28T19:07:49.000000;presidential;;;;303;24179347;49.6;189;21991292;45.1
40562;1948 United States presidential election;2011-04-26T09:14:13.000000;presidential;;;;303;24179347;49.6;189;21991292;45.1
40562;1948 United States presidential election;2012-03-20T20:57:59.000000;presidential;;;;303;24179347;49.6;189;21991292;45.1
40562;1948 United States presidential election;2012-03-20T21:32:37.000000;presidential;;;;303;24179347;49.6;189;21991292;45.1
40562;1948 United States presidential election;2012-05-31T16:31:29.000000;presidential;;;;308;24179347;49.6;176;21991292;45.1
40562;1948 United States presidential election;2012-05-31T17:21:31.000000;presidential;;;;303;24179347;49.6;189;21991292;45.1
40562;1948 United States presidential election;2012-06-30T18:58:59.000000;presidential;531;266;;303;24179347;49.6;189;21991292;45.1
40562;1948 United States presidential election;2013-01-03T21:45:03.000000;presidential;531;266;;303;24179347;49.6;189;21991292;45.1
40562;1948 United States presidential election;2013-01-07T22:00:55.000000;presidential;531;266;;303;24179347;49.6;189;21991292;45.1
40562;1948 United States presidential election;2013-01-07T22:01:31.000000;presidential;531;266;;303;24179347;49.6;189;21991292;45.1
40562;1948 United States presidential election;2013-01-08T17:02:39.000000;presidential;531;266;;303;24179347;49.6;189;21991292;45.1
40562;1948 United States presidential election;2013-09-06T11:17:39.000000;presidential;531;266;;303;24179347;49.55;189;21991292;45.07
40562;1948 United States presidential election;2013-09-06T17:16:58.000000;presidential;531;266;;303;24179347;49.6;189;21991292;45.1
40562;1948 United States presidential election;2015-07-21T04:15:53.000000;presidential;531;266;;303;24179347;49.6;189;21991292;45.1
40562;1948 United States presidential election;2016-07-14T11:28:57.000000;presidential;531;266;;0;0;46.0;0;0;0.0
40562;1948 United States presidential election;2016-07-14T11:30:40.000000;presidential;531;266;;0;0;46.0;0;0;43.9
40562;1948 United States presidential election;2016-07-14T11:37:21.000000;presidential;531;266;;270;0;46.0;223;0;44.2
40562;1948 United States presidential election;2016-07-14T11:42:39.000000;presidential;531;266;;303;24179347;49.6;189;21991292;45.1
40562;1948 United States presidential election;2016-11-14T01:23:35.000000;presidential;531;266;53.0;303;24179347;49.6;189;21991292;45.1
40562;1948 United States presidential election;2016-11-14T02:43:14.000000;presidential;531;266;53.0;303;24179347;49.6;189;21991292;45.1
40562;1948 United States presidential election;2016-11-14T07:28:41.000000;presidential;531;266;53.0;303;24179347;49.6;189;21991292;45.1
40562;1948 United States presidential election;2017-04-08T14:33:05.000000;presidential;531;266;53.0;303;24179347;49.6;189;21991292;45.1
40562;1948 United States presidential election;2017-04-10T01:06:28.000000;presidential;531;266;53.0;303;24179347;49.6;189;21991292;45.1
40562;1948 United States presidential election;2017-04-10T01:09:42.000000;presidential;531;266;53.0;303;24179347;49.55;189;21991292;45.07
40562;1948 United States presidential election;2017-04-10T19:29:50.000000;presidential;531;266;53.0;303;24179347;49.55;189;21991292;45.07
40562;1948 United States presidential election;2017-08-23T13:13:23.000000;presidential;531;266;53.0;303;24179347;49.6;189;21991292;45.1
40562;1948 United States presidential election;2019-01-23T01:58:36.000000;presidential;531;266;53.0;303;24179347;49.55;39;1175930;2.41
40562;1948 United States presidential election;2019-01-23T01:58:55.000000;presidential;531;266;53.0;303;24179347;49.55;189;27375090;45.07
40562;1948 United States presidential election;2019-01-24T05:44:30.000000;presidential;531;266;53.0;303;24179347;49.55;189;21991292;45.07
40563;1952 United States presidential election;2007-08-07T07:54:10.000000;presidential;;;;442;34075529;55.2;89;27375090;44.3
40563;1952 United States presidential election;2009-01-17T03:19:45.000000;presidential;;;;442;34075529;55.2;89;27375090;44.3
40563;1952 United States presidential election;2009-02-01T16:19:15.000000;presidential;;;;442;34075529;55.2;89;27375090;44.3
40563;1952 United States presidential election;2009-02-01T19:03:34.000000;presidential;;;;442;34075529;55.2;89;27375090;44.3
40563;1952 United States presidential election;2009-02-11T19:01:41.000000;presidential;;;;1;34075529;55.2;89;27375090;44.3
40563;1952 United States presidential election;2009-02-11T19:02:01.000000;presidential;;;;442;34075529;55.2;89;27375090;44.3
40563;1952 United States presidential election;2009-02-15T14:15:57.000000;presidential;;;;442;34075529;55.2;89;27375090;44.3
40563;1952 United States presidential election;2009-02-15T14:54:16.000000;presidential;;;;442;34075529;55.2;89;27375090;44.3
40563;1952 United States presidential election;2009-02-15T18:31:13.000000;presidential;;;;442;34075529;55.2;89;27375090;44.3
40563;1952 United States presidential election;2009-02-15T19:30:19.000000;presidential;;;;442;34075529;55.2;89;27375090;44.3
40563;1952 United States presidential election;2009-04-08T18:19:43.000000;presidential;;;;442;34075529;55.2;89;27375090;44.3
40563;1952 United States presidential election;2009-04-09T15:06:51.000000;presidential;;;;442;34075529;55.2;89;27375090;44.3
40563;1952 United States presidential election;2009-04-10T10:29:15.000000;presidential;;;;442;34075529;55.2;89;27375090;44.3
40563;1952 United States presidential election;2009-04-10T23:41:29.000000;presidential;;;;442;34075529;55.2;89;27375090;44.3
40563;1952 United States presidential election;2009-06-16T17:36:10.000000;presidential;;;;442;34075529;55.2;89;27375090;44.3
40563;1952 United States presidential election;2009-06-17T20:19:36.000000;presidential;;;;442;34075529;55.2;89;27375090;44.3
40563;1952 United States presidential election;2010-03-17T23:10:05.000000;presidential;;;;442;34075529;55.2;89;27375090;44.3
40563;1952 United States presidential election;2010-03-17T23:10:54.000000;presidential;;;;442;34075529;55.2;89;27375090;44.3
40563;1952 United States presidential election;2010-11-23T06:30:20.000000;presidential;;;;442;34075529;55.2;89;27375090;44.3
40563;1952 United States presidential election;2012-06-30T18:57:25.000000;presidential;531;266;;442;34075529;55.2;89;27375090;44.3
40563;1952 United States presidential election;2012-11-26T14:54:30.000000;presidential;531;266;;42;34075529;55.2;89;27375090;44.3
40563;1952 United States presidential election;2012-11-26T18:01:43.000000;presidential;531;266;;442;34075529;55.2;89;27375090;44.3
40563;1952 United States presidential election;2013-09-06T11:18:18.000000;presidential;531;266;;442;34075529;55.18;89;27375090;44.33
40563;1952 United States presidential election;2013-09-06T17:16:40.000000;presidential;531;266;;442;34075529;55.2;89;27375090;44.3
40563;1952 United States presidential election;2016-11-14T01:24:25.000000;presidential;531;266;63.3;442;34075529;55.2;89;27375090;44.3
40563;1952 United States presidential election;2016-11-14T02:41:57.000000;presidential;531;266;63.3;442;34075529;55.2;89;27375090;44.3
40563;1952 United States presidential election;2016-11-14T07:28:17.000000;presidential;531;266;63.3;442;34075529;55.2;89;27375090;44.3
40563;1952 United States presidential election;2016-12-08T13:56:09.000000;presidential;531;270;63.3;442;34075529;55.2;89;27375090;44.3
40563;1952 United States presidential election;2016-12-09T04:09:38.000000;presidential;531;266;63.3;442;34075529;55.2;89;27375090;44.3
40563;1952 United States presidential election;2017-01-23T18:32:25.000000;ass;531;266;63.3;442;34075529;55.2;89;27375090;44.3
40563;1952 United States presidential election;2017-01-23T18:32:43.000000;presidential;531;266;63.3;442;34075529;55.2;89;27375090;44.3
40563;1952 United States presidential election;2019-01-23T00:34:26.000000;presidential;531;266;63.3;442;34075529;55.15;89;27375090;44.33
40564;1956 United States presidential election;2007-08-07T07:48:02.000000;presidential;;;;457;35579180;57.4;73;26028028;42.0
40564;1956 United States presidential election;2007-12-22T04:10:05.000000;presidential;;;;457;35579180;57.4;73;26028028;42.0
40564;1956 United States presidential election;2008-05-04T23:13:05.000000;presidential;;;;457;35579180;57.4;73;26028028;42.0
40564;1956 United States presidential election;2008-12-14T00:10:27.000000;presidential;;;;457;;57.4;73;26028028;42.0
40564;1956 United States presidential election;2008-12-14T00:10:33.000000;presidential;;;;457;35579180;57.4;73;26028028;42.0
40564;1956 United States presidential election;2009-01-17T03:20:15.000000;presidential;;;;457;35579180;57.4;73;26028028;42.0
40564;1956 United States presidential election;2009-02-01T16:20:54.000000;presidential;;;;457;35579180;57.4;73;26028028;42.0
40564;1956 United States presidential election;2009-02-01T19:03:50.000000;presidential;;;;457;35579180;57.4;73;26028028;42.0
40564;1956 United States presidential election;2009-02-15T14:16:26.000000;presidential;;;;457;35579180;57.4;73;26028028;42.0
40564;1956 United States presidential election;2009-02-15T14:54:26.000000;presidential;;;;457;35579180;57.4;73;26028028;42.0
40564;1956 United States presidential election;2009-02-15T18:33:03.000000;presidential;;;;457;35579180;57.4;73;26028028;42.0
40564;1956 United States presidential election;2009-02-15T19:20:36.000000;presidential;;;;457;35579180;57.4;73;26028028;42.0
40564;1956 United States presidential election;2009-03-16T19:30:39.000000;presidential;;;;457;35579180;57.4;73;26028028;42.0
40564;1956 United States presidential election;2009-03-16T19:33:07.000000;presidential;;;;457;35579180;57.4;73;26028028;42.0
40564;1956 United States presidential election;2009-04-08T18:22:23.000000;presidential;;;;457;35579180;57.4;73;26028028;42.0
40564;1956 United States presidential election;2009-04-09T15:06:31.000000;presidential;;;;457;35579180;57.4;73;26028028;42.0
40564;1956 United States presidential election;2009-04-10T10:29:38.000000;presidential;;;;457;35579180;57.4;73;26028028;42.0
40564;1956 United States presidential election;2009-04-10T23:40:20.000000;presidential;;;;457;35579180;57.4;73;26028028;42.0
40564;1956 United States presidential election;2009-04-23T20:28:24.000000;presidential;;;;457;35579180;57.4;12;12000;8.0
40564;1956 United States presidential election;2009-04-23T20:29:06.000000;presidential;;;;457;35579180;57.4;73;26028028;42.0
40564;1956 United States presidential election;2009-06-16T17:35:28.000000;presidential;;;;457;35579180;57.4;73;26028028;42.0
40564;1956 United States presidential election;2009-06-17T20:48:31.000000;presidential;;;;457;35579180;57.4;73;26028028;42.0
40564;1956 United States presidential election;2010-11-23T06:29:37.000000;presidential;;;;457;35579180;57.4;73;26028028;42.0
40564;1956 United States presidential election;2012-06-30T18:56:41.000000;presidential;531;266;;457;35579180;57.4;73;26028028;42.0
40564;1956 United States presidential election;2012-09-14T16:44:04.000000;presidential;531;266;;457;35579180;57.4;73;26028028;42.0
40564;1956 United States presidential election;2012-09-14T16:54:33.000000;presidential;531;266;;457;35579180;57.4;73;26028028;42.0
40564;1956 United States presidential election;2013-09-06T11:18:59.000000;presidential;531;266;;457;35579180;57.37;73;26028028;41.97
40564;1956 United States presidential election;2013-09-06T17:16:16.000000;presidential;531;266;;457;35579180;57.4;73;26028028;42.0
40564;1956 United States presidential election;2016-11-14T01:25:04.000000;presidential;531;266;60.6;457;35579180;57.4;73;26028028;42.0
40564;1956 United States presidential election;2016-11-14T02:40:37.000000;presidential;531;266;60.6;457;35579180;57.4;73;26028028;42.0
40564;1956 United States presidential election;2016-11-14T07:27:44.000000;presidential;531;266;60.6;457;35579180;57.4;73;26028028;42.0
40564;1956 United States presidential election;2017-02-27T07:40:40.000000;presidential BoBby;531;266;60.6;457;35579180;57.4;73;26028028;42.0
40564;1956 United States presidential election;2017-02-27T08:56:10.000000;presidential;531;266;60.6;457;35579180;57.4;73;26028028;42.0
40564;1956 United States presidential election;2017-04-08T14:32:26.000000;presidential;531;266;60.6;457;35579180;57.4;73;26028028;42.0
40564;1956 United States presidential election;2017-04-10T19:27:22.000000;presidential;531;266;60.6;457;35579180;57.4;73;26028028;42.0
40564;1956 United States presidential election;2019-01-23T00:29:18.000000;presidential;531;266;60.6;457;35579180;57.38;73;26028028;41.97
40564;1956 United States presidential election;2019-02-15T13:50:14.000000;presidential;531;266;60.6;457;35579180;57.38;73;26028028;41.97
40564;1956 United States presidential election;2019-05-26T12:02:13.000000;presidential;531;266;60.6;457;35579180;57.38;73;26028028;41.97
40565;1960 United States presidential election;2007-08-06T20:47:19.000000;presidential;;;;303;34220984;49.7;219;34108157;49.5
40565;1960 United States presidential election;2007-10-02T11:43:42.000000;presidential;;;;303;34220984;50.01;302;34220983;49.99
40565;1960 United States presidential election;2007-10-02T11:52:33.000000;presidential;;;;303;34220984;49.7;219;34108157;49.5
40565;1960 United States presidential election;2007-12-11T00:44:01.000000;presidential;;;;303;34220984;49.7;219;34108157;49.5
40565;1960 United States presidential election;2007-12-18T16:25:52.000000;presidential;;;;15;34220984;49.7;219;34108157;49.5
40565;1960 United States presidential election;2007-12-18T16:26:33.000000;presidential;;;;303;34220984;49.7;219;34108157;49.5
40565;1960 United States presidential election;2007-12-18T16:43:24.000000;presidential;;;;303;34220984;49.7;219;34108157;49.6
40565;1960 United States presidential election;2007-12-19T00:05:52.000000;presidential;;;;303;34220984;49.7;219;34108157;49.5
40565;1960 United States presidential election;2007-12-19T00:54:07.000000;presidential;;;;303;34220984;49.7;15;34108157;0.4
40565;1960 United States presidential election;2007-12-19T00:55:20.000000;presidential;;;;303;34220984;49.7;219;34108157;49.5
40565;1960 United States presidential election;2008-03-30T17:18:50.000000;presidential;;;;303;34220984;49.7;219;34108157;49.5
40565;1960 United States presidential election;2008-04-02T23:56:36.000000;presidential;;;;219;34220984;49.7;303;34108157;49.5
40565;1960 United States presidential election;2008-04-02T23:58:32.000000;presidential;;;;219;34220984;49.7;303;34108157;49.5
40565;1960 United States presidential election;2008-04-03T00:00:28.000000;presidential;;;;8;34220984;49.7;303;34108157;49.5
40565;1960 United States presidential election;2008-04-03T05:26:36.000000;presidential;;;;303;34220984;49.7;219;34108157;49.5
40565;1960 United States presidential election;2008-05-06T09:23:44.000000;presidential;;;;303;34220984;49.7;219;34108157;49.5
40565;1960 United States presidential election;2008-05-06T09:24:19.000000;presidential;;;;303;34220984;49.7;219;34108157;49.5
40565;1960 United States presidential election;2008-07-27T22:29:28.000000;presidential;;;;303;34108157;49.9;219;34108158;50.1
40565;1960 United States presidential election;2008-07-28T22:42:32.000000;presidential;;;;303;34220984;49.7;219;34108157;49.6
40565;1960 United States presidential election;2008-08-08T20:14:33.000000;presidential;;;;303;34220984;49.9;219;34108157;49.6
40565;1960 United States presidential election;2008-08-18T06:36:18.000000;presidential;;;;303;34220984;49.7;219;34108157;49.6
40565;1960 United States presidential election;2008-10-08T13:03:11.000000;presidential;;;;69;34220984;49.7;219;34108157;49.6
40565;1960 United States presidential election;2008-10-08T13:03:32.000000;presidential;;;;303;34220984;49.7;219;34108157;49.6
40565;1960 United States presidential election;2008-12-29T13:11:43.000000;presidential;;;;303;34220984;49.7;219;34108157;49.6
40565;1960 United States presidential election;2008-12-29T18:52:43.000000;presidential;;;;303;34220984;49.7;219;34108157;49.6
40565;1960 United States presidential election;2008-12-31T04:56:45.000000;presidential;;;;303;34220984;49.7;219;34108157;49.6
40565;1960 United States presidential election;2009-01-17T03:29:02.000000;presidential;;;;303;34220984;49.7;219;34108157;49.6
40565;1960 United States presidential election;2009-01-20T00:11:23.000000;presidential;;;;303;34220984;49.7;219;34108157;49.6
40565;1960 United States presidential election;2009-01-23T21:47:32.000000;presidential;;;;303;34220984;49.7;219;34108157;49.6
40565;1960 United States presidential election;2009-01-24T11:30:24.000000;presidential;;;;303;34220984;49.7;219;34108157;49.6
40565;1960 United States presidential election;2009-01-28T17:44:24.000000;presidential;;;;303;34220984;49.7;508;34108157;49.6
40565;1960 United States presidential election;2009-01-28T21:32:13.000000;presidential;;;;303;34220984;49.7;219;34108157;49.6
40565;1960 United States presidential election;2009-02-01T16:55:35.000000;presidential;;;;303;34220984;49.7;219;34108157;49.6
40565;1960 United States presidential election;2009-02-01T19:04:10.000000;presidential;;;;303;34220984;49.7;219;34108157;49.6
40565;1960 United States presidential election;2009-02-15T14:16:52.000000;presidential;;;;303;34220984;49.7;219;34108157;49.6
40565;1960 United States presidential election;2009-02-15T14:54:41.000000;presidential;;;;303;34220984;49.7;219;34108157;49.6
40565;1960 United States presidential election;2009-02-15T18:34:14.000000;presidential;;;;303;34220984;49.7;219;34108157;49.6
40565;1960 United States presidential election;2009-02-15T19:12:47.000000;presidential;;;;303;34220984;49.7;219;34108157;49.6
40565;1960 United States presidential election;2009-03-09T18:59:30.000000;presidential;;;;303;34220984;49.7;219;34108157;49.6
40565;1960 United States presidential election;2009-03-17T01:02:16.000000;presidential;;;;303;34220984;49.7;15;116256;1.7
40565;1960 United States presidential election;2009-03-17T04:44:32.000000;presidential;;;;303;34220984;49.7;219;34108157;49.6
40565;1960 United States presidential election;2009-04-01T00:09:49.000000;presidential;;;;303;34220984;49.7;219;34108157;49.6
40565;1960 United States presidential election;2009-04-01T00:15:03.000000;presidential;;;;303;34220984;49.7;15;115256;2.7
40565;1960 United States presidential election;2009-04-01T00:28:17.000000;presidential;;;;303;34220984;49.7;219;34108157;49.6
40565;1960 United States presidential election;2009-04-01T01:09:49.000000;presidential;;;;303;34220984;49.7;219;34108157;49.6
40565;1960 United States presidential election;2009-04-03T18:15:36.000000;presidential;;;;100;34220984;49.7;400;34108157;49.6
40565;1960 United States presidential election;2009-04-03T18:20:56.000000;presidential;;;;303;34220984;49.7;219;34108157;49.6
40565;1960 United States presidential election;2009-04-04T15:04:07.000000;presidential;;;;303;34220984;49.7;219;34108157;49.6
40565;1960 United States presidential election;2009-04-04T18:14:53.000000;presidential;;;;303;34220984;49.7;219;34108157;49.6
40565;1960 United States presidential election;2009-04-05T18:45:41.000000;presidential;;;;303;34220984;49.7;219;34108157;49.6
40565;1960 United States presidential election;2009-04-08T00:28:19.000000;presidential;;;;303;34220984;49.7;219;34108157;49.6
40565;1960 United States presidential election;2009-04-08T00:37:43.000000;presidential;;;;303;34220984;49.7;219;34108157;49.6
40565;1960 United States presidential election;2009-04-08T18:24:55.000000;presidential;;;;303;34220984;49.7;219;34108157;49.6
40565;1960 United States presidential election;2009-04-09T15:10:20.000000;presidential;;;;303;34220984;49.7;219;34108157;49.6
40565;1960 United States presidential election;2009-04-10T10:30:06.000000;presidential;;;;303;34220984;49.7;219;34108157;49.6
40565;1960 United States presidential election;2009-04-10T23:39:21.000000;presidential;;;;303;34220984;49.7;219;34108157;49.6
40565;1960 United States presidential election;2009-04-28T21:33:39.000000;presidential;;;;303;34220984;49.7;219;34108157;49.6
40565;1960 United States presidential election;2009-04-30T03:26:25.000000;presidential;;;;303;34220984;49.7;219;34108157;49.6
40565;1960 United States presidential election;2009-04-30T20:01:23.000000;presidential;;;;303;34220984;49.7;219;34108157;49.6
40565;1960 United States presidential election;2009-04-30T20:02:44.000000;presidential;;;;303;34220984;49.7;219;34108157;49.6
40565;1960 United States presidential election;2009-04-30T23:42:44.000000;presidential;;;;303;34220984;49.7;219;34108157;49.6
40565;1960 United States presidential election;2009-05-02T00:51:47.000000;presidential;;;;303;34220984;49.7;219;34108157;49.6
40565;1960 United States presidential election;2009-05-02T04:25:38.000000;presidential;;;;303;34220984;49.7;219;34108157;49.6
40565;1960 United States presidential election;2009-05-03T00:01:15.000000;presidential;;;;303;34220984;49.7;219;34108157;49.6
40565;1960 United States presidential election;2009-05-03T02:21:10.000000;presidential;;;;303;34220984;49.7;219;34108157;49.6
40565;1960 United States presidential election;2009-06-16T17:15:35.000000;presidential;;;;303;34220984;49.7;219;34108157;49.6
40565;1960 United States presidential election;2009-06-17T20:48:54.000000;presidential;;;;303;34220984;49.7;219;34108157;49.6
40565;1960 United States presidential election;2009-09-01T21:17:21.000000;presidential;;;;303;34220984;49.7;219;34108157;49.6
40565;1960 United States presidential election;2009-11-20T01:58:36.000000;presidential;;;;303;34220984;49.7;219;34108157;4.8
40565;1960 United States presidential election;2009-11-20T04:14:56.000000;presidential;;;;303;34220984;49.7;219;34108157;49.6
40565;1960 United States presidential election;2010-03-21T18:35:25.000000;presidential;;;;304;34220984;49.7;219;34108157;49.6
40565;1960 United States presidential election;2010-03-21T18:35:43.000000;presidential;;;;303;34220984;49.7;219;34108157;49.6
40565;1960 United States presidential election;2010-04-22T16:03:29.000000;presidential fuck yhu;;;;303;34220984;49.7;219;34108157;49.6
40565;1960 United States presidential election;2010-04-22T16:03:34.000000;presidential;;;;303;34220984;49.7;219;34108157;49.6
40565;1960 United States presidential election;2010-06-17T08:32:24.000000;presidential;;;;303;34227096;49.7;219;34108546;49.6
40565;1960 United States presidential election;2010-06-17T20:00:45.000000;presidential;;;;303;34220984;49.7;219;34108157;49.6
40565;1960 United States presidential election;2010-11-23T06:27:15.000000;presidential;;;;303;34220984;49.7;219;34108157;49.6
40565;1960 United States presidential election;2010-12-02T18:32:30.000000;presidential jon cline is an awesome beast;;;;303;34220984;49.7;219;34108157;49.6
40565;1960 United States presidential election;2010-12-02T18:32:37.000000;presidential;;;;303;34220984;49.7;219;34108157;49.6
40565;1960 United States presidential election;2010-12-12T23:01:22.000000;presidential;;;;900;34220911;49.7;219;34108157;49.6
40565;1960 United States presidential election;2010-12-12T23:51:57.000000;presidential;;;;303;34220911;49.7;219;34108157;49.6
40565;1960 United States presidential election;2011-01-11T00:48:33.000000;presidential;;;;303;34220911;49.7;219;34108157;49.6
40565;1960 United States presidential election;2012-03-24T14:10:28.000000;presidential;;;;303;34220911;49.9;219;34108157;49.6
40565;1960 United States presidential election;2012-03-24T20:51:01.000000;presidential;;;;303;34220911;49.7;219;34108157;49.6
40565;1960 United States presidential election;2012-03-30T01:39:01.000000;presidential;;;;303;34220911;56.7;219;34108157;49.6
40565;1960 United States presidential election;2012-03-30T02:41:31.000000;presidential;;;;303;34220911;49.7;219;34108157;49.6
40565;1960 United States presidential election;2012-04-03T02:55:03.000000;presidential;;;;303;34227096;49.9;219;34108546;49.6
40565;1960 United States presidential election;2012-04-03T04:11:02.000000;presidential;;;;303;34220984;49.7;219;34108157;49.5
40565;1960 United States presidential election;2012-04-05T18:20:38.000000;Penis;;;;303;34220984;49.7;219;34108157;49.5
40565;1960 United States presidential election;2012-04-05T18:23:28.000000;presidential;;;;303;34220984;49.7;219;34108157;49.5
40565;1960 United States presidential election;2012-05-31T19:01:06.000000;presidential;;;;303;34220984;49.7;219;34108157;49.5
40565;1960 United States presidential election;2012-05-31T19:13:43.000000;presidential;;;;303;34220984;49.7;15;286359;0.42
40565;1960 United States presidential election;2012-05-31T19:19:01.000000;presidential;;;;303;34220984;49.7;219;34108157;49.5
40565;1960 United States presidential election;2012-06-30T18:54:06.000000;presidential;537;269;;303;34220984;49.7;219;34108157;49.5
40565;1960 United States presidential election;2012-10-22T04:27:08.000000;presidential;537;269;63.1;303;34220984;49.7;219;34108157;49.5
40565;1960 United States presidential election;2012-10-31T12:05:34.000000;presidential;537;269;63.1;303;34220984;49.7;219;34108157;49.6
40565;1960 United States presidential election;2012-10-31T16:08:17.000000;presidential;537;269;63.1;303;34220984;49.7;219;34108157;49.5
40565;1960 United States presidential election;2012-11-12T22:37:51.000000;presidential;537;269;63.1;303;34220984;49.7;219;34108157;49.5
40565;1960 United States presidential election;2012-11-20T15:57:12.000000;presidential;537;269;63.1;303;34061832;49.5;219;34267309;49.7
40565;1960 United States presidential election;2012-11-20T16:01:18.000000;presidential;537;269;63.1;303;34220984;49.7;219;34108157;49.5
40565;1960 United States presidential election;2012-12-20T20:06:58.000000;presidential;537;269;63.1;303;34220984;49.7;219;34108157;49.6
40565;1960 United States presidential election;2013-04-12T19:56:25.000000;presidential;537;269;63.1;303;34220984;49.7;219;34108157;49.6
40565;1960 United States presidential election;2013-09-06T11:19:30.000000;presidential;537;269;63.1;303;34220984;49.72;219;34108157;49.55
40565;1960 United States presidential election;2013-09-06T17:15:21.000000;presidential;537;269;63.1;303;34220984;49.7;219;34108157;49.6
40565;1960 United States presidential election;2013-11-23T13:51:14.000000;presidential;537;269;63.1;303;34220984;49.7;219;34108157;49.6
40565;1960 United States presidential election;2014-03-07T13:09:35.000000;rob walll;537;269;63.1;303;34220984;49.7;219;34108157;49.6
40565;1960 United States presidential election;2014-03-07T13:12:49.000000;presidential;537;269;63.1;303;34220984;49.7;219;34108157;49.6
40565;1960 United States presidential election;2014-03-28T17:28:49.000000;presidential;537;269;63.1;303;34220984;49.7;219;34108157;49.6
40565;1960 United States presidential election;2014-03-29T01:39:11.000000;presidential;537;269;63.1;303;34220984;49.7;219;34108157;49.6
40565;1960 United States presidential election;2014-04-01T04:09:51.000000;presidential;537;269;63.1;303;34220984;49.7;219;34108157;49.6
40565;1960 United States presidential election;2014-05-21T17:17:44.000000;presidential;537;269;63.1;303;34220984;49.7;219;34108157;49.6
40565;1960 United States presidential election;2014-05-21T17:51:18.000000;presidential;537;269;63.1;303;34220984;49.7;219;34108157;49.6
40565;1960 United States presidential election;2015-06-08T00:45:07.000000;presidential;538;270;63.1;303;34220984;49.7;219;34108157;49.6
40565;1960 United States presidential election;2015-06-08T00:46:00.000000;presidential;537;269;63.1;303;34220984;49.7;219;34108157;49.6
40565;1960 United States presidential election;2015-06-08T00:47:21.000000;presidential;538;270;63.1;303;34220984;49.7;219;34108157;49.6
40565;1960 United States presidential election;2015-06-08T00:53:35.000000;presidential;537;269;63.1;303;34220984;49.7;219;34108157;49.6
40565;1960 United States presidential election;2015-10-04T21:55:15.000000;presidential;537;269;63.1;303;34220984;49.72;219;34108157;49.55
40565;1960 United States presidential election;2015-11-12T18:58:43.000000;presidential;537;269;63.1;303;34220984;49.72;219;34108157;49.55
40565;1960 United States presidential election;2015-11-12T19:00:03.000000;presidential;537;269;63.1;303;34220984;49.72;219;34108157;49.55
40565;1960 United States presidential election;2015-12-15T19:29:32.000000;presidential;537;269;63.1;303;34220984;49.72;219;34108157;49.55
40565;1960 United States presidential election;2015-12-28T11:20:49.000000;presidential;537;269;62.8;303;34220984;49.72;219;34108157;49.55
40565;1960 United States presidential election;2016-06-13T16:38:25.000000;presidAJB;537;269;62.8;303;34220984;49.72;219;34108157;49.55
40565;1960 United States presidential election;2016-06-14T21:57:57.000000;presidential;537;269;62.8;303;34220984;49.72;219;34108157;49.55
40565;1960 United States presidential election;2016-11-14T02:39:33.000000;presidential;537;269;62.8;303;34220984;49.72;219;34108157;49.55
40565;1960 United States presidential election;2016-11-14T07:27:01.000000;presidential;537;269;62.8;303;34220984;49.72;219;34108157;49.55
40565;1960 United States presidential election;2017-04-08T14:32:02.000000;presidential;537;269;62.8;303;34220984;49.72;219;34108157;49.55
40565;1960 United States presidential election;2017-04-10T19:26:42.000000;presidential;537;269;62.8;303;34220984;49.72;219;34108157;49.55
40565;1960 United States presidential election;2017-04-23T11:33:17.000000;presidential;537;269;62.8;303;34220984;49.72;219;34108157;49.55
40565;1960 United States presidential election;2017-05-25T23:50:32.000000;presidential;537;269;63.5;307;34651303;49.5;230;34581301;49.4
40565;1960 United States presidential election;2017-05-25T23:51:35.000000;presidential;537;269;63.5;307;34651303;49.5;230;34581301;49.4
40565;1960 United States presidential election;2017-05-25T23:51:54.000000;presidential;537;269;62.8;303;34220984;49.72;219;34108157;49.55
40565;1960 United States presidential election;2017-07-26T10:55:40.000000;presidential;537;269;62.8;303;34220984;49.72;219;34108157;49.55
40565;1960 United States presidential election;2017-09-13T18:23:11.000000;presidential;537;269;62.8;21;34220984;49.72;219;34108157;49.55
40565;1960 United States presidential election;2017-09-13T18:23:27.000000;presidential;537;269;62.8;303;34220984;49.72;219;34108157;49.55
40565;1960 United States presidential election;2017-09-13T18:26:53.000000;presidential;537;269;62.8;21;34220984;49.72;219;34108157;49.55
40565;1960 United States presidential election;2017-09-13T18:27:43.000000;presidential;537;269;62.8;303;34220984;49.72;219;34108157;49.55
40565;1960 United States presidential election;2018-06-26T21:20:54.000000;presidential;537;269;62.8;303;34220984;49.72;219;34108157;49.55
40565;1960 United States presidential election;2018-09-10T15:00:31.000000;presidential;537;269;62.8;303;34220984;49.72;246;34108157;49.55
40565;1960 United States presidential election;2018-09-15T17:13:01.000000;presidential;537;269;62.8;303;34220984;49.72;219;34108157;49.55
40565;1960 United States presidential election;2018-10-31T23:51:59.000000;presidential;537;269;62.8;303;34220984;49.68;219;34108157;49.55
40565;1960 United States presidential election;2018-10-31T23:55:25.000000;presidential;537;269;62.8;303;34220984;49.72;219;34108157;49.55
40565;1960 United States presidential election;2019-06-25T23:50:42.000000;presidential;537;269;62.8;303;34220984;49.72;219;34108157;49.55
40566;1964 United States presidential election;2007-08-06T19:53:11.000000;presidential;;;;486;43127041;61.1;52;27175754;38.5
40566;1964 United States presidential election;2008-11-04T00:10:16.000000;presidentialss;;;;486;43127041;61.1;52;27175754;38.5
40566;1964 United States presidential election;2008-11-04T00:10:25.000000;presidential;;;;486;43127041;61.1;52;27175754;38.5
40566;1964 United States presidential election;2008-12-28T08:02:08.000000;presidential;;;;486;43127041;61.1;52;27175754;38.5
40566;1964 United States presidential election;2008-12-29T12:59:58.000000;presidential;;;;486;43127041;61.1;52;27175754;38.5
40566;1964 United States presidential election;2008-12-29T13:00:18.000000;presidential;;;;486;43127041;61.1;52;27175754;38.5
40566;1964 United States presidential election;2009-01-17T03:30:33.000000;presidential;;;;486;43127041;61.1;52;27175754;38.5
40566;1964 United States presidential election;2009-02-01T16:56:59.000000;presidential;;;;486;43127041;61.1;52;27175754;38.5
40566;1964 United States presidential election;2009-02-01T19:04:29.000000;presidential;;;;486;43127041;61.1;52;27175754;38.5
40566;1964 United States presidential election;2009-02-15T14:17:13.000000;presidential;;;;486;43127041;61.1;52;27175754;38.5
40566;1964 United States presidential election;2009-02-15T14:54:54.000000;presidential;;;;486;43127041;61.1;52;27175754;38.5
40566;1964 United States presidential election;2009-02-15T18:34:39.000000;presidential;;;;486;43127041;61.1;52;27175754;38.5
40566;1964 United States presidential election;2009-02-15T19:21:57.000000;presidential;;;;486;43127041;61.1;52;27175754;38.5
40566;1964 United States presidential election;2009-04-09T08:15:53.000000;presidential;;;;486;43127041;61.1;52;27175754;38.5
40566;1964 United States presidential election;2009-04-09T14:53:14.000000;presidential;;;;486;43127041;61.1;52;27175754;38.5
40566;1964 United States presidential election;2009-04-10T10:30:35.000000;presidential;;;;486;43127041;61.1;52;27175754;38.5
40566;1964 United States presidential election;2009-04-10T23:38:29.000000;presidential;;;;486;43127041;61.1;52;27175754;38.5
40566;1964 United States presidential election;2009-04-24T00:09:45.000000;presidential;;;;486;43127041;61.1;48;27175754;38.5
40566;1964 United States presidential election;2009-04-24T02:35:04.000000;presidential;;;;486;43127041;61.1;52;27175754;38.5
40566;1964 United States presidential election;2009-04-28T23:16:11.000000;presidential;;;;486;43127041;61.1;52;27175754;38.5
40566;1964 United States presidential election;2009-04-30T03:24:38.000000;presidential;;;;486;43127041;61.1;52;27175754;38.5
40566;1964 United States presidential election;2009-04-30T20:03:15.000000;presidential;;;;486;43127041;61.1;52;27175754;38.5
40566;1964 United States presidential election;2009-04-30T23:34:00.000000;presidential;;;;486;43127041;61.1;52;27175754;38.5
40566;1964 United States presidential election;2009-05-01T21:51:36.000000;presidential;;;;486;43127041;61.1;52;27175754;38.5
40566;1964 United States presidential election;2009-05-01T21:52:00.000000;presidential;;;;486;43127041;61.1;52;27175754;38.5
40566;1964 United States presidential election;2009-05-01T21:52:26.000000;presidential;;;;486;43127041;61.1;52;27175754;38.5
40566;1964 United States presidential election;2009-06-16T17:34:46.000000;presidential;;;;486;43127041;61.1;52;27175754;38.5
40566;1964 United States presidential election;2009-06-17T20:19:54.000000;presidential;;;;486;43127041;61.1;52;27175754;38.5
40566;1964 United States presidential election;2009-07-22T12:49:40.000000;presidential;;;;486;43127041;61.05;52;27175754;38.47
40566;1964 United States presidential election;2009-07-24T21:30:08.000000;presidential;;;;486;43127041;61.1;52;27175754;38.5
40566;1964 United States presidential election;2009-09-01T21:20:35.000000;presidential;;;;486;43127041;61.1;52;27175754;38.5
40566;1964 United States presidential election;2010-01-05T22:24:35.000000;doggy butt!!;;;;486;43127041;61.1;52;27175754;38.5
40566;1964 United States presidential election;2010-01-06T00:16:50.000000;presidential;;;;486;43127041;61.1;52;27175754;38.5
40566;1964 United States presidential election;2010-11-23T06:27:59.000000;presidential;;;;486;43127041;61.1;52;27175754;38.5
40566;1964 United States presidential election;2012-06-30T18:53:28.000000;presidential;538;270;;486;43127041;61.1;52;27175754;38.5
40566;1964 United States presidential election;2012-10-22T04:25:12.000000;presidential;538;270;61.9;486;43127041;61.1;52;27175754;38.5
40566;1964 United States presidential election;2013-05-01T17:50:29.000000;presidential;538;270;61.9;486;43127041;61.1;52;27175754;38.5
40566;1964 United States presidential election;2013-05-01T17:50:53.000000;presidential;538;270;61.9;486;43127041;61.1;52;27175754;38.5
40566;1964 United States presidential election;2013-05-02T13:14:47.000000;presidential;538;270;61.9;486;43127041;61.1;52;27175754;38.5
40566;1964 United States presidential election;2013-09-06T11:20:06.000000;presidential;538;270;61.9;486;43127041;61.05;52;27175754;38.47
40566;1964 United States presidential election;2013-09-06T17:15:11.000000;presidential;538;270;61.9;486;43127041;61.1;52;27175754;38.5
40566;1964 United States presidential election;2013-09-06T17:15:45.000000;presidential;538;270;61.9;486;43127041;61.05;52;27175754;38.47
40566;1964 United States presidential election;2013-09-06T17:16:22.000000;presidential;538;270;61.9;486;43127041;61.1;52;27175754;38.5
40566;1964 United States presidential election;2014-04-01T04:09:59.000000;presidential;538;270;61.9;486;43127041;61.1;52;27175754;38.5
40566;1964 United States presidential election;2014-05-08T21:15:48.000000;presidential &k 6767;538;270;61.9;486;43127041;61.1;52;27175754;38.5
40566;1964 United States presidential election;2014-05-08T21:15:56.000000;presidential;538;270;61.9;486;43127041;61.1;52;27175754;38.5
40566;1964 United States presidential election;2014-11-03T23:04:56.000000;presidential;522;270;61.9;486;43127041;61.1;52;27175754;38.5
40566;1964 United States presidential election;2014-11-03T23:19:53.000000;presidential;538;270;61.9;486;43127041;61.1;52;27175754;38.5
40566;1964 United States presidential election;2016-02-02T22:47:27.000000;presidential;538;270;61.9;486;43127041;90.3;52;27175754;10.2
40566;1964 United States presidential election;2016-02-03T01:30:32.000000;presidential;538;270;61.9;486;43127041;61.1;52;27175754;38.5
40566;1964 United States presidential election;2016-07-07T08:14:11.000000;presidential;538;270;61.9;52;27175754;38.5;486;43127041;61.1
40566;1964 United States presidential election;2016-07-07T08:15:35.000000;presidential;538;270;61.9;486;43127041;61.1;52;27175754;38.5
40566;1964 United States presidential election;2016-11-07T22:27:28.000000;presidential;538;270;61.9;486;43127041;61.1;52;27175754;38.5
40566;1964 United States presidential election;2016-11-14T07:26:35.000000;presidential;538;270;61.9;486;43127041;61.1;52;27175754;38.5
40566;1964 United States presidential election;2016-12-18T00:19:57.000000;presidential;538;270;61.9;486;43127041;61.1;52;27175754;38.5
40566;1964 United States presidential election;2017-04-27T13:00:12.000000;presidential;538;270;61.9;486;43127041;61.1;52;27175754;38.5
40566;1964 United States presidential election;2018-03-13T15:25:55.000000;presidential;538;270;61.9;537;43127041;91.1;1;27175754;38.5
40566;1964 United States presidential election;2018-03-13T15:27:21.000000;presidential;538;270;61.9;486;43127041;61.1;52;27175754;38.5
40566;1964 United States presidential election;2018-08-13T03:37:59.000000;presidential;538;270;61.9;486;43127041;61.1;52;27175754;38.5
40566;1964 United States presidential election;2019-01-22T06:19:59.000000;presidential;538;270;61.9;486;43127041;61.02;52;27175754;38.47
40566;1964 United States presidential election;2019-06-25T23:50:50.000000;presidential;538;270;61.9;486;43127041;61.02;52;27175754;38.47
40567;1968 United States presidential election;2007-08-06T19:36:13.000000;presidential;;;;301;31783783;43.4;191;31271839;42.7
40567;1968 United States presidential election;2008-03-10T21:46:16.000000;sexual;;;;301;31783783;43.4;191;31271839;42.7
40567;1968 United States presidential election;2008-03-10T21:46:22.000000;presidential;;;;301;31783783;43.4;191;31271839;42.7
40567;1968 United States presidential election;2008-03-10T21:47:56.000000;presidential;;;;301;31783783;43.4;191;31271839;42.7
40567;1968 United States presidential election;2008-05-28T14:41:01.000000;presidential;;;;301;31783783;43.4;191;31271839;42.7
40567;1968 United States presidential election;2008-11-06T02:12:20.000000;presidential;;;;301;31783783;43.4;191;31271839;42.7
40567;1968 United States presidential election;2009-01-17T03:31:14.000000;presidential;;;;301;31783783;43.4;191;31271839;42.7
40567;1968 United States presidential election;2009-01-25T20:35:19.000000;presidential;;;;301;31783783;43.4;191;31271839;42.7
40567;1968 United States presidential election;2009-01-25T20:39:39.000000;presidential;;;;301;31783783;43.4;191;31271839;42.7
40567;1968 United States presidential election;2009-02-01T16:57:46.000000;presidential;;;;301;31783783;43.4;191;31271839;42.7
40567;1968 United States presidential election;2009-02-01T19:04:50.000000;presidential;;;;301;31783783;43.4;191;31271839;42.7
40567;1968 United States presidential election;2009-02-07T02:15:50.000000;presidential;;;;46;31783783;42.4;301;31271839;43.7
40567;1968 United States presidential election;2009-02-07T02:32:31.000000;presidential;;;;301;31783783;43.4;191;31271839;42.7
40567;1968 United States presidential election;2009-02-15T14:17:36.000000;presidential;;;;301;31783783;43.4;191;31271839;42.7
40567;1968 United States presidential election;2009-02-15T14:55:12.000000;presidential;;;;301;31783783;43.4;191;31271839;42.7
40567;1968 United States presidential election;2009-02-15T18:35:04.000000;presidential;;;;301;31783783;43.4;191;31271839;42.7
40567;1968 United States presidential election;2009-02-15T19:22:27.000000;presidential;;;;301;31783783;43.4;191;31271839;42.7
40567;1968 United States presidential election;2009-03-31T01:39:19.000000;presidential;;;;191;31783783;43.4;191;31271839;42.7
40567;1968 United States presidential election;2009-03-31T01:45:41.000000;presidential;;;;301;31783783;43.4;191;31271839;42.7
40567;1968 United States presidential election;2009-04-01T00:18:28.000000;presidential;;;;301;31783783;43.4;191;31271839;42.7
40567;1968 United States presidential election;2009-04-01T01:06:39.000000;presidential;;;;301;31783783;43.4;191;31271839;42.7
40567;1968 United States presidential election;2009-04-09T08:29:27.000000;presidential;;;;301;31783783;43.4;191;31271839;42.7
40567;1968 United States presidential election;2009-04-09T14:52:33.000000;presidential;;;;301;31783783;43.4;191;31271839;42.7
40567;1968 United States presidential election;2009-04-10T10:31:35.000000;presidential;;;;301;31783783;43.4;191;31271839;42.7
40567;1968 United States presidential election;2009-04-10T23:37:04.000000;presidential;;;;301;31783783;43.4;191;31271839;42.7
40567;1968 United States presidential election;2009-04-28T23:19:41.000000;presidential;;;;301;31783783;43.4;191;31271839;42.7
40567;1968 United States presidential election;2009-04-30T03:24:09.000000;presidential;;;;301;31783783;43.4;191;31271839;42.7
40567;1968 United States presidential election;2009-04-30T20:03:43.000000;presidential;;;;301;31783783;43.4;191;31271839;42.7
40567;1968 United States presidential election;2009-04-30T23:35:44.000000;presidential;;;;301;31783783;43.4;191;31271839;42.7
40567;1968 United States presidential election;2009-05-01T01:47:02.000000;presidential;;;;301;31783783;43.4;191;31271839;42.7
40567;1968 United States presidential election;2009-05-10T15:41:57.000000;presidential;;;;301;31783783;43.4;191;31271839;42.7
40567;1968 United States presidential election;2009-06-16T17:18:20.000000;presidential;;;;301;31783783;43.4;191;31271839;42.7
40567;1968 United States presidential election;2009-06-17T20:49:28.000000;presidential;;;;301;31783783;43.4;191;31271839;42.7
40567;1968 United States presidential election;2009-12-01T18:41:49.000000;presidential;;;;301;31783783;43.4;191;31271839;42.7
40567;1968 United States presidential election;2009-12-01T18:43:06.000000;presidential;;;;301;31783783;43.4;191;31271839;42.7
40567;1968 United States presidential election;2009-12-01T18:44:33.000000;presidential;;;;301;31783783;43.4;191;31271839;42.7
40567;1968 United States presidential election;2009-12-01T18:47:01.000000;presidential;;;;301;31783783;43.4;191;31271839;42.7
40567;1968 United States presidential election;2010-02-05T16:07:02.000000;presidential;;;;301;31783783;43.4;191;31271839;42.7
40567;1968 United States presidential election;2010-02-05T16:07:25.000000;presidential;;;;301;31783783;43.4;191;31271839;42.7
40567;1968 United States presidential election;2010-04-19T23:17:22.000000;presidential;;;;301;31783783;43.4;191;31271839;42.7
40567;1968 United States presidential election;2010-04-19T23:17:59.000000;presidential;;;;301;31783783;43.4;191;31271839;42.7
40567;1968 United States presidential election;2010-11-23T06:31:08.000000;presidential;;;;301;31783783;43.4;191;31271839;42.7
40567;1968 United States presidential election;2011-12-15T18:45:25.000000;presidential;;;;520;47168710;60.7;17;29173222;37.5
40567;1968 United States presidential election;2011-12-15T18:48:15.000000;presidential;;;;301;31783783;43.4;191;31271839;42.7
40567;1968 United States presidential election;2012-05-10T14:57:54.000000;presidential;;;;301;31783783;43.4;191;31271839;42.7
40567;1968 United States presidential election;2012-05-13T01:31:18.000000;presidential;;;;301;317837;43.4;191;31271839;42.7
40567;1968 United States presidential election;2012-05-13T01:32:40.000000;presidential;;;;301;31783783;43.4;191;31271839;42.7
40567;1968 United States presidential election;2012-06-30T18:52:53.000000;presidential;538;270;;301;31783783;43.4;191;31271839;42.7
40567;1968 United States presidential election;2012-10-22T04:22:41.000000;presidential;538;270;60.8;301;31783783;43.4;191;31271839;42.7
40567;1968 United States presidential election;2013-09-06T11:20:52.000000;presidential;538;270;60.8;301;31783783;43.42;191;31271839;42.72
40567;1968 United States presidential election;2013-09-06T17:14:55.000000;presidential;538;270;60.8;301;31783783;43.4;191;31271839;42.7
40567;1968 United States presidential election;2013-11-23T13:53:48.000000;presidential;538;270;60.8;301;31783783;43.4;191;31271839;42.7
40567;1968 United States presidential election;2014-04-01T04:10:06.000000;presidential;538;270;60.8;301;31783783;43.4;191;31271839;42.7
40567;1968 United States presidential election;2015-09-25T14:38:48.000000;Supreme Leader;538;270;60.8;301;31773733;43.4;191;31271869;42.7
40567;1968 United States presidential election;2015-09-25T14:54:25.000000;presidential;538;270;60.8;301;31783783;43.4;191;31271839;42.7
40567;1968 United States presidential election;2015-12-28T11:20:12.000000;presidential;538;270;60.9;301;31783783;43.4;191;31271839;42.7
40567;1968 United States presidential election;2016-11-07T22:26:52.000000;presidential;538;270;60.9;301;31783783;43.4;191;31271839;42.7
40567;1968 United States presidential election;2016-11-14T07:26:10.000000;presidential;538;270;60.9;301;31783783;43.4;191;31271839;42.7
40567;1968 United States presidential election;2017-04-08T14:31:00.000000;presidential;538;270;60.9;301;31783783;43.4;191;31271839;42.7
40567;1968 United States presidential election;2017-04-10T19:26:11.000000;presidential;538;270;60.9;301;31783783;43.4;191;31271839;42.7
40567;1968 United States presidential election;2018-06-09T22:45:41.000000;presidential;538;270;60.9;301;31783783;43.4;191;31271839;42.7
40567;1968 United States presidential election;2018-06-24T08:25:45.000000;presidential;538;270;60.9;301;31783783;43.4;190;31271839;42.7
40567;1968 United States presidential election;2018-06-24T08:40:18.000000;presidential;538;270;60.9;302;31783783;43.4;190;31271839;42.7
40567;1968 United States presidential election;2018-07-04T01:54:19.000000;presidential;538;270;60.9;301;31783783;43.4;191;31271839;42.7
40567;1968 United States presidential election;2018-07-18T04:06:34.000000;presidential;538;270;60.9;301;31783783;43.42;191;31271839;42.72
40567;1968 United States presidential election;2018-07-18T04:08:18.000000;presidential;538;270;60.9;301;31783783;43.4;191;31271839;42.7
40567;1968 United States presidential election;2019-01-22T06:09:49.000000;presidential;538;270;60.9;301;31783783;43.42;191;31271839;42.72
40567;1968 United States presidential election;2019-02-12T23:03:42.000000;presidential;538;270;60.9;191;31271839;42.72;301;31783783;43.42
40567;1968 United States presidential election;2019-02-12T23:05:05.000000;presidential;538;270;60.9;301;31783783;43.42;191;31271839;42.72
40567;1968 United States presidential election;2019-04-05T13:54:35.000000;presidential;538;270;60.9;301;31783783;43.42;191;31271839;42.72
40567;1968 United States presidential election;2019-04-05T15:26:45.000000;presidential;538;270;60.9;301;31783783;43.42;191;31271839;42.72
40567;1968 United States presidential election;2019-06-25T23:50:58.000000;presidential;538;270;60.9;301;31783783;43.42;191;31271839;42.72
40568;1972 United States presidential election;2007-08-06T16:43:25.000000;presidential;;;;520;47168710;60.7;17;29173222;37.5
40568;1972 United States presidential election;2009-01-17T03:31:42.000000;presidential;;;;520;47168710;60.7;17;29173222;37.5
40568;1972 United States presidential election;2009-02-01T16:58:35.000000;presidential;;;;520;47168710;60.7;17;29173222;37.5
40568;1972 United States presidential election;2009-02-01T19:05:14.000000;presidential;;;;520;47168710;60.7;17;29173222;37.5
40568;1972 United States presidential election;2009-02-15T14:17:55.000000;presidential;;;;520;47168710;60.7;17;29173222;37.5
40568;1972 United States presidential election;2009-02-15T14:55:25.000000;presidential;;;;520;47168710;60.7;17;29173222;37.5
40568;1972 United States presidential election;2009-02-15T18:35:23.000000;presidential;;;;520;47168710;60.7;17;29173222;37.5
40568;1972 United States presidential election;2009-02-15T19:24:44.000000;presidential;;;;520;47168710;60.7;17;29173222;37.5
40568;1972 United States presidential election;2009-04-09T08:29:50.000000;presidential;;;;520;47168710;60.7;17;29173222;37.5
40568;1972 United States presidential election;2009-04-09T14:52:08.000000;presidential;;;;520;47168710;60.7;17;29173222;37.5
40568;1972 United States presidential election;2009-04-10T10:32:18.000000;presidential;;;;520;47168710;60.7;17;29173222;37.5
40568;1972 United States presidential election;2009-04-11T04:25:15.000000;presidential;;;;520;47168710;60.7;17;29173222;37.5
40568;1972 United States presidential election;2009-06-16T17:17:26.000000;presidential;;;;520;47168710;60.7;17;29173222;37.5
40568;1972 United States presidential election;2009-06-17T20:50:06.000000;presidential;;;;520;47168710;60.7;17;29173222;37.5
40568;1972 United States presidential election;2009-09-20T00:21:35.000000;presidential;;;;520;47168710;60.7;17;29173222;37.5
40568;1972 United States presidential election;2010-06-13T14:51:32.000000;presidential;;;;520;47168710;60.7;17;29173222;37.5
40568;1972 United States presidential election;2010-06-13T16:30:23.000000;presidential;;;;520;47168710;60.7;17;29173222;37.5
40568;1972 United States presidential election;2010-11-23T06:32:16.000000;presidential;;;;520;47168710;60.7;17;29173222;37.5
40568;1972 United States presidential election;2012-05-13T01:36:23.000000;presidential;;;;520;47168710;6.7;17;29173222;37.5
40568;1972 United States presidential election;2012-05-13T01:37:19.000000;presidential;;;;520;47168710;60.7;17;29173222;37.5
40568;1972 United States presidential election;2012-05-13T01:41:35.000000;presidential;;;;520;47168710;60.7;17;29173222;37.5
40568;1972 United States presidential election;2012-06-30T18:52:17.000000;presidential;538;270;;520;47168710;60.7;17;29173222;37.5
40568;1972 United States presidential election;2012-10-22T04:10:00.000000;presidential;538;270;55.2;520;47168710;60.7;17;29173222;37.5
40568;1972 United States presidential election;2012-11-08T17:56:25.000000;presidential;538;270;55.2;520;47168710;60.7;17;29173222;37.5
40568;1972 United States presidential election;2012-11-09T06:50:52.000000;presidential;538;270;55.2;520;47168710;60.7;17;29173222;37.5
40568;1972 United States presidential election;2012-11-09T08:31:36.000000;presidential;538;270;55.2;520;47168710;60.7;17;29173222;37.5
40568;1972 United States presidential election;2012-11-09T08:59:52.000000;presidential;538;270;55.2;520;47168710;60.7;17;29173222;37.5
40568;1972 United States presidential election;2012-11-09T09:00:42.000000;presidential;538;270;55.2;520;47168710;60.7;17;29173222;37.5
40568;1972 United States presidential election;2013-01-31T23:30:54.000000;presidential;538;270;55.2;520;47168710;60.7;17;29173222;37.5
40568;1972 United States presidential election;2013-02-01T04:57:29.000000;presidential;538;270;55.2;520;47168710;60.7;17;29173222;37.5
40568;1972 United States presidential election;2013-08-10T20:15:52.000000;presidential;538;270;55.2;520;47168710;60.7;17;29173222;37.5
40568;1972 United States presidential election;2013-08-10T20:20:31.000000;presidential;538;270;55.2;520;47168710;60.7;17;29173222;37.5
40568;1972 United States presidential election;2013-08-10T20:22:46.000000;presidential;538;270;55.2;520;47168710;60.7;17;29173222;37.5
40568;1972 United States presidential election;2013-09-06T11:21:24.000000;presidential;538;270;55.2;520;47168710;60.67;17;29173222;37.52
40568;1972 United States presidential election;2013-09-06T17:14:51.000000;presidential;538;270;55.2;520;47168710;60.7;17;29173222;37.5
40568;1972 United States presidential election;2013-11-23T13:54:41.000000;presidential;538;270;55.2;520;47168710;60.7;17;29173222;37.5
40568;1972 United States presidential election;2015-06-21T16:36:40.000000;presidential;538;270;55.2;1;3649;7.0;17;29173222;37.5
40568;1972 United States presidential election;2015-06-21T17:34:49.000000;presidential;538;270;55.2;520;47168710;60.7;17;29173222;37.5
40568;1972 United States presidential election;2016-04-09T04:10:00.000000;presidential;538;270;69.69;520;47168710;60.7;17;29173222;37.5
40568;1972 United States presidential election;2016-04-09T04:12:33.000000;presidential;538;270;55.2;520;47168710;60.7;17;29173222;37.5
40568;1972 United States presidential election;2016-04-09T04:12:55.000000;presidential;538;270;69.69;520;47168710;60.7;17;29173222;37.5
40568;1972 United States presidential election;2016-04-09T04:23:09.000000;presidential;538;270;69.69;520;47168710;60.7;17;2;0.0
40568;1972 United States presidential election;2016-04-09T04:26:01.000000;presidential;538;270;69.69;520;47168710;60.7;17;29173222;37.5
40568;1972 United States presidential election;2016-04-09T04:26:12.000000;presidential;538;270;55.2;520;47168710;60.7;17;29173222;37.5
40568;1972 United States presidential election;2016-04-09T04:29:40.000000;presidential;538;270;55.2;520;47168710;60.7;17;29173222;37.5
40568;1972 United States presidential election;2016-06-23T22:08:41.000000;presidential;538;270;55.2;520;47168710;60.7;17;29173222;37.5
40568;1972 United States presidential election;2016-06-23T22:09:20.000000;presidential;538;270;55.2;520;47168710;60.7;17;29173222;37.5
40568;1972 United States presidential election;2016-08-17T22:29:02.000000;presidential;538;270;55.2;520;47168710;60.7;17;29173222;37.5
40568;1972 United States presidential election;2016-08-17T22:39:33.000000;presidential;538;270;55.2;520;47168710;60.7;17;29173222;37.5
40568;1972 United States presidential election;2016-10-15T15:31:55.000000;presidential;538;270;55.2;520;47168710;60.7;17;29173222;37.5
40568;1972 United States presidential election;2016-10-16T21:12:53.000000;presidential;538;270;55.2;520;47168710;60.7;17;29173222;37.5
40568;1972 United States presidential election;2016-10-20T18:49:39.000000;presidential;538;270;55.2;520;47168710;60.7;17;29173222;37.5
40568;1972 United States presidential election;2016-10-21T01:53:22.000000;presidential;538;270;55.2;520;47168710;60.7;17;29173222;37.5
40568;1972 United States presidential election;2016-10-21T16:50:20.000000;presidential;538;270;55.2;520;47168710;60.7;17;29173222;37.5
40568;1972 United States presidential election;2016-10-21T20:17:46.000000;presidential;538;270;55.2;520;47168710;60.7;17;29173222;37.5
40568;1972 United States presidential election;2016-10-21T22:05:09.000000;presidential;538;270;55.2;520;47168710;60.7;17;29173222;37.5
40568;1972 United States presidential election;2016-10-30T07:17:34.000000;presidential;538;270;55.2;520;47168710;60.7;17;29173222;37.5
40568;1972 United States presidential election;2016-10-30T08:07:34.000000;presidential;538;270;55.2;520;47168710;60.7;17;29173222;37.5
40568;1972 United States presidential election;2016-11-03T20:13:36.000000;presidential;538;270;55.2;520;47168710;60.7;17;29173222;37.5
40568;1972 United States presidential election;2016-11-07T22:01:09.000000;presidential;538;9000;55.2;520;47168710;60.7;17;29173222;37.5
40568;1972 United States presidential election;2016-11-07T22:03:52.000000;presidential;538;270;55.2;520;47168710;60.7;17;29173222;37.5
40568;1972 United States presidential election;2016-11-07T22:25:30.000000;presidential;538;270;55.2;520;47168710;60.7;17;29173222;37.5
40568;1972 United States presidential election;2016-11-09T22:08:34.000000;presidential;538;270;55.2;520;47168710;60.7;17;29173222;37.5
40568;1972 United States presidential election;2016-11-09T22:44:26.000000;presidential;538;270;55.2;520;47168710;60.7;17;29173222;37.5
40568;1972 United States presidential election;2016-11-10T01:07:06.000000;presidential;538;270;55.2;520;47168710;60.7;17;29173222;37.5
40568;1972 United States presidential election;2016-11-10T04:30:25.000000;presidential;538;270;55.2;520;47168710;60.7;17;29173222;37.5
40568;1972 United States presidential election;2016-11-11T05:16:27.000000;presidential;538;270;55.2;520;47168710;60.7;17;29173222;37.5
40568;1972 United States presidential election;2016-11-14T07:25:43.000000;presidential;538;270;55.2;520;47168710;60.7;17;29173222;37.5
40568;1972 United States presidential election;2016-12-31T18:33:06.000000;presidential;538;270;55.2;520;47168710;60.7;17;29173222;37.5
40568;1972 United States presidential election;2016-12-31T18:33:21.000000;presidential;538;270;55.2;520;47168710;60.7;17;29173222;37.5
40568;1972 United States presidential election;2016-12-31T18:33:53.000000;presidential;538;270;55.2;520;47168710;60.7;17;29173222;37.5
40568;1972 United States presidential election;2016-12-31T18:36:38.000000;presidential;538;270;55.2;520;47168710;60.7;17;29173222;37.5
40568;1972 United States presidential election;2017-01-05T12:41:08.000000;presidential;538;270;55.2;520;47168710;60.7;17;29173222;37.5
40568;1972 United States presidential election;2017-04-08T14:30:22.000000;presidential;538;270;55.2;520;47168710;60.7;17;29173222;37.5
40568;1972 United States presidential election;2017-04-10T19:25:46.000000;presidential;538;270;55.2;520;47168710;60.7;17;29173222;37.5
40568;1972 United States presidential election;2017-04-23T11:31:48.000000;presidential;538;270;55.2;520;47168710;60.7;17;29173222;37.5
40568;1972 United States presidential election;2017-11-01T01:31:18.000000;presidential;538;270;55.2;520;47168710;60.7;17;29173222;37.5
40568;1972 United States presidential election;2017-11-01T02:57:57.000000;presidential;538;270;55.2;520;57168710;60.7;17;19173222;27.5
40568;1972 United States presidential election;2017-11-01T15:02:25.000000;presidential;538;270;55.2;520;57168710;60.7;17;29173222;27.5
40568;1972 United States presidential election;2017-11-01T15:03:13.000000;presidential;538;270;55.2;520;47168710;60.7;17;29173222;27.5
40568;1972 United States presidential election;2017-11-03T15:26:30.000000;presidential;538;270;55.2;520;47168710;60.7;17;29173222;27.5
40568;1972 United States presidential election;2017-11-04T15:24:14.000000;presidential;538;270;55.2;520;47168710;60.7;17;29173222;37.5
40568;1972 United States presidential election;2018-02-18T21:12:30.000000;presidential;538;270;55.2;329;31175355;40.1;113;21612840;27.8
40568;1972 United States presidential election;2018-02-18T21:40:00.000000;presidential;538;270;55.2;520;47168710;60.7;17;29173222;37.5
40568;1972 United States presidential election;2019-01-22T05:27:02.000000;presidential;538;270;55.2;520;47168710;60.69;17;29173222;37.52
40568;1972 United States presidential election;2019-06-25T23:51:07.000000;presidential;538;270;55.2;520;47168710;60.69;17;29173222;37.52
40569;1976 United States presidential election;2007-08-06T16:24:08.000000;presidential;;;;297;40831881;50.1;240;39148634;48.0
40569;1976 United States presidential election;2008-02-06T18:42:41.000000;presidential;;;;297;40831881;50.1;240;39148634;48.0
40569;1976 United States presidential election;2009-01-01T20:00:40.000000;presidential;;;;297;40831881;50.1;241;39148634;48.0
40569;1976 United States presidential election;2009-01-17T03:32:56.000000;presidential;;;;297;40831881;50.1;241;39148634;48.0
40569;1976 United States presidential election;2009-02-01T16:59:27.000000;presidential;;;;297;40831881;50.1;241;39148634;48.0
40569;1976 United States presidential election;2009-02-01T19:05:29.000000;presidential;;;;297;40831881;50.1;241;39148634;48.0
40569;1976 United States presidential election;2009-02-06T05:35:07.000000;presidential;;;;297;40831881;50.1;240;39148634;48.0
40569;1976 United States presidential election;2009-02-07T02:21:19.000000;presidential;;;;240;40831881;48.0;297;39148634;51.1
40569;1976 United States presidential election;2009-02-07T02:31:23.000000;presidential;;;;297;40831881;50.1;240;39148634;48.0
40569;1976 United States presidential election;2009-02-15T14:18:12.000000;presidential;;;;297;40831881;50.1;240;39148634;48.0
40569;1976 United States presidential election;2009-02-15T14:25:23.000000;presidential;;;;297;40831881;50.1;240;39148634;48.0
40569;1976 United States presidential election;2009-02-15T14:26:49.000000;presidential;;;;297;40831881;50.1;240;39148634;48.0
40569;1976 United States presidential election;2009-02-15T14:56:55.000000;presidential;;;;297;40831881;50.1;240;39148634;48.0
40569;1976 United States presidential election;2009-02-15T18:35:49.000000;presidential;;;;297;40831881;50.1;240;39148634;48.0
40569;1976 United States presidential election;2009-02-15T19:24:12.000000;presidential;;;;297;40831881;50.1;240;39148634;48.0
40569;1976 United States presidential election;2009-04-01T00:19:08.000000;presidential;;;;297;40831881;50.1;240;39148634;48.0
40569;1976 United States presidential election;2009-04-01T01:06:15.000000;presidential;;;;297;40831881;50.1;240;39148634;48.0
40569;1976 United States presidential election;2009-04-04T18:06:41.000000;presidential;;;;297;40831881;50.1;240;39148634;48.0
40569;1976 United States presidential election;2009-05-10T15:40:20.000000;presidential;;;;297;40831881;50.1;240;39148634;48.0
40569;1976 United States presidential election;2009-05-10T21:23:24.000000;presidential;;;;240;39148634;48.0;297;40831881;50.1
40569;1976 United States presidential election;2009-05-10T21:24:28.000000;presidential;;;;297;40831881;50.1;240;39148634;48.0
40569;1976 United States presidential election;2009-06-16T17:16:37.000000;presidential;;;;297;40831881;50.1;240;39148634;48.0
40569;1976 United States presidential election;2009-06-17T20:50:52.000000;presidential;;;;297;40831881;50.1;240;39148634;48.0
40569;1976 United States presidential election;2009-08-20T15:23:49.000000;presidential;;;;297;40831881;50.1;11;2811912;2.8
40569;1976 United States presidential election;2009-08-20T15:25:01.000000;presidential;;;;297;40831881;50.1;240;39148634;48.0
40569;1976 United States presidential election;2010-01-16T00:32:08.000000;cook;;;;297;40831881;50.1;240;39148634;48.0
40569;1976 United States presidential election;2010-01-16T01:51:06.000000;presidential;;;;297;40831881;50.1;240;39148634;48.0
40569;1976 United States presidential election;2010-11-23T06:33:24.000000;presidential;;;;297;40831881;50.1;240;39148634;48.0
40569;1976 United States presidential election;2012-05-27T23:17:04.000000;presidential;;;;394;29118423;35.7;144;17471054;21.4
40569;1976 United States presidential election;2012-05-27T23:18:14.000000;presidential;;;;297;40831881;50.1;240;39148634;48.0
40569;1976 United States presidential election;2012-06-30T18:51:47.000000;presidential;538;270;;297;40831881;50.1;240;39148634;48.0
40569;1976 United States presidential election;2012-07-10T14:26:44.000000;presidential;538;270;;240;40831881;50.1;297;39148634;48.0
40569;1976 United States presidential election;2012-07-10T15:52:03.000000;presidential;538;270;;297;40831881;50.1;240;39148634;48.0
40569;1976 United States presidential election;2012-10-22T04:07:19.000000;presidential;538;270;53.5;297;40831881;50.1;240;39148634;48.0
40569;1976 United States presidential election;2013-09-06T11:21:53.000000;presidential;538;270;53.5;297;40831881;50.08;240;39148634;48.02
40569;1976 United States presidential election;2013-09-06T17:14:24.000000;presidential;538;270;53.5;297;40831881;50.1;240;39148634;48.0
40569;1976 United States presidential election;2013-11-23T13:55:38.000000;presidential;538;270;53.5;297;40831881;50.1;240;39148634;48.0
40569;1976 United States presidential election;2014-09-17T20:29:23.000000;presidential;538;270;53.5;297;40831881;50.1;240;39148634;48.0
40569;1976 United States presidential election;2015-06-22T01:28:14.000000;presidential;538;270;53.5;297;40831881;50.1;1;39148634;48.0
40569;1976 United States presidential election;2015-06-22T01:29:00.000000;presidential;538;270;53.5;297;40831881;50.1;240;39148634;48.0
40569;1976 United States presidential election;2015-11-12T18:56:59.000000;presidential;538;270;53.5;297;40831881;50.1;240;39148634;48.0
40569;1976 United States presidential election;2015-12-28T11:19:46.000000;presidential;538;270;53.6;297;40831881;50.1;240;39148634;48.0
40569;1976 United States presidential election;2016-04-29T04:21:01.000000;presidential;538;270;53.6;297;40831881;50.0;240;39148634;48.0
40569;1976 United States presidential election;2016-04-29T04:21:50.000000;presidential;538;270;53.6;297;40831881;50.1;240;39148634;48.0
40569;1976 United States presidential election;2016-06-23T22:03:06.000000;presidential;538;270;53.6;297;40831881;50.1;240;39148634;48.0
40569;1976 United States presidential election;2016-08-03T14:01:46.000000;presidential;538;270;53.6;297;40831881;50.1;240;39148634;48.0
40569;1976 United States presidential election;2016-11-14T07:25:20.000000;presidential;538;270;53.6;297;40831881;50.1;240;39148634;48.0
40569;1976 United States presidential election;2016-12-31T18:35:22.000000;presidential;538;270;53.6;297;40831881;50.1;240;39148634;48.0
40569;1976 United States presidential election;2016-12-31T18:37:16.000000;presidential;538;270;53.6;297;40831881;50.1;240;39148634;48.0
40569;1976 United States presidential election;2017-01-09T01:03:48.000000;presidential;538;270;53.6;297;40831881;50.1;240;39148634;48.0
40569;1976 United States presidential election;2017-04-08T14:29:55.000000;presidential;538;270;53.6;297;40831881;50.1;240;39148634;48.0
40569;1976 United States presidential election;2017-04-10T19:25:06.000000;presidential;538;270;53.6;297;40831881;50.1;240;39148634;48.0
40569;1976 United States presidential election;2017-12-02T17:21:53.000000;presidential;538;270;53.6;297;40831881;50.1;240;39148634;48.0
40569;1976 United States presidential election;2017-12-02T17:26:17.000000;presidential;538;270;53.6;297;40831881;50.1;240;39148634;48.0
40569;1976 United States presidential election;2018-07-13T21:03:17.000000;presidential;538;270;53.5;297;40831881;50.1;240;39148634;48.0
40569;1976 United States presidential election;2018-07-13T21:08:22.000000;presidential;538;270;53.5;297;40831881;50.1;240;39148634;48.0
40569;1976 United States presidential election;2018-11-21T21:52:05.000000;presidential;538;270;53.5;297;40831881;50.1;240;39148634;48.0
40569;1976 United States presidential election;2019-01-22T05:06:24.000000;presidential;538;270;53.5;297;40831881;50.08;240;39148634;48.02
40569;1976 United States presidential election;2019-02-20T18:09:31.000000;presidential;538;270;53.5;297;40831881;50.08;240;39148634;48.02
40569;1976 United States presidential election;2019-05-26T11:46:49.000000;presidential;538;270;53.5;297;40831881;50.08;240;39148634;48.02
40570;1980 United States presidential election;2007-08-06T16:00:19.000000;presidential;;;;489;43903230;50.7;49;37577352;40.6
40570;1980 United States presidential election;2007-09-04T02:14:20.000000;presidential;;;;489;43903230;50.7;0;5719850;6.6
40570;1980 United States presidential election;2007-09-04T02:15:53.000000;presidential;;;;489;43903230;50.7;49;37577352;40.6
40570;1980 United States presidential election;2007-09-19T01:20:54.000000;presidential;;;;489;43903230;50.7;49;37577352;41.0
40570;1980 United States presidential election;2007-10-20T05:14:30.000000;presidential;;;;0;5719850;6.6;49;37577352;41.0
40570;1980 United States presidential election;2007-10-20T05:17:15.000000;presidential;;;;489;43903230;50.7;49;37577352;41.0
40570;1980 United States presidential election;2007-10-20T15:22:53.000000;presidential;;;;0;5719850;6.6;49;37577352;41.0
40570;1980 United States presidential election;2007-10-21T00:22:42.000000;presidential;;;;489;43903230;50.7;49;37577352;41.0
40570;1980 United States presidential election;2007-10-22T00:00:44.000000;presidential;;;;489;43903230;50.7;49;35480115;41.0
40570;1980 United States presidential election;2008-02-06T22:22:32.000000;presidential;;;;489;43903230;50.7;49;35480115;41.0
40570;1980 United States presidential election;2008-07-24T04:09:54.000000;presidential;;;;493;43903230;50.7;45;35480115;41.0
40570;1980 United States presidential election;2008-07-25T21:29:33.000000;presidential;;;;489;43903230;50.7;49;35480115;41.0
40570;1980 United States presidential election;2008-10-30T19:15:02.000000;presidential;;;;489;43903230;50.7;49;35480115;41.0
40570;1980 United States presidential election;2009-01-17T03:33:33.000000;presidential;;;;489;43903230;50.7;49;35480115;41.0
40570;1980 United States presidential election;2009-02-01T17:00:36.000000;presidential;;;;489;43903230;50.7;49;35480115;41.0
40570;1980 United States presidential election;2009-02-01T19:05:56.000000;presidential;;;;489;43903230;50.7;49;35480115;41.0
40570;1980 United States presidential election;2009-02-15T14:27:14.000000;presidential;;;;489;43903230;50.7;49;35480115;41.0
40570;1980 United States presidential election;2009-02-15T14:57:15.000000;presidential;;;;489;43903230;50.7;49;35480115;41.0
40570;1980 United States presidential election;2009-02-15T18:36:10.000000;presidential;;;;489;43903230;50.7;49;35480115;41.0
40570;1980 United States presidential election;2009-02-15T19:25:52.000000;presidential;;;;489;43903230;50.7;49;35480115;41.0
40570;1980 United States presidential election;2009-04-09T08:33:34.000000;presidential;;;;489;43903230;50.7;49;35480115;41.0
40570;1980 United States presidential election;2009-04-09T14:51:01.000000;presidential;;;;489;43903230;50.7;49;35480115;41.0
40570;1980 United States presidential election;2009-04-10T10:32:45.000000;presidential;;;;489;43903230;50.7;49;35480115;41.0
40570;1980 United States presidential election;2009-04-10T23:36:13.000000;presidential;;;;489;43903230;50.7;49;35480115;41.0
40570;1980 United States presidential election;2009-04-14T07:23:11.000000;presidential;;;;489;43903230;50.7;49;35480115;41.0
40570;1980 United States presidential election;2009-04-29T00:58:26.000000;presidential;;;;489;43903230;50.7;49;35480115;41.0
40570;1980 United States presidential election;2009-04-30T03:23:13.000000;presidential;;;;489;43903230;50.7;49;35480115;41.0
40570;1980 United States presidential election;2009-06-16T17:19:11.000000;presidential;;;;489;43903230;50.7;49;35480115;41.0
40570;1980 United States presidential election;2009-06-17T20:51:15.000000;presidential;;;;489;43903230;50.7;49;35480115;41.0
40570;1980 United States presidential election;2009-08-15T04:47:34.000000;presidential;;;;489;43903230;50.7;0;5719850;6.61
40570;1980 United States presidential election;2009-08-15T04:48:15.000000;presidential;;;;489;43903230;50.7;49;35480115;41.0
40570;1980 United States presidential election;2009-12-14T14:58:33.000000;presidential;;;;489;43903230;60.0;49;35480115;41.0
40570;1980 United States presidential election;2009-12-18T03:07:50.000000;presidential;;;;489;43903230;50.7;49;35480115;41.0
40570;1980 United States presidential election;2009-12-29T15:37:12.000000;presidential;;;;489;43903230;50.7;0;5719850;6.61
40570;1980 United States presidential election;2009-12-29T15:42:03.000000;presidential;;;;489;43903230;50.7;49;35480115;41.0
40570;1980 United States presidential election;2009-12-29T15:44:26.000000;presidential;;;;0;5719850;6.61;49;35480115;41.0
40570;1980 United States presidential election;2009-12-29T15:47:23.000000;presidential;;;;489;43903230;50.7;49;35480115;41.0
40570;1980 United States presidential election;2010-03-28T19:27:57.000000;presidential;;;;489;43903230;50.8;49;35480115;41.0
40570;1980 United States presidential election;2010-03-28T23:29:10.000000;presidential;;;;489;43903230;50.7;49;35480115;41.0
40570;1980 United States presidential election;2011-02-09T16:20:49.000000;presidential;;;;489;43903230;50.7;49;35480115;41.0
40570;1980 United States presidential election;2012-06-30T18:51:18.000000;presidential;538;270;;489;43903230;50.7;49;35480115;41.0
40570;1980 United States presidential election;2012-08-26T05:12:28.000000;presidential;538;270;54.2;489;43903230;50.7;49;35480115;41.0
40570;1980 United States presidential election;2012-10-22T04:05:30.000000;presidential;538;270;52.6;489;43903230;50.7;49;35480115;41.0
40570;1980 United States presidential election;2012-11-24T19:40:11.000000;presidential;538;270;52.6;489;43903230;51.58;49;35480115;41.69
40570;1980 United States presidential election;2012-11-26T21:18:32.000000;presidential;538;270;52.6;489;43903230;50.7;49;35480115;41.0
40570;1980 United States presidential election;2012-11-26T21:20:16.000000;presidential;538;270;52.6;489;43903230;50.71;49;35480115;40.98
40570;1980 United States presidential election;2012-11-26T23:21:27.000000;presidential;538;270;52.6;489;43903230;50.7;49;35480115;41.0
40570;1980 United States presidential election;2013-01-09T17:44:45.000000;presidential;538;270;52.6;489;43903230;50.8;49;35480115;41.0
40570;1980 United States presidential election;2013-06-25T01:48:12.000000;presidential;538;270;52.6;489;43903230;51.58;49;35480115;41.69
40570;1980 United States presidential election;2013-06-25T01:52:17.000000;presidential;538;270;52.6;489;43903230;50.75;49;35480115;41.01
40570;1980 United States presidential election;2013-06-28T16:30:51.000000;presidential;538;270;52.6;489;43903230;50.8;49;35480115;41.0
40570;1980 United States presidential election;2013-09-06T11:22:30.000000;presidential;538;270;52.6;489;43903230;50.75;49;35480115;41.01
40570;1980 United States presidential election;2013-09-06T17:14:07.000000;presidential;538;270;52.6;489;43903230;50.8;49;35480115;41.0
40570;1980 United States presidential election;2013-11-23T13:56:25.000000;presidential;538;270;52.6;489;43903230;50.8;49;35480115;41.0
40570;1980 United States presidential election;2014-08-27T15:54:42.000000;presidential;538;270;52.6;489;43903230;54.8;49;35480115;41.0
40570;1980 United States presidential election;2014-08-28T00:54:18.000000;presidential;538;270;52.6;489;43903230;50.8;49;35480115;41.0
40570;1980 United States presidential election;2015-09-29T22:00:37.000000;presidential;538;260;52.7;489;43903230;50.8;49;35480115;41.0
40570;1980 United States presidential election;2015-10-04T20:40:56.000000;presidential;538;270;52.7;489;43903230;50.8;49;35480115;41.0
40570;1980 United States presidential election;2015-12-01T22:21:36.000000;presidential;538;270;52.7;489;43903230;50.8;49;35480115;41.0
40570;1980 United States presidential election;2015-12-05T22:28:35.000000;presidential;538;270;52.7;489;43903230;50.8;49;35480115;41.0
40570;1980 United States presidential election;2015-12-20T20:32:26.000000;presidential;538;270;52.7;0;921128;1.1;49;35480115;41.0
40570;1980 United States presidential election;2015-12-20T20:51:25.000000;presidential;538;270;52.7;489;43903230;50.8;49;35480115;41.0
40570;1980 United States presidential election;2015-12-28T11:19:15.000000;presidential;538;270;52.6;489;43903230;50.8;49;35480115;41.0
40570;1980 United States presidential election;2016-01-31T18:12:45.000000;presidential;538;270;48.7;489;43903230;50.8;49;35480115;41.0
40570;1980 United States presidential election;2016-01-31T18:13:44.000000;presidential;538;270;52.8;489;43903230;50.8;49;35480115;41.0
40570;1980 United States presidential election;2016-03-13T15:35:48.000000;presidential;538;270;52.6;489;43903230;50.8;49;35480115;41.0
40570;1980 United States presidential election;2016-04-29T03:21:59.000000;presidential;538;270;52.6;489;43903230;50.7;49;35480115;41.0
40570;1980 United States presidential election;2016-05-04T18:14:28.000000;presidential;538;270;52.6;489;43903230;50.7;49;35480115;41.0
40570;1980 United States presidential election;2016-06-23T22:03:04.000000;presidential;538;270;52.6;489;43903230;50.7;49;35480115;41.0
40570;1980 United States presidential election;2016-08-18T16:16:14.000000;presidential;538;270;52.6;489;43903230;50.7;49;35480115;41.0
40570;1980 United States presidential election;2016-10-17T23:05:35.000000;presidential;538;270;52.6;268;43903230;50.7;270;45480115;41.0
40570;1980 United States presidential election;2016-10-17T23:07:40.000000;presidential;538;270;52.6;489;43903230;50.7;49;35480115;41.0
40570;1980 United States presidential election;2016-11-09T23:34:00.000000;presidential;538;270;52.6;538;43903230;100.0;0;35480115;0.0
40570;1980 United States presidential election;2016-11-09T23:36:22.000000;presidential;538;270;52.6;489;43903230;50.7;49;35480115;41.0
40570;1980 United States presidential election;2016-11-14T07:24:57.000000;presidential;538;270;52.6;489;43903230;50.7;49;35480115;41.0
40570;1980 United States presidential election;2018-02-23T15:39:23.000000;presidential;538;270;52.6;489;43903230;50.7;49;35480115;41.0
40570;1980 United States presidential election;2018-02-23T15:39:42.000000;presidential;538;270;52.6;489;43903230;50.7;49;35480115;41.0
40570;1980 United States presidential election;2018-04-02T00:50:43.000000;presidential;538;270;52.6;489;43903230;50.7;49;35480115;9.11
40570;1980 United States presidential election;2018-04-02T00:53:19.000000;presidential;538;270;52.6;489;43903230;50.7;49;35480115;41.0
40570;1980 United States presidential election;2018-07-13T21:06:06.000000;presidential;538;270;52.6;489;43903230;50.7;49;35480115;41.0
40570;1980 United States presidential election;2019-01-21T07:07:30.000000;presidential;538;270;52.6;489;43903230;50.75;49;35480115;41.01
40570;1980 United States presidential election;2019-01-27T04:15:52.000000;presidential;538;270;52.6;499;43903230;50.75;39;35480115;41.01
40570;1980 United States presidential election;2019-01-28T03:21:59.000000;presidential;538;270;52.6;489;43903230;50.75;49;35480115;41.01
40570;1980 United States presidential election;2019-02-28T23:52:39.000000;presidentl;538;270;52.6;489;43903230;50.75;49;35480115;41.01
40570;1980 United States presidential election;2019-03-01T00:13:07.000000;presidential;538;270;52.6;489;43903230;50.75;49;35480115;41.01
40570;1980 United States presidential election;2019-05-08T01:30:16.000000;presidential;538;270;52.6;299;43903230;50.75;239;42480115;41.01
40570;1980 United States presidential election;2019-05-08T01:51:36.000000;presidential;538;270;52.6;489;43903230;50.75;49;35480115;41.01
40570;1980 United States presidential election;2019-05-26T11:33:34.000000;presidential;538;270;52.6;489;43903230;50.75;49;35480115;41.01
40571;1984 United States presidential election;2007-08-06T14:11:16.000000;presidential;;;;525;54455472;58.8;13;37577352;40.6
40571;1984 United States presidential election;2008-10-22T21:55:38.000000;presidential;;;;525;54455472;58.8;13;37577352;40.6
40571;1984 United States presidential election;2009-01-17T03:35:05.000000;presidential;;;;525;54455472;58.8;13;37577352;40.6
40571;1984 United States presidential election;2009-02-01T12:23:17.000000;presidential;;;;525;54455472;58.8;13;37577352;40.6
40571;1984 United States presidential election;2009-02-01T17:01:21.000000;presidential;;;;525;54455472;58.8;13;37577352;40.6
40571;1984 United States presidential election;2009-02-01T19:06:42.000000;presidential;;;;525;54455472;58.8;13;37577352;40.6
40571;1984 United States presidential election;2009-02-15T14:27:32.000000;presidential;;;;525;54455472;58.8;13;37577352;40.6
40571;1984 United States presidential election;2009-02-15T14:57:26.000000;presidential;;;;525;54455472;58.8;13;37577352;40.6
40571;1984 United States presidential election;2009-02-15T18:36:44.000000;presidential;;;;525;54455472;58.8;13;37577352;40.6
40571;1984 United States presidential election;2009-02-15T19:26:10.000000;presidential;;;;525;54455472;58.8;13;37577352;40.6
40571;1984 United States presidential election;2009-03-30T17:49:31.000000;klegghshdhdvsvsvdvdvdjhcud;;;;525;54455472;58.8;13;37577352;40.6
40571;1984 United States presidential election;2009-03-30T22:59:33.000000;presidential;;;;525;54455472;58.8;13;37577352;40.6
40571;1984 United States presidential election;2009-04-09T08:36:23.000000;presidential;;;;525;54455472;58.8;13;37577352;40.6
40571;1984 United States presidential election;2009-04-09T14:49:42.000000;presidential;;;;525;54455472;58.8;13;37577352;40.6
40571;1984 United States presidential election;2009-04-10T10:33:09.000000;presidential;;;;525;54455472;58.8;13;37577352;40.6
40571;1984 United States presidential election;2009-04-10T23:35:08.000000;presidential;;;;525;54455472;58.8;13;37577352;40.6
40571;1984 United States presidential election;2009-04-29T01:00:39.000000;presidential;;;;525;54455472;58.8;13;37577352;40.6
40571;1984 United States presidential election;2009-04-30T03:22:16.000000;presidential;;;;525;54455472;58.8;13;37577352;40.6
40571;1984 United States presidential election;2009-06-16T17:20:23.000000;presidential;;;;525;54455472;58.8;13;37577352;40.6
40571;1984 United States presidential election;2009-06-17T20:20:15.000000;presidential;;;;525;54455472;58.8;13;37577352;40.6
40571;1984 United States presidential election;2011-02-09T16:21:47.000000;presidential;;;;525;54455472;58.8;13;37577352;40.6
40571;1984 United States presidential election;2012-04-06T01:25:47.000000;presidential;;;;525;54455472;60.8;13;37577352;38.6
40571;1984 United States presidential election;2012-04-08T23:20:05.000000;presidential;;;;525;54455472;58.8;13;37577352;40.6
40571;1984 United States presidential election;2012-06-30T18:50:44.000000;presidential;538;270;;525;54455472;58.8;13;37577352;40.6
40571;1984 United States presidential election;2012-08-16T20:20:43.000000;presidential;538;270;;525;54455472;59.16;13;37577352;40.83
40571;1984 United States presidential election;2012-08-16T20:23:22.000000;presidential;538;270;;525;54455472;58.8;13;37577352;40.6
40571;1984 United States presidential election;2012-08-26T05:10:47.000000;presidential;538;270;55.2;525;54455472;58.8;13;37577352;40.6
40571;1984 United States presidential election;2012-09-03T03:31:12.000000;presidential;538;270;55.2;525;54455472;58.8;13;37577352;40.6
40571;1984 United States presidential election;2012-10-22T04:03:47.000000;presidential;538;270;53.1;525;54455472;58.8;13;37577352;40.6
40571;1984 United States presidential election;2012-11-24T19:44:30.000000;presidential;538;270;53.1;525;54455472;59.16;13;37577352;40.84
40571;1984 United States presidential election;2012-12-05T18:52:03.000000;presidential;538;270;53.1;525;54455472;58.77;13;37577352;40.56
40571;1984 United States presidential election;2013-01-08T17:08:24.000000;presidential;538;270;53.1;525;54455472;58.8;13;37577352;40.6
40571;1984 United States presidential election;2013-06-27T12:16:01.000000;presidential;538;270;53.1;525;54455472;58.77;13;37577352;40.56
40571;1984 United States presidential election;2013-06-28T16:28:11.000000;presidential;538;270;53.1;525;54455472;58.8;13;37577352;40.6
40571;1984 United States presidential election;2013-09-06T11:23:01.000000;presidential;538;270;53.1;525;54455472;58.77;13;37577352;40.56
40571;1984 United States presidential election;2013-09-06T17:14:00.000000;presidential;538;270;53.1;525;54455472;58.8;13;37577352;40.6
40571;1984 United States presidential election;2013-11-23T13:57:49.000000;presidential;538;270;53.1;525;54455472;58.8;13;37577352;40.6
40571;1984 United States presidential election;2014-04-01T04:10:14.000000;presidential;538;270;53.1;525;54455472;58.8;13;37577352;40.6
40571;1984 United States presidential election;2014-10-27T23:04:38.000000;presidehjgujmmhjubjyntial;538;270;53.1;525;54455472;58.8;13;37577352;40.6
40571;1984 United States presidential election;2014-10-27T23:04:51.000000;presidential;538;270;53.1;525;54455472;58.8;13;37577352;40.6
40571;1984 United States presidential election;2015-12-28T11:18:40.000000;presidential;538;270;53.3;525;54455472;58.8;13;37577352;40.6
40571;1984 United States presidential election;2016-06-23T22:03:02.000000;presidential;538;270;53.3;525;54455472;58.8;13;37577352;40.6
40571;1984 United States presidential election;2016-09-01T21:05:11.000000;presidential;538;270;53.3;525;54455472;58.8;13;37577352;40.6
40571;1984 United States presidential election;2016-09-01T21:08:31.000000;presidential;538;270;53.3;525;54455472;58.8;13;37577352;40.6
40571;1984 United States presidential election;2016-09-01T22:24:27.000000;presidential;538;270;53.3;525;54455472;58.8;13;37577352;40.6
40571;1984 United States presidential election;2016-09-01T22:25:31.000000;presidential;538;270;53.3;525;54455472;58.8;13;37577352;40.6
40571;1984 United States presidential election;2016-10-09T21:59:44.000000;presidential;538;270;53.3;228;54455472;32.3;220;37577352;25.8
40571;1984 United States presidential election;2016-10-09T22:34:31.000000;presidential;538;270;53.3;525;54455472;58.8;13;37577352;40.6
40571;1984 United States presidential election;2016-11-09T17:35:21.000000;presidential;538;270;53.3;525;54455472;300.7;13;37577352;40.6
40571;1984 United States presidential election;2016-11-09T17:37:25.000000;presidential;538;270;53.3;525;54455472;58.8;13;37577352;40.6
40571;1984 United States presidential election;2016-11-14T07:24:28.000000;presidential;538;270;53.3;525;54455472;58.8;13;37577352;40.6
40571;1984 United States presidential election;2016-12-06T17:52:00.000000;presidential;538;270;53.3;525;54455472;99.9;1;2;0.01
40571;1984 United States presidential election;2016-12-06T18:04:12.000000;presidential;538;270;53.3;525;54455472;58.8;13;37577352;40.6
40571;1984 United States presidential election;2017-10-12T03:23:12.000000;presidential;538;270;53.3;525;54455472;68.8;13;37577352;30.6
40571;1984 United States presidential election;2017-10-12T03:24:30.000000;presidential;538;270;53.3;525;64455472;68.8;13;27577352;30.6
40571;1984 United States presidential election;2017-10-12T08:20:46.000000;presidential;538;270;53.3;525;54455472;58.8;13;37577352;40.6
40571;1984 United States presidential election;2017-11-23T21:33:35.000000;presidential;538;270;53.3;167;54455472;30.0;371;69577352;70.0
40571;1984 United States presidential election;2017-11-23T21:48:09.000000;presidential;538;270;53.3;525;54455472;58.8;13;37577352;40.6
40571;1984 United States presidential election;2018-03-04T07:14:15.000000;presidential;538;270;53.3;338;50039434;50.8;200;48534009;48.2
40571;1984 United States presidential election;2018-03-04T12:29:01.000000;presidential;538;270;53.3;525;54455075;58.8;13;37577185;40.5
40571;1984 United States presidential election;2018-03-04T15:53:36.000000;presidential;538;270;53.3;525;54455472;58.8;13;37577352;40.6
40571;1984 United States presidential election;2018-06-19T00:32:56.000000;presidential;538;270;57.2;374;47454433;48.9;164;45319469;46.7
40571;1984 United States presidential election;2018-06-19T00:33:40.000000;presidential;538;270;53.3;525;54455472;58.8;13;37577352;40.6
40571;1984 United States presidential election;2018-12-20T05:30:36.000000;presidential;538;270;53.3;525;54455472;58.78;13;37577352;40.56
40571;1984 United States presidential election;2019-01-24T18:53:30.000000;presidential;538;270;53.3;525;54455472;58.78;1;37577352;40.56
40571;1984 United States presidential election;2019-01-25T04:58:33.000000;presidential;538;270;53.3;525;54455472;58.78;13;37577352;40.56
40571;1984 United States presidential election;2019-06-25T23:51:22.000000;presidential;538;270;53.3;525;54455472;58.78;13;37577352;40.56
1297662;2004 United States presidential election;2007-08-22T18:54:15.000000;;;;;;12;1345.0;;;
1297662;2004 United States presidential election;2007-08-22T18:55:46.000000;;;;;;62040610;50.7;;;
1297662;2004 United States presidential election;2007-09-08T13:46:33.000000;;;;;;62040610;51.7;;;
1297662;2004 United States presidential election;2007-09-10T03:40:43.000000;;;;;;62040610;50.7;;;
1297662;2004 United States presidential election;2007-09-11T20:03:23.000000;presidential;;;;286;62040610;50.7;252;59028111;48.3
1297662;2004 United States presidential election;2007-09-18T15:54:30.000000;presidential;;;;286;62040610;50.7;252;59028111;48.3
1297662;2004 United States presidential election;2007-10-01T02:58:57.000000;presidential;;;;286;62040610;50.7;251;59028111;48.3
1297662;2004 United States presidential election;2007-10-29T18:55:28.000000;presidential;;;;286;62040610;50.7;251;59028111;48.3
1297662;2004 United States presidential election;2007-11-13T23:02:29.000000;presidential;;;;286;62040610;50.7;251;59028111;48.3
1297662;2004 United States presidential election;2007-12-01T07:50:22.000000;presidential;;;;286;62040610;50.7;252;59028111;48.3
1297662;2004 United States presidential election;2007-12-20T22:36:34.000000;presidential;;;;286;62040610;50.7;1;1;0.0
1297662;2004 United States presidential election;2007-12-20T22:37:03.000000;presidential;;;;286;62040610;50.7;252;59028111;48.3
1297662;2004 United States presidential election;2007-12-20T22:41:21.000000;presidential;;;;286;62040610;50.7;251;59028111;48.3
1297662;2004 United States presidential election;2008-02-24T17:53:23.000000;presidential;;;;286;69040610;50.7;251;59028111;48.3
1297662;2004 United States presidential election;2008-02-24T18:22:40.000000;presidential;;;;286;62040610;50.7;251;59028111;48.3
1297662;2004 United States presidential election;2008-04-02T02:34:03.000000;presidential;;;;286;62040610;50.0;251;62040611;50.0
1297662;2004 United States presidential election;2008-04-02T03:58:08.000000;presidential;;;;286;62040610;50.7;251;59028111;48.3
1297662;2004 United States presidential election;2008-04-09T22:49:29.000000;presidential;;;;286;62040610;100.0;251;59028111;0.0
1297662;2004 United States presidential election;2008-04-09T22:51:24.000000;presidential;;;;286;62040610;50.7;251;59028111;48.3
1297662;2004 United States presidential election;2008-04-10T01:28:16.000000;presidential;;;;286;62040610;50.7;251;59028111;48.3
1297662;2004 United States presidential election;2008-05-03T04:09:01.000000;presidential;;;;286;62040610;50.7;251;59028444;48.3
1297662;2004 United States presidential election;2008-06-17T18:51:30.000000;presidential;;;;286;62040610;50.7;251;59028444;49.3
1297662;2004 United States presidential election;2008-06-18T21:20:01.000000;presidential;;;;286;62040610;50.7;252;59028444;49.3
1297662;2004 United States presidential election;2008-06-19T00:37:11.000000;presidential;;;;286;62040610;50.7;251;59028444;49.3
1297662;2004 United States presidential election;2008-06-19T23:18:55.000000;presidential;;;;286;62040610;50.7;251;59028444;48.3
1297662;2004 United States presidential election;2008-07-06T02:59:07.000000;presidential;;;;286;60639281;50.7;251;57355978;48.3
1297662;2004 United States presidential election;2008-07-06T03:00:19.000000;presidential;;;;286;60639281;50.7;252;57355978;48.3
1297662;2004 United States presidential election;2008-07-10T02:41:02.000000;presidential;;;;286;60639281;50.7;252;57355978;48.3
1297662;2004 United States presidential election;2008-07-12T19:57:05.000000;presidential;;;;286;62040610;50.7;252;59028444;48.3
1297662;2004 United States presidential election;2008-07-15T01:36:58.000000;presidential;;;;286;62040610;50.7;251;59028444;48.3
1297662;2004 United States presidential election;2008-07-16T18:12:51.000000;presidential;;;;286;30040610;23.7;251;62028444;48.3
1297662;2004 United States presidential election;2008-07-16T19:01:19.000000;presidential;;;;286;62040610;23.7;251;62028444;48.3
1297662;2004 United States presidential election;2008-07-16T19:03:18.000000;presidential;;;;286;62040610;50.04;251;62028444;48.3
1297662;2004 United States presidential election;2008-07-16T21:59:03.000000;presidential;;;;286;62040610;50.04;251;62028444;48.3
1297662;2004 United States presidential election;2008-07-17T06:14:37.000000;presidential;;;;286;62040610;50.04;251;59028444;48.3
1297662;2004 United States presidential election;2008-07-24T19:14:03.000000;presidential;;;;286;62040610;51.2;251;59028444;48.3
1297662;2004 United States presidential election;2008-08-01T04:52:42.000000;presidential;;;;286;62040610;50.7;251;59028444;48.3
1297662;2004 United States presidential election;2008-08-21T15:46:28.000000;presidential;;;;286;62040610;50.7;252;59028444;48.3
1297662;2004 United States presidential election;2008-08-28T00:26:26.000000;presidential;;;;286;62040610;50.7;251;59028444;48.3
1297662;2004 United States presidential election;2008-09-19T05:01:50.000000;presidential;;;;286;62040610;50.7;252;59028444;48.3
1297662;2004 United States presidential election;2008-09-27T22:19:44.000000;presidential;;;;286;62040610;50.7;251;59028444;48.3
1297662;2004 United States presidential election;2008-09-29T02:44:18.000000;presidential;;;;286;62040610;50.7;251;59028444;48.3
1297662;2004 United States presidential election;2008-09-29T02:48:05.000000;presidential;;;;286;62040610;50.7;251;59028444;48.3
1297662;2004 United States presidential election;2008-09-29T02:48:23.000000;presidential;;;;286;62040610;50.7;251;59028444;48.3
1297662;2004 United States presidential election;2008-10-07T03:52:16.000000;presidential;;;;286;62040610;50.7;251;70028444;48.3
1297662;2004 United States presidential election;2008-10-07T03:52:51.000000;presidential;;;;286;62040610;50.7;251;59028444;48.3
1297662;2004 United States presidential election;2008-10-12T04:02:33.000000;presidential;;;;286;62040610;50.7;252;59028444;48.3
1297662;2004 United States presidential election;2008-10-15T18:48:06.000000;presidential;;;;286;62040610;50.7;252;59028444;49.3
1297662;2004 United States presidential election;2008-10-16T16:38:14.000000;presidential;;;;286;62040610;50.7;252;59028444;48.3
1297662;2004 United States presidential election;2008-10-24T18:44:02.000000;presidential;;;;286;62040610;50.7;251;59028444;48.3
1297662;2004 United States presidential election;2008-11-03T02:06:13.000000;presidential;;;;286;62040600;50.7;251;59128444;48.3
1297662;2004 United States presidential election;2008-11-03T02:07:12.000000;presidential;;;;286;62040610;50.7;251;59028444;48.3
1297662;2004 United States presidential election;2008-11-04T01:35:02.000000;presidential;;;;286;62040610;50.7;252;59028444;48.3
1297662;2004 United States presidential election;2008-11-05T01:02:48.000000;presidential;;;;286;62040610;50.7;252;59028444;48.3
1297662;2004 United States presidential election;2008-11-05T16:07:29.000000;presidential;;;;286;62040610;50.7;251;59028444;48.3
1297662;2004 United States presidential election;2008-11-05T16:28:39.000000;presidential;;;;286;42040610;50.7;251;39028444;48.3
1297662;2004 United States presidential election;2008-11-05T16:32:32.000000;presidential;;;;286;62040610;50.7;251;59028444;48.3
1297662;2004 United States presidential election;2008-11-05T16:34:18.000000;presidential;;;;872;32040610;50.7;51;29028444;48.3
1297662;2004 United States presidential election;2008-11-05T16:34:42.000000;presidential;;;;286;62040610;50.7;251;59028444;48.3
1297662;2004 United States presidential election;2008-11-05T18:42:17.000000;presidential;;;;286;62040610;50.7;252;59028444;48.3
1297662;2004 United States presidential election;2008-11-05T23:15:51.000000;presidential;;;;286;62040610;50.7;252;59028444;48.3
1297662;2004 United States presidential election;2008-11-06T05:42:15.000000;presidential;;;;286;62040610;50.7;251;59028444;48.3
1297662;2004 United States presidential election;2008-11-07T19:13:21.000000;presidential;;;;286;101040610;50.7;251;98028444;48.3
1297662;2004 United States presidential election;2008-11-07T19:31:49.000000;presidential;;;;286;62040610;50.7;251;59028444;48.3
1297662;2004 United States presidential election;2008-11-07T23:42:28.000000;presidential;;;;286;101040610;50.7;251;98028444;48.3
1297662;2004 United States presidential election;2008-11-07T23:59:10.000000;presidential;;;;286;62040610;50.7;251;59028444;48.3
1297662;2004 United States presidential election;2008-11-14T00:12:38.000000;presidential;;;;286;62040610;50.7;899;59028444;48.3
1297662;2004 United States presidential election;2008-11-14T00:13:34.000000;presidential;;;;286;62040610;50.7;251;59028444;48.3
1297662;2004 United States presidential election;2008-11-14T00:15:05.000000;presidential;;;;286;62040610;50.7;251;59028444;48.3
1297662;2004 United States presidential election;2008-12-10T20:21:38.000000;presidential;;;;266;61040610;50.7;272;62028459;48.3
1297662;2004 United States presidential election;2008-12-10T20:22:41.000000;presidential;;;;266;61040610;48.7;272;62028459;50.3
1297662;2004 United States presidential election;2008-12-10T20:37:08.000000;presidential;;;;286;62040610;50.7;251;59028444;48.3
1297662;2004 United States presidential election;2008-12-27T20:57:18.000000;presidential;;;;286;62040610;50.7;252;59028444;48.3
1297662;2004 United States presidential election;2009-01-12T01:45:27.000000;presidential;;;;286;62040610;50.7;251;59028444;48.3
1297662;2004 United States presidential election;2009-01-12T03:05:02.000000;presidential;;;;286;62040610;50.7;251;59028444;48.3
1297662;2004 United States presidential election;2009-01-12T06:58:20.000000;presidential;;;;286;62040610;50.7;252;59028444;48.3
1297662;2004 United States presidential election;2009-01-12T15:59:08.000000;presidential;;;;286;62040610;50.7;251;59028444;48.3
1297662;2004 United States presidential election;2009-01-17T03:39:55.000000;presidential;;;;286;62040610;50.7;251;59028444;48.3
1297662;2004 United States presidential election;2009-01-28T22:43:22.000000;presidential;;;;286;62040610;50.7;251;59028444;48.3
1297662;2004 United States presidential election;2009-01-28T22:43:56.000000;presidential;;;;286;62040610;50.7;251;59028444;48.3
1297662;2004 United States presidential election;2009-02-01T17:07:16.000000;presidential;;;;286;62040610;50.7;251;59028444;48.3
1297662;2004 United States presidential election;2009-02-01T18:44:14.000000;presidential;;;;286;62040610;50.7;251;59028444;48.3
1297662;2004 United States presidential election;2009-02-02T23:57:27.000000;presidential;;;;286;62040610;50.7;251;59028444;48.3
1297662;2004 United States presidential election;2009-02-10T23:20:09.000000;presidential;;;;286;62040610;50.7;251;59028444;48.3
1297662;2004 United States presidential election;2009-02-10T23:20:33.000000;presidential;;;;286;62040610;50.7;251;59028444;48.3
1297662;2004 United States presidential election;2009-02-11T00:23:13.000000;presidential;;;;286;62040610;50.7;251;59028444;48.3
1297662;2004 United States presidential election;2009-02-11T00:24:45.000000;presidential;;;;286;62040610;50.7;251;59028444;48.3
1297662;2004 United States presidential election;2009-02-15T14:29:39.000000;presidential;;;;286;62040610;50.7;251;59028444;48.3
1297662;2004 United States presidential election;2009-02-15T14:44:48.000000;presidential;;;;286;62040610;50.7;251;59028444;48.3
1297662;2004 United States presidential election;2009-02-15T18:38:14.000000;presidential;;;;286;62040610;50.7;251;59028444;48.3
1297662;2004 United States presidential election;2009-02-15T19:28:30.000000;presidential;;;;286;62040610;50.7;251;59028444;48.3
1297662;2004 United States presidential election;2009-02-16T08:13:53.000000;presidential;;;;286;62040610;50.7;251;59028444;48.3
1297662;2004 United States presidential election;2009-02-16T14:17:58.000000;presidential;;;;286;62040610;50.7;251;59028444;48.3
1297662;2004 United States presidential election;2009-02-26T18:12:22.000000;presidential;;;;386;72040610;60.7;251;49028444;38.3
1297662;2004 United States presidential election;2009-02-26T19:34:39.000000;presidential;;;;286;62040610;50.7;251;59028444;48.3
1297662;2004 United States presidential election;2009-03-08T03:52:25.000000;presidential;;;;286;62040610;50.7;251;59028444;48.3
1297662;2004 United States presidential election;2009-03-22T02:00:23.000000;presidential;;;;537;62040610;50.7;251;59028444;48.3
1297662;2004 United States presidential election;2009-03-22T02:01:47.000000;presidential;;;;537;62040610;50.7;1;59028444;49.3
1297662;2004 United States presidential election;2009-03-22T02:02:13.000000;presidential;;;;286;62040610;50.7;251;59028444;48.3
1297662;2004 United States presidential election;2009-05-03T03:09:59.000000;presidential;;;;286;62040610;50.7;251;59028444;48.3
1297662;2004 United States presidential election;2009-05-04T06:35:06.000000;presidential;;;;286;62040610;50.7;251;59028444;48.3
1297662;2004 United States presidential election;2009-05-07T16:16:56.000000;presidential;;;;286;62040610;50.7;251;59028444;48.3
1297662;2004 United States presidential election;2009-05-07T16:19:31.000000;presidential;;;;286;62040610;50.7;251;59028444;48.3
1297662;2004 United States presidential election;2009-05-07T16:25:04.000000;presidential;;;;286;62567;50.7;251;59028444;48.3
1297662;2004 United States presidential election;2009-05-07T16:26:35.000000;presidential;;;;286;62567000;50.7;251;59028444;48.3
1297662;2004 United States presidential election;2009-05-07T16:29:45.000000;presidential;;;;286;62040610;50.7;251;59028444;48.3
1297662;2004 United States presidential election;2009-05-07T16:33:24.000000;presidential;;;;286;62040610;50.7;251;59028444;48.3
1297662;2004 United States presidential election;2009-05-07T16:34:06.000000;presidential;;;;286;62040610;50.7;251;59028444;48.3
1297662;2004 United States presidential election;2009-05-07T16:34:21.000000;presidential;;;;286;62040610;50.7;251;59028444;48.3
1297662;2004 United States presidential election;2009-05-07T16:37:46.000000;presidential;;;;286;62040610;50.7;251;59028444;48.3
1297662;2004 United States presidential election;2009-05-07T16:37:52.000000;presidential;;;;286;62040610;50.7;251;59028444;48.3
1297662;2004 United States presidential election;2009-05-10T15:09:44.000000;presidential;;;;286;62040610;50.7;251;59028444;48.3
1297662;2004 United States presidential election;2009-05-10T15:36:20.000000;presidential;;;;286;62040610;50.7;251;59028444;48.3
1297662;2004 United States presidential election;2009-05-11T11:24:06.000000;presidential;;;;286;62040610;50.7;251;59028444;48.3
1297662;2004 United States presidential election;2009-06-13T01:26:56.000000;presidential;;;;286;62028285;50.7;251;59028109;48.3
1297662;2004 United States presidential election;2009-06-13T01:39:06.000000;presidential;;;;286;62040610;50.7;251;59028444;48.3
1297662;2004 United States presidential election;2009-06-16T17:26:35.000000;presidential;;;;286;62040610;50.7;251;59028444;48.3
1297662;2004 United States presidential election;2009-06-16T21:52:14.000000;presidential;;;;286;62040610;50.7;251;59028444;48.3
1297662;2004 United States presidential election;2009-06-17T20:04:12.000000;presidential;;;;286;62040610;50.7;251;59028439;48.3
1297662;2004 United States presidential election;2009-06-17T20:10:43.000000;presidential;;;;286;62040610;50.7;251;59028439;48.3
1297662;2004 United States presidential election;2009-06-17T20:12:02.000000;presidential;;;;286;62040610;50.7;251;59028444;48.3
1297662;2004 United States presidential election;2010-02-07T02:50:02.000000;presidential;;;;286;62040610;50.7;251;59028444;48.3
1297662;2004 United States presidential election;2010-02-07T03:30:51.000000;presidential;;;;286;62040610;50.7;251;59028444;48.3
1297662;2004 United States presidential election;2010-02-08T19:26:20.000000;presidential;;;;286;62040610;50.7;251;59028444;48.3
1297662;2004 United States presidential election;2010-02-08T19:27:15.000000;presidential;;;;286;62040610;50.7;251;59028444;48.3
1297662;2004 United States presidential election;2010-04-11T06:55:53.000000;presidential;;;;286;62040610;50.7;251;59028444;48.3
1297662;2004 United States presidential election;2010-04-11T06:58:24.000000;presidential;;;;286;62040610;50.7;251;59028444;48.3
1297662;2004 United States presidential election;2010-05-20T11:55:08.000000;presidential;;;;286;62040610;72.9;251;59028444;48.3
1297662;2004 United States presidential election;2010-05-20T14:09:26.000000;presidential;;;;286;62040610;50.7;251;59028444;48.3
1297662;2004 United States presidential election;2010-06-18T04:46:14.000000;presidential;;;;286;69040610;56.7;251;54028444;43.9
1297662;2004 United States presidential election;2010-06-18T16:14:06.000000;presidential;;;;286;62040610;50.7;251;59028444;48.3
1297662;2004 United States presidential election;2010-08-04T03:50:09.000000;presidential;;;;286;62040610;50.7;251;59028444;48.3
1297662;2004 United States presidential election;2010-08-21T19:01:55.000000;presidential;;;;268;62040610;50.7;270;59028444;48.3
1297662;2004 United States presidential election;2010-08-21T19:44:06.000000;presidential;;;;286;62040610;50.7;251;59028444;48.3
1297662;2004 United States presidential election;2010-08-28T00:12:37.000000;presidential;;;;286;62040610;50.7;251;59028444;48.3
1297662;2004 United States presidential election;2010-11-23T16:14:45.000000;presidential      HEY REID! ITS DYLAN! CALL ME!;;;;286;62040610;50.7;251;59028444;48.3
1297662;2004 United States presidential election;2010-11-23T16:14:53.000000;presidential;;;;286;62040610;50.7;251;59028444;48.3
1297662;2004 United States presidential election;2011-02-12T21:52:01.000000;presidential;;;;263;62040610;50.7;274;59028444;48.3
1297662;2004 United States presidential election;2011-02-13T00:14:00.000000;presidential;;;;286;62040610;50.7;251;59028444;48.3
1297662;2004 United States presidential election;2012-03-28T13:41:44.000000;presidential;538;270;;286;62040610;50.7;251;59028444;48.3
1297662;2004 United States presidential election;2012-05-25T00:46:54.000000;presidential;538;270;;286;62040610;50.7;251;59028444;48.3
1297662;2004 United States presidential election;2012-05-25T01:13:05.000000;presidential;538;270;;286;62040610;50.7;251;59028444;48.3
1297662;2004 United States presidential election;2012-05-25T01:14:16.000000;presidential;538;270;;286;62040610;50.7;251;59028444;48.3
1297662;2004 United States presidential election;2012-05-25T01:54:53.000000;presidential;538;270;;286;62040610;50.7;251;59028444;48.3
1297662;2004 United States presidential election;2012-08-16T20:15:36.000000;presidential;538;270;;286;62040610;51.24;251;59028444;48.76
1297662;2004 United States presidential election;2012-08-16T20:19:48.000000;presidential;538;270;;286;62040610;50.7;251;59028444;48.3
1297662;2004 United States presidential election;2012-08-26T04:38:07.000000;presidential;538;270;56.7;286;62040610;50.7;251;59028444;48.3
1297662;2004 United States presidential election;2012-10-07T14:05:44.000000;presidential;538;270;56.7;286;62040610;50.7;251;59028444;49.3
1297662;2004 United States presidential election;2012-10-07T14:10:54.000000;presidential;538;270;56.7;286;62040610;50.7;251;59028444;48.3
1297662;2004 United States presidential election;2012-10-22T03:45:58.000000;presidential;538;270;56.2;286;62040610;50.7;251;59028444;48.3
1297662;2004 United States presidential election;2012-11-06T23:38:57.000000;presidential;538;270;56.2;286;62040610;50.7;251;63028444;48.3
1297662;2004 United States presidential election;2012-11-06T23:57:10.000000;presidential;538;270;56.2;286;62040610;50.7;251;59028444;48.3
1297662;2004 United States presidential election;2012-11-09T01:47:02.000000;presidential;538;270;56.2;286;62040610;50.7;251;59028444;48.3
1297662;2004 United States presidential election;2012-11-17T19:40:56.000000;presidential;538;270;56.2;286;62040610;50.7;252;59028444;48.3
1297662;2004 United States presidential election;2012-11-20T00:48:23.000000;presidential;538;270;56.2;286;62040610;50.7;251;59028444;48.3
1297662;2004 United States presidential election;2012-11-22T19:33:14.000000;presidential;538;270;56.2;286;62040610;50.7;252;59028444;48.3
1297662;2004 United States presidential election;2012-11-30T05:31:00.000000;presidential;538;270;56.2;286;62040610;50.7;251;59028444;48.3
1297662;2004 United States presidential election;2012-12-13T23:45:47.000000;presidential;538;270;60.1;286;62040610;50.7;251;59028444;48.3
1297662;2004 United States presidential election;2012-12-13T23:47:08.000000;presidential;538;270;60.1;286;62040610;50.7;251;59028444;48.3
1297662;2004 United States presidential election;2013-03-22T16:53:30.000000;presidential;538;270;60.1;286;62040610;50.7;252;59028444;48.3
1297662;2004 United States presidential election;2013-03-24T18:49:11.000000;presidential;538;270;60.1;286;62040610;50.7;251;59028444;48.3
1297662;2004 United States presidential election;2013-06-27T12:21:21.000000;presidential;538;270;60.1;286;62040610;50.73;251;59028444;48.27
1297662;2004 United States presidential election;2013-06-28T14:41:27.000000;presidential;538;270;60.1;286;62040610;50.7;251;59028444;48.3
1297662;2004 United States presidential election;2013-09-06T11:26:22.000000;presidential;538;270;60.1;286;62040610;50.73;251;59028444;48.27
1297662;2004 United States presidential election;2013-09-06T17:12:41.000000;presidential;538;270;60.1;286;62040610;50.7;251;59028444;48.3
1297662;2004 United States presidential election;2013-11-10T18:50:56.000000;presidential;538;270;60.1;378;54386299;54.0;160;45687106;45.4
1297662;2004 United States presidential election;2013-11-10T19:06:05.000000;presidential;538;270;60.1;286;62040610;50.7;251;59028444;48.3
1297662;2004 United States presidential election;2013-11-23T14:09:26.000000;presidential;538;270;60.1;286;62040610;50.7;251;59028444;48.3
1297662;2004 United States presidential election;2014-01-28T20:32:58.000000;presidential;538;270;60.1;286;62040230;50.7;251;59866024;48.3
1297662;2004 United States presidential election;2014-01-28T20:33:57.000000;presidential;538;270;60.1;286;62040230;50.5;251;59866024;48.7
1297662;2004 United States presidential election;2014-01-30T05:26:41.000000;presidential;538;270;60.1;286;62040610;50.7;251;59028444;48.3
1297662;2004 United States presidential election;2014-01-31T06:02:15.000000;presidential;538;270;60.1;286;62040610;50.7;251;59028444;48.3
1297662;2004 United States presidential election;2014-02-11T17:06:02.000000;presidential;538;270;60.1;285;62040610;50.7;263;59028444;48.3
1297662;2004 United States presidential election;2014-02-11T19:11:00.000000;presidential;538;270;60.1;286;62040610;50.7;251;59028444;48.3
1297662;2004 United States presidential election;2014-08-02T12:54:47.000000;presidential;538;270;60.1;286;62040610;50.7;251;59028444;48.3
1297662;2004 United States presidential election;2014-08-02T12:55:30.000000;presidential;538;270;60.1;286;62040610;50.7;251;59028444;48.3
1297662;2004 United States presidential election;2014-08-03T07:20:46.000000;presidential;538;270;60.1;286;62040610;50.7;251;59028444;48.3
1297662;2004 United States presidential election;2014-08-03T07:21:48.000000;presidential;538;270;60.1;286;62040610;50.7;251;59028444;48.3
1297662;2004 United States presidential election;2014-08-04T07:34:53.000000;presidential;538;270;60.1;286;62040610;50.7;251;59028444;48.3
1297662;2004 United States presidential election;2014-08-04T07:38:43.000000;presidential;538;270;60.1;286;62040610;50.7;251;59028444;48.3
1297662;2004 United States presidential election;2014-09-19T09:26:22.000000;presidential;538;270;60.1;286;62040610;50.7;251;59028444;49.3
1297662;2004 United States presidential election;2014-09-19T12:57:20.000000;presidential;538;270;60.1;286;62040610;50.7;251;59028444;48.3
1297662;2004 United States presidential election;2014-09-23T01:46:09.000000;I needa somebooty who a speeka a chinesea Gilliam Ducks;538;270;60.1;286;6204061;50.7;251;59028444;48.3
1297662;2004 United States presidential election;2014-09-23T01:48:30.000000;presidential;538;270;60.1;286;62040610;50.7;251;59028444;48.3
1297662;2004 United States presidential election;2014-09-23T01:53:54.000000;presidential;538;270;60.1;286;6204061;50.7;251;59028444;48.3
1297662;2004 United States presidential election;2014-09-23T01:54:00.000000;presidential;538;270;60.1;286;62040610;50.7;251;59028444;48.3
1297662;2004 United States presidential election;2015-09-25T14:44:51.000000;presidential;538;270;63.1;286;62040610;50.7;251;57028444;28.3
1297662;2004 United States presidential election;2015-09-25T15:17:26.000000;presidential;538;270;60.1;286;62040610;50.7;251;59028444;48.3
1297662;2004 United States presidential election;2015-09-29T04:19:27.000000;presidential;538;270;60.1;286;6204061;51.7;251;63028444;63.7
1297662;2004 United States presidential election;2015-09-29T04:30:19.000000;presidential;538;270;60.1;286;62040610;50.7;251;59028444;48.3
1297662;2004 United States presidential election;2015-10-23T00:47:19.000000;presidential;538;270;60.1;286;62040610;50.7;251;59028444;48.3
1297662;2004 United States presidential election;2015-12-27T18:19:11.000000;presidential;538;270;56.7;286;62040610;50.7;251;59028444;48.3
1297662;2004 United States presidential election;2015-12-27T18:47:12.000000;presidential;538;270;56.7;286;62040610;50.7;251;59028444;48.3
1297662;2004 United States presidential election;2016-01-08T06:20:09.000000;presidential;538;270;56.7;286;62040610;50.7;252;59028444;48.3
1297662;2004 United States presidential election;2016-02-03T19:11:33.000000;presidential;538;270;56.7;286;62040610;50.7;252;59028444;48.3
1297662;2004 United States presidential election;2016-02-15T18:00:44.000000;presidential;538;270;56.7;286;62040610;50.7;251;59028444;48.3
1297662;2004 United States presidential election;2016-03-14T03:56:35.000000;presidential;538;270;56.7;286;56040610;50.7;251;59028444;48.3
1297662;2004 United States presidential election;2016-03-14T04:43:57.000000;presidential;538;270;56.7;286;62040610;50.7;251;59028444;48.3
1297662;2004 United States presidential election;2016-03-18T07:49:47.000000;presidential;538;270;56.7;286;62040610;50.7;251;59028444;48.3
1297662;2004 United States presidential election;2016-06-20T05:36:24.000000;presidential;538;270;56.7;271;59028444;48.3;266;62040610;50.7
1297662;2004 United States presidential election;2016-06-20T05:36:44.000000;presidential;538;270;56.7;286;62040610;50.7;251;59028444;48.3
1297662;2004 United States presidential election;2016-06-23T22:02:58.000000;presidential;538;270;56.7;286;62040610;50.7;251;59028444;48.3
1297662;2004 United States presidential election;2016-08-18T16:29:03.000000;presidential;538;270;56.7;286;62040610;50.7;251;59028444;48.3
1297662;2004 United States presidential election;2016-10-18T17:28:14.000000;presidential;538;270;56.7;286;62040610;50.7;251;59028444;48.3
1297662;2004 United States presidential election;2016-10-18T18:37:36.000000;presidential;538;270;56.7;286;62040610;50.7;251;59028444;48.3
1297662;2004 United States presidential election;2016-11-10T17:41:47.000000;presidential;538;270;56.7;286;42040610;50.7;251;59028444;48.3
1297662;2004 United States presidential election;2016-11-10T17:44:37.000000;presidential;538;270;56.7;286;62040610;50.7;251;59028444;48.3
1297662;2004 United States presidential election;2016-11-13T00:01:01.000000;presidential;538;270;90.7;286;62040610;50.7;251;59028444;48.3
1297662;2004 United States presidential election;2016-11-13T00:01:32.000000;presidential;538;270;56.7;286;62040610;50.7;251;59028444;48.3
1297662;2004 United States presidential election;2016-11-14T07:21:47.000000;presidential;538;270;56.7;286;62040610;50.7;251;59028444;48.3
1297662;2004 United States presidential election;2016-11-24T12:23:47.000000;presidential;538;270;56.7;285;62040610;51.0;250;59030000;48.5
1297662;2004 United States presidential election;2016-11-25T00:56:29.000000;presidential;538;270;56.7;286;62040610;51.0;251;59030000;48.5
1297662;2004 United States presidential election;2016-12-11T00:00:23.000000;presidential;538;270;56.7;286;62040610;50.7;251;59028444;48.3
1297662;2004 United States presidential election;2017-01-11T01:33:00.000000;presidential;538;270;56.7;286;62040610;51.3;251;59028444;48.3
1297662;2004 United States presidential election;2017-01-13T18:28:23.000000;presidential;538;270;56.7;286;62040610;50.7;251;59028444;48.3
1297662;2004 United States presidential election;2017-04-08T14:28:22.000000;presidential;538;270;56.7;286;62040610;50.7;251;59028444;48.3
1297662;2004 United States presidential election;2017-04-10T19:23:32.000000;presidential;538;270;56.7;286;62040610;50.7;251;59028444;48.3
1297662;2004 United States presidential election;2017-05-12T04:25:50.000000;presidential;538;270;56.7;286;62040610;50.7;251;59028444;48.3
1297662;2004 United States presidential election;2017-05-12T13:00:55.000000;presidential;538;270;56.7;286;62040610;50.7;251;59028444;48.3
1297662;2004 United States presidential election;2017-07-16T15:19:34.000000;presidential;538;270;56.7;286;62040610;50.7;251;59028444;48.4
1297662;2004 United States presidential election;2017-07-16T18:16:58.000000;presidential;538;270;56.7;286;62040610;50.7;251;59028444;48.3
1297662;2004 United States presidential election;2017-07-16T21:12:44.000000;presidential;538;270;56.7;286;62040610;50.7;251;59028444;48.4
1297662;2004 United States presidential election;2017-07-17T14:02:18.000000;presidential;538;270;56.7;286;62040610;50.7;251;59028444;48.3
1297662;2004 United States presidential election;2017-07-17T22:29:12.000000;presidential;538;270;56.7;286;62040610;50.7;251;59028444;48.4
1297662;2004 United States presidential election;2017-07-18T01:11:38.000000;presidential;538;270;56.7;286;62040610;50.7;251;59028444;48.3
1297662;2004 United States presidential election;2017-07-18T13:27:49.000000;presidential;538;270;56.7;286;62040610;50.7;251;59028444;48.4
1297662;2004 United States presidential election;2017-07-20T00:03:38.000000;presidential;538;270;56.7;286;62040610;50.7;251;59028444;48.3
1297662;2004 United States presidential election;2017-09-17T13:29:49.000000;presidential;538;270;56.7;286;62040610;50.7;251;59028444;48.3
1297662;2004 United States presidential election;2017-12-02T17:31:09.000000;presidential;538;270;56.7;286;62040610;50.7;251;59028444;48.3
1297662;2004 United States presidential election;2018-04-08T21:59:39.000000;presidential;538;270;56.7;286;64040610;52.0;204;59028444;47.9
1297662;2004 United States presidential election;2018-04-08T22:04:46.000000;presidential;538;270;56.7;286;62040610;50.7;251;59028444;48.3
1297662;2004 United States presidential election;2018-08-05T12:40:03.000000;presidential;538;270;56.7;286;62040610;50.7;251;59028444;48.3
1297662;2004 United States presidential election;2018-10-19T04:01:22.000000;presidential;538;270;56.7;286;62040610;50.72;251;59028444;48.27
1297662;2004 United States presidential election;2019-03-28T20:48:46.000000;presidential;538;270;56.7;286;62040610;50.72;251;59028444;48.27
20102947;2012 United States presidential election;2008-11-07T01:18:35.000000;presidential;;;;;;;;;
20102947;2012 United States presidential election;2008-12-02T20:40:38.000000;presidential;;;;;;;;;
20102947;2012 United States presidential election;2009-02-04T01:48:37.000000;presidential;;;;;;;;;
20102947;2012 United States presidential election;2009-03-10T19:04:50.000000;presidential;;;;535;72986475;69.8;3;51354932;47.4
20102947;2012 United States presidential election;2009-03-10T19:08:05.000000;presidential;;;;535;72986475;69.8;11;51354932;47.4
20102947;2012 United States presidential election;2009-03-10T19:08:59.000000;presidential;;;;527;72986475;69.8;11;51354932;47.4
20102947;2012 United States presidential election;2009-03-10T19:24:07.000000;presidential;;;;527;72986475;69.8;11;51354932;47.4
20102947;2012 United States presidential election;2009-03-10T21:02:13.000000;presidential;;;;527;72855934;69.9;11;51973247;42.2
20102947;2012 United States presidential election;2009-03-10T21:03:10.000000;presidential;;;;527;72855934;69.9;11;51973247;42.2
20102947;2012 United States presidential election;2009-03-10T21:08:50.000000;presidential;;;;527;72985782;70.0;11;51003234;48.0
20102947;2012 United States presidential election;2009-03-10T21:08:58.000000;presidential;;;;527;72985782;70.0;11;51003234;48.0
20102947;2012 United States presidential election;2009-03-10T21:11:59.000000;presidential;;;;527;72985782;70.0;11;51003234;48.0
20102947;2012 United States presidential election;2009-03-10T21:12:24.000000;presidential;;;;527;72985782;70.0;11;51003234;48.0
20102947;2012 United States presidential election;2009-04-07T20:13:54.000000;presidential;;;;527;72985782;70.0;11;51003234;48.0
20102947;2012 United States presidential election;2009-05-11T00:21:15.000000;presidential;;;;527;72985782;70.0;11;51003234;48.0
20102947;2012 United States presidential election;2010-08-27T22:34:44.000000;presidential;;;;527;72985782;70.0;11;51003234;48.0
20102947;2012 United States presidential election;2011-03-12T18:51:06.000000;presidential;;;;527;72985782;70.0;11;51003234;48.0
20102947;2012 United States presidential election;2011-03-12T18:52:24.000000;presidential;;;;527;72985782;70.0;11;51003234;48.0
20102947;2012 United States presidential election;2011-03-12T18:57:06.000000;presidential;;;;527;72985782;70.0;11;51003234;48.0
20102947;2012 United States presidential election;2011-06-14T18:31:28.000000;presidential;;;;527;72985782;70.0;11;51003234;48.0
20102947;2012 United States presidential election;2011-06-14T18:48:52.000000;presidential;;;;527;72985782;70.0;11;51003234;48.0
20102947;2012 United States presidential election;2011-06-14T18:55:51.000000;presidential;;;;527;72985782;70.0;11;51003234;48.0
20102947;2012 United States presidential election;2011-06-25T15:10:45.000000;presidential;;;;527;72985782;70.0;11;51003234;48.0
20102947;2012 United States presidential election;2011-06-25T15:24:09.000000;presidential;;;;527;72985782;70.0;11;51003234;48.0
20102947;2012 United States presidential election;2011-08-15T01:55:50.000000;presidential;;;;527;72985782;70.0;11;51003234;48.0
20102947;2012 United States presidential election;2012-04-11T10:19:43.000000;presidential;;;;527;72985782;70.0;11;51003234;48.0
20102947;2012 United States presidential election;2012-04-11T10:21:08.000000;presidential;;;;527;72985782;70.0;11;51003234;48.0
20102947;2012 United States presidential election;2012-04-21T03:25:46.000000;presidential;;;;527;;70.0;11;51003234;48.0
20102947;2012 United States presidential election;2012-04-21T16:16:42.000000;presidential;;;;527;;70.0;11;51003234;48.0
20102947;2012 United States presidential election;2012-05-05T00:26:00.000000;presidential;538;;;527;;70.0;11;51003234;48.0
20102947;2012 United States presidential election;2012-05-05T00:26:35.000000;presidential;538;270;;527;;70.0;11;51003234;48.0
20102947;2012 United States presidential election;2012-05-05T00:27:11.000000;presidential;538;270;;527;;70.0;11;51003234;48.0
20102947;2012 United States presidential election;2012-05-05T21:32:29.000000;presidential;538;270;;527;;70.0;11;51003234;48.0
20102947;2012 United States presidential election;2012-05-07T01:39:33.000000;presidential;538;270;;527;;70.0;11;51003234;48.0
20102947;2012 United States presidential election;2012-05-07T08:31:56.000000;presidential;538;270;;527;;70.0;11;51003234;48.0
20102947;2012 United States presidential election;2012-05-08T17:32:49.000000;presidential;538;270;;527;;70.0;11;51003234;48.0
20102947;2012 United States presidential election;2012-05-10T01:34:23.000000;presidential;538;270;;527;;70.0;11;51003234;48.0
20102947;2012 United States presidential election;2012-05-10T01:37:17.000000;presidential;538;270;;527;;70.0;11;51003234;48.0
20102947;2012 United States presidential election;2012-05-10T01:49:48.000000;presidential;538;270;;527;;70.0;11;51003234;48.0
20102947;2012 United States presidential election;2012-05-10T01:51:01.000000;presidential;538;270;;527;;70.0;11;51003234;48.0
20102947;2012 United States presidential election;2012-05-10T01:52:55.000000;presidential;538;270;;527;;70.0;11;51003234;48.0
20102947;2012 United States presidential election;2012-05-10T01:54:37.000000;presidential;538;270;;527;;70.0;11;51003234;48.0
20102947;2012 United States presidential election;2012-05-10T01:55:15.000000;presidential;538;270;;527;;70.0;11;51003234;48.0
20102947;2012 United States presidential election;2012-05-10T02:10:11.000000;presidential;538;270;;527;;70.0;11;51003234;48.0
20102947;2012 United States presidential election;2012-05-10T02:28:48.000000;presidential;538;270;;527;;70.0;11;51003234;48.0
20102947;2012 United States presidential election;2012-05-10T02:43:16.000000;presidential;538;270;;527;;70.0;11;51003234;48.0
20102947;2012 United States presidential election;2012-05-10T03:15:12.000000;presidential;538;270;;527;;70.0;11;51003234;48.0
20102947;2012 United States presidential election;2012-05-10T17:38:05.000000;presidential;538;270;;527;;70.0;11;51003234;48.0
20102947;2012 United States presidential election;2012-05-10T17:47:47.000000;presidential;538;270;;527;;70.0;11;51003234;48.0
20102947;2012 United States presidential election;2012-05-10T21:20:47.000000;presidential;538;270;;527;;70.0;11;51003234;48.0
20102947;2012 United States presidential election;2012-05-10T21:25:44.000000;presidential;538;270;;527;;70.0;11;51003234;48.0
20102947;2012 United States presidential election;2012-06-15T21:31:12.000000;presidential;538;270;;527;;70.0;11;51003234;48.0
20102947;2012 United States presidential election;2012-07-11T02:19:27.000000;presidential;538;270;;527;116409;1.3;11;3929893;20.4
20102947;2012 United States presidential election;2012-07-13T05:50:53.000000;presidential;538;270;;527;116409;64.2;11;3929893;34.6
20102947;2012 United States presidential election;2012-07-13T06:34:39.000000;presidential;538;270;;527;116409;64.2;11;3929893;34.6
20102947;2012 United States presidential election;2012-11-06T06:08:00.000000;presidential;538;270;;527;28;64.2;11;18;34.6
20102947;2012 United States presidential election;2012-11-06T06:11:56.000000;presidential;538;270;;527;28;64.2;11;18;34.6
20102947;2012 United States presidential election;2012-11-06T06:13:58.000000;presidential;538;270;;527;28;64.2;11;18;34.6
20102947;2012 United States presidential election;2012-11-06T06:17:27.000000;presidential;538;270;;527;28;64.2;11;18;34.6
20102947;2012 United States presidential election;2012-11-06T06:24:46.000000;presidential;538;270;;527;5;50.0;11;5;50.0
20102947;2012 United States presidential election;2012-11-06T06:28:20.000000;presidential;538;270;;527;28;65.1;11;14;32.6
20102947;2012 United States presidential election;2012-11-06T10:52:23.000000;presidential;538;270;;527;28;65.1;11;14;32.6
20102947;2012 United States presidential election;2012-11-06T23:42:12.000000;presidential;538;270;;0;37869;36.0;0;64411;62.0
20102947;2012 United States presidential election;2012-11-07T04:27:40.000000;presidential;538;270;;275;37869;36.0;205;64411;62.0
20102947;2012 United States presidential election;2012-11-07T04:32:19.000000;presidential;538;270;;275;37869;36.0;205;64411;62.0
20102947;2012 United States presidential election;2012-11-07T04:33:43.000000;presidential;538;270;;275;37869;36.0;205;64411;62.0
20102947;2012 United States presidential election;2012-11-07T14:46:13.000000;presidential;538;270;;303;49;36.0;206;64411;62.0
20102947;2012 United States presidential election;2012-11-07T14:58:33.000000;presidential;538;270;;303;59680483;50.0;206;57058176;48.0
20102947;2012 United States presidential election;2012-11-07T14:59:35.000000;presidential;538;270;;303;59682288;50.0;206;57058882;48.0
20102947;2012 United States presidential election;2012-11-07T15:03:25.000000;presidential;538;270;;303;59689085;50.0;206;57066015;48.0
20102947;2012 United States presidential election;2012-11-07T15:20:36.000000;presidential;538;270;;303;59721271;50.0;206;57095396;48.0
20102947;2012 United States presidential election;2012-11-07T16:22:51.000000;presidential;538;270;;303;59939928;50.0;206;57265737;48.0
20102947;2012 United States presidential election;2012-11-07T16:23:45.000000;presidential;538;270;;303;59939928;50.3;206;57265737;48.1
20102947;2012 United States presidential election;2012-11-07T16:26:45.000000;presidential;538;270;;303;59939928;50.0;206;57265737;48.0
20102947;2012 United States presidential election;2012-11-07T16:59:50.000000;presidential;538;270;;303;59987631;50.0;206;57319202;48.0
20102947;2012 United States presidential election;2012-11-07T17:00:53.000000;presidential;538;270;;303;59989422;50.0;206;57319405;48.0
20102947;2012 United States presidential election;2012-11-07T17:02:16.000000;presidential;538;270;;303;59996807;50.0;206;57326721;48.0
20102947;2012 United States presidential election;2012-11-07T17:04:34.000000;presidential;538;270;;303;59996807;50.0;206;57326721;48.0
20102947;2012 United States presidential election;2012-11-07T17:07:09.000000;presidential;538;270;;303;60002285;50.0;206;57334216;48.0
20102947;2012 United States presidential election;2012-11-07T17:13:16.000000;presidential;538;270;;303;60023768;50.0;206;57353628;48.0
20102947;2012 United States presidential election;2012-11-07T17:18:06.000000;presidential;538;270;;303;60023768;50.3;206;57353628;48.1
20102947;2012 United States presidential election;2012-11-07T17:35:38.000000;presidential;538;270;;303;60048411;50.3;206;57368285;48.1
20102947;2012 United States presidential election;2012-11-07T18:21:28.000000;presidential;538;270;;303;60080562;50.3;206;57399188;48.1
20102947;2012 United States presidential election;2012-11-07T18:36:45.000000;presidential;538;270;;303;60096939;50.3;206;57412554;48.1
20102947;2012 United States presidential election;2012-11-07T18:39:55.000000;presidential;538;270;;303;60113856;50.3;206;57424191;48.1
20102947;2012 United States presidential election;2012-11-07T18:42:43.000000;presidential;538;270;;303;60119958;50.3;206;57425441;48.1
20102947;2012 United States presidential election;2012-11-07T19:01:31.000000;presidential;538;270;;303;60138548;50.3;206;57439501;48.1
20102947;2012 United States presidential election;2012-11-07T19:04:09.000000;presidential;538;270;;303;60144795;50.3;206;57443964;48.1
20102947;2012 United States presidential election;2012-11-07T19:19:31.000000;presidential;538;270;;303;60191354;50.3;206;57460723;48.1
20102947;2012 United States presidential election;2012-11-07T19:34:32.000000;presidential;538;270;;303;60217329;50.3;206;57492728;48.1
20102947;2012 United States presidential election;2012-11-07T20:05:33.000000;presidential;538;270;;303;60291272;50.3;206;57523518;48.1
20102947;2012 United States presidential election;2012-11-07T20:16:50.000000;presidential;538;270;;303;60303479;50.3;206;57532741;48.1
20102947;2012 United States presidential election;2012-11-07T20:30:33.000000;presidential;538;270;;303;60326374;50.3;206;57541844;48.1
20102947;2012 United States presidential election;2012-11-07T20:38:41.000000;presidential;538;270;;303;60340293;50.3;206;57552775;48.1
20102947;2012 United States presidential election;2012-11-07T20:46:44.000000;presidential;538;270;;303;60343205;50.4;206;57556021;48.09
20102947;2012 United States presidential election;2012-11-07T20:51:33.000000;presidential;538;270;;303;60347568;50.4;206;57560435;48.09
20102947;2012 United States presidential election;2012-11-07T21:42:14.000000;presidential;538;270;;303;60383153;50.4;206;57591733;48.09
20102947;2012 United States presidential election;2012-11-07T21:57:41.000000;presidential;538;270;;303;60398144;50.4;206;57598535;48.09
20102947;2012 United States presidential election;2012-11-07T22:28:40.000000;presidential;538;270;;303;60432728;50.4;206;57631410;48.09
20102947;2012 United States presidential election;2012-11-07T23:02:08.000000;presidential;538;270;;303;60452197;50.4;206;57647464;48.09
20102947;2012 United States presidential election;2012-11-07T23:12:58.000000;presidential;538;270;;303;60452197;46.4;206;67647464;53.09
20102947;2012 United States presidential election;2012-11-07T23:17:05.000000;presidential;538;270;;303;60452197;46.4;206;57647464;53.09
20102947;2012 United States presidential election;2012-11-07T23:21:49.000000;presidential;538;270;;303;60452197;50.0;206;57647464;48.0
20102947;2012 United States presidential election;2012-11-07T23:24:03.000000;presidential;538;270;;303;60452197;46.4;206;57647464;53.09
20102947;2012 United States presidential election;2012-11-07T23:25:37.000000;presidential;538;270;;303;60452197;50.0;206;57647464;48.0
20102947;2012 United States presidential election;2012-11-08T00:05:14.000000;presidential;538;270;;303;60481241;50.0;206;57678067;48.0
20102947;2012 United States presidential election;2012-11-08T00:45:17.000000;presidential;538;270;;303;60481241;50.0;206;57678067;48.0
20102947;2012 United States presidential election;2012-11-08T00:47:15.000000;presidential;538;270;;303;60481241;50.0;206;57678067;48.0
20102947;2012 United States presidential election;2012-11-08T00:48:53.000000;presidential;538;270;;303;60481654;50.0;206;57678893;48.0
20102947;2012 United States presidential election;2012-11-08T00:52:08.000000;presidential;538;270;;303;60481654;51.0;206;57678893;49.0
20102947;2012 United States presidential election;2012-11-08T01:09:38.000000;presidential;538;270;;303;60481654;50.0;206;57678893;49.0
20102947;2012 United States presidential election;2012-11-08T01:22:52.000000;presidential;538;270;;303;60481654;50.0;206;57678893;49.0
20102947;2012 United States presidential election;2012-11-08T01:23:26.000000;presidential;538;270;;303;60481654;50.0;206;57678893;48.0
20102947;2012 United States presidential election;2012-11-08T01:24:54.000000;presidential;538;270;;303;60558670;50.0;206;57734832;48.0
20102947;2012 United States presidential election;2012-11-08T02:25:12.000000;presidential;538;270;;303;60567122;50.0;206;57744506;48.0
20102947;2012 United States presidential election;2012-11-08T03:11:56.000000;presidential;538;270;54.7;303;60567122;50.0;206;57744506;48.0
20102947;2012 United States presidential election;2012-11-08T05:56:41.000000;presidential;538;270;54.7;303;60567122;50.4;206;57744506;48.1
20102947;2012 United States presidential election;2012-11-08T08:52:29.000000;presidential;538;270;54.7;303;60567122;50.4;206;57744506;48.1
20102947;2012 United States presidential election;2012-11-08T08:57:45.000000;presidential;538;270;60.0;303;60567122;50.4;206;57744506;48.1
20102947;2012 United States presidential election;2012-11-08T08:59:33.000000;presidential;538;270;54.7;303;60567122;50.4;206;57744506;48.1
20102947;2012 United States presidential election;2012-11-08T09:01:12.000000;presidential;538;270;60.0;303;60567122;50.4;206;57744506;48.1
20102947;2012 United States presidential election;2012-11-08T09:02:13.000000;presidential;538;270;60.0;303;60567122;50.4;206;57744506;48.1
20102947;2012 United States presidential election;2012-11-08T12:09:41.000000;presidential;538;270;60.0;303;60662601;50.4;206;57821399;48.1
20102947;2012 United States presidential election;2012-11-08T15:19:52.000000;presidential;538;270;60.0;303;60663948;50.4;206;57822680;48.1
20102947;2012 United States presidential election;2012-11-08T16:36:37.000000;presidential;538;270;60.0;303;60743181;50.4;206;57853713;48.1
20102947;2012 United States presidential election;2012-11-08T17:09:02.000000;presidential;538;270;60.0;303;60743181;50.4;206;57853713;48.0
20102947;2012 United States presidential election;2012-11-08T17:09:28.000000;presidential;538;270;60.0;303;60743181;50.04;206;57853713;48.0
20102947;2012 United States presidential election;2012-11-08T17:11:45.000000;presidential;538;270;60.0;303;60747159;50.04;206;57857220;48.0
20102947;2012 United States presidential election;2012-11-08T17:15:29.000000;presidential;538;270;60.0;303;60770984;50.04;206;57876211;48.0
20102947;2012 United States presidential election;2012-11-08T17:27:57.000000;presidential;538;270;60.0;303;60770984;50.4;206;57876211;48.0
20102947;2012 United States presidential election;2012-11-08T18:24:01.000000;presidential;538;270;60.0;303;60782354;50.4;206;57884882;48.0
20102947;2012 United States presidential election;2012-11-08T20:25:13.000000;presidential;538;270;60.0;303;60810996;50.4;206;57918703;48.0
20102947;2012 United States presidential election;2012-11-08T20:28:05.000000;presidential;538;270;60.0;303;60811084;50.4;206;57918742;48.0
20102947;2012 United States presidential election;2012-11-08T20:54:07.000000;presidential;538;270;60.0;303;60840934;50.4;206;57940881;48.0
20102947;2012 United States presidential election;2012-11-08T22:20:03.000000;presidential;538;270;60.0;332;60840934;50.4;206;57940881;48.0
20102947;2012 United States presidential election;2012-11-08T22:23:45.000000;presidential;538;270;60.0;303;60840934;50.4;206;57940881;48.0
20102947;2012 United States presidential election;2012-11-08T22:24:57.000000;presidential;538;270;60.0;332;60840934;50.4;206;57940881;48.0
20102947;2012 United States presidential election;2012-11-08T22:27:47.000000;presidential;538;270;60.0;303;60840934;50.4;206;57940881;48.0
20102947;2012 United States presidential election;2012-11-08T22:38:08.000000;presidential;538;270;60.0;332;60840934;50.4;206;57940881;48.0
20102947;2012 United States presidential election;2012-11-08T22:45:32.000000;presidential;538;270;60.0;332;60840934;50.4;206;57940881;48.0
20102947;2012 United States presidential election;2012-11-08T22:58:42.000000;presidential;538;270;60.0;303;60840934;50.4;206;57940881;48.0
20102947;2012 United States presidential election;2012-11-08T23:06:53.000000;presidential;538;270;60.0;332;60840934;50.4;206;57940881;48.0
20102947;2012 United States presidential election;2012-11-08T23:13:49.000000;presidential;538;270;60.0;303;60840934;50.4;206;57940881;48.0
20102947;2012 United States presidential election;2012-11-08T23:20:26.000000;presidential;538;270;60.0;332;60894255;50.4;206;57957613;48.0
20102947;2012 United States presidential election;2012-11-08T23:31:54.000000;presidential;538;270;60.0;332;60894255;50.4;206;57957613;48.0
20102947;2012 United States presidential election;2012-11-08T23:32:36.000000;presidential;538;270;60.0;303;60840934;50.4;206;57940881;48.0
20102947;2012 United States presidential election;2012-11-08T23:36:20.000000;presidential;538;270;60.0;332;60840934;50.4;206;57940881;48.0
20102947;2012 United States presidential election;2012-11-09T00:03:06.000000;presidential;538;270;60.0;332;60899460;50.4;206;57961045;48.0
20102947;2012 United States presidential election;2012-11-09T00:12:38.000000;presidential;538;270;60.0;303;60899460;50.4;206;57961045;48.0
20102947;2012 United States presidential election;2012-11-09T01:07:47.000000;presidential;538;270;60.0;303;61043133;50.4;206;58058148;48.0
20102947;2012 United States presidential election;2012-11-09T01:16:11.000000;presidential;538;270;60.0;332;61043133;50.4;206;58058148;48.0
20102947;2012 United States presidential election;2012-11-09T01:18:06.000000;presidential;538;270;60.0;303;61043133;50.4;206;58058148;48.0
20102947;2012 United States presidential election;2012-11-09T01:24:35.000000;presidential;538;270;60.0;332;61043133;50.4;206;58058148;48.0
20102947;2012 United States presidential election;2012-11-09T01:30:54.000000;presidential;538;270;60.0;303;61043133;50.4;206;58058148;48.0
20102947;2012 United States presidential election;2012-11-09T02:10:38.000000;presidential;538;270;60.0;303;61112143;50.4;206;58122514;48.0
20102947;2012 United States presidential election;2012-11-09T02:19:52.000000;presidential;538;270;60.0;303;61112143;50.5;206;58122514;48.0
20102947;2012 United States presidential election;2012-11-09T12:15:08.000000;presidential;538;270;60.0;303;61170405;50.5;206;58163977;48.0
20102947;2012 United States presidential election;2012-11-09T16:56:49.000000;presidential;538;270;60.0;303;61176680;50.5;206;58173364;48.0
20102947;2012 United States presidential election;2012-11-09T17:02:13.000000;presidential;538;270;60.0;303;61176680;50.0;206;58173364;48.0
20102947;2012 United States presidential election;2012-11-09T17:21:49.000000;presidential;538;270;60.0;303;61176680;50.5;206;58173364;48.0
20102947;2012 United States presidential election;2012-11-09T18:42:56.000000;presidential;538;270;60.0;303;61209778;50.5;206;58199540;48.0
20102947;2012 United States presidential election;2012-11-09T20:05:44.000000;presidential;538;270;60.0;303;61212552;50.5;206;58200706;48.0
20102947;2012 United States presidential election;2012-11-09T22:39:26.000000;presidential;538;270;60.0;303;61304426;50.5;206;58230919;48.0
20102947;2012 United States presidential election;2012-11-09T22:52:28.000000;presidential;538;270;60.0;303;61304426;50.5;206;58230919;47.9
20102947;2012 United States presidential election;2012-11-10T01:22:54.000000;presidential;538;270;60.0;303;61476182;50.5;206;58363044;47.9
20102947;2012 United States presidential election;2012-11-10T02:37:33.000000;presidential;538;270;60.0;303;61610467;50.5;206;58452453;47.9
20102947;2012 United States presidential election;2012-11-10T03:46:02.000000;presidential;538;270;60.0;303;61617148;50.5;206;58460704;47.9
20102947;2012 United States presidential election;2012-11-10T04:31:03.000000;presidential;538;270;60.0;303;61617148;50.6;206;58460704;47.9
20102947;2012 United States presidential election;2012-11-10T04:42:53.000000;presidential;538;270;60.0;303;61678367;50.6;206;58485239;47.9
20102947;2012 United States presidential election;2012-11-10T04:43:44.000000;presidential;538;270;60.0;303;61617148;50.6;206;58460704;47.9
20102947;2012 United States presidential election;2012-11-10T04:50:04.000000;presidential;538;270;60.0;303;61678367;50.6;206;58485239;47.9
20102947;2012 United States presidential election;2012-11-10T05:12:51.000000;presidential;538;270;60.0;303;61680412;50.6;206;58487232;47.9
20102947;2012 United States presidential election;2012-11-10T06:48:19.000000;presidential;538;270;60.0;332;61680412;50.6;206;58487232;47.9
20102947;2012 United States presidential election;2012-11-10T08:05:46.000000;presidential;538;270;60.0;332;61681462;50.6;206;58488199;47.9
20102947;2012 United States presidential election;2012-11-10T17:52:58.000000;presidential;538;270;60.0;332;61711576;50.5;206;58508804;47.9
20102947;2012 United States presidential election;2012-11-10T18:05:23.000000;presidential;538;270;60.0;332;61711576;50.5;206;58508804;47.9
20102947;2012 United States presidential election;2012-11-10T18:23:33.000000;presidential;538;270;60.0;332;61713086;50.5;206;58510150;47.9
20102947;2012 United States presidential election;2012-11-10T18:37:21.000000;presidential;538;270;60.0;332;61713086;50.6;206;58510150;47.9
20102947;2012 United States presidential election;2012-11-10T21:33:06.000000;presidential;538;270;60.0;332;61713131;50.5;206;58504025;47.9
20102947;2012 United States presidential election;2012-11-10T22:58:15.000000;presidential;538;270;60.0;332;61715465;50.5;206;58507338;47.9
20102947;2012 United States presidential election;2012-11-11T00:48:23.000000;presidential;538;270;60.0;332;61772396;50.5;206;58548457;47.9
20102947;2012 United States presidential election;2012-11-11T00:55:48.000000;presidential;538;270;60.0;332;61775351;50.5;206;58554562;47.9
20102947;2012 United States presidential election;2012-11-11T01:14:00.000000;presidential;538;270;60.0;332;61785502;50.5;206;58562476;47.9
20102947;2012 United States presidential election;2012-11-11T01:44:27.000000;presidential;538;270;60.0;332;61785502;51.3;206;58562476;47.9
20102947;2012 United States presidential election;2012-11-11T01:45:13.000000;presidential;538;270;60.0;332;61785502;50.5;206;58562476;47.9
20102947;2012 United States presidential election;2012-11-11T01:46:23.000000;presidential;538;270;60.0;332;61785502;51.34;206;58562476;47.9
20102947;2012 United States presidential election;2012-11-11T01:48:15.000000;presidential;538;270;60.0;332;61785502;51.3;206;58562476;47.9
20102947;2012 United States presidential election;2012-11-11T02:02:56.000000;presidential;538;270;60.0;332;61785502;50.6;206;58562476;47.9
20102947;2012 United States presidential election;2012-11-11T03:30:52.000000;presidential;538;270;60.0;332;61785502;50.5;206;58562476;47.9
20102947;2012 United States presidential election;2012-11-11T03:38:16.000000;presidential;538;270;60.0;332;61785502;50.5;206;58562476;47.9
20102947;2012 United States presidential election;2012-11-11T03:58:38.000000;presidential;538;270;60.0;332;61814180;50.6;206;58586318;47.9
20102947;2012 United States presidential election;2012-11-11T04:39:33.000000;presidential;538;270;60.0;332;61814180;50.5;206;58586318;47.9
20102947;2012 United States presidential election;2012-11-11T08:31:54.000000;presidential;538;270;60.0;332;61814180;50.6;206;58586318;47.9
20102947;2012 United States presidential election;2012-11-11T14:30:03.000000;presidential;538;270;60.0;332;61814180;50.6;206;58586318;47.9
20102947;2012 United States presidential election;2012-11-11T15:15:17.000000;presidential;538;270;60.0;332;61910594;50.6;206;58654765;47.9
20102947;2012 United States presidential election;2012-11-11T22:23:15.000000;presidential;538;270;60.0;332;61944375;50.6;206;58659578;47.9
20102947;2012 United States presidential election;2012-11-12T00:13:40.000000;presidential;538;270;60.0;332;62003464;50.6;206;58714065;47.9
20102947;2012 United States presidential election;2012-11-12T00:31:36.000000;presidential;538;270;60.0;332;62030023;50.6;206;58745402;47.9
20102947;2012 United States presidential election;2012-11-12T02:02:42.000000;presidential;538;270;60.0;332;62088847;50.6;206;58783137;47.9
20102947;2012 United States presidential election;2012-11-12T17:56:16.000000;presidential;538;270;60.0;332;62151820;50.6;206;58799365;47.9
20102947;2012 United States presidential election;2012-11-12T19:34:12.000000;presidential;538;270;60.0;332;62156980;50.6;206;58805060;47.8
20102947;2012 United States presidential election;2012-11-12T21:57:21.000000;presidential;538;270;60.0;332;62157012;50.6;206;58805092;47.8
20102947;2012 United States presidential election;2012-11-12T23:07:42.000000;presidential;538;270;60.0;332;62157503;50.6;206;58805284;47.8
20102947;2012 United States presidential election;2012-11-12T23:09:35.000000;presidential;538;270;60.0;332;62157503;50.6;206;58805284;47.8
20102947;2012 United States presidential election;2012-11-12T23:14:44.000000;presidential;538;270;60.0;332;62157522;50.6;206;58805311;47.8
20102947;2012 United States presidential election;2012-11-12T23:45:15.000000;presidential;538;270;60.0;332;62157683;50.6;206;58805492;47.8
20102947;2012 United States presidential election;2012-11-12T23:56:40.000000;presidential;538;270;60.0;332;62179298;50.6;206;58832000;47.8
20102947;2012 United States presidential election;2012-11-13T00:00:58.000000;presidential;538;270;60.0;332;62182364;50.6;206;58834168;47.8
20102947;2012 United States presidential election;2012-11-13T00:35:31.000000;presidential;538;270;60.0;332;;50.6;206;58842812;47.8
20102947;2012 United States presidential election;2012-11-13T00:36:18.000000;presidential;538;270;60.0;332;62190679;50.6;206;58842812;47.8
20102947;2012 United States presidential election;2012-11-13T01:41:14.000000;presidential;538;270;60.0;332;62218045;50.6;206;58860632;47.8
20102947;2012 United States presidential election;2012-11-13T01:54:40.000000;presidential;538;270;60.0;332;62255298;50.6;206;58890300;47.8
20102947;2012 United States presidential election;2012-11-13T04:24:14.000000;presidential;538;270;60.0;332;62278404;50.6;206;58901020;47.8
20102947;2012 United States presidential election;2012-11-13T08:56:08.000000;presidential;538;270;60.0;332;62278404;50.57;206;58901020;47.84
20102947;2012 United States presidential election;2012-11-13T09:42:46.000000;presidential;538;270;60.0;332;62278404;50.6;206;58901020;47.8
20102947;2012 United States presidential election;2012-11-13T16:29:58.000000;presidential;538;270;60.0;332;62284362;50.6;206;58906319;47.8
20102947;2012 United States presidential election;2012-11-13T16:33:42.000000;presidential;538;270;60.0;332;62284362;50.6;206;58906319;47.8
20102947;2012 United States presidential election;2012-11-13T19:06:04.000000;presidential;538;270;60.0;332;62285005;50.6;206;58907640;47.8
20102947;2012 United States presidential election;2012-11-13T19:52:32.000000;presidential;538;270;60.0;332;62306898;50.6;206;58937514;47.8
20102947;2012 United States presidential election;2012-11-13T22:18:46.000000;presidential;538;270;60.0;332;62307405;50.6;206;58938376;47.8
20102947;2012 United States presidential election;2012-11-14T01:52:59.000000;presidential;538;270;60.0;332;62600051;50.6;206;59123945;47.8
20102947;2012 United States presidential election;2012-11-14T03:06:59.000000;presidential;538;270;60.0;332;62606067;50.6;206;59130715;47.8
20102947;2012 United States presidential election;2012-11-14T04:07:57.000000;presidential;538;270;60.0;332;62607953;50.6;206;59133831;47.8
20102947;2012 United States presidential election;2012-11-14T06:10:41.000000;presidential;538;270;60.0;332;62610717;50.6;206;59136717;47.8
20102947;2012 United States presidential election;2012-11-14T06:37:26.000000;presidential;538;270;57.5;332;62610717;50.6;206;59136717;47.8
20102947;2012 United States presidential election;2012-11-14T06:39:29.000000;presidential;538;270;57.5;332;62610717;50.6;206;59136717;47.8
20102947;2012 United States presidential election;2012-11-14T06:44:39.000000;presidential;538;270;57.5;332;62610717;50.6;206;59136717;47.8
20102947;2012 United States presidential election;2012-11-14T14:33:38.000000;presidential;538;270;57.5;332;62613405;50.6;206;59140591;47.8
20102947;2012 United States presidential election;2012-11-14T20:48:16.000000;presidential;538;270;57.5;332;62614197;50.6;206;59141316;47.8
20102947;2012 United States presidential election;2012-11-14T21:59:53.000000;presidential;538;270;57.5;332;62615406;50.6;206;59142004;47.8
20102947;2012 United States presidential election;2012-11-15T00:03:25.000000;presidential;538;270;57.5;332;62711814;50.6;206;59189598;47.8
20102947;2012 United States presidential election;2012-11-15T02:58:35.000000;presidential;538;270;57.5;332;62615406;50.6;206;59142004;47.8
20102947;2012 United States presidential election;2012-11-15T02:59:17.000000;presidential;538;270;57.5;332;62711814;50.6;206;59189598;47.8
20102947;2012 United States presidential election;2012-11-15T03:02:00.000000;presidential;538;270;57.5;332;62615406;50.6;206;59142004;47.8
20102947;2012 United States presidential election;2012-11-15T03:26:11.000000;presidential;538;270;57.5;332;62711814;50.6;206;59189598;47.8
20102947;2012 United States presidential election;2012-11-15T08:39:08.000000;presidential;538;270;57.5;332;62711814;50.6;206;59189598;47.8
20102947;2012 United States presidential election;2012-11-15T15:36:04.000000;presidential;538;270;57.5;332;62820778;50.6;206;59274599;47.8
20102947;2012 United States presidential election;2012-11-15T17:28:16.000000;presidential;538;270;57.5;332;62828346;50.6;206;59279514;47.8
20102947;2012 United States presidential election;2012-11-16T01:55:04.000000;presidential;538;270;57.5;332;62854183;50.6;206;59303353;47.8
20102947;2012 United States presidential election;2012-11-16T04:43:07.000000;presidential;538;270;57.5;332;62881780;50.6;206;59328008;47.8
20102947;2012 United States presidential election;2012-11-16T16:54:15.000000;presidential;538;270;57.5;332;62884418;50.6;206;59329973;47.8
20102947;2012 United States presidential election;2012-11-16T21:54:51.000000;presidential;538;270;57.5;332;63204940;50.7;206;59505017;47.7
20102947;2012 United States presidential election;2012-11-16T22:19:14.000000;presidential;538;270;57.5;332;63204940;50.7;206;59505017;47.7
20102947;2012 United States presidential election;2012-11-16T23:50:03.000000;presidential;538;270;57.5;332;63204940;50.7;206;59505017;47.7
20102947;2012 United States presidential election;2012-11-17T00:40:50.000000;presidential;538;270;57.5;332;63204940;50.7;206;59505017;47.7
20102947;2012 United States presidential election;2012-11-17T02:18:30.000000;presidential;538;270;57.5;332;63433249;50.7;206;59620316;47.7
20102947;2012 United States presidential election;2012-11-17T04:28:43.000000;presidential;538;270;57.5;332;63448632;50.7;206;59634222;47.7
20102947;2012 United States presidential election;2012-11-17T17:48:49.000000;presidential;538;270;57.5;332;62615406;50.6;206;59142004;47.8
20102947;2012 United States presidential election;2012-11-17T18:09:49.000000;presidential;538;270;57.5;332;62615406;50.8;206;59142004;47.5
20102947;2012 United States presidential election;2012-11-17T18:17:32.000000;presidential;538;270;57.5;332;63452985;50.7;206;59637581;47.7
20102947;2012 United States presidential election;2012-11-17T18:42:45.000000;presidential;538;270;57.5;332;63452985;50.7;206;59637581;47.7
20102947;2012 United States presidential election;2012-11-18T01:04:45.000000;presidential;538;270;57.5;332;63452985;50.7;206;59637581;47.6
20102947;2012 United States presidential election;2012-11-18T02:08:32.000000;presidential;538;270;57.5;332;63452985;50.7;206;59637581;47.7
20102947;2012 United States presidential election;2012-11-18T02:48:49.000000;presidential;538;270;57.5;332;63467689;50.7;206;59645517;47.6
20102947;2012 United States presidential election;2012-11-18T04:25:20.000000;presidential;538;270;57.5;332;63467689;50.7;206;59645517;47.7
20102947;2012 United States presidential election;2012-11-18T04:56:55.000000;presidential;538;270;57.5;332;63467689;50.7;206;59645517;47.65
20102947;2012 United States presidential election;2012-11-18T05:20:02.000000;presidential;538;270;57.5;332;63467689;50.7;206;59645517;47.7
20102947;2012 United States presidential election;2012-11-18T18:26:06.000000;presidential;538;270;57.5;332;63470174;50.7;206;59646883;47.6
20102947;2012 United States presidential election;2012-11-18T21:00:33.000000;presidential;538;270;57.5;332;63470174;50.7;206;59646883;47.7
20102947;2012 United States presidential election;2012-11-18T21:18:04.000000;presidential;538;270;57.5;332;63470175;50.7;206;59646883;47.7
20102947;2012 United States presidential election;2012-11-18T23:45:00.000000;presidential;538;270;57.5;332;63470175;50.7;206;59646883;47.6
20102947;2012 United States presidential election;2012-11-18T23:54:33.000000;presidential;538;270;57.5;332;63470175;50.7;206;59646883;47.7
20102947;2012 United States presidential election;2012-11-19T00:53:18.000000;presidential;538;270;57.5;332;63476798;50.7;206;59651366;47.7
20102947;2012 United States presidential election;2012-11-19T01:46:28.000000;presidential;538;270;57.5;332;63486726;50.7;206;59660339;47.6
20102947;2012 United States presidential election;2012-11-19T02:32:03.000000;presidential;538;270;57.5;332;63486726;50.7;206;59660339;47.7
20102947;2012 United States presidential election;2012-11-19T02:33:59.000000;presidential;538;270;57.5;332;63486726;50.7;206;59660339;47.6
20102947;2012 United States presidential election;2012-11-19T02:35:43.000000;presidential;538;270;57.5;332;63486726;50.7;206;59660339;47.7
20102947;2012 United States presidential election;2012-11-19T04:19:08.000000;presidential;538;270;57.5;332;63486726;50.7;206;59660339;47.6
20102947;2012 United States presidential election;2012-11-19T05:18:26.000000;presidential;538;270;57.5;332;63486726;50.7;206;59660339;47.7
20102947;2012 United States presidential election;2012-11-19T05:24:26.000000;presidential;538;270;57.5;332;63486726;50.7;206;59660339;47.6
20102947;2012 United States presidential election;2012-11-19T05:30:08.000000;presidential;538;270;57.5;332;63486727;50.7;206;59660339;47.6
20102947;2012 United States presidential election;2012-11-19T07:11:57.000000;presidential;538;270;57.5;332;63486727;50.7;206;59660339;47.7
20102947;2012 United States presidential election;2012-11-19T08:43:31.000000;presidential;538;270;57.5;332;63486727;50.7;206;59660339;47.6
20102947;2012 United States presidential election;2012-11-19T08:50:34.000000;presidential;538;270;57.5;332;63486727;50.7;206;59660339;47.7
20102947;2012 United States presidential election;2012-11-19T12:58:36.000000;presidential;538;270;57.5;332;63486727;50.7;206;59660339;47.6
20102947;2012 United States presidential election;2012-11-19T15:01:27.000000;presidential;538;270;57.5;332;63512486;50.7;206;59668347;47.6
20102947;2012 United States presidential election;2012-11-19T15:52:14.000000;presidential;538;270;57.5;332;63561092;50.7;206;59684096;47.6
20102947;2012 United States presidential election;2012-11-19T22:12:51.000000;presidential;538;270;57.5;332;63571819;50.7;206;59685492;47.6
20102947;2012 United States presidential election;2012-11-20T00:51:15.000000;presidential;538;270;57.5;332;63727743;50.7;206;59795346;47.6
20102947;2012 United States presidential election;2012-11-20T02:14:01.000000;presidential;538;270;57.5;332;63797318;50.8;206;59827479;47.6
20102947;2012 United States presidential election;2012-11-20T06:13:07.000000;presidential;538;270;57.5;332;63798599;50.8;206;59829344;47.6
20102947;2012 United States presidential election;2012-11-20T17:15:58.000000;presidential;538;270;57.5;332;63823729;50.8;206;59832706;47.6
20102947;2012 United States presidential election;2012-11-21T02:02:31.000000;presidential;538;270;57.5;332;63983387;50.8;206;59906986;47.6
20102947;2012 United States presidential election;2012-11-21T04:21:06.000000;presidential;538;270;57.5;332;64185237;50.8;206;60099431;47.5
20102947;2012 United States presidential election;2012-11-21T04:56:21.000000;presidential;538;270;57.5;332;63983387;50.8;206;59906986;47.6
20102947;2012 United States presidential election;2012-11-21T06:45:13.000000;presidential;538;270;57.5;332;63994643;50.8;206;59916183;47.5
20102947;2012 United States presidential election;2012-11-21T15:54:20.000000;presidential;538;270;57.5;332;64037946;50.8;206;59944056;47.5
20102947;2012 United States presidential election;2012-11-22T00:11:44.000000;presidential;538;270;57.5;332;64087572;50.8;206;59966534;47.5
20102947;2012 United States presidential election;2012-11-22T04:52:40.000000;presidential;538;270;57.5;332;64150711;50.8;206;599954054;47.5
20102947;2012 United States presidential election;2012-11-22T04:54:16.000000;presidential;538;270;57.5;332;64150711;50.8;206;59995405;47.5
20102947;2012 United States presidential election;2012-11-22T23:40:43.000000;presidential;538;270;57.5;332;64435123;50.8;206;60258521;47.5
20102947;2012 United States presidential election;2012-11-22T23:50:14.000000;presidential;538;270;57.5;332;64150711;50.8;206;59995405;47.5
20102947;2012 United States presidential election;2012-11-23T01:21:59.000000;presidential;538;270;57.5;332;64161990;50.8;206;60008186;47.5
20102947;2012 United States presidential election;2012-11-23T04:19:53.000000;presidential;538;270;57.5;332;64182123;50.8;206;60067910;47.5
20102947;2012 United States presidential election;2012-11-23T19:32:36.000000;presidential;538;270;57.5;332;64385262;50.8;206;60209277;47.5
20102947;2012 United States presidential election;2012-11-24T02:33:23.000000;presidential;538;270;57.5;332;64430588;50.8;206;60221746;47.5
20102947;2012 United States presidential election;2012-11-24T08:26:03.000000;presidential;538;270;57.5;332;64428975;50.8;206;60227548;47.5
20102947;2012 United States presidential election;2012-11-24T23:40:13.000000;presidential;538;270;57.5;332;64428975;51.0;206;60227548;47.0
20102947;2012 United States presidential election;2012-11-24T23:47:39.000000;presidential;538;270;57.5;332;64428975;50.8;206;60227548;47.5
20102947;2012 United States presidential election;2012-11-25T01:08:00.000000;presidential;538;270;57.5;332;64428975;92.8;206;60227548;7.5
20102947;2012 United States presidential election;2012-11-25T01:15:33.000000;presidential;538;270;57.5;332;64428975;50.8;206;60227548;47.5
20102947;2012 United States presidential election;2012-11-25T05:38:08.000000;presidential;538;270;57.5;332;64439281;50.8;206;60237491;47.5
20102947;2012 United States presidential election;2012-11-25T09:02:23.000000;presidential;538;270;57.5;332;64468370;50.8;206;60270721;47.5
20102947;2012 United States presidential election;2012-11-25T11:05:44.000000;presidential;538;270;57.5;332;64479435;50.8;206;60281692;47.5
20102947;2012 United States presidential election;2012-11-25T14:03:33.000000;presidential;538;270;57.5;332;64497901;50.8;206;60298327;47.5
20102947;2012 United States presidential election;2012-11-25T20:05:19.000000;presidential;538;270;57.5;332;64497901;50.79;206;60298327;47.49
20102947;2012 United States presidential election;2012-11-25T20:07:29.000000;presidential;538;270;57.5;332;64497901;50.8;206;60298327;47.5
20102947;2012 United States presidential election;2012-11-25T21:17:37.000000;presidential;538;270;57.5;332;64498468;50.8;206;60298998;47.5
20102947;2012 United States presidential election;2012-11-26T20:32:07.000000;presidential;538;270;57.5;332;64596714;50.8;206;60367160;47.5
20102947;2012 United States presidential election;2012-11-26T21:08:08.000000;presidential;538;270;57.5;332;64638862;50.8;206;60382066;47.5
20102947;2012 United States presidential election;2012-11-26T21:59:54.000000;presidential;538;270;57.5;332;64672873;50.8;206;60384714;47.5
20102947;2012 United States presidential election;2012-11-26T22:45:47.000000;presidential;538;270;57.5;332;64692224;50.8;206;60392180;47.4
20102947;2012 United States presidential election;2012-11-26T23:24:25.000000;presidential;538;270;57.5;332;64694882;50.8;206;60394763;47.4
20102947;2012 United States presidential election;2012-11-27T00:46:23.000000;presidential;538;270;57.5;332;64781325;50.8;206;60431071;47.4
20102947;2012 United States presidential election;2012-11-27T01:15:06.000000;presidential;538;270;57.5;332;64786425;50.8;206;60433597;47.4
20102947;2012 United States presidential election;2012-11-27T01:44:51.000000;presidential;538;270;57.5;332;64790160;50.8;206;60436607;47.4
20102947;2012 United States presidential election;2012-11-27T04:43:21.000000;presidential;538;270;57.5;332;64790160;50.8;206;60436607;47.5
20102947;2012 United States presidential election;2012-11-27T05:22:07.000000;presidential;538;270;57.5;332;64790160;50.8;206;60436607;47.4
20102947;2012 United States presidential election;2012-11-27T05:30:46.000000;presidential;538;270;57.5;332;64812357;50.8;206;60444552;47.4
20102947;2012 United States presidential election;2012-11-27T07:42:21.000000;presidential;538;270;57.5;332;64814806;50.8;206;60446563;47.4
20102947;2012 United States presidential election;2012-11-27T08:00:04.000000;presidential;538;270;57.5;332;64814806;50.9;206;60446563;47.4
20102947;2012 United States presidential election;2012-11-27T12:56:16.000000;presidential;538;270;57.5;332;64817072;50.8;206;60449355;47.4
20102947;2012 United States presidential election;2012-11-27T20:08:28.000000;presidential;538;270;57.5;332;64820413;50.9;206;60449719;47.4
20102947;2012 United States presidential election;2012-11-27T20:36:54.000000;presidential;538;270;57.5;332;64817072;50.8;206;60449355;47.4
20102947;2012 United States presidential election;2012-11-28T01:39:09.000000;presidential;538;270;57.5;332;64878458;50.9;206;60482238;47.4
20102947;2012 United States presidential election;2012-11-28T01:44:06.000000;presidential;538;270;57.5;332;64817072;50.8;206;60449355;47.4
20102947;2012 United States presidential election;2012-11-28T02:04:55.000000;presidential;538;270;57.5;332;64880101;50.9;206;60482929;47.4
20102947;2012 United States presidential election;2012-11-28T04:42:43.000000;presidential;538;270;57.5;332;64916510;50.9;206;60493449;47.4
20102947;2012 United States presidential election;2012-11-28T18:39:57.000000;presidential;538;270;57.5;332;64967695;50.9;206;60517258;47.4
20102947;2012 United States presidential election;2012-11-28T19:02:59.000000;presidential;538;270;57.5;332;64988377;50.9;206;60525304;47.4
20102947;2012 United States presidential election;2012-11-28T20:45:06.000000;presidential;538;270;57.5;332;64992889;50.9;206;60528695;47.4
20102947;2012 United States presidential election;2012-11-28T23:41:44.000000;presidential;538;270;57.5;332;65061993;50.9;206;60551798;47.4
20102947;2012 United States presidential election;2012-11-29T03:18:59.000000;presidential;538;270;57.5;332;65074249;50.9;206;60568963;47.4
20102947;2012 United States presidential election;2012-11-29T06:10:58.000000;presidential;538;270;57.5;332;65074582;50.9;206;60569300;47.4
20102947;2012 United States presidential election;2012-11-29T06:38:36.000000;presidential;538;270;57.5;332;65082030;50.9;206;60565840;47.4
20102947;2012 United States presidential election;2012-11-29T16:21:53.000000;presidential;538;270;57.5;332;65089940;50.9;206;60570699;47.4
20102947;2012 United States presidential election;2012-11-29T17:30:12.000000;presidential;538;270;57.5;332;65082030;50.9;206;60565840;47.4
20102947;2012 United States presidential election;2012-11-29T21:41:09.000000;presidential;538;270;57.5;332;64215103;50.8;206;60055109;47.51
20102947;2012 United States presidential election;2012-11-29T22:13:05.000000;presidential;538;270;57.5;332;65082030;50.9;206;60565840;47.4
20102947;2012 United States presidential election;2012-11-29T23:42:27.000000;presidential;538;270;57.5;332;65088332;50.9;206;60569093;47.4
20102947;2012 United States presidential election;2012-11-30T03:10:42.000000;presidential;538;270;57.5;332;65135207;50.9;206;60593390;47.4
20102947;2012 United States presidential election;2012-11-30T03:47:39.000000;presidential;538;270;57.5;332;65127869;50.9;206;60596900;47.4
20102947;2012 United States presidential election;2012-11-30T03:48:47.000000;presidential;538;270;57.5;332;65127869;50.9;206;60596900;47.4
20102947;2012 United States presidential election;2012-11-30T06:10:43.000000;presidential;538;270;57.5;332;65138059;50.9;206;60606054;47.4
20102947;2012 United States presidential election;2012-11-30T21:17:42.000000;presidential;538;270;57.5;332;65150867;50.9;206;60619969;47.4
20102947;2012 United States presidential election;2012-11-30T21:53:52.000000;presidential;538;270;57.5;332;65170881;50.9;206;60630038;47.4
20102947;2012 United States presidential election;2012-12-01T01:53:53.000000;presidential;538;270;57.5;332;65229840;50.9;206;60649802;47.3
20102947;2012 United States presidential election;2012-12-01T05:49:39.000000;presidential;538;270;57.5;332;64622479;50.86;206;60275591;47.44
20102947;2012 United States presidential election;2012-12-01T06:20:11.000000;presidential;538;270;57.5;332;65229840;50.9;206;60649802;47.3
20102947;2012 United States presidential election;2012-12-01T07:06:57.000000;presidential;538;270;57.5;332;65228840;50.9;206;60649802;47.3
20102947;2012 United States presidential election;2012-12-01T13:33:49.000000;presidential;538;270;57.5;332;65258278;50.9;206;60658920;47.3
20102947;2012 United States presidential election;2012-12-02T17:52:57.000000;presidential;538;270;57.5;332;65304577;50.93;206;60692527;47.34
20102947;2012 United States presidential election;2012-12-02T19:23:46.000000;presidential;538;270;57.5;332;65258278;50.9;206;60658920;47.3
20102947;2012 United States presidential election;2012-12-02T21:59:24.000000;presidential;538;270;57.5;332;60258278;50.9;206;65658920;47.3
20102947;2012 United States presidential election;2012-12-02T22:09:38.000000;presidential;538;270;57.5;332;65258278;50.9;206;60658920;47.3
20102947;2012 United States presidential election;2012-12-03T02:35:17.000000;presidential;538;270;57.5;332;65277638;50.9;206;60678128;47.3
20102947;2012 United States presidential election;2012-12-03T06:06:52.000000;presidential;538;270;57.5;332;65298020;50.9;206;60685892;47.3
20102947;2012 United States presidential election;2012-12-03T09:39:53.000000;presidential;538;270;57.5;332;65328935;50.9;206;60695813;47.3
20102947;2012 United States presidential election;2012-12-03T17:23:39.000000;presidential;538;270;57.5;332;65330713;50.9;206;60697341;47.3
20102947;2012 United States presidential election;2012-12-03T22:27:42.000000;presidential;538;270;57.5;332;65348237;50.9;206;60703617;47.3
20102947;2012 United States presidential election;2012-12-03T23:34:19.000000;presidential;538;270;57.5;332;65349505;50.9;206;60705328;47.3
20102947;2012 United States presidential election;2012-12-04T06:31:39.000000;presidential;538;270;57.5;332;65349791;50.9;206;60705579;47.3
20102947;2012 United States presidential election;2012-12-04T13:46:41.000000;presidential;538;270;57.5;332;65355488;50.9;206;60710020;47.3
20102947;2012 United States presidential election;2012-12-05T00:55:51.000000;presidential;538;270;57.5;332;65390881;51.0;206;60729573;47.3
20102947;2012 United States presidential election;2012-12-05T02:08:27.000000;presidential;538;270;57.5;332;65355488;50.9;206;60710020;47.3
20102947;2012 United States presidential election;2012-12-05T04:23:39.000000;presidential;538;270;57.5;332;65398038;51.0;206;60732794;47.3
20102947;2012 United States presidential election;2012-12-05T04:46:44.000000;presidential;538;270;57.5;332;65355488;50.9;206;60710020;47.3
20102947;2012 United States presidential election;2012-12-05T06:33:08.000000;presidential;538;270;57.5;332;65355488;50.9;206;60710020;47.3
20102947;2012 United States presidential election;2012-12-05T12:59:30.000000;presidential;538;270;57.5;332;65387700;50.9;206;60724464;47.3
20102947;2012 United States presidential election;2012-12-05T19:54:36.000000;presidential;538;270;57.5;332;65387995;50.9;206;60724672;47.3
20102947;2012 United States presidential election;2012-12-05T21:08:04.000000;presidential;538;270;57.5;332;65392680;50.9;206;60727863;47.3
20102947;2012 United States presidential election;2012-12-05T23:30:40.000000;presidential;538;270;57.5;332;65392680;51.0;206;60727863;47.3
20102947;2012 United States presidential election;2012-12-06T00:08:22.000000;presidential;538;270;57.5;332;65392680;50.9;206;60727863;47.3
20102947;2012 United States presidential election;2012-12-06T01:45:34.000000;presidential;538;270;57.5;332;65424767;50.9;206;60750882;47.3
20102947;2012 United States presidential election;2012-12-06T02:21:17.000000;presidential;538;270;57.5;332;65424767;51.0;206;60750882;47.3
20102947;2012 United States presidential election;2012-12-06T02:51:25.000000;presidential;538;270;57.5;332;65427215;50.9;206;60754308;47.3
20102947;2012 United States presidential election;2012-12-06T04:55:41.000000;presidential;538;270;57.5;332;65427236;50.9;206;60754308;47.3
20102947;2012 United States presidential election;2012-12-06T06:46:56.000000;presidential;538;270;58.5;332;65427236;50.9;206;60754308;47.3
20102947;2012 United States presidential election;2012-12-06T10:37:24.000000;presidential;538;270;58.5;332;65427236;51.0;206;60754308;47.3
20102947;2012 United States presidential election;2012-12-06T15:47:51.000000;presidential;538;270;58.5;332;65427236;50.9;206;60754308;47.3
20102947;2012 United States presidential election;2012-12-06T17:02:35.000000;presidential;538;270;58.5;332;65427236;50.9;206;60754308;47.3
20102947;2012 United States presidential election;2012-12-06T18:13:42.000000;presidential;538;270;58.5;332;65427236;50.95;206;60754308;47.31
20102947;2012 United States presidential election;2012-12-06T20:49:28.000000;presidential;538;270;58.5;332;65427236;50.95;206;60754308;47.31
20102947;2012 United States presidential election;2012-12-06T21:34:37.000000;presidential;538;270;58.5;332;65427236;51.85;206;60754308;48.15
20102947;2012 United States presidential election;2012-12-06T21:55:32.000000;presidential;538;270;58.5;332;65427236;50.95;206;60754308;47.31
20102947;2012 United States presidential election;2012-12-06T22:01:33.000000;presidential;538;270;58.5;332;65430118;50.95;206;60757979;47.31
20102947;2012 United States presidential election;2012-12-07T01:32:00.000000;presidential;538;270;58.5;332;65437477;50.95;206;60763097;47.31
20102947;2012 United States presidential election;2012-12-07T04:30:13.000000;presidential;538;270;58.5;332;65437477;51.0;206;60763097;47.3
20102947;2012 United States presidential election;2012-12-07T05:36:35.000000;presidential;538;270;58.5;332;65443674;51.0;206;60767509;47.3
20102947;2012 United States presidential election;2012-12-07T06:49:08.000000;presidential;538;270;58.5;332;65443674;50.9;206;60767509;47.3
20102947;2012 United States presidential election;2012-12-07T16:42:08.000000;presidential;538;270;58.5;332;65443674;51.0;206;60767509;47.3
20102947;2012 United States presidential election;2012-12-07T17:31:05.000000;presidential;538;270;58.5;332;65443674;50.9;206;60767509;47.3
20102947;2012 United States presidential election;2012-12-07T23:24:54.000000;presidential;538;270;58.5;332;65458124;51.0;206;60774832;47.3
20102947;2012 United States presidential election;2012-12-07T23:38:43.000000;presidential;538;270;58.5;332;65458409;51.0;206;60775850;47.3
20102947;2012 United States presidential election;2012-12-08T00:10:20.000000;presidential;538;270;58.5;332;65464068;51.0;206;60781275;47.3
20102947;2012 United States presidential election;2012-12-08T22:18:24.000000;presidential;538;270;58.5;332;65466110;51.0;206;60783646;47.3
20102947;2012 United States presidential election;2012-12-08T23:12:43.000000;presidential;538;270;58.5;332;65464068;51.0;206;60781275;47.3
20102947;2012 United States presidential election;2012-12-09T05:54:13.000000;presidential;538;270;58.5;332;65464068;61.71;206;60781275;38.29
20102947;2012 United States presidential election;2012-12-09T06:00:57.000000;presidential;538;270;58.5;332;65464068;51.85;206;60781275;48.15
20102947;2012 United States presidential election;2012-12-09T06:04:18.000000;presidential;538;270;58.5;332;65464068;50.95;206;60781275;47.31
20102947;2012 United States presidential election;2012-12-09T07:34:12.000000;presidential;538;270;58.5;332;65464068;51.0;206;60781275;47.3
20102947;2012 United States presidential election;2012-12-11T02:23:26.000000;presidential;538;270;58.5;332;65464068;51.0;206;60781275;47.3
20102947;2012 United States presidential election;2012-12-11T03:35:32.000000;presidential;538;270;58.5;332;65465269;51.0;206;60782804;47.3
20102947;2012 United States presidential election;2012-12-12T23:01:38.000000;presidential;538;270;58.5;332;65585528;51.0;206;60846400;47.3
20102947;2012 United States presidential election;2012-12-12T23:05:28.000000;presidential;538;270;58.5;332;65465269;51.0;206;60782804;47.3
20102947;2012 United States presidential election;2012-12-12T23:52:05.000000;presidential;538;270;58.5;332;65467753;51.0;206;60786852;47.3
20102947;2012 United States presidential election;2012-12-13T02:36:56.000000;presidential;538;270;58.5;332;65467753;50.6;206;60786852;47.8
20102947;2012 United States presidential election;2012-12-13T02:40:59.000000;presidential;538;270;58.5;332;65467753;51.0;206;60786852;47.3
20102947;2012 United States presidential election;2012-12-13T04:27:34.000000;presidential;538;270;58.5;332;65586057;51.0;206;60848083;47.3
20102947;2012 United States presidential election;2012-12-13T07:55:31.000000;presidential;538;270;58.5;332;65593667;51.0;206;60859379;47.3
20102947;2012 United States presidential election;2012-12-13T11:05:35.000000;presidential;538;270;58.5;332;65593974;51.0;206;60859673;47.3
20102947;2012 United States presidential election;2012-12-13T22:04:11.000000;presidential;538;270;58.5;332;65593974;51.0;206;60859673;47.3
20102947;2012 United States presidential election;2012-12-13T22:54:26.000000;presidential;538;270;59.0;332;65593974;51.0;206;60859673;47.3
20102947;2012 United States presidential election;2012-12-13T22:56:34.000000;presidential;538;270;59.0;332;65593974;51.0;206;60859673;47.3
20102947;2012 United States presidential election;2012-12-14T04:38:09.000000;presidential;538;270;59.0;332;65593974;51.0;206;60859674;47.3
20102947;2012 United States presidential election;2012-12-14T05:00:02.000000;presidential;538;270;59.0;332;65593974;51.0;206;60859673;47.3
20102947;2012 United States presidential election;2012-12-14T21:37:00.000000;presidential;538;270;59.0;332;65593977;51.0;206;60859674;47.3
20102947;2012 United States presidential election;2012-12-15T02:15:28.000000;presidential;538;270;59.0;332;65599965;51.0;206;60861735;47.3
20102947;2012 United States presidential election;2012-12-16T19:44:07.000000;presidential;538;270;59.0;332;65600358;51.0;206;60861543;47.3
20102947;2012 United States presidential election;2012-12-16T23:51:19.000000;presidential;538;270;59.0;240;65600358;51.0;298;60861543;47.3
20102947;2012 United States presidential election;2012-12-17T00:03:16.000000;presidential;538;270;59.0;332;65600358;51.0;206;60861543;47.3
20102947;2012 United States presidential election;2012-12-17T21:08:17.000000;presidential;538;270;59.0;332;65600425;51.0;206;60861683;47.3
20102947;2012 United States presidential election;2012-12-22T08:52:03.000000;presidential;538;270;59.0;332;65600425;51.0;206;60861683;47.3
20102947;2012 United States presidential election;2012-12-25T20:33:07.000000;presidential;538;270;59.0;332;65621455;51.0;206;60875403;47.3
20102947;2012 United States presidential election;2012-12-26T00:01:07.000000;presidential;538;270;59.0;332;65600425;51.0;206;60861683;47.3
20102947;2012 United States presidential election;2012-12-26T06:47:32.000000;presidential;538;270;59.0;332;65621369;51.0;206;60875399;47.3
20102947;2012 United States presidential election;2012-12-26T18:43:23.000000;presidential;538;270;59.0;332;65621369;50.96;206;60875399;47.27
20102947;2012 United States presidential election;2012-12-26T21:38:23.000000;presidential;538;270;59.0;332;65621472;50.96;206;60875592;47.27
20102947;2012 United States presidential election;2012-12-27T00:52:39.000000;presidential;538;270;59.0;332;65621472;51.0;206;60875592;47.3
20102947;2012 United States presidential election;2012-12-30T00:03:59.000000;presidential;538;270;59.0;332;65892518;51.0;206;60927023;47.2
20102947;2012 United States presidential election;2012-12-30T03:02:08.000000;presidential;538;270;59.0;332;65892518;51.1;206;60927023;47.2
20102947;2012 United States presidential election;2012-12-30T03:30:53.000000;presidential;538;270;59.0;332;65892518;51.0;206;60927023;47.2
20102947;2012 United States presidential election;2012-12-30T03:45:40.000000;presidential;538;270;59.0;332;65892518;51.1;206;60927023;47.2
20102947;2012 United States presidential election;2012-12-30T04:14:41.000000;presidential;538;270;59.0;332;65892518;51.0;206;60927023;47.2
20102947;2012 United States presidential election;2012-12-30T04:54:22.000000;presidential;538;270;59.0;332;65892518;51.1;206;60927023;47.2
20102947;2012 United States presidential election;2012-12-30T06:07:00.000000;presidential;538;270;59.0;332;65892518;51.0;206;60927023;47.2
20102947;2012 United States presidential election;2012-12-30T07:08:45.000000;presidential;538;270;59.0;332;65892518;51.0;206;60927023;47.2
20102947;2012 United States presidential election;2012-12-30T07:29:45.000000;presidential;538;270;59.0;332;65892518;51.0;206;60927023;47.2
20102947;2012 United States presidential election;2012-12-30T12:30:29.000000;presidential;538;270;59.0;332;65892518;51.1;206;60927023;47.2
20102947;2012 United States presidential election;2012-12-30T18:28:43.000000;presidential;538;270;59.0;332;65892518;51.0;206;60927023;47.2
20102947;2012 United States presidential election;2012-12-31T18:46:37.000000;presidential;538;270;59.0;332;65899660;51.0;206;60932152;47.2
20102947;2012 United States presidential election;2013-01-02T19:43:52.000000;presidential;538;270;59.0;332;65899660;51.0;206;60932152;47.2
20102947;2012 United States presidential election;2013-01-02T21:41:33.000000;presidential;538;270;8.9;332;65899660;51.0;206;60932152;47.2
20102947;2012 United States presidential election;2013-01-02T21:43:10.000000;presidential;538;270;58.9;332;65899660;51.0;206;60932152;47.2
20102947;2012 United States presidential election;2013-01-03T22:48:27.000000;presidential;538;270;58.9;332;65899660;51.1;206;60932152;47.2
20102947;2012 United States presidential election;2013-01-03T23:43:47.000000;presidential;538;270;58.9;332;65899660;51.0;206;60932152;47.2
20102947;2012 United States presidential election;2013-01-04T18:41:46.000000;presidential;538;270;58.9;332;65899660;51.0;206;60932152;47.2
20102947;2012 United States presidential election;2013-01-04T21:08:23.000000;presidential;538;270;58.9;332;65899660;51.0;206;60932152;47.2
20102947;2012 United States presidential election;2013-01-04T21:10:31.000000;presidential;538;270;58.9;332;65899660;51.1;206;60932152;47.2
20102947;2012 United States presidential election;2013-01-05T05:22:58.000000;presidential;538;270;58.9;332;65899660;51.0;206;60932152;47.2
20102947;2012 United States presidential election;2013-01-05T10:43:48.000000;presidential;538;270;58.9;332;65899660;51.0;206;60932152;47.1
20102947;2012 United States presidential election;2013-01-05T10:46:09.000000;presidential;538;270;58.9;332;65899660;51.0;206;60932152;47.2
20102947;2012 United States presidential election;2013-01-06T04:57:10.000000;presidential;538;270;58.9;332;65899660;51.1;206;60932152;47.2
20102947;2012 United States presidential election;2013-01-06T08:14:00.000000;presidential;538;270;58.9;332;65899660;51.0;206;60932152;47.2
20102947;2012 United States presidential election;2013-01-07T16:10:30.000000;presidential;538;270;58.9;332;65899557;51.0;206;60931959;47.2
20102947;2012 United States presidential election;2013-01-07T16:12:15.000000;presidential;538;270;58.9;332;65899557;51.1;206;60931959;47.2
20102947;2012 United States presidential election;2013-01-07T21:13:10.000000;presidential;538;270;58.9;332;65899660;51.0;206;60932152;47.2
20102947;2012 United States presidential election;2013-01-12T14:30:29.000000;presidential;538;270;58.9;332;65899660;51.0;206;60932152;47.1
20102947;2012 United States presidential election;2013-01-12T15:40:54.000000;presidential;538;270;58.9;332;65899660;51.0;206;60932152;47.2
20102947;2012 United States presidential election;2013-01-13T00:14:19.000000;presidential;538;270;58.9;301;65899660;51.0;237;60932152;47.2
20102947;2012 United States presidential election;2013-01-13T00:26:39.000000;presidential;538;270;58.9;332;65899660;51.0;206;60932152;47.2
20102947;2012 United States presidential election;2013-01-16T07:02:52.000000;presidential;538;270;58.9;332;65899660;51.0;206;60929152;47.2
20102947;2012 United States presidential election;2013-01-16T07:38:28.000000;presidential;538;270;58.9;332;65899660;51.1;206;60929152;47.2
20102947;2012 United States presidential election;2013-01-16T15:25:00.000000;presidential;538;270;58.9;332;65899660;51.0;206;60929152;47.2
20102947;2012 United States presidential election;2013-01-19T00:10:20.000000;presidential;538;270;58.9;332;65899660;51.1;206;60929152;47.2
20102947;2012 United States presidential election;2013-01-20T06:28:02.000000;presidential;538;270;58.9;332;65899660;51.1;206;60929152;47.2
20102947;2012 United States presidential election;2013-01-23T21:21:41.000000;presidential;538;270;58.9;332;65889660;51.1;206;60932152;47.2
20102947;2012 United States presidential election;2013-01-24T19:41:19.000000;presidential;538;270;58.9;332;65899660;51.1;206;60929152;47.2
20102947;2012 United States presidential election;2013-01-25T02:57:24.000000;presidential;538;270;58.9;332;65899660;51.1;206;60939152;47.2
20102947;2012 United States presidential election;2013-01-25T04:18:52.000000;presidential;538;270;58.9;332;65899660;51.1;206;60929152;47.2
20102947;2012 United States presidential election;2013-01-29T19:11:13.000000;presidential;538;270;58.9;332;65899660;51.1;206;60929152;47.2
20102947;2012 United States presidential election;2013-02-06T00:43:05.000000;presidential;538;270;58.9;332;65909403;51.1;206;60932182;47.2
20102947;2012 United States presidential election;2013-02-06T01:17:19.000000;presidential;538;270;58.9;332;65899660;51.1;206;60929152;47.2
20102947;2012 United States presidential election;2013-02-07T23:44:33.000000;presidential;538;270;58.9;332;65899660;51.1;206;60929152;47.2
20102947;2012 United States presidential election;2013-02-13T16:44:32.000000;presidential;538;270;58.9;332;65899660;50.9;206;60929152;47.3
20102947;2012 United States presidential election;2013-02-13T16:45:36.000000;presidential;538;270;58.9;332;65899660;51.1;206;60929152;47.2
20102947;2012 United States presidential election;2013-02-15T13:59:16.000000;presidential;538;270;58.9;332;65899660;50.9;206;60929152;47.3
20102947;2012 United States presidential election;2013-02-15T15:24:57.000000;presidential;538;270;58.9;332;65899660;51.1;206;60929152;47.2
20102947;2012 United States presidential election;2013-02-25T14:54:18.000000;presidential;538;270;58.9;332;65907213;51.1;206;60931767;47.2
20102947;2012 United States presidential election;2013-03-18T10:11:25.000000;presidential;538;270;58.9;332;65907213;51.1;206;60931757;47.2
20102947;2012 United States presidential election;2013-03-18T10:47:59.000000;presidential;538;270;58.9;332;65907213;51.1;206;60931767;47.2
20102947;2012 United States presidential election;2013-03-26T22:33:09.000000;presidential;538;270;58.9;332;65907213;51.1;206;60931767;47.2
20102947;2012 United States presidential election;2013-04-12T19:50:07.000000;presidential;538;270;58.2;332;65907213;51.1;206;60931767;47.2
20102947;2012 United States presidential election;2013-04-14T18:34:56.000000;presidential;538;270;58.2;332;65907213;50.9;206;60931767;47.3
20102947;2012 United States presidential election;2013-04-14T19:35:03.000000;presidential;538;270;58.2;332;65907213;51.1;206;60931767;47.2
20102947;2012 United States presidential election;2013-04-16T15:29:56.000000;presidential;538;270;58.2;332;65907213;50.9;206;60931767;47.3
20102947;2012 United States presidential election;2013-04-16T16:01:53.000000;presidential;538;270;58.2;332;65907213;51.1;206;60931767;47.2
20102947;2012 United States presidential election;2013-04-20T16:30:46.000000;presidential;538;270;58.2;332;65907213;50.9;206;60931767;47.3
20102947;2012 United States presidential election;2013-04-20T16:34:16.000000;presidential;538;270;58.2;332;65907213;51.1;206;60931767;47.2
20102947;2012 United States presidential election;2013-04-30T16:42:01.000000;presidential;538;270;58.2;332;65909451;51.02;206;60932176;47.16
20102947;2012 United States presidential election;2013-05-01T01:45:59.000000;presidential;538;270;58.2;332;65907213;51.1;206;60931767;47.2
20102947;2012 United States presidential election;2013-05-01T12:14:27.000000;presidential;538;270;58.2;332;65909451;51.02;206;60932176;47.16
20102947;2012 United States presidential election;2013-05-01T12:18:22.000000;presidential;538;270;58.2;332;65909451;51.02;206;60932176;47.16
20102947;2012 United States presidential election;2013-05-01T15:26:41.000000;presidential;538;270;58.2;332;65909451;51.0;206;60932176;47.2
20102947;2012 United States presidential election;2013-05-01T17:07:18.000000;presidential;538;270;58.2;332;65909451;51.02;206;60932176;47.16
20102947;2012 United States presidential election;2013-05-01T19:39:46.000000;presidential;538;270;58.2;332;65909451;51.0;206;60932176;47.2
20102947;2012 United States presidential election;2013-05-02T11:44:06.000000;presidential;538;270;58.2;332;65909451;51.1;206;60932176;47.2
20102947;2012 United States presidential election;2013-05-02T13:32:59.000000;presidential;538;270;58.2;332;65909451;51.0;206;60932176;47.2
20102947;2012 United States presidential election;2013-05-03T02:17:39.000000;presidential;538;270;58.2;332;9000000;9000000.0;206;9000000;9000000.0
20102947;2012 United States presidential election;2013-05-03T09:49:21.000000;presidential;538;270;58.2;332;9000000;9000000.0;206;9000000;9000000.0
20102947;2012 United States presidential election;2013-05-03T10:27:42.000000;presidential;538;270;58.2;332;9000000;9000000.0;206;9000000;9000000.0
20102947;2012 United States presidential election;2013-05-04T19:09:00.000000;presidential;538;270;58.2;303;9000000;9000000.0;235;9000000;9000000.0
20102947;2012 United States presidential election;2013-05-04T19:10:35.000000;presidential;538;270;58.2;332;9000000;9000000.0;206;9000000;9000000.0
20102947;2012 United States presidential election;2013-05-04T19:53:46.000000;presidential;538;270;58.2;332;9000000;51.1;206;60932795;47.2
20102947;2012 United States presidential election;2013-05-09T03:53:12.000000;presidential;648;324;100.0;380;9000000;62.6;344;98932795;37.4
20102947;2012 United States presidential election;2013-05-09T03:58:13.000000;presidential;538;270;58.2;332;9000000;51.1;206;60932795;47.2
20102947;2012 United States presidential election;2013-05-12T02:53:56.000000;presidential;538;270;58.2;332;9000000;50.9;206;60932795;47.3
20102947;2012 United States presidential election;2013-05-12T03:39:49.000000;presidential;538;270;58.2;332;9000000;51.1;206;60932795;47.2
20102947;2012 United States presidential election;2013-05-18T21:41:40.000000;presidential;538;270;58.2;332;9000000;51.1;206;60932795;47.2
20102947;2012 United States presidential election;2013-05-21T16:19:16.000000;presidential;538;270;58.2;332;65752017;50.9;206;60670117;47.0
20102947;2012 United States presidential election;2013-05-21T16:46:32.000000;presidential;538;270;58.2;332;9000000;51.1;206;60932795;47.2
20102947;2012 United States presidential election;2013-05-22T00:49:44.000000;presidential;538;270;58.2;332;65752017;50.9;206;60670117;47.0
20102947;2012 United States presidential election;2013-05-22T01:32:16.000000;presidential;538;270;58.2;332;9000000;51.1;206;60932152;47.2
20102947;2012 United States presidential election;2013-05-22T01:36:45.000000;presidential;538;270;58.2;332;9000000;51.1;206;60932152;47.2
20102947;2012 United States presidential election;2013-05-22T01:49:44.000000;presidential;538;270;58.2;332;9000000;51.1;206;60932152;47.2
20102947;2012 United States presidential election;2013-05-23T11:37:05.000000;presidential;538;270;58.2;332;9000000;51.1;206;60932152;47.2
20102947;2012 United States presidential election;2013-05-25T11:47:04.000000;presidential;538;270;58.2;332;9000000;51.1;206;60932795;47.2
20102947;2012 United States presidential election;2013-05-25T16:00:29.000000;presidential;538;270;58.2;332;9000000;51.1;206;60932152;47.2
20102947;2012 United States presidential election;2013-05-26T04:27:25.000000;presidential;538;270;58.2;332;9000000;51.1;206;60932795;47.2
20102947;2012 United States presidential election;2013-05-27T13:42:04.000000;presidential;538;270;58.2;332;9000000;51.1;206;60932152;47.2
20102947;2012 United States presidential election;2013-05-27T17:22:14.000000;presidential;538;270;58.2;332;9000000;51.1;206;60932795;47.2
20102947;2012 United States presidential election;2013-05-27T18:31:39.000000;presidential;538;270;58.2;332;9000000;51.1;206;60932152;47.2
20102947;2012 United States presidential election;2013-05-27T20:59:51.000000;presidential;538;270;58.2;332;9000000;51.1;206;60932152;47.2
20102947;2012 United States presidential election;2013-05-27T22:45:44.000000;presidential;538;270;58.2;332;9000000;51.1;206;60932152;47.2
20102947;2012 United States presidential election;2013-05-28T02:54:39.000000;presidential;538;270;58.2;332;9000000;51.1;206;60932795;47.2
20102947;2012 United States presidential election;2013-05-28T03:08:40.000000;presidential;538;270;58.2;332;9000000;51.1;206;60932152;47.2
20102947;2012 United States presidential election;2013-05-28T03:22:41.000000;presidential;538;270;58.2;332;9000000;51.1;206;60932795;47.2
20102947;2012 United States presidential election;2013-05-28T03:31:48.000000;presidential;538;270;58.2;332;9000000;51.1;206;60932152;47.2
20102947;2012 United States presidential election;2013-06-21T23:25:08.000000;presidential KFC;538;270;58.2;332;9000000;51.1;206;60932152;47.2
20102947;2012 United States presidential election;2013-06-21T23:25:17.000000;presidential;538;270;58.2;332;9000000;51.1;206;60932152;47.2
20102947;2012 United States presidential election;2013-06-27T12:23:26.000000;presidential;538;270;58.2;332;9000000;51.07;206;60932152;47.21
20102947;2012 United States presidential election;2013-06-28T05:06:23.000000;presidential;538;270;58.2;332;9000000;51.1;206;60932152;47.2
20102947;2012 United States presidential election;2013-08-05T21:10:22.000000;presidential;538;270;58.2;332;9000000;51.1;206;60932795;47.2
20102947;2012 United States presidential election;2013-08-15T22:18:31.000000;presidential;538;270;58.2;332;9000000;51.1;206;60932235;47.2
20102947;2012 United States presidential election;2013-08-16T23:57:53.000000;presidential;538;270;58.2;332;65915796;51.1;206;60933500;47.2
20102947;2012 United States presidential election;2013-08-17T01:10:04.000000;presidential;538;270;58.2;332;65915796;51.1;206;60933500;47.2
20102947;2012 United States presidential election;2013-09-06T11:28:50.000000;presidential;538;270;58.2;332;65915796;51.01;206;60933500;47.16
20102947;2012 United States presidential election;2013-09-06T16:48:40.000000;presidential;538;270;58.2;332;65915796;51.1;206;60933500;47.2
20102947;2012 United States presidential election;2013-09-28T15:32:45.000000;presidential;538;270;54.9;332;65915796;51.1;206;60933500;47.2
20102947;2012 United States presidential election;2013-09-28T16:11:22.000000;presidential;538;270;58.2;332;65915796;51.1;206;60933500;47.2
20102947;2012 United States presidential election;2013-10-01T18:03:10.000000;presidential;538;270;58.2;332;65915796000;51.1;206;60933500;47.2
20102947;2012 United States presidential election;2013-10-01T18:15:53.000000;presidential;538;270;58.2;332;65915796;51.1;206;60933500;47.2
20102947;2012 United States presidential election;2013-11-11T19:59:07.000000;presidential;538;270;58.2;332;65915796;51.1;206;60933500;47.2
20102947;2012 United States presidential election;2013-11-23T14:11:47.000000;presidential;538;270;58.2;332;65915796;51.1;206;60933500;47.2
20102947;2012 United States presidential election;2013-11-27T18:36:49.000000;presidential;538;270;58.2;332;65915796;51.1;206;60933500;47.2
20102947;2012 United States presidential election;2014-01-04T22:52:18.000000;presidential;538;270;58.2;892;65915796;51.1;206;60933500;47.2
20102947;2012 United States presidential election;2014-01-04T23:56:22.000000;presidential;538;270;58.2;332;65915796;51.1;206;60933500;47.2
20102947;2012 United States presidential election;2014-01-13T15:00:52.000000;presidential;538;270;58.2;332;65915796;51.1;206;60933500;47.2
20102947;2012 United States presidential election;2014-01-18T18:30:21.000000;presidential;538;270;58.2;332;65915796;51.1;206;600933500;47.2
20102947;2012 United States presidential election;2014-01-18T18:33:34.000000;presidential;538;270;58.2;332;65915796;51.1;206;60933500;47.2
20102947;2012 United States presidential election;2014-01-18T18:37:00.000000;presidential;538;270;58.2;0;0;0.0;538;100933500;100.0
20102947;2012 United States presidential election;2014-01-18T18:45:53.000000;presidential;538;270;58.2;332;65915796;51.1;206;60933500;47.2
20102947;2012 United States presidential election;2014-01-18T22:01:10.000000;presidential;538;270;58.2;0;0;0.0;528;104933500;100.0
20102947;2012 United States presidential election;2014-01-18T22:02:49.000000;presidential;538;270;58.2;0;0;0.0;538;104933500;100.0
20102947;2012 United States presidential election;2014-01-18T22:03:29.000000;presidential;538;270;58.2;332;65915796;51.1;206;60933500;47.2
20102947;2012 United States presidential election;2014-01-18T22:17:45.000000;presidential;538;270;58.2;0;1;0.0;538;126933500;100.0
20102947;2012 United States presidential election;2014-01-18T22:17:54.000000;presidential;538;270;58.2;332;65915796;51.1;206;60933500;47.2
20102947;2012 United States presidential election;2014-01-18T22:22:22.000000;presidential;538;270;58.2;0;1;0.0;538;126933500;100.0
20102947;2012 United States presidential election;2014-01-18T22:32:16.000000;presidential;538;270;58.2;0;1;0.0;538;126849295;100.0
20102947;2012 United States presidential election;2014-01-18T23:05:02.000000;presidential;538;270;58.2;332;65915796;51.1;206;60933500;47.2
20102947;2012 United States presidential election;2014-01-19T04:36:38.000000;presidential;538;270;58.2;0;1;0.0;538;126849295;100.0
20102947;2012 United States presidential election;2014-01-19T04:39:53.000000;presidential;538;270;58.2;332;65915796;51.1;206;60933500;47.2
20102947;2012 United States presidential election;2014-02-07T20:51:46.000000;presidential;538;270;58.2;332;65915796;51.1;206;60933500;47.2
20102947;2012 United States presidential election;2014-05-02T02:16:03.000000;presidential;538;270;58.2;303;65915796;51.1;206;60933500;47.2
20102947;2012 United States presidential election;2014-05-02T02:23:55.000000;presidential;538;270;58.2;332;65915796;51.1;206;60933500;47.2
20102947;2012 United States presidential election;2014-08-31T05:00:41.000000;presidential;538;270;58.2;0;1;0.0;538;126849295;100.0
20102947;2012 United States presidential election;2014-08-31T05:10:19.000000;presidential;538;270;58.2;332;65915796;51.1;206;60933500;47.2
20102947;2012 United States presidential election;2014-09-29T15:38:53.000000;presidential;538;270;58.2;332;65915796;51.1;206;60933500;47.2
20102947;2012 United States presidential election;2014-09-29T15:39:06.000000;presidential;538;270;58.2;332;65915796;51.1;206;60933500;47.2
20102947;2012 United States presidential election;2014-11-05T18:55:36.000000;presidential;538;270;58.2;332;65915796;98.1;206;60933500;1.2
20102947;2012 United States presidential election;2014-11-05T18:56:22.000000;presidential;538;270;58.2;332;65915796;51.1;206;60933500;47.2
20102947;2012 United States presidential election;2015-01-07T17:29:10.000000;presidential;538;270;58.2;332;65915796;51.1;206;60933500;47.2
20102947;2012 United States presidential election;2015-01-07T17:30:58.000000;presidential;538;270;58.2;332;65915796;51.1;206;60933500;47.2
20102947;2012 United States presidential election;2015-01-07T17:34:12.000000;presidential;538;270;58.2;332;65915796;51.1;206;60933500;47.2
20102947;2012 United States presidential election;2015-01-07T17:34:52.000000;presidential;538;270;58.2;332;65915796;51.1;206;60933500;47.2
20102947;2012 United States presidential election;2015-01-18T15:04:13.000000;presidentia;538;270;58.2;332;65915796;51.1;206;60933500;47.2
20102947;2012 United States presidential election;2015-01-18T16:49:31.000000;presidential;538;270;58.2;332;65915796;51.1;206;60933500;47.2
20102947;2012 United States presidential election;2015-03-09T21:37:33.000000;presidential;538;270;58.2;332;65915795;51.1;206;60933501;47.2
20102947;2012 United States presidential election;2015-03-10T14:40:43.000000;presidential;538;270;58.2;332;65915796;51.1;206;60933500;47.2
20102947;2012 United States presidential election;2015-03-31T15:00:35.000000;presidential;538;270;58.2;332;65915796;51.1;306;60933500;47.2
20102947;2012 United States presidential election;2015-03-31T15:13:22.000000;presidential;538;270;58.2;332;65915796;51.1;206;60933500;47.2
20102947;2012 United States presidential election;2015-04-03T03:12:58.000000;presidential;538;270;58.2;332;65915796;51.1;208;60933500;47.2
20102947;2012 United States presidential election;2015-04-03T03:14:53.000000;presidential;538;270;58.2;332;65915796;51.1;206;60933500;47.2
20102947;2012 United States presidential election;2015-04-28T03:59:16.000000;presidential;538;270;58.2;332;65915796;51.1;206;60933500;47.1
20102947;2012 United States presidential election;2015-05-21T22:52:39.000000;presidential;538;270;58.2;332;65915796;51.1;206;60933500;47.2
20102947;2012 United States presidential election;2015-07-08T18:12:32.000000;presidential;538;270;58.2;332;65915796;50.9;206;60933500;47.3
20102947;2012 United States presidential election;2015-07-08T19:50:35.000000;presidential;538;270;58.2;332;65915796;51.1;206;60933500;47.2
20102947;2012 United States presidential election;2015-07-09T00:44:15.000000;presidential;538;270;58.2;332;65915796;50.9;206;60933500;47.3
20102947;2012 United States presidential election;2015-07-09T01:18:53.000000;presidential;538;270;58.2;332;65915796;51.1;206;60933500;47.2
20102947;2012 United States presidential election;2015-08-24T23:57:45.000000;presidential;538;270;58.2;332;65915796;51.1;206;60933500;47.2
20102947;2012 United States presidential election;2015-10-06T17:50:16.000000;presidential;538;270;58.2;206;65915796;51.1;332;60933500;47.2
20102947;2012 United States presidential election;2015-10-06T17:51:40.000000;presidential;538;270;58.2;206;49821550;51.1;332;60933500;47.2
20102947;2012 United States presidential election;2015-10-06T17:52:51.000000;presidential;538;270;58.2;206;49821550;44.9;332;60933500;55.1
20102947;2012 United States presidential election;2015-10-06T18:06:04.000000;presidential;538;270;58.2;332;65915796;51.1;206;60933500;47.2
20102947;2012 United States presidential election;2015-10-09T01:49:58.000000;presidential;538;270;58.2;332;59915796;51.1;206;62933500;47.2
20102947;2012 United States presidential election;2015-10-09T01:51:09.000000;presidential;538;270;58.2;332;59915796;51.1;206;62933500;47.2
20102947;2012 United States presidential election;2015-10-09T03:25:50.000000;presidential;538;270;58.2;332;65918507;51.0;206;60934407;47.2
20102947;2012 United States presidential election;2015-10-10T19:15:57.000000;presidential;538;270;58.2;332;59915796;51.1;206;62933500;47.2
20102947;2012 United States presidential election;2015-10-10T20:57:45.000000;presidential;538;270;58.2;332;65915796;51.1;206;60933500;47.2
20102947;2012 United States presidential election;2015-10-19T23:22:53.000000;presidential;538;270;58.2;332;60915796;51.1;206;60933500;47.2
20102947;2012 United States presidential election;2015-10-19T23:27:55.000000;presidential;538;270;58.2;332;65915796;51.1;206;60933500;47.2
20102947;2012 United States presidential election;2015-11-02T13:26:29.000000;Prime ministerial;538;270;58.2;332;65915796;51.1;206;60933500;47.2
20102947;2012 United States presidential election;2015-11-02T14:13:31.000000;presidential;538;270;58.2;332;65915796;51.1;206;60933500;47.2
20102947;2012 United States presidential election;2015-12-07T21:06:18.000000;presidential;538;270;54.87;332;65915796;51.1;206;60933500;47.2
20102947;2012 United States presidential election;2015-12-08T05:00:53.000000;presidential;538;270;54.87;332;65915796;51.1;206;60933500;47.2
20102947;2012 United States presidential election;2015-12-27T18:21:51.000000;presidential;538;270;54.9;332;65915796;51.1;206;60933500;47.2
20102947;2012 United States presidential election;2015-12-27T18:22:48.000000;presidential;538;270;54.87;332;65915796;51.1;206;60933500;47.2
20102947;2012 United States presidential election;2015-12-27T18:25:31.000000;presidential;538;270;54.9;332;65915796;51.1;206;60933500;47.2
20102947;2012 United States presidential election;2016-01-07T23:49:54.000000;presidential;538;270;54.9;332;65915796;51.2;206;60933500;47.3
20102947;2012 United States presidential election;2016-01-09T20:38:26.000000;presidential;538;270;54.9;332;65915796;51.1;206;60933500;47.2
20102947;2012 United States presidential election;2016-01-15T12:29:56.000000;presidential;538;270;54.9;332;62;51.1;206;400000000;47.2
20102947;2012 United States presidential election;2016-01-15T12:31:49.000000;presidential;538;270;54.9;332;65915796;51.1;206;60933500;47.2
20102947;2012 United States presidential election;2016-02-11T01:36:18.000000;presidential;538;270;54.9;332;65915796;51.1;206;60933500;47.2
20102947;2012 United States presidential election;2016-04-15T12:58:58.000000;presidential;538;270;54.9;332;65915796;51.1;206;60933500;47.2
20102947;2012 United States presidential election;2016-05-03T04:20:31.000000;presidential;538;270;54.9;332;65915796;51.1;206;60933500;47.2
20102947;2012 United States presidential election;2016-05-04T23:40:22.000000;presidential;8;2;54.9;332;65915796;51.1;206;60933500;47.2
20102947;2012 United States presidential election;2016-05-04T23:41:15.000000;presidential;538;270;54.9;332;65915796;51.1;206;60933500;47.2
20102947;2012 United States presidential election;2016-05-10T14:09:25.000000;presidential;538;270;54.9;342;65915796;51.1;206;60933500;47.2
20102947;2012 United States presidential election;2016-05-10T16:59:57.000000;presidential;538;270;54.9;332;65915796;51.1;206;60933500;47.2
20102947;2012 United States presidential election;2016-05-18T21:47:34.000000;presidential;538;270;54.9;332;55915796;51.1;206;60933500;47.2
20102947;2012 United States presidential election;2016-05-18T21:48:31.000000;presidential;538;270;54.9;332;65915796;51.1;206;60933500;47.2
20102947;2012 United States presidential election;2016-06-07T03:56:31.000000;presidential;538;270;54.9;332;65915796;51.1;206;60933500;47.2
20102947;2012 United States presidential election;2016-06-14T22:13:08.000000;presidential;538;270;54.9;206;55915796;48.9;338;60933500;51.2
20102947;2012 United States presidential election;2016-06-14T22:16:40.000000;presidential;538;270;54.9;332;65915796;51.1;206;60933500;47.2
20102947;2012 United States presidential election;2016-06-23T22:02:13.000000;presidential;538;270;54.9;332;65915796;51.1;206;60933500;47.2
20102947;2012 United States presidential election;2016-07-26T03:19:54.000000;presidential;538;270;54.9;332;65915796;51.1;206;60933500;47.2
20102947;2012 United States presidential election;2016-07-26T03:22:46.000000;presidential;538;270;54.9;0;0;0.0;0;0;0.0
20102947;2012 United States presidential election;2016-07-26T03:28:10.000000;presidential;538;270;54.9;332;65915796;51.1;206;60933500;47.2
20102947;2012 United States presidential election;2016-09-30T01:01:42.000000;presidential;538;270;54.9;332;30915796;39.1;206;80933500;61.9
20102947;2012 United States presidential election;2016-09-30T01:13:25.000000;presidential;538;270;54.9;332;65915796;51.1;206;60933500;47.2
20102947;2012 United States presidential election;2016-10-02T15:54:26.000000;presidential;538;270;54.9;332;65915796;51.1;206;60933500;47.2
20102947;2012 United States presidential election;2016-10-11T19:33:08.000000;presidential;538;270;54.9;332;65915795;51.06;206;60933504;47.2
20102947;2012 United States presidential election;2016-10-12T02:36:11.000000;presidential;538;270;54.87;332;65915795;51.06;206;60933504;47.2
20102947;2012 United States presidential election;2016-10-12T22:07:47.000000;presidential;538;270;54.87;332;65915796;51.1;206;60933500;47.2
20102947;2012 United States presidential election;2016-10-14T18:07:12.000000;presidential;538;270;54.87;332;65915795;51.06;206;60933504;47.2
20102947;2012 United States presidential election;2016-10-15T21:28:05.000000;presidential;538;270;54.87;332;65915795;51.1;206;60933504;47.2
20102947;2012 United States presidential election;2016-10-18T17:04:54.000000;presidential;538;270;54.87;332;65915795;51.1;206;60933504;47.2
20102947;2012 United States presidential election;2016-10-18T18:39:28.000000;presidential;538;270;54.87;332;65915795;51.1;206;60933504;47.2
20102947;2012 United States presidential election;2016-11-09T00:35:46.000000;presidential;538;270;54.9;332;65915795;51.1;206;60933504;47.2
20102947;2012 United States presidential election;2016-11-09T18:58:25.000000;presidential;538;270;54.9;332;65915795;51.1;206;66933504;47.2
20102947;2012 United States presidential election;2016-11-09T19:04:06.000000;presidential;538;270;54.9;332;65915795;51.1;206;60933504;47.2
20102947;2012 United States presidential election;2016-11-10T14:53:35.000000;presidential;538;270;54.9;332;65446032;50.9;206;60589084;47.1
20102947;2012 United States presidential election;2016-11-10T15:44:19.000000;presidential;538;270;54.9;332;65915795;51.1;206;60933504;47.2
20102947;2012 United States presidential election;2016-11-10T20:40:41.000000;presidential;538;270;54.9;332;105915795;51.1;206;60933504;47.2
20102947;2012 United States presidential election;2016-11-10T20:43:22.000000;presidential;538;270;54.9;332;65915795;51.1;206;60933504;47.2
20102947;2012 United States presidential election;2016-11-10T20:44:46.000000;presidential;538;270;54.9;332;6000005915795;51.1;206;60933504;47.2
20102947;2012 United States presidential election;2016-11-10T20:45:08.000000;presidential;538;270;54.9;332;65915795;51.1;206;60933504;47.2
20102947;2012 United States presidential election;2016-11-10T21:18:39.000000;presidential;538;270;54.9;332;60915795;51.1;206;65933504;47.2
20102947;2012 United States presidential election;2016-11-10T21:21:15.000000;presidential;538;270;54.9;332;65915795;51.1;206;60933504;47.2
20102947;2012 United States presidential election;2016-11-11T02:31:45.000000;presidential;538;270;54.9;332;58915795;51.1;206;60933504;47.2
20102947;2012 United States presidential election;2016-11-11T02:34:23.000000;presidential;538;270;54.9;332;65915795;51.1;206;60933504;47.2
20102947;2012 United States presidential election;2016-11-11T02:56:09.000000;presidential;538;270;54.9;332;58915795;51.1;206;60933504;47.2
20102947;2012 United States presidential election;2016-11-11T03:00:17.000000;presidential;538;270;54.9;332;65915795;51.1;206;60933504;47.2
20102947;2012 United States presidential election;2016-11-14T07:20:07.000000;presidential;538;270;54.9;332;65915795;51.1;206;60933504;47.2
20102947;2012 United States presidential election;2016-11-15T01:42:48.000000;presidential;538;270;58.6;332;65915795;51.1;206;60933504;47.2
20102947;2012 United States presidential election;2016-11-15T15:03:43.000000;presidential;538;270;54.9;332;65915795;51.1;206;60933504;47.2
20102947;2012 United States presidential election;2016-11-15T23:27:28.000000;presidential;538;270;58.6;332;65915795;51.1;206;60933504;47.2
20102947;2012 United States presidential election;2016-11-15T23:32:23.000000;presidential;538;270;54.9;332;65915795;51.1;206;60933504;47.2
20102947;2012 United States presidential election;2016-11-19T16:40:01.000000;presidential;538;270;58.6;326;69297482;51.1;206;60933504;47.2
20102947;2012 United States presidential election;2016-11-19T16:42:13.000000;presidential;538;270;54.9;332;65915795;51.1;206;60933504;47.2
20102947;2012 United States presidential election;2016-11-19T20:05:35.000000;presidential;538;270;54.9;332;65915794;51.1;206;60933504;47.2
20102947;2012 United States presidential election;2016-11-20T10:07:54.000000;presidential;538;270;54.9;332;65915795;51.1;206;60933504;47.2
20102947;2012 United States presidential election;2016-11-20T19:34:32.000000;presidential;538;270;54.9;332;65915794;51.1;206;60933504;47.2
20102947;2012 United States presidential election;2016-11-20T20:34:54.000000;presidential;538;270;54.9;332;65915795;51.1;206;60933504;47.2
20102947;2012 United States presidential election;2016-11-26T09:23:05.000000;presidential;538;270;54.9;206;60933504;47.2;332;65915795;51.1
20102947;2012 United States presidential election;2016-11-26T09:24:12.000000;presidential;538;270;54.9;332;65915795;51.1;206;60933504;47.2
20102947;2012 United States presidential election;2016-11-27T16:34:14.000000;presidential;538;270;54.9;332;60915795;47.1;206;65933504;51.3
20102947;2012 United States presidential election;2016-11-27T16:42:03.000000;presidential;538;270;54.9;332;65915795;51.1;206;60933504;47.2
20102947;2012 United States presidential election;2016-12-16T21:21:18.000000;presidential;538;270;54.9;332;65446032;51.1;206;60589084;47.2
20102947;2012 United States presidential election;2016-12-17T05:12:13.000000;presidential;538;270;54.9;332;65915795;51.1;206;60933504;47.2
20102947;2012 United States presidential election;2016-12-19T14:41:34.000000;presidential;538;270;54.9;332;65446032;51.1;206;60589084;47.2
20102947;2012 United States presidential election;2016-12-19T16:19:42.000000;presidential;538;270;54.9;332;65915795;51.1;206;60933504;47.2
20102947;2012 United States presidential election;2016-12-23T08:13:32.000000;presidential;538;270;54.9;332;61915795;48.8;206;65933504;51.2
20102947;2012 United States presidential election;2016-12-23T08:44:02.000000;presidential;538;270;54.9;332;65915795;51.1;206;60933504;47.2
20102947;2012 United States presidential election;2016-12-31T00:24:53.000000;presidential;538;270;54.9;332;;51.1;206;60933504;47.2
20102947;2012 United States presidential election;2016-12-31T00:25:35.000000;presidential;538;270;54.9;332;65915795;51.1;206;60933504;47.2
20102947;2012 United States presidential election;2017-01-05T18:50:23.000000;presidential;538;270;54.9;332;65915795;51.1;206;60933504;47.2
20102947;2012 United States presidential election;2017-01-05T18:51:45.000000;presidential;538;270;54.9;332;65915795;51.1;206;60933504;47.2
20102947;2012 United States presidential election;2017-01-10T17:21:59.000000;presidential;538;270;54.9;332;65915795;51.01;206;60933504;47.29
20102947;2012 United States presidential election;2017-01-10T19:04:40.000000;presidential;538;270;54.9;332;65915795;51.1;206;60933504;47.2
20102947;2012 United States presidential election;2017-01-21T18:41:51.000000;presidential;538;270;54.9;332;57915795;51.1;206;69933504;47.2
20102947;2012 United States presidential election;2017-01-21T18:51:31.000000;presidential;538;270;54.9;332;65915795;51.1;206;60933504;47.2
20102947;2012 United States presidential election;2017-01-22T19:34:25.000000;presidential;538;270;48.9;332;65915795;51.1;206;60933504;47.2
20102947;2012 United States presidential election;2017-01-22T19:36:37.000000;presidential;538;270;54.9;332;65915795;51.1;206;60933504;47.2
20102947;2012 United States presidential election;2017-01-22T22:44:09.000000;presidential;538;270;54.9;278;65915795;51.1;270;60933504;47.2
20102947;2012 United States presidential election;2017-01-22T22:45:58.000000;presidential;538;270;54.9;332;65915795;51.1;206;60933504;47.2
20102947;2012 United States presidential election;2017-01-29T16:26:31.000000;presidential;538;270;54.9;292;65915795;51.1;206;60933504;47.2
20102947;2012 United States presidential election;2017-01-29T16:32:41.000000;presidential;538;270;54.9;332;65915795;51.1;206;60933504;47.2
20102947;2012 United States presidential election;2017-02-08T03:49:30.000000;presidential;538;270;54.9;332;65915795;51.1;206;67933504;47.2
20102947;2012 United States presidential election;2017-02-08T04:34:49.000000;presidential;538;270;54.9;332;65915795;51.1;206;60933504;47.2
20102947;2012 United States presidential election;2017-03-24T12:50:31.000000;presidential;538;270;54.9;332;65915795;51.1;206;69;47.2
20102947;2012 United States presidential election;2017-03-24T12:50:48.000000;presidential;538;270;54.9;332;65915795;51.1;206;60933504;47.2
20102947;2012 United States presidential election;2017-03-24T17:36:01.000000;Fürher;538;270;54.9;332;;100.0;0;0;0.0
20102947;2012 United States presidential election;2017-03-24T17:36:06.000000;presidential;538;270;54.9;332;65915795;51.1;206;60933504;47.2
20102947;2012 United States presidential election;2017-03-24T17:38:46.000000;Fürher;538;270;54.9;332;;100.0;0;0;0.0
20102947;2012 United States presidential election;2017-03-24T17:49:36.000000;presidential;538;270;54.9;332;65915795;51.1;206;60933504;47.2
20102947;2012 United States presidential election;2017-03-24T17:51:30.000000;Fürher;538;270;54.9;332;;100.0;0;0;0.0
20102947;2012 United States presidential election;2017-03-24T17:54:15.000000;presidential;538;270;54.9;332;65915795;51.1;206;60933504;47.2
20102947;2012 United States presidential election;2017-03-24T17:57:20.000000;Fürher;538;270;54.9;332;;100.0;0;0;0.0
20102947;2012 United States presidential election;2017-03-24T17:58:37.000000;presidential;538;270;54.9;332;65915795;51.1;206;60933504;47.2
20102947;2012 United States presidential election;2017-03-26T20:40:52.000000;presidential;538;270;54.9;332;65915795;51.1;206;60933504;47.2
20102947;2012 United States presidential election;2017-04-19T15:14:21.000000;presidential;538;270;73.2;332;65915795;51.1;206;60933504;47.2
20102947;2012 United States presidential election;2017-04-19T16:58:22.000000;presidential;538;270;54.9;332;65915795;51.1;206;60933504;47.2
20102947;2012 United States presidential election;2017-05-01T16:01:14.000000;presidential;538;270;54.9;332;65915795;51.1;206;60933504;47.2
20102947;2012 United States presidential election;2017-05-28T17:02:43.000000;presidential;538;270;54.9;332;68321957;528581.0;206;60933504;471419.0
20102947;2012 United States presidential election;2017-05-28T22:35:04.000000;presidential;538;270;54.9;332;65915795;51.1;206;60933504;47.2
20102947;2012 United States presidential election;2017-06-04T04:23:30.000000;presidential;538;270;55.9;332;63915795;49.1;206;61933504;48.2
20102947;2012 United States presidential election;2017-06-04T05:24:47.000000;presidential;538;270;54.9;332;65915795;51.1;206;60933504;47.2
20102947;2012 United States presidential election;2017-07-26T18:11:08.000000;parliamentary;538;270;54.9;436;78354122;61.4;102;48495177;38.4
20102947;2012 United States presidential election;2017-07-26T18:11:31.000000;presidential;538;270;54.9;332;65915795;51.1;206;60933504;47.2
20102947;2012 United States presidential election;2017-08-20T23:29:30.000000;presidential;538;270;54.9;332;65915795;51.1;114;60933504;47.2
20102947;2012 United States presidential election;2017-08-20T23:41:53.000000;presidential;538;270;54.9;332;65915795;51.1;206;60933504;47.2
20102947;2012 United States presidential election;2017-08-31T21:09:39.000000;presidential;666;420;54.9;332;65915795;51.1;206;60933504;47.2
20102947;2012 United States presidential election;2017-08-31T21:09:53.000000;presidential;538;270;54.9;332;65915795;51.1;206;60933504;47.2
20102947;2012 United States presidential election;2017-09-24T11:23:11.000000;presidential;538;270;54.9;332;65915795;51.1;206;60933504;47.2
20102947;2012 United States presidential election;2017-09-24T11:36:12.000000;presidential;538;270;54.9;332;65915795;51.1;206;60933504;47.2
20102947;2012 United States presidential election;2017-09-25T18:50:08.000000;presidential;538;270;54.9;0;0;0.0;538;126849299;100.0
20102947;2012 United States presidential election;2017-09-25T19:01:14.000000;presidential;538;270;54.9;332;65615406;51.0;206;59142004;48.0
20102947;2012 United States presidential election;2017-09-25T22:21:15.000000;presidential;538;270;54.9;332;65915795;51.1;206;60933504;47.2
20102947;2012 United States presidential election;2018-02-09T02:28:07.000000;presidential;538;270;54.9;332;65915795;51.1;206;60933504;47.2
20102947;2012 United States presidential election;2018-02-09T02:38:19.000000;presidential;538;270;54.9;332;65915795;51.1;206;60933504;47.2
20102947;2012 United States presidential election;2018-05-10T00:44:48.000000;presidential;538;270;100.0;332;65915795;51.1;206;60933504;47.2
20102947;2012 United States presidential election;2018-05-10T00:48:47.000000;presidential;538;270;54.9;332;65915795;51.1;206;60933504;47.2
20102947;2012 United States presidential election;2018-05-10T02:04:43.000000;presidential;538;270;51.9;332;65915795;51.2;206;60933504;47.1
20102947;2012 United States presidential election;2018-05-10T02:50:34.000000;presidential;538;270;51.9;332;65915794;51.2;206;60933505;47.1
20102947;2012 United States presidential election;2018-05-10T03:10:08.000000;presidential;538;270;54.9;332;65915795;51.1;206;60933504;47.2
20102947;2012 United States presidential election;2018-05-10T15:17:10.000000;presidential;538;270;53.9;332;65915794;52.1;206;60933504;46.2
20102947;2012 United States presidential election;2018-05-10T16:00:05.000000;presidential;538;270;54.9;332;65915795;51.1;206;60933504;47.2
20102947;2012 United States presidential election;2018-06-08T05:04:37.000000;presidential;538;270;54.9;332;65915795;51.1;0;1275971;0.99
20102947;2012 United States presidential election;2018-06-08T05:05:19.000000;presidential;538;270;54.9;332;65915795;51.1;206;60933504;47.2
20102947;2012 United States presidential election;2018-06-23T14:58:55.000000;presidential;538;270;54.9;332;65915795;51.1;206;60933504;47.2
20102947;2012 United States presidential election;2018-06-25T11:11:57.000000;presidential;538;270;54.9;332;85915795;64.1;206;55933504;36.2
20102947;2012 United States presidential election;2018-06-25T12:09:30.000000;presidential;538;270;54.9;332;65915795;51.1;206;60933504;47.2
20102947;2012 United States presidential election;2018-10-19T03:46:18.000000;presidential;538;270;54.9;332;65915795;51.07;206;60933504;47.20
48410011;2020 United States presidential election;2015-10-30T00:47:53.000000;presidential;538;270;;;;;;;
48410011;2020 United States presidential election;2015-10-30T04:47:18.000000;presidential;538;270;;;;;;;
48410011;2020 United States presidential election;2015-10-30T04:54:41.000000;presidential;538;270;;;;;;;
48410011;2020 United States presidential election;2015-12-11T23:50:44.000000;presidential;538;270;;;;;;;
48410011;2020 United States presidential election;2015-12-12T01:05:41.000000;presidential;538;270;;;;;;;
48410011;2020 United States presidential election;2016-01-04T19:43:00.000000;presidential;538;270;;;;;;;
48410011;2020 United States presidential election;2016-01-20T03:06:06.000000;presidential;538;270;;;;;;;
48410011;2020 United States presidential election;2016-05-16T00:14:51.000000;presidential;538;270;;;213;345.0;;245;347.0
48410011;2020 United States presidential election;2016-05-16T00:17:15.000000;presidential;538;270;;;213;345.0;;245;347.0
48410011;2020 United States presidential election;2016-06-07T02:50:23.000000;presidential;538;270;;;213;48.2;;245;51.8
48410011;2020 United States presidential election;2016-06-07T02:55:33.000000;presidential;538;270;;;213;48.2;;245;51.8
48410011;2020 United States presidential election;2016-07-01T17:36:24.000000;presidential;538;270;;;213;48.2;;245;51.8
48410011;2020 United States presidential election;2016-07-14T12:04:46.000000;presidential;538;270;;;213;48.2;;245;51.8
48410011;2020 United States presidential election;2016-07-22T14:40:27.000000;presidential;538;270;;;213;48.2;;245;51.8
48410011;2020 United States presidential election;2016-11-19T15:12:17.000000;presidential;538;270;;;213;48.2;;245;51.8
48410011;2020 United States presidential election;2016-11-19T15:53:42.000000;presidential;538;270;;203;201567343;43.0;307;303453182;48.0
48410011;2020 United States presidential election;2016-11-19T15:55:59.000000;presidential;538;270;;203;201567343;43.0;307;303453182;48.0
48410011;2020 United States presidential election;2016-11-27T13:06:15.000000;presidential;538;270;;203;201567343;43.0;307;303453182;48.0
48410011;2020 United States presidential election;2016-12-02T05:15:15.000000;presidential;538;270;;203;201567343;43.0;307;303453182;48.0
48410011;2020 United States presidential election;2017-02-17T17:07:44.000000;presidential;538;270;;203;201567343;43.0;307;303453182;48.0
48410011;2020 United States presidential election;2017-02-17T17:11:07.000000;presidential;538;270;;203;201567343;43.0;307;303453182;48.0
48410011;2020 United States presidential election;2017-02-19T14:08:14.000000;presidential;538;270;;203;201567343;43.0;307;303453182;48.0
48410011;2020 United States presidential election;2017-02-20T03:37:37.000000;presidential;538;270;;203;;43.0;307;303453182;48.0
48410011;2020 United States presidential election;2017-02-20T20:03:19.000000;presidential;538;270;;203;;43.0;307;303453182;48.0
48410011;2020 United States presidential election;2017-02-20T20:38:43.000000;presidential;538;270;;203;;43.0;307;303453182;48.0
48410011;2020 United States presidential election;2017-02-20T20:39:21.000000;presidential;538;270;;203;;43.0;307;303453182;48.0
48410011;2020 United States presidential election;2017-02-21T03:10:27.000000;presidential;538;270;;203;;43.0;307;303453182;48.0
48410011;2020 United States presidential election;2017-06-19T22:40:46.000000;presidential;538;270;;203;;43.0;307;303453182;48.0
48410011;2020 United States presidential election;2017-06-19T23:38:55.000000;presidential;538;270;;203;;43.0;307;303453182;48.0
48410011;2020 United States presidential election;2017-08-15T03:38:20.000000;presidential;538;270;;203;;43.0;307;303453182;48.0
48410011;2020 United States presidential election;2018-12-20T05:37:41.000000;presidential;538;270;;203;;43.0;307;303453182;48.0
48410011;2020 United States presidential election;2019-02-25T00:04:03.000000;presidential;538;270;;203;;43.0;307;303453182;48.0
48410011;2020 United States presidential election;2019-02-25T00:06:02.000000;presidential;538;270;;203;;43.0;307;303453182;48.0
48410011;2020 United States presidential election;2019-07-14T20:55:18.000000;presidential;538;270;;203;;43.0;307;303453182;48.0
48410011;2020 United States presidential election;2019-07-19T22:09:19.000000;presidential;538;270;;203;;43.0;307;303453182;48.0
48410011;2020 United States presidential election;2019-07-21T04:56:47.000000;presidential;538;270;;203;;43.0;307;303453182;48.0
48410011;2020 United States presidential election;2019-07-21T17:39:17.000000;presidential;538;270;;203;;43.0;307;303453182;48.0
