player;line_nr;year;age;yrs_experience;team;position;games;minutes_played;vorp;salary;drb;orb;trb
Marcus Brown;1;1979;20;2;SAC;C;55;1153;-0.70;922572;20.51;11.88;16.2
Marcus Brown;2;1980;21;3;SAC;PF;25;155;-0.85;754223;20.1;20.45;20.28
Marcus Brown;3;1981;17;4;ATL;PF;2;11;-2.05;979689;11.42;8.4;9.91
Marcus Brown;4;1982;23;5;LAC;PF;35;1523;-1.07;736954;19.37;5.42;12.4
Marcus Brown;5;1983;24;6;SAS;PF;14;569;-0.98;832868;18.42;9.8;14.11
Marcus Brown;6;1984;25;7;SAS;PF;35;1327;-1.24;943881;11.76;13.49;12.63
Marcus Brown;7;1985;26;8;DEN;C;6;18;-24.15;918668;12.21;15.15;13.68
Marcus Brown;8;1986;27;9;ORL;C;37;1357;-3.00;740816;16.74;19.72;18.23
Marcus Brown;9;1986;27;9;MIL;C;31;86;-3.00;814490;21.64;16.59;19.12
Marcus Brown;10;1987;28;10;SEA;PF;8;273;-3.00;620813;23.11;11.18;17.15
Marcus Brown;11;1988;29;11;ORL;PF;36;1346;-2.79;892989;19.69;16.61;18.15
Marcus Brown;12;1988;29;11;DEN;SF;48;407;-3.00;828909;14.48;9.74;4.86
Marcus Brown;13;1989;30;12;BRK;SF;72;1973;-3.00;686972;13.07;4.36;8.72
Marcus Brown;14;1990;31;13;CHI;SF;14;37;-3.00;678523;13.13;4.24;8.69
Marcus Brown;15;1991;32;14;LAL;PG;32;1234;-2.40;659314;11.76;6.69;9.38
Marcus Brown;16;1992;33;15;LAL;SG;39;1444;-1.93;964613;4.83;2.65;3.74
Marcus Brown;17;1993;37;16;IND;SG;38;392;-2.98;764045;-37.90;0.99;4.81
Marcus Brown;18;1994;35;17;IND;SG;13;274;-2.72;931102;7.08;7.24;7.16
Marcus Brown;19;1995;36;19;IND;SG;26;1192;-3.00;728828;8.72;0.6;4.66
Marcus Brown;20;1996;37;19;IND;SG;49;1813;-3.00;792133;15.26;3.66;9.46
Marcus Brown;21;1997;38;20;CHI;SG;9;12;-3.00;717864;12.88;0.91;6.9
Marcus Brown;22;1998;39;21;NYK;SG;11;71;-2.97;932674;8.11;3.31;5.71
Marcus Brown;23;1999;40;22;NYK;SG;47;1590;-3.00;601965;7.14;4.08;5.61
Marcus Brown;24;2000;41;23;NYK;SF;40;908;-12.93;765507;17.97;4.12;17.39
Marcus Brown;25;2001;42;24;NYK;SF;22;491;-3.00;939760;8.05;1.41;4.73
Marcus Brown;26;2002;43;25;TOR;SF;47;586;-2.58;786026;11.15;5.13;7.21
Marcus Brown;27;2003;44;26;TOR;SG;63;424;-2.88;755769;10.58;29.13;5.86
Marcus Brown;28;2004;45;27;TOR;SG;36;1307;-3.00;1592485;8.63;3.09;5.86
Marcus Brown;29;2005;46;28;TOR;SG;22;999;-3.00;635534;12.2;0.98;6.59
Marcus Brown;30;2006;47;32;TOR;SG;69;1684;-2.33;624395;15.7;4.49;10.1
Marcus Brown;31;2007;48;30;UTA;SG;72;596;-1.98;739034;17.58;4.59;11.09
Marcus Brown;32;2008;49;31;MIN;SG;59;309;-29.15;670814;11.12;6.21;8.67
Marcus Brown;33;2008;49;31;SAS;SG;48;1225;-2.39;703904;10.33;1.46;5.12
Marcus Brown;34;2009;51;32;SAS;SG;43;699;-3.00;802535;5.16;7.09;6.13
Marcus Brown;35;2010;51;33;SAS;PF;88;8;-3.00;737939;10.41;6.9;8.66
Nate Robinson;1;1979;21;2;SAS;SG;19;498;4.23;18848740;12.3;6.8;9.55
Nate Robinson;2;1980;23;3;SAS;SG;25;686;4.88;21446562;8.29;6.64;7.47
Nate Robinson;3;1981;23;4;SAS;SG;65;2434;4.91;21566462;10.96;4.28;7.62
Nate Robinson;4;1981;23;4;LAC;PF;70;1236;5.30;23125155;13.16;6.3;9.73
Nate Robinson;5;1981;23;4;CLE;SG;4;94;6.59;28280834;9.13;3.92;6.53
Nate Robinson;6;1982;24;5;CLE;SG;77;2370;8.02;33996043;5.92;2.95;5.11
Nate Robinson;7;1982;24;5;MIA;SG;5;101;8.24;34875306;4.38;5.78;5.08
Nate Robinson;8;1983;25;6;LAC;SG;72;8235;6.58;28240867;13.55;5.28;9.42
Nate Robinson;9;1984;26;7;CHI;SG;48;700;5.33;23245055;5.43;2.27;3.85
Nate Robinson;10;1985;27;8;WAS;SG;1;6;5.03;22046060;11.74;5.03;8.39
Nate Robinson;11;1985;27;8;GSW;SG;59;2180;5.61;24364117;13.86;2.57;8.22
Nate Robinson;12;1986;28;9;GSW;SG;80;1815;7.29;31078489;6.08;5.12;5.6
Nate Robinson;13;1987;29;10;CHO;SG;53;1015;6.83;29240030;8.43;7.07;7.75
Nate Robinson;14;1988;30;11;GSW;SG;49;972;5.62;24404083;12.95;1.75;7.35
Nate Robinson;15;1988;30;11;IND;PF;72;1925;5.44;23684686;7.01;3.79;5.4
Nate Robinson;16;1989;33;12;IND;SG;70;870;5.97;25802911;8.72;4.56;6.64
Nate Robinson;17;1990;32;13;IND;SG;66;2659;5.64;24484016;57.00;44.50;8.92
Nate Robinson;18;1990;32;13;CHI;SG;78;1720;5.64;24484016;13.4;4.79;9.1
Nate Robinson;19;1991;33;14;CHI;C;17;582;5.80;25123480;13.76;0.06;6.91
Nate Robinson;20;1991;33;14;DET;SF;56;2345;5.50;23924485;12.23;6.09;9.16
Nate Robinson;21;1992;34;12;TOR;SF;46;1537;6.20;26722140;13.7;6.81;10.26
Nate Robinson;22;1993;35;16;NYK;SF;6;37;4.89;21486529;13.78;7.04;10.41
Nate Robinson;23;1994;36;20;DEN;SG;90;1667;4.65;22445288;9.1;3.82;6.46
Nate Robinson;24;1995;37;18;LAC;SG;46;2585;3.89;17489879;8.73;2.83;5.78
Nate Robinson;25;1996;38;19;CHI;SG;30;1001;3.15;14532358;10.16;7.25;8.71
Nate Robinson;26;1997;39;20;CHI;SG;77;2597;4.70;20727165;11.34;6.37;8.86
Nate Robinson;27;1998;40;21;CHI;SG;32;500;4.77;21006931;5.84;4.02;4.93
Nate Robinson;28;1999;41;22;ORL;SG;40;264;5.10;22325825;13.12;3.85;8.49
Nate Robinson;29;2000;42;23;BRK;SG;7;264;4.65;20527333;17.18;27.15;11.72
Nate Robinson;30;2001;43;24;ORL;SG;52;2039;3.79;17090214;6.53;2.39;4.46
Nate Robinson;31;2001;43;24;DEN;SG;19;138;3.58;16250917;9.96;0.64;5.3
Nate Robinson;32;2002;44;25;ORL;SG;23;545;2.83;13253430;13.07;6.98;10.03
Nate Robinson;33;2003;45;26;LAL;SG;48;1896;3.12;14412458;8.32;1.45;4.89
Nate Robinson;34;2004;46;27;POR;SG;57;987;-34.02;7658120;10.31;2.46;6.39
Nate Robinson;35;2005;47;28;POR;SG;8;216;1.52;8017818;4.7;3.13;3.92
Juaquin Hawkins;1;1979;21;2;POR;PF;68;1854;0.35;3341738;19.58;5.64;12.61
Juaquin Hawkins;2;1980;22;3;CHA;PF;67;2557;-0.92;731751;13.42;4.54;8.98
Juaquin Hawkins;3;1980;22;3;WAS;PF;62;205;-1.15;991636;16.56;9.83;13.2
Juaquin Hawkins;4;1980;22;3;SAS;PF;78;1741;0.37;3421671;11.56;1.59;6.58
Juaquin Hawkins;5;1981;23;4;DET;PF;1;7;0.61;4380867;18.1;9.06;13.58
Juaquin Hawkins;6;1982;24;5;DET;PF;9;4;0.53;4061135;9.95;12.41;11.18
Juaquin Hawkins;7;1983;25;6;DET;PF;33;1426;-0.38;424183;15.78;4.81;10.3
Juaquin Hawkins;8;1984;26;7;DET;PF;84;234;-19.17;2222676;19.93;1.99;10.96
Juaquin Hawkins;9;1985;27;8;ORL;PF;80;2069;-0.90;969829;18.58;13.29;15.94
Juaquin Hawkins;10;1986;28;9;ORL;PF;14;319;0.60;4340900;13.61;9.63;11.62
Juaquin Hawkins;11;1987;29;10;ORL;PF;13;77;0.57;4221001;15.85;6.76;11.31
Juaquin Hawkins;12;1987;29;10;DET;PF;2;20;1.00;5939560;13.79;8.4;11.1
Juaquin Hawkins;13;1988;30;11;DET;PF;84;421;2.66;12573999;16.82;10.39;13.61
Juaquin Hawkins;14;1989;31;12;WSB;PF;23;878;1.28;7058622;22.01;12.64;17.33
Juaquin Hawkins;15;1990;32;13;BOS;PF;32;1270;1.21;6778857;25.39;4.59;14.99
Juaquin Hawkins;16;1991;35;14;LAL;PF;37;1736;0.55;4141068;8.81;9.79;9.3
Juaquin Hawkins;17;1991;33;17;MIL;SF;16;530;0.00;1942910;12.64;4.72;8.68
Juaquin Hawkins;18;1992;34;15;MIL;SF;14;122;0.69;4700599;48.54;11.86;16.1
Juaquin Hawkins;19;1993;35;16;DEN;PG;50;2379;0.41;3581537;7.3;1.84;4.57
Juaquin Hawkins;20;1994;36;16;DEN;SF;54;1227;-1.47;696847;10.76;6.87;8.82
Juaquin Hawkins;21;1995;37;18;NOH;SF;77;3242;-1.69;635150;-6.49;6.88;13.97
Juaquin Hawkins;22;1996;38;19;DEN;SF;50;1475;-1.51;611057;11.72;3.46;7.59
Juaquin Hawkins;23;1996;38;19;POR;PF;72;1960;-1.29;717577;18.21;9.92;14.07
Juaquin Hawkins;24;1997;39;20;CHA;PF;79;2417;-1.89;683348;19.39;15.58;14.06
Juaquin Hawkins;25;1998;38;21;POR;PF;25;844;-2.87;986858;19.88;8.31;14.1
Juaquin Hawkins;26;1999;41;22;HOU;PF;22;771;-3.00;1769362;16.75;5.07;10.91
Juaquin Hawkins;27;2000;42;23;ATL;SF;7;203;-3.00;649243;18.75;9.22;13.99
Juaquin Hawkins;28;2000;42;23;SAS;SF;44;199;-2.91;663747;21.47;14.05;17.76
Juaquin Hawkins;29;2001;43;24;SAS;SF;80;324;-1.36;695891;14.9;4.72;9.46
Juaquin Hawkins;30;2002;44;25;SAS;SF;17;255;-1.76;612694;11.38;1.83;6.61
Juaquin Hawkins;31;2003;45;26;SAS;SF;77;1867;-1.84;905565;15.08;8.57;11.83
Juaquin Hawkins;32;2003;45;26;MIL;PG;37;93;-2.19;852658;15.56;7.85;11.71
Juaquin Hawkins;33;2004;46;27;MIL;C;77;2084;-2.48;739291;33.6;16.92;25.26
Juaquin Hawkins;34;2005;47;28;MIL;C;92;1362;-6.50;919492;18.2;6.58;12.39
Juaquin Hawkins;35;2005;47;28;PHO;C;14;263;-2.88;616286;32.34;84.40;26.69
Jimmy Oliver;1;1979;17;1;PHO;SG;64;870;1.25;6938723;7.16;5.36;6.26
Jimmy Oliver;2;1980;18;-1;PHO;SG;17;343;2.04;10096076;14.17;2.2;8.19
Jimmy Oliver;3;1981;19;3;GSW;SG;13;126;1.95;9736378;8.88;6.78;7.83
Jimmy Oliver;4;1982;20;4;WSB;SG;32;1081;1.44;7711048;9.81;4.83;7.32
Jimmy Oliver;5;1983;21;5;WAS;SG;13;326;3.38;15451587;10.84;5.9;8.37
Jimmy Oliver;6;1984;22;6;WSB;SG;10;297;4.50;19927835;-36.89;0.37;5.54
Jimmy Oliver;7;1985;23;7;LAL;C;15;554;4.91;21566462;6.03;6.97;6.5
Jimmy Oliver;8;1986;24;8;DAL;SG;24;960;4.32;19208438;11.84;0.41;6.13
Jimmy Oliver;9;1986;24;5;IND;C;27;437;4.56;18547857;12.32;1.54;6.93
Jimmy Oliver;10;1987;25;9;IND;SG;87;284;4.37;19408271;10.44;7.09;8.77
Jimmy Oliver;11;1988;26;10;IND;SG;28;1154;4.79;21086864;13.47;5.14;9.31
Jimmy Oliver;12;1989;27;11;NYK;SG;39;702;5.43;23644720;10.3;6.5;8.4
Jimmy Oliver;13;1990;28;12;TOR;SG;49;995;6.13;26442375;9.15;29.81;5.18
Jimmy Oliver;14;1991;29;13;HOU;SG;46;117;5.88;23991167;10.18;6.2;8.19
Jimmy Oliver;15;1992;30;14;MIN;SG;31;3818;35.80;24044385;13.77;4.07;8.92
Jimmy Oliver;16;1993;31;15;BOS;SG;6;222;5.26;22965289;14.26;4.99;9.63
Jimmy Oliver;17;1994;32;16;NOP;SG;9;-840;4.42;19608103;4.62;5.03;4.83
Jimmy Oliver;18;1995;33;17;BOS;SF;80;1058;5.52;24004418;15.16;5.35;10.26
Jimmy Oliver;19;1996;34;18;BOS;PF;5;158;5.57;24204251;10.37;4.18;7.28
Jimmy Oliver;20;1997;35;19;NOP;PF;29;853;4.80;21126830;50.65;4.38;11.92
Jimmy Oliver;21;1998;36;20;MIN;SG;1;21;3.24;14892056;18.34;7.39;12.87
Jimmy Oliver;22;1999;37;21;MIN;PF;40;1780;2.42;11614803;18.21;9.47;13.84
Jimmy Oliver;23;2000;38;22;MIN;C;42;749;3.24;14892056;-10.54;10.34;19.38
Jimmy Oliver;24;2001;39;23;BOS;C;32;1166;3.67;16610616;34.58;10.48;22.53
Jimmy Oliver;25;2002;40;24;BOS;C;71;960;3.51;15971152;19.02;11.48;15.25
Jimmy Oliver;26;2003;41;25;BOS;C;88;198;4.41;19568137;29.42;-15.38;23.81
Jimmy Oliver;27;2004;42;26;MIL;C;15;685;3.74;16890381;17.98;22.57;20.28
Jimmy Oliver;28;2005;43;27;MIL;C;44;1949;25.62;17689711;30.7;14.28;22.49
Jimmy Oliver;29;2006;44;28;MIL;C;46;80;2.63;12454100;31.05;5.04;18.05
Jimmy Oliver;30;2007;45;29;SEA;PF;44;1928;2.80;13133530;10.4;8.69;9.55
Jimmy Oliver;31;2008;48;30;SEA;PF;14;171;2.64;12494066;26.21;4.66;15.44
Jimmy Oliver;32;2009;47;31;DET;SF;19;97;2.14;10495741;20.45;6.22;17.85
Jimmy Oliver;33;2010;48;32;DET;SF;77;2343;1.98;9856277;17.74;7.04;12.39
Jimmy Oliver;34;2011;49;33;ATL;SF;1;13;1.24;6898756;14.3;6.46;10.38
Jimmy Oliver;35;2012;50;29;ATL;SF;27;1017;1.07;5499063;16.11;39.50;9.06
Luke Ridnour;1;1978;17;2;MEM;PF;7;102;-1.09;724441;21.56;9.14;15.35
Luke Ridnour;2;1979;18;3;MEM;PF;5;37;-0.30;743915;22.21;4.53;13.37
Luke Ridnour;3;1980;19;4;MEM;PF;39;383;-0.20;1143580;17.63;7.88;12.76
Luke Ridnour;4;1981;20;5;DAL;PF;65;-5103;0.31;3181872;9.49;10.47;9.98
Luke Ridnour;5;1982;21;6;DAL;PG;44;2001;1.35;7338388;12.63;12.78;12.71
Luke Ridnour;6;1983;22;7;DAL;PF;69;694;1.46;7778019;19.25;6.85;13.05
Luke Ridnour;7;1984;23;8;GSW;PF;10;44;0.64;4500766;11.18;7.81;9.5
Luke Ridnour;8;1985;24;9;GSW;C;51;1007;0.92;5619828;16.6;9.33;12.97
Luke Ridnour;9;1986;25;10;GSW;PF;78;167;2.23;10855440;13.45;9.18;11.32
Luke Ridnour;10;1987;26;11;MIA;PF;75;249;2.41;11574837;20.06;10.45;15.26
Luke Ridnour;11;1988;27;12;MIA;PF;72;2977;1.94;9696411;18.46;5.15;11.81
Luke Ridnour;12;1989;28;13;MIA;PF;14;540;1.14;6499091;12.6;9.54;11.07
Luke Ridnour;13;1990;29;14;LAL;PF;90;550;1.92;9616478;22.14;8.84;15.49
Luke Ridnour;14;1990;29;14;CHI;PF;72;528;3.04;14092726;26.46;27.42;15.6
Luke Ridnour;15;1991;30;15;CHI;PF;4;136;2.51;11974502;16.58;6.26;11.42
Luke Ridnour;16;1992;31;16;MIL;PF;20;253;1.45;7738053;21.62;8.02;14.82
Luke Ridnour;17;1993;32;17;MIL;PF;20;49;1.00;5939560;12.02;10.36;11.19
Luke Ridnour;18;1993;32;17;ATL;PF;68;141;0.65;4540733;18.4;5.21;11.81
Luke Ridnour;19;1994;33;18;NJN;PF;10;-402;0.24;2902106;11.38;5.38;8.38
Luke Ridnour;20;1995;30;19;NJN;PF;61;1957;-0.16;1303446;82.42;10.11;14.49
Luke Ridnour;21;1996;35;20;IND;PF;57;955;0.04;2102776;14.66;16.17;15.42
Luke Ridnour;22;1997;36;21;DAL;PF;38;729;-1.12;648742;18.37;48.96;13.93
Luke Ridnour;23;1998;37;22;DET;PF;60;1820;-1.32;300139;15.4;7.54;11.47
Luke Ridnour;24;1998;37;22;CLE;PF;9;163;-2.96;923210;12.35;8.85;10.6
Luke Ridnour;25;1999;38;23;MIL;SF;30;705;-3.00;875678;14.45;3.85;9.15
Luke Ridnour;26;2000;39;24;MIN;SF;1;16;-3.00;896277;13.36;8.95;11.16
Luke Ridnour;27;2001;40;25;SAS;SF;55;1406;-3.00;717425;19.98;8.84;14.41
Luke Ridnour;28;2002;41;26;CLE;SF;68;4;-3.00;695579;15.27;1.49;8.38
Luke Ridnour;29;2003;42;27;CLE;SF;80;3524;-2.12;692944;10.68;1.64;6.16
Luke Ridnour;30;2003;42;27;ATL;PF;32;1065;-2.09;983656;16.27;9.02;12.65
Luke Ridnour;31;2004;43;28;SEA;C;41;1332;32.86;825757;14.44;13.74;4.89
Luke Ridnour;32;2005;44;29;SEA;C;65;319;-1.00;932437;10.36;6.3;8.33
Luke Ridnour;33;2005;44;29;NOJ;PF;26;923;-0.23;1023680;21.65;13.6;17.63
Luke Ridnour;34;2006;45;30;UTA;PF;43;423;-0.06;1703111;24.7;7.52;16.11
Luke Ridnour;35;2007;46;31;UTA;PF;28;364;-0.18;1223513;13.38;13.67;13.53
Gail Goodrich;1;1979;22;2;UTA;PG;9;401;-0.68;657953;5.04;3.65;4.35
Gail Goodrich;2;1980;23;3;UTA;PG;25;545;0.29;2400916;11.23;0.94;6.09
Gail Goodrich;3;1981;21;4;UTA;PG;71;2090;0.69;4700599;7.21;2.71;4.96
Gail Goodrich;4;1982;25;5;UTA;PG;35;1538;1.22;6818823;7.45;2.75;5.1
Gail Goodrich;5;1983;26;6;UTA;PG;29;1322;16.58;5300096;8.79;1.17;4.98
Gail Goodrich;6;1984;27;7;UTA;PG;54;1021;1.38;7458287;6.15;-7.74;3.11
Gail Goodrich;7;1985;28;8;UTA;PG;50;206;1.42;7618153;9.48;2.93;6.21
Gail Goodrich;8;1986;29;9;UTA;PG;30;1028;-37.89;7378354;10.7;1.7;6.2
Gail Goodrich;9;1987;30;10;UTA;PG;16;189;1.94;9696411;9.18;2.49;5.84
Gail Goodrich;10;1988;31;11;UTA;SG;48;627;0.41;3581537;10.28;2.74;6.51
Gail Goodrich;11;1989;32;11;UTA;SF;75;928;-0.82;792517;14.45;1.84;8.15
Gail Goodrich;12;1990;33;15;UTA;SG;26;81;-2.02;867202;7.09;3.77;5.43
Gail Goodrich;13;1991;34;14;UTA;PG;30;827;-1.65;-177630;4.44;2.06;3.25
Gail Goodrich;14;1991;34;14;LAC;PG;48;1838;-2.19;800733;10.28;2.49;5.47
Gail Goodrich;15;1992;35;15;LAC;PG;61;105;-3.00;869483;8.14;2.22;5.18
Gail Goodrich;16;1993;36;16;LAC;PG;60;1606;-3.00;833921;5.68;2.05;3.87
Gail Goodrich;17;1994;39;17;LAC;PG;7;3;-3.00;674349;7.42;-0.27;5.02
Gail Goodrich;18;1995;38;18;LAC;PG;12;472;-3.00;849932;9.72;2.45;6.09
Gail Goodrich;19;1996;39;19;LAC;PG;28;915;-3.00;617534;5.26;2.32;3.79
Gail Goodrich;20;1996;39;19;BOS;PG;16;624;-2.99;896300;8.37;2.37;5.37
Gail Goodrich;21;1997;40;20;BOS;PG;28;1001;-2.99;971852;10.94;0.83;5.89
Gail Goodrich;22;1997;40;20;MIN;PG;60;596;-3.00;885216;7.91;4.25;6.08
Gail Goodrich;23;1998;41;21;ATL;PG;5;141;-3.00;974651;3.19;4.95;4.07
Gail Goodrich;24;1999;42;22;ATL;PG;75;705;-1.86;-103664;9.97;2.74;6.36
Gail Goodrich;25;2000;43;23;ATL;PG;65;1260;-1.89;946879;8.33;4.42;6.38
Gail Goodrich;26;2000;45;23;SAS;PF;68;539;-2.06;842917;5.35;1.92;3.64
Gail Goodrich;27;2001;44;24;NOJ;PG;44;859;-2.10;997473;13.42;0.52;6.97
Gail Goodrich;28;2002;45;25;POR;PG;44;2465;-3.00;966825;37.59;0.84;4.86
Gail Goodrich;29;2003;46;26;IND;PG;21;457;-3.00;820749;5.7;1.81;3.76
Gail Goodrich;30;2004;47;27;IND;PG;13;109;-3.00;687244;2.47;3.48;2.98
Gail Goodrich;31;2005;48;28;IND;PG;58;2669;-3.00;890130;5.74;4.77;5.24
Gail Goodrich;32;2006;49;29;IND;PG;15;49;-3.00;630361;9.61;0.78;5.2
Gail Goodrich;33;2007;50;30;LAC;PG;41;1313;-3.00;862657;8.49;0.9;4.7
Gail Goodrich;34;2008;51;31;LAC;PG;58;1373;-3.00;854548;8.12;1.56;4.84
Gail Goodrich;35;2009;52;32;LAC;PG;4;137;-3.00;864157;12.75;3.35;8.05
Frank Johnson;1;1978;16;2;CHI;SG;28;481;1.03;6059460;13.57;4.96;9.27
Frank Johnson;2;1979;17;3;CHI;SG;74;3522;0.89;5499929;7.77;4.77;6.54
Frank Johnson;3;1980;18;4;NOP;SG;40;11;1.14;6499091;8.02;2.48;5.25
Frank Johnson;4;1981;19;5;CHI;SG;48;2068;1.93;9656445;7.18;-3.42;3.91
Frank Johnson;5;1982;20;6;CHI;PF;51;936;2.74;12893731;11.55;5.74;8.65
Frank Johnson;6;1983;21;7;CHI;SG;11;413;2.43;11654770;7.54;2.68;5.11
Frank Johnson;7;1984;22;8;GSW;SG;45;1878;2.63;12454100;5.25;4.85;5.05
Frank Johnson;8;1985;23;9;HOU;C;7;131;1.69;8697249;11.31;0.65;5.98
Frank Johnson;9;1986;24;10;VAN;SG;63;1906;0.86;5380029;12.66;4.01;8.34
Frank Johnson;10;1987;25;11;VAN;SG;54;1318;2.03;10056109;11.54;5.58;8.56
Frank Johnson;11;1988;26;12;CLE;SG;79;1840;1.21;6778857;8.31;5.61;6.96
Frank Johnson;12;1989;27;13;NOJ;SG;13;199;0.80;4890772;11.68;4.85;8.27
Frank Johnson;13;1990;28;14;NYK;SF;25;84;0.89;5499929;12.03;8.01;10.02
Frank Johnson;14;1991;29;15;NYK;PG;98;160;3.28;15051922;9.88;9.33;9.61
Frank Johnson;15;1991;29;15;CHI;SF;53;2061;2.02;10016143;7.42;0.55;3.99
Frank Johnson;16;1992;30;16;CHI;SF;22;264;1.30;7138555;6.33;10.37;8.35
Frank Johnson;17;1993;31;17;CHI;SF;78;2640;1.55;8137718;8.99;1.15;5.07
Frank Johnson;18;1994;32;18;CHI;SF;26;454;0.52;4021168;11.29;5.49;8.39
Frank Johnson;19;1995;33;19;CHI;SF;8;346;-0.42;264317;12.94;2.93;7.94
Frank Johnson;20;1996;34;20;OKC;SF;44;1090;0.38;3461637;7.58;5.97;6.78
Frank Johnson;21;1997;35;21;CHI;PF;25;1097;1.69;8697249;11.36;8.04;9.7
Frank Johnson;22;1998;36;22;CHI;PF;90;510;1.86;9376679;20.69;1.04;10.87
Frank Johnson;23;1999;37;23;CHI;SF;49;1763;1.02;6019493;-4.83;4.68;8.32
Frank Johnson;24;2000;38;24;CHI;SF;24;-140;0.79;5100264;39.15;10.28;14.55
Frank Johnson;25;2001;39;25;CHI;SF;75;1298;0.38;3461637;12.13;3.74;7.94
Frank Johnson;26;2002;40;26;CHI;SG;37;23;0.68;4660632;6.84;2.99;4.92
Frank Johnson;27;2003;41;27;CHI;SF;13;2;1.46;7778019;13.3;0.57;6.94
Frank Johnson;28;2004;42;28;CHI;SF;95;164;2.57;7055690;16.02;6.02;11.02
Frank Johnson;29;2005;43;29;CHI;PF;91;86;0.91;5579862;25.4;1.82;13.61
Frank Johnson;30;2005;43;29;TOR;PF;37;1678;0.81;5180197;-43.78;10.7;11.06
Frank Johnson;31;2006;44;30;TOR;PF;76;2600;0.30;3141905;17.28;7.49;12.39
Frank Johnson;32;2007;45;31;NOH;SF;51;244;-0.10;1543245;15.22;1.2;8.21
Frank Johnson;33;2008;46;32;NOH;SF;41;1682;1.09;6299259;15.25;7.23;11.24
Frank Johnson;34;2009;47;33;GSW;PF;35;1527;0.52;4021168;13.88;9.21;11.55
Frank Johnson;35;2010;48;34;PHI;PF;9;-838;0.37;3421671;11.99;11.14;11.57
Brendan Haywood;1;1978;16;1;DET;C;49;1138;0.67;4620666;28.97;21.74;25.36
Brendan Haywood;2;1978;16;1;CHI;C;46;1989;-1.12;673632;11.59;27.95;19.77
Brendan Haywood;3;1979;17;2;CHI;C;8;256;-1.89;740494;28.0;16.87;22.44
Brendan Haywood;4;1980;18;3;VAN;C;59;2639;-1.31;672985;12.21;7.21;9.71
Brendan Haywood;5;1981;19;4;CHI;SF;12;555;-1.29;933600;10.96;35.57;9.4
Brendan Haywood;6;1982;16;5;CHI;SF;73;1956;-0.78;873215;9.87;9.95;9.91
Brendan Haywood;7;1983;21;6;CHI;PF;68;3189;-0.78;735556;20.72;11.04;15.88
Brendan Haywood;8;1984;22;7;CHI;PF;21;19;-0.72;793581;28.94;5.79;17.37
Brendan Haywood;9;1985;23;8;CHI;PF;65;-2688;-1.05;910352;22.42;9.22;15.82
Brendan Haywood;10;1986;24;9;CHI;PF;39;997;-1.37;743421;19.2;5.13;12.17
Brendan Haywood;11;1987;25;10;CHI;PF;83;47;-0.54;944403;18.72;10.03;14.38
Brendan Haywood;12;1988;26;14;DET;PF;12;451;-0.47;64484;15.35;5.92;10.64
Brendan Haywood;13;1988;26;11;TOR;SF;33;534;-0.30;743915;-40.21;8.7;11.36
Brendan Haywood;14;1989;27;12;TOR;SF;35;1112;0.50;3941235;12.04;15.39;13.72
Brendan Haywood;15;1990;28;13;NJN;SF;40;1145;-0.29;783881;10.4;3.72;7.06
Brendan Haywood;16;1991;29;14;NJN;SF;24;500;0.17;2622341;14.45;10.5;12.48
Brendan Haywood;17;1992;30;15;NJN;SF;28;1211;0.16;2582374;14.49;3.1;8.72
Brendan Haywood;18;1993;31;16;NJN;SF;81;1609;0.76;4980364;15.61;9.89;12.75
Brendan Haywood;19;1993;31;16;MIL;SF;80;3186;0.07;2222676;13.24;9.0;11.12
Brendan Haywood;20;1993;31;16;ATL;SF;94;771;-0.34;584049;13.8;9.42;11.61
Brendan Haywood;21;1994;32;17;ATL;SF;48;1201;-0.39;384216;11.52;4.6;8.06
Brendan Haywood;22;1995;33;18;ATL;SF;1;44;-0.88;990532;17.89;3.47;10.68
Brendan Haywood;23;1996;34;19;ATL;SF;49;863;-0.84;813989;14.95;7.44;11.2
Brendan Haywood;24;1997;35;20;SAS;SF;1;16;-1.15;880635;21.74;1.92;11.83
Brendan Haywood;25;1998;36;21;SAS;SF;18;359;-1.27;934086;12.82;9.0;10.91
Brendan Haywood;26;1999;37;22;SAS;SF;2;32;0.37;3421671;12.68;4.99;8.84
Brendan Haywood;27;2000;38;23;TOR;SF;11;1324;-0.88;841103;15.23;6.32;10.78
Brendan Haywood;28;2001;39;24;TOR;SF;45;1425;-1.14;668490;13.32;5.93;9.63
Brendan Haywood;29;2002;40;25;SAS;SG;71;1145;-2.07;721957;4.09;-19.69;3.09
Brendan Haywood;30;2003;41;26;SAS;SG;60;2695;-2.52;629277;10.66;7.8;9.23
Brendan Haywood;31;2004;42;27;SAS;SG;29;959;-2.76;656737;14.91;3.81;9.36
Brendan Haywood;32;2005;43;28;SAS;SG;71;453;-2.75;958934;7.33;4.0;5.67
Brendan Haywood;33;2005;43;28;CLE;SG;68;1948;-2.49;747886;11.9;6.38;9.14
Brendan Haywood;34;2006;44;29;CLE;SG;71;3048;-3.00;43311;7.2;3.5;5.35
Brendan Haywood;35;2007;45;30;MIN;SG;40;858;-3.00;732253;11.47;4.77;8.12
Jerome Harmon;1;1979;20;3;MIN;PG;10;358;0.95;5739728;10.14;0.01;5.08
Jerome Harmon;2;1979;20;3;PHO;PG;12;313;1.81;9176847;4.92;0.04;2.50
Jerome Harmon;3;1980;21;4;PHO;PG;91;-2846;2.82;13213463;3.11;13.45;2.92
Jerome Harmon;4;1981;22;5;PHO;PG;61;2588;3.71;16770482;4.42;2.48;3.45
Jerome Harmon;5;1982;23;6;PHO;PG;68;2742;3.57;16210951;9.37;22.93;6.65
Jerome Harmon;6;1983;24;7;PHO;SG;40;65;5.08;22245892;5.36;6.15;5.76
Jerome Harmon;7;1984;25;8;DEN;SG;70;702;4.86;21366629;5.36;1.91;3.64
Jerome Harmon;8;1985;26;9;DEN;PF;4;2;6.02;26002743;12.63;0.88;6.76
Jerome Harmon;9;1985;26;9;GSW;SG;44;923;5.43;23644720;-14.53;2.41;9.08
Jerome Harmon;10;1986;27;10;GSW;SG;16;467;7.23;30838690;11.28;0.56;6.31
Jerome Harmon;11;1987;28;11;GSW;SF;37;41;7.31;31158422;14.33;7.66;11.0
Jerome Harmon;12;1988;24;12;GSW;PF;11;83;18.24;32117618;16.95;13.06;15.01
Jerome Harmon;13;1989;30;13;GSW;PF;66;6830;7.98;33836177;22.42;3.08;12.75
Jerome Harmon;14;1990;31;14;GSW;PF;31;714;7.50;32856279;17.28;9.47;13.38
Jerome Harmon;15;1991;32;15;DAL;PF;63;293;7.64;32477316;19.8;11.44;15.62
Jerome Harmon;16;1992;33;16;DAL;PF;55;806;6.63;28440700;15.81;8.86;12.34
Jerome Harmon;17;1993;34;17;LAC;SG;24;717;6.66;28560599;20.37;-24.21;18.56
Jerome Harmon;18;1993;34;17;POR;C;17;807;6.22;26802073;21.65;27.03;24.34
Jerome Harmon;19;1994;35;18;PHI;C;42;1669;5.41;23564787;32.12;17.58;24.85
Jerome Harmon;20;1995;36;19;SDC;C;55;401;4.06;18169309;21.17;17.35;19.26
Jerome Harmon;21;1996;37;20;SEA;PG;37;1739;3.50;15931185;27.02;17.09;22.06
Jerome Harmon;22;1997;38;21;MIL;PG;24;760;2.82;13213463;31.29;2.78;17.04
Jerome Harmon;23;1998;39;22;MIL;C;80;3795;1.55;8137718;29.06;8.19;18.63
Jerome Harmon;24;1999;40;23;MIA;PG;47;1541;2.04;10096076;21.27;-77.90;18.66
Jerome Harmon;25;2000;41;24;MIA;C;16;405;-18.77;9536545;30.59;17.8;24.2
Jerome Harmon;26;2001;42;25;MIA;C;46;731;2.24;10895406;30.81;12.35;21.58
Jerome Harmon;27;2002;43;26;SAS;PF;22;1011;29.64;9496579;12.07;12.06;12.07
Jerome Harmon;28;2003;44;27;ATL;PF;33;1111;1.36;7854597;13.2;7.29;10.25
Jerome Harmon;29;2004;45;28;ATL;PF;13;528;0.86;5084516;17.97;13.49;15.73
Jerome Harmon;30;2005;46;29;ATL;PF;77;303;1.29;7098589;14.59;12.78;13.69
Jerome Harmon;31;2006;47;30;ATL;C;4;139;0.21;2782207;25.42;2.74;14.08
Jerome Harmon;32;2006;47;30;ORL;PF;7;31;-0.71;966430;16.31;6.51;11.41
Jerome Harmon;33;2007;48;31;ORL;PF;48;601;-0.77;620540;20.75;-17.76;15.63
Jerome Harmon;34;2008;49;32;ORL;PF;24;849;-0.24;983714;28.82;4.04;16.43
Jerome Harmon;35;2009;50;33;DEN;PF;11;494;0.54;4101101;18.71;8.07;13.39
Terry Mills;1;1978;21;0;SEA;PG;20;172;3.13;14452425;12.13;2.27;7.2
Terry Mills;2;1979;22;1;SEA;PG;44;791;2.20;10735540;8.65;1.47;5.06
Terry Mills;3;1980;23;2;SEA;PG;57;2313;2.67;12613966;3.01;1.54;2.28
Terry Mills;4;1981;24;3;SEA;PG;48;1402;4.24;18888706;6.43;2.3;4.37
Terry Mills;5;1982;25;4;SEA;PG;49;521;5.24;22885356;6.96;4.69;5.83
Terry Mills;6;1983;26;1;MIL;PG;23;51;5.48;23844552;12.16;2.51;7.34
Terry Mills;7;1984;27;6;MIL;SG;9;123;6.23;26842040;36.96;1.25;7.94
Terry Mills;8;1985;28;7;GSW;SG;47;1141;5.49;23884519;11.5;1.83;6.67
Terry Mills;9;1986;29;8;ORL;SG;54;1813;5.35;23324988;7.93;2.42;5.18
Terry Mills;10;1987;29;9;ORL;SG;61;1220;3.97;17809611;13.31;4.94;9.13
Terry Mills;11;1988;31;10;ORL;SG;36;1427;3.76;16970314;5.85;3.78;4.82
Terry Mills;12;1989;32;11;CHH;SG;67;2421;3.89;17489879;11.32;4.18;7.75
Terry Mills;13;1989;32;11;PHI;SG;35;1240;3.38;15451587;9.26;3.14;6.2
Terry Mills;14;1990;31;12;KCK;SG;46;1522;-37.18;12334200;7.45;8.7;8.08
Terry Mills;15;1991;34;13;CLE;SG;55;933;0.84;4486297;10.47;2.89;6.68
Terry Mills;16;1992;35;14;GSW;SG;23;290;1.20;6738890;8.0;1.26;4.63
Terry Mills;17;1993;36;15;GSW;PG;47;1142;0.28;3061972;7.73;3.84;5.79
Terry Mills;18;1994;37;16;GSW;PG;26;15;0.08;2262642;3.94;2.41;3.18
Terry Mills;19;1995;38;17;GSW;PG;78;392;0.79;5100264;9.52;0.1;4.81
Terry Mills;20;1996;35;18;GSW;PG;56;1729;0.97;5819661;8.42;3.45;5.94
Terry Mills;21;1997;40;19;SAC;PF;29;1387;0.63;4460800;10.81;3.26;7.04
Terry Mills;22;1998;41;20;SAC;PG;16;425;-0.21;1103613;7.98;2.16;5.07
Terry Mills;23;1998;41;20;UTA;PG;20;110;-1.01;815812;-9.16;3.64;4.74
Terry Mills;24;1999;42;21;UTA;PG;21;421;-1.87;634713;8.26;1.38;4.82
Terry Mills;25;2000;43;22;GSW;PG;18;785;-1.65;987858;13.47;4.73;9.1
Terry Mills;26;2001;44;23;GSW;PG;95;1112;-1.53;669687;4.8;2.71;3.76
Terry Mills;27;2002;45;24;GSW;PG;59;1237;-2.13;994309;2.61;0.63;1.62
Terry Mills;28;2003;46;25;GSW;PG;98;107;-2.25;631448;11.78;5.3;8.54
Terry Mills;29;2004;47;26;GSW;PG;49;2040;-2.92;804410;6.47;1.43;3.95
Terry Mills;30;2004;47;26;IND;PG;50;1649;-2.77;858014;7.13;3.95;5.54
Terry Mills;31;2004;47;26;SAC;PG;3;72;-3.00;856679;7.29;4.53;5.91
Terry Mills;32;2005;51;27;SAC;PG;23;322;-2.32;918337;5.77;1.59;3.68
Terry Mills;33;2006;49;28;SAC;PG;1;40;-1.76;893412;7.26;3.79;5.53
Terry Mills;34;2007;50;29;HOU;PG;62;1725;-1.98;833797;5.66;0.87;2.70
Terry Mills;35;2008;51;30;HOU;PG;81;3667;-0.94;628265;4.5;2.54;3.52
Linton Johnson;1;1978;16;0;PHI;SF;13;538;-2.19;720969;7.6;9.22;8.41
Linton Johnson;2;1979;17;1;PHI;SF;34;653;-3.00;852050;9.64;7.75;8.7
Linton Johnson;3;1980;18;2;PHI;SF;29;877;-3.00;706221;11.35;5.43;8.39
Linton Johnson;4;1981;19;3;PHI;SF;16;74;-2.50;679882;17.34;0.8;9.07
Linton Johnson;5;1982;20;4;PHI;SG;60;273;-3.00;920191;8.66;5.2;6.93
Linton Johnson;6;1983;21;5;MIA;SG;75;2167;-1.05;841307;11.84;9.29;10.57
Linton Johnson;7;1984;22;6;GSW;SG;2;88;-1.28;600093;7.29;6.85;7.07
Linton Johnson;8;1985;23;7;GSW;SG;64;1847;-1.74;610665;9.72;6.31;7.84
Linton Johnson;9;1986;24;8;GSW;PG;1;41;-1.47;961352;10.14;1.73;5.94
Linton Johnson;10;1987;25;9;MIL;PG;26;473;-3.00;770449;7.37;2.29;4.83
Linton Johnson;11;1988;26;10;MIL;PG;3;8;-3.00;948619;7.9;0.41;4.16
Linton Johnson;12;1989;27;11;MIA;PG;37;1228;-1.82;632103;7.25;2.93;5.09
Linton Johnson;13;1990;28;12;MIA;PG;68;2703;-2.13;729621;1.94;-5.89;5.33
Linton Johnson;14;1991;29;13;MIA;PG;33;263;-3.00;750889;12.24;4.33;8.29
Linton Johnson;15;1992;30;14;MIA;PG;75;1804;-16.59;869761;2.63;0.12;1.38
Linton Johnson;16;1993;31;15;MIA;PG;65;2993;-3.00;750877;5.02;1.06;3.04
Linton Johnson;17;1994;32;16;MIA;PG;95;913;-3.00;740007;7.39;1.51;4.45
Linton Johnson;18;1995;33;17;MIA;SG;47;684;-3.00;951108;11.16;1.77;6.47
Linton Johnson;19;1996;34;18;MIA;SG;75;1235;-3.00;848394;9.8;7.23;8.52
Linton Johnson;20;1997;35;19;NYK;SG;64;1324;-3.00;893910;12.4;4.92;8.66
Linton Johnson;21;1998;36;20;CLE;SG;73;2294;-2.92;993373;10.17;2.64;6.41
Linton Johnson;22;1999;37;21;POR;SG;11;240;-3.00;913259;13.88;6.09;9.99
Linton Johnson;23;2000;38;22;POR;SG;69;1117;-3.00;671627;11.16;1.27;6.22
Linton Johnson;24;2000;35;22;LAC;C;64;47;-3.00;726050;7.38;4.46;5.92
Linton Johnson;25;2000;38;22;WAS;PG;44;704;-2.61;930777;8.04;1.56;4.8
Linton Johnson;26;2001;42;23;WAS;PG;56;869;-2.61;705103;5.25;3.33;4.29
Linton Johnson;27;2002;40;24;PHI;PG;40;4549;-1.88;622090;9.29;2.18;5.74
Linton Johnson;28;2003;41;25;UTA;PG;14;288;-29.68;863995;10.59;3.75;7.17
Linton Johnson;29;2004;42;26;UTA;PG;50;5;-2.66;1303029;7.44;2.25;4.85
Linton Johnson;30;2005;43;27;DET;PG;43;832;-2.54;682148;9.28;1.98;5.63
Linton Johnson;31;2006;44;28;DET;PG;49;2261;-2.63;911377;6.04;2.37;4.21
Linton Johnson;32;2007;45;29;CHA;PG;49;1501;-2.81;719647;5.61;1.74;3.68
Linton Johnson;33;2008;46;30;CHA;PG;20;152;-2.65;631352;8.22;1.0;4.61
Linton Johnson;34;2009;47;31;CHA;PG;45;665;-2.41;958507;-13.82;24.34;7.36
Linton Johnson;35;2010;48;33;NJN;PG;6;40;-2.93;712777;5.86;4.81;5.34
J.R. Henderson;1;1979;18;4;NJN;PG;76;2406;1.61;8377517;11.9;1.87;6.89
J.R. Henderson;2;1980;19;5;CLE;PG;79;3652;2.63;12454100;6.42;2.68;4.55
J.R. Henderson;3;1981;20;6;CLE;PG;51;751;2.32;7935108;9.97;2.23;6.1
J.R. Henderson;4;1982;21;7;BUF;PG;88;2810;50.15;12271504;9.15;23.45;6.2
J.R. Henderson;5;1983;22;8;CLE;PG;86;455;4.88;21446562;11.56;2.36;6.96
J.R. Henderson;6;1984;23;9;CLE;PG;62;1254;6.74;28880331;8.06;2.79;5.43
J.R. Henderson;7;1985;24;10;ATL;PG;8;137;6.20;20506059;8.19;3.02;5.61
J.R. Henderson;8;1985;24;10;ATL;PG;32;1104;6.44;27681336;5.56;2.09;3.83
J.R. Henderson;9;1985;24;10;NJN;PG;71;2464;6.28;27041872;10.42;1.27;6.63
J.R. Henderson;10;1986;25;11;NJN;PG;15;306;6.08;26242542;16.41;7.03;11.72
J.R. Henderson;11;1987;26;12;DAL;PG;49;1628;5.36;23364954;10.59;3.46;7.03
J.R. Henderson;12;1988;27;13;DAL;PG;5;56;6.14;26482341;13.83;2.3;8.07
J.R. Henderson;13;1989;28;16;LAC;PG;32;2658;5.85;25323313;7.8;2.77;5.29
J.R. Henderson;14;1990;29;15;LAC;PG;18;446;4.16;18568974;11.68;1.06;6.37
J.R. Henderson;15;1991;30;16;LAC;PG;10;468;4.62;20407433;6.95;0.27;3.61
J.R. Henderson;16;1992;31;17;IND;PG;74;2089;4.15;18529008;5.58;3.85;4.72
J.R. Henderson;17;1992;31;17;ATL;PG;57;857;3.31;15171822;7.94;1.48;4.71
J.R. Henderson;18;1993;32;18;ORL;C;53;2011;2.47;11814636;3.83;2.72;3.28
J.R. Henderson;19;1994;33;19;ORL;PG;86;1584;21.75;11135205;8.68;2.61;5.65
J.R. Henderson;20;1995;34;20;ORL;PG;59;1305;1.87;9416646;11.11;3.88;7.5
J.R. Henderson;21;1996;35;21;ORL;PG;24;1134;1.01;5979527;4.62;4.98;4.8
J.R. Henderson;22;1997;36;22;WSB;PG;29;106;0.02;2022843;6.96;2.95;4.96
J.R. Henderson;23;1998;37;23;WAS;PG;11;146;0.34;3301771;-15.49;1.48;5.34
J.R. Henderson;24;1999;38;24;WAS;PG;18;56;0.78;5060297;7.15;3.23;5.19
J.R. Henderson;25;2000;39;25;WAS;PG;20;452;0.84;5300096;7.15;1.74;4.45
J.R. Henderson;26;2001;40;26;POR;PG;23;702;0.25;2942073;4.65;1.04;2.73
J.R. Henderson;27;2002;41;27;SEA;PG;44;428;0.60;4340900;8.12;-9.52;5.16
J.R. Henderson;28;2003;42;28;SEA;PG;60;2574;-0.26;903781;8.98;1.53;5.26
J.R. Henderson;29;2004;43;29;MEM;SG;35;216;-0.77;794089;11.18;6.16;8.67
J.R. Henderson;30;2005;44;30;PHO;SG;13;580;-1.59;736544;13.52;4.4;8.96
J.R. Henderson;31;2006;45;31;PHO;SG;13;382;-2.85;888848;11.03;1.75;6.39
J.R. Henderson;32;2007;46;32;PHO;SF;35;309;-1.66;883867;16.82;-35.09;11.31
J.R. Henderson;33;2008;47;33;VAN;SF;28;509;-2.94;892012;15.33;8.55;11.94
J.R. Henderson;34;2009;48;34;PHO;PG;67;248;-3.00;751033;8.84;2.63;5.74
J.R. Henderson;35;2009;48;34;CHI;SF;62;1171;-3.00;867038;17.58;9.19;13.39
Jeremy Evans;1;1979;17;1;SAS;C;54;1329;1.07;6219326;24.11;7.55;15.83
Jeremy Evans;2;1980;18;2;SAS;C;37;1030;1.10;6339225;17.98;11.5;6.80
Jeremy Evans;3;1981;19;3;NOK;PF;55;324;1.04;6099426;11.91;14.41;13.16
Jeremy Evans;4;1982;20;4;CHI;PF;67;391;2.01;9976176;22.3;11.35;8.90
Jeremy Evans;5;1983;21;5;CHI;PF;16;651;2.21;10775507;26.75;-17.48;16.48
Jeremy Evans;6;1984;22;6;CHI;PF;34;1381;1.62;8417483;12.51;8.93;2.29
Jeremy Evans;7;1984;22;6;CLE;PF;46;370;2.06;10176009;13.29;10.35;11.82
Jeremy Evans;8;1984;22;6;LAL;PF;61;2317;2.74;12893731;9.2;5.76;7.48
Jeremy Evans;9;1985;23;7;LAL;PF;39;348;3.65;16530683;20.12;11.17;15.65
Jeremy Evans;10;1986;24;8;LAL;PF;22;275;3.39;15491554;18.16;12.96;15.56
Jeremy Evans;11;1987;25;9;LAL;PF;55;159;4.72;20807098;20.24;8.68;14.46
Jeremy Evans;12;1988;26;10;LAL;PF;8;136;4.64;20487366;15.84;11.61;13.73
Jeremy Evans;13;1989;27;11;LAL;PF;77;1547;3.91;17569812;14.49;2.6;8.55
Jeremy Evans;14;1990;28;12;LAL;PF;85;1244;1.79;9096914;15.35;5.86;10.61
Jeremy Evans;15;1991;29;13;KCK;PF;32;264;1.05;6139393;21.99;6.22;14.11
Jeremy Evans;16;1992;30;14;MIN;PF;3;118;0.16;2582374;19.26;9.56;11.21
Jeremy Evans;17;1993;31;15;ATL;PF;3;108;-0.29;783881;15.55;10.46;9.84
Jeremy Evans;18;1994;32;16;ATL;PF;97;543;-1.26;843378;19.95;74.85;18.4
Jeremy Evans;19;1994;32;16;SAC;PF;49;2031;-1.82;992063;24.35;6.18;15.27
Jeremy Evans;20;1995;33;17;SAC;PF;16;736;-2.62;639587;20.26;12.85;16.56
Jeremy Evans;21;1995;33;17;MIA;PF;71;2058;-3.00;876869;6.65;5.67;13.56
Jeremy Evans;22;1996;34;18;MIA;PF;59;2385;-3.00;923037;17.73;9.55;13.64
Jeremy Evans;23;1997;35;19;DEN;PF;31;178;-3.00;750452;21.84;9.56;15.7
Jeremy Evans;24;1998;36;20;DEN;PF;64;43;-3.00;851527;17.61;1.36;9.49
Jeremy Evans;25;1999;37;21;UTA;PF;22;843;-3.00;786218;17.66;3.21;10.44
Jeremy Evans;26;2000;38;22;UTA;SF;76;1354;-3.00;751248;19.96;0.73;10.35
Jeremy Evans;27;2000;38;22;NJN;SG;46;475;-2.81;945520;10.92;0.33;5.63
Jeremy Evans;28;2000;38;22;MIL;SG;35;1622;-3.00;989661;9.24;0.87;5.06
Jeremy Evans;29;2001;39;23;MIL;SG;10;239;-3.00;852318;12.57;0.3;6.44
Jeremy Evans;30;2002;40;24;MIL;SG;67;488;-3.00;957640;5.36;3.07;4.22
Jeremy Evans;31;2002;40;24;ORL;SG;29;948;-3.00;636714;10.36;4.76;7.56
Jeremy Evans;32;2003;41;25;ORL;SF;11;95;-3.00;861166;12.5;11.0;6.95
Jeremy Evans;33;2003;41;25;SAS;SF;66;1362;-2.43;867025;13.69;6.88;10.29
Jeremy Evans;34;2004;42;26;SAS;SF;5;157;-2.60;610793;8.38;56.96;6.77
Jeremy Evans;35;2005;43;29;PHI;SF;95;358;-2.27;988284;8.81;1.02;4.92
John Gianelli;1;1979;19;1;PHI;SF;38;39;-0.38;424183;9.52;9.45;9.49
John Gianelli;2;1980;23;2;PHI;SF;16;759;0.05;2142743;16.91;8.67;12.79
John Gianelli;3;1980;20;2;MIL;PF;40;828;1.30;7138555;24.91;7.1;16.01
John Gianelli;4;1980;19;2;PHO;SF;47;2223;1.20;6738890;10.95;8.48;9.72
John Gianelli;5;1981;21;1;CHI;SF;43;631;2.87;18591399;15.62;5.41;10.52
John Gianelli;6;1982;19;4;NJN;SF;20;641;3.00;13932860;15.04;10.85;12.95
John Gianelli;7;1983;23;5;NJN;SF;75;945;3.07;14212626;17.39;12.58;14.99
John Gianelli;8;1984;24;6;NJN;SF;55;2410;4.22;18808773;15.76;4.25;10.01
John Gianelli;9;1985;25;8;SAC;SG;42;134;4.23;18848740;12.92;6.54;10.04
John Gianelli;10;1986;26;8;CLE;SG;71;2644;3.39;15491554;7.41;2.95;5.18
John Gianelli;11;1987;27;9;PHI;SG;48;2957;2.53;12054435;8.69;6.44;7.57
John Gianelli;12;1988;28;10;PHI;SG;76;1241;1.84;9296746;9.07;2.11;5.59
John Gianelli;13;1989;29;11;ATL;SG;83;100;1.49;7897919;5.13;5.99;5.56
John Gianelli;14;1990;30;12;UTA;SG;27;1102;0.35;3341738;6.33;3.14;4.74
John Gianelli;15;1991;31;13;UTA;SG;54;525;-1.07;620349;9.5;4.49;7.0
John Gianelli;16;1992;32;14;UTA;SG;30;-1231;-2.69;952190;6.29;7.21;6.75
John Gianelli;17;1993;33;15;UTA;SG;8;363;-2.76;605775;13.11;1.21;7.16
John Gianelli;18;1993;33;15;NJN;SG;34;154;-1.78;621295;6.98;2.25;4.62
John Gianelli;19;1994;34;16;ORL;PG;24;1008;-3.00;1683026;31.29;1.75;5.97
John Gianelli;20;1995;35;17;ORL;PG;40;773;-3.00;727052;7.29;3.6;5.45
John Gianelli;21;1996;36;20;ORL;PG;48;1083;-2.04;853366;9.13;4.31;6.72
John Gianelli;22;1997;37;21;ORL;PG;60;101;-2.10;621402;8.51;4.49;6.5
John Gianelli;23;1998;38;20;DET;PG;61;2856;-18.53;621292;5.96;-1.33;4.36
John Gianelli;24;1999;39;20;DET;PG;14;298;-2.21;512821;6.39;1.97;4.18
John Gianelli;25;2000;40;22;DET;PG;68;8507;19.74;914394;10.32;0.94;5.63
John Gianelli;26;2001;41;23;DET;PG;7;156;-3.00;708702;15.59;0.78;8.19
John Gianelli;27;2002;42;24;UTA;PG;85;1985;-3.00;-4794;9.48;0.93;5.21
John Gianelli;28;2003;43;25;UTA;PG;22;648;-3.00;836354;4.88;2.03;3.46
John Gianelli;29;2004;44;26;UTA;SG;56;390;-2.13;825700;10.2;5.79;8.0
John Gianelli;30;2005;45;27;UTA;SF;73;2528;-1.64;972475;10.83;10.79;10.81
John Gianelli;31;2006;46;28;HOU;SF;1;37;-1.34;764574;18.25;5.13;11.69
John Gianelli;32;2007;47;29;PHI;SF;40;1394;-3.00;625107;16.36;5.89;11.13
John Gianelli;33;2008;48;30;PHI;SF;5;91;-3.00;990863;12.37;8.22;10.3
John Gianelli;34;2009;49;31;PHI;SF;18;242;-3.00;627232;10.3;2.16;6.23
John Gianelli;35;2010;50;32;PHI;SF;9;179;-25.48;822655;15.66;7.77;11.72
Glen Rice;1;1978;21;2;MIL;SG;62;145;-0.46;104451;13.42;4.55;8.99
Glen Rice;2;1979;22;3;MIL;SG;51;2077;-1.16;643694;9.78;0.71;5.25
Glen Rice;3;1980;23;4;MIL;SG;30;663;-2.33;614212;4.38;3.64;4.01
Glen Rice;4;1981;24;5;MIL;C;41;1360;-2.22;688691;12.91;3.97;8.44
Glen Rice;5;1982;25;6;MIL;SF;25;518;-3.00;918872;9.22;7.17;8.2
Glen Rice;6;1983;26;7;LAC;SF;58;968;-3.00;659063;17.87;8.25;13.06
Glen Rice;7;1984;27;8;CLE;SG;13;169;-2.49;912303;12.56;8.91;9.80
Glen Rice;8;1985;28;9;IND;SF;39;258;-0.95;829641;14.9;5.66;10.28
Glen Rice;9;1985;28;9;PHI;PF;53;413;-1.88;758634;29.75;9.59;19.67
Glen Rice;10;1985;28;9;ATL;PF;7;334;-2.25;706288;21.88;8.96;15.42
Glen Rice;11;1986;29;10;ATL;PF;18;726;-1.67;633825;19.9;3.75;11.83
Glen Rice;12;1987;30;11;GSW;PF;31;764;-1.19;892673;17.49;8.1;12.8
Glen Rice;13;1988;31;12;GSW;PF;7;141;-1.78;659127;14.74;10.85;12.8
Glen Rice;14;1989;32;13;GSW;SF;68;1706;-2.49;908802;9.25;2.55;5.9
Glen Rice;15;1990;33;14;SAC;SF;60;1923;-2.94;800661;15.67;12.93;14.3
Glen Rice;16;1991;34;15;DET;SF;23;-753;-3.00;745130;6.76;3.29;5.03
Glen Rice;17;1992;35;16;DET;PF;60;1910;-3.00;834716;19.24;12.9;16.07
Glen Rice;18;1993;36;17;MEM;PF;15;190;-2.95;686864;20.39;10.84;15.62
Glen Rice;19;1994;37;18;UTA;PF;6;71;-1.86;875660;11.17;16.05;13.61
Glen Rice;20;1995;38;19;CHI;PF;38;1247;-2.64;834350;19.06;10.69;14.88
Glen Rice;21;1996;39;20;CHI;SF;41;1163;-2.92;664852;10.41;8.7;9.56
Glen Rice;22;1997;40;21;CHI;SF;76;3220;-2.68;894113;9.75;3.02;6.39
Glen Rice;23;1998;41;22;CHI;SF;73;3001;-3.00;812700;8.78;5.42;7.1
Glen Rice;24;1999;42;23;CHI;SG;31;678;-3.00;823499;7.56;0.99;4.28
Glen Rice;25;2000;43;24;CHI;SG;63;386;-2.64;893942;8.17;2.81;5.49
Glen Rice;26;2000;41;24;SEA;C;35;306;-2.51;930680;4.56;7.39;5.98
Glen Rice;27;2001;44;25;SEA;SG;52;1818;-1.50;765099;13.25;3.65;8.45
Glen Rice;28;2002;45;25;SEA;SG;54;2480;-2.67;978299;6.38;5.3;5.84
Glen Rice;29;2003;46;27;ORL;SG;79;795;-3.00;652645;11.42;3.97;7.17
Glen Rice;30;2004;47;28;ORL;C;75;-459;-3.00;735734;4.33;3.16;3.75
Glen Rice;31;2005;48;29;ORL;PG;54;4213;-3.00;854297;4.82;21.06;3.82
Glen Rice;32;2006;45;30;ORL;PG;60;1339;-2.56;727801;5.58;0.42;3.0
Glen Rice;33;2006;49;30;DEN;PG;26;99;-2.63;624141;14.82;4.6;9.71
Glen Rice;34;2006;49;30;SAS;PG;14;106;-38.91;965348;10.06;2.11;6.21
Glen Rice;35;2006;49;30;SAS;C;78;1651;-3.00;943302;10.81;2.56;6.69
Bill Laimbeer;1;1978;19;1;WAS;SF;71;563;2.05;10136042;19.16;9.18;14.17
Bill Laimbeer;2;1979;20;2;WAS;SF;36;796;3.17;14612291;11.53;7.15;9.34
Bill Laimbeer;3;1979;20;2;SAC;SF;57;2159;4.51;19967802;12.41;0.64;6.53
Bill Laimbeer;4;1980;21;3;MEM;SF;31;1079;5.65;24523983;9.64;2.4;6.02
Bill Laimbeer;5;1980;21;3;MEM;SF;56;3218;7.23;30838690;13.46;9.77;11.62
Bill Laimbeer;6;1981;22;4;NOP;SF;54;662;7.94;33676311;12.53;-5.81;6.66
Bill Laimbeer;7;1982;20;5;NYK;SG;24;63;8.25;34915273;11.94;33.04;7.21
Bill Laimbeer;8;1983;24;6;BRK;SG;49;939;8.11;34355741;6.59;3.93;5.26
Bill Laimbeer;9;1984;25;7;BRK;SG;67;74;7.92;33596378;9.9;5.97;7.94
Bill Laimbeer;10;1984;25;7;BOS;SG;69;2394;8.64;36473966;14.29;3.65;8.97
Bill Laimbeer;11;1985;26;8;BOS;SF;13;337;7.97;33796211;16.38;2.32;9.35
Bill Laimbeer;12;1986;26;9;BOS;SF;71;2384;9.29;39071789;8.13;12.03;10.08
Bill Laimbeer;13;1987;28;10;NJN;SF;68;2181;8.42;35594703;22.59;6.53;14.56
Bill Laimbeer;14;1988;29;11;NOJ;SF;36;1485;7.01;29959427;17.86;1.24;9.55
Bill Laimbeer;15;1989;30;12;BOS;SF;55;1166;7.57;32197551;10.79;9.65;10.22
Bill Laimbeer;16;1990;31;13;BOS;SF;19;756;6.40;27521470;11.32;1.32;6.32
Bill Laimbeer;17;1991;32;14;BOS;SF;2;13;6.34;27281671;8.68;8.33;8.51
Bill Laimbeer;18;1992;33;15;DEN;SF;66;2516;6.18;26642207;16.53;12.07;14.3
Bill Laimbeer;19;1993;34;16;DEN;SF;32;1215;5.37;19911283;11.13;5.87;8.5
Bill Laimbeer;20;1994;35;17;UTA;SF;45;1672;4.19;18688874;10.41;10.46;10.44
Bill Laimbeer;21;1994;35;17;SDC;SF;75;1574;4.53;20047735;13.43;0.81;7.12
Bill Laimbeer;22;1995;36;18;SDC;SF;7;173;4.95;21726328;6.57;9.63;8.1
Bill Laimbeer;23;1995;36;18;SEA;SF;48;659;4.48;19847902;7.35;5.8;6.58
Bill Laimbeer;24;1996;37;19;SEA;SF;30;1316;4.27;19008606;10.31;7.47;8.89
Bill Laimbeer;25;1997;38;20;LAC;SF;74;973;5.07;22205926;15.2;7.87;11.54
Bill Laimbeer;26;1997;38;20;CHI;SF;26;881;4.89;21486529;14.07;5.94;10.01
Bill Laimbeer;27;1998;39;21;CHI;SF;36;489;3.53;16051085;13.97;11.21;12.59
Bill Laimbeer;28;1999;40;22;CHI;SF;48;584;3.39;15491554;9.53;3.22;6.38
Bill Laimbeer;29;2000;41;23;CHH;SF;7;190;3.92;17609778;18.53;8.72;13.63
Bill Laimbeer;30;2001;42;24;CHH;SF;5;218;3.02;14012793;7.16;4.76;5.96
Bill Laimbeer;31;2002;43;25;CHH;SF;68;2070;2.60;12334200;11.27;0.96;6.12
Bill Laimbeer;32;2003;44;26;CHH;SF;25;75;1.70;8737215;11.64;40.62;8.22
Bill Laimbeer;33;2004;45;27;CHH;SF;9;41;1.59;8297584;10.8;8.26;9.53
Bill Laimbeer;34;2005;46;28;CHH;SF;75;1239;1.88;9456612;8.26;7.68;7.97
Bill Laimbeer;35;2005;46;29;BOS;SF;23;96;3.02;14012793;16.26;4.08;10.17
John Paxson;1;1979;21;2;MIN;SF;77;1329;2.16;10575674;8.28;2.81;5.55
John Paxson;2;1979;21;2;GSW;SF;23;555;3.28;15051922;14.22;-1.59;7.4
John Paxson;3;1980;22;3;GSW;SF;21;709;2.76;12973664;14.28;0.59;7.44
John Paxson;4;1980;22;3;BOS;SF;54;2163;2.45;10773082;16.21;4.1;10.16
John Paxson;5;1981;23;4;BOS;SF;87;1581;3.02;14012793;8.54;7.64;8.09
John Paxson;6;1982;24;5;{{error(team, INCORRECT_COND_STATE, 5, team-sm, get(year))}};SF;19;461;3.09;14292559;16.78;10.66;18.07
John Paxson;7;1983;25;6;BOS;PF;24;860;3.06;14172659;21.13;7.85;14.49
John Paxson;8;1984;26;7;DEN;SF;22;190;2.51;11974502;13.52;10.34;14.46
John Paxson;9;1985;27;8;DET;SG;13;561;2.43;11654770;-15.07;1.46;5.52
John Paxson;10;1986;28;9;MIL;SG;73;257;1.32;7218488;6.89;1.94;4.42
John Paxson;11;1986;28;9;NJN;C;36;580;0.26;2982039;8.61;4.88;6.75
John Paxson;12;1987;29;10;NJN;SG;25;683;-2.80;873046;7.81;4.2;6.01
John Paxson;13;1988;30;11;PHO;SG;5;35;-2.40;998130;7.96;2.66;5.31
John Paxson;14;1989;31;12;PHO;SG;40;607;-2.69;931604;14.46;3.68;9.07
John Paxson;15;1990;32;13;MEM;SG;81;1970;-2.21;863718;8.25;-16.23;5.96
John Paxson;16;1991;32;14;MEM;SG;54;3373;-2.41;969664;9.69;4.59;7.14
John Paxson;17;1992;34;15;MEM;SG;68;1354;-1.46;886777;10.74;8.9;9.69
John Paxson;18;1993;35;16;UTA;SG;64;2368;-2.62;811276;4.34;3.01;3.68
John Paxson;19;1994;36;17;UTA;SG;44;-3086;-2.79;953055;12.96;7.64;10.3
John Paxson;20;1995;37;18;UTA;SG;72;246;-1.15;1560745;15.43;1.08;8.26
John Paxson;21;1996;38;19;UTA;SG;68;383;-0.20;1143580;9.37;8.91;9.14
John Paxson;22;1997;39;18;NOH;SG;32;19;-0.30;743915;7.65;4.12;5.89
John Paxson;23;1998;40;22;CHH;SG;71;151;1.01;5979527;7.88;-0.63;8.37
John Paxson;24;1999;38;22;CHH;PF;7;71;0.67;4620666;10.43;1.76;6.1
John Paxson;25;2000;42;23;CHH;SG;5;201;-0.03;1823010;8.9;3.68;6.29
John Paxson;26;2001;43;24;MEM;SG;71;2141;0.32;3221838;7.71;7.17;7.44
John Paxson;27;2002;44;25;LAC;SG;56;1089;0.70;4740565;10.59;1.78;6.19
John Paxson;28;2003;45;26;LAC;SG;68;1263;0.51;3981202;6.43;4.93;5.68
John Paxson;29;2004;46;27;LAC;SG;12;117;0.25;2942073;10.32;3.91;7.12
John Paxson;30;2005;47;28;LAC;SG;3;124;-0.13;1423345;6.97;7.15;7.06
John Paxson;31;2006;48;29;PHO;SG;47;997;-0.45;121975;9.92;4.73;7.33
John Paxson;32;2007;49;30;SDC;SG;51;1768;-1.04;687799;11.45;3.38;7.42
John Paxson;33;2008;50;31;DET;SG;23;975;-0.13;1423345;6.21;4.32;5.27
John Paxson;34;2009;51;32;DET;SG;40;1392;-0.60;980106;8.92;6.24;8.12
John Paxson;35;2010;52;33;PHO;SG;38;1398;-0.69;927579;12.7;4.68;8.69
Joe Johnson;1;1979;21;3;CLE;SG;9;253;0.38;3461637;9.3;3.7;6.5
Joe Johnson;2;1980;17;4;CLE;SG;72;2563;0.37;3421671;7.06;4.02;5.54
Joe Johnson;3;1981;23;5;SEA;SG;80;2350;0.29;3101939;8.77;5.13;6.95
Joe Johnson;4;1982;24;6;SEA;SF;20;627;2.01;9976176;11.83;9.43;10.63
Joe Johnson;5;1983;25;7;SEA;SF;10;67;1.62;8417483;10.52;6.0;8.26
Joe Johnson;6;1983;25;7;MIL;SF;53;725;2.64;12494066;12.27;6.17;9.22
Joe Johnson;7;1984;26;8;MIL;PF;61;1975;3.83;17250080;15.94;9.43;12.69
Joe Johnson;8;1985;27;9;CLE;PF;23;334;3.59;16290884;15.28;9.48;12.38
Joe Johnson;9;1986;28;10;CLE;PF;33;586;2.94;13693061;29.74;7.73;18.74
Joe Johnson;10;1987;29;11;DET;PF;86;17;2.11;10375842;16.83;7.32;9.29
Joe Johnson;11;1988;30;12;DET;PF;28;-1782;1.32;7218488;21.75;10.92;16.34
Joe Johnson;12;1989;31;13;DET;PF;3;125;1.67;8617316;16.32;14.72;14.88
Joe Johnson;13;1990;32;9;DET;PF;73;-1458;1.83;9256780;19.61;9.14;14.38
Joe Johnson;14;1991;33;15;GSW;PF;24;25;1.66;8577349;20.8;4.31;12.56
Joe Johnson;15;1991;33;15;CHH;PF;7;319;2.62;12414133;8.01;2.11;5.06
Joe Johnson;16;1991;33;15;GSW;PF;31;1063;1.18;6658957;17.8;12.62;15.21
Joe Johnson;17;1992;34;16;GSW;SF;94;770;1.00;5939560;11.34;7.05;9.2
Joe Johnson;18;1993;35;17;HOU;SF;13;220;0.37;3421671;16.88;33.00;9.31
Joe Johnson;19;1993;35;17;MEM;SF;49;1071;-1.61;838064;17.38;6.85;12.12
Joe Johnson;20;1994;36;18;MEM;SF;21;392;-1.35;796995;14.28;8.6;11.44
Joe Johnson;21;1995;37;19;MEM;PF;67;3208;-0.51;816990;14.08;11.29;12.69
Joe Johnson;22;1996;38;20;PHI;C;43;532;-0.19;1183546;25.5;31.87;37.72
Joe Johnson;23;1996;38;20;MIN;C;14;278;-1.54;987721;15.6;9.19;12.4
Joe Johnson;24;1997;39;21;MIN;C;64;1104;-1.09;614572;12.19;2.91;7.55
Joe Johnson;25;1998;40;22;MIA;C;66;2386;-1.54;766964;75.09;15.83;17.07
Joe Johnson;26;1999;41;23;MEM;C;45;645;-1.56;768338;10.8;-19.97;7.29
Joe Johnson;27;2000;42;24;MIL;SF;80;3662;-1.65;625109;20.56;12.25;16.41
Joe Johnson;28;2001;43;25;MIL;SF;11;261;-2.03;631023;10.97;6.37;8.67
Joe Johnson;29;2001;43;25;NJN;SF;57;1673;-3.00;971267;9.22;6.15;7.69
Joe Johnson;30;2002;44;26;NJN;PG;64;2229;-3.00;839198;16.45;8.4;12.43
Joe Johnson;31;2003;45;27;NJN;SF;23;458;-3.00;860023;40.50;6.24;7.23
Joe Johnson;32;2004;46;28;NJN;SF;58;2435;-3.00;957143;12.76;10.81;11.79
Joe Johnson;33;2005;47;29;SAS;SF;59;2710;-3.00;709674;18.48;5.44;16.41
Joe Johnson;34;2006;48;30;ORL;PG;68;1896;-3.00;941052;8.35;6.59;7.47
Joe Johnson;35;2007;49;31;ORL;SF;12;371;-3.00;878557;17.3;7.02;14.94
Pablo Prigioni;1;1978;17;2;MEM;C;26;931;-0.79;764242;16.77;18.31;17.54
Pablo Prigioni;2;1979;18;3;PHI;C;36;1458;-0.24;983714;14.63;7.25;10.94
Pablo Prigioni;3;1980;19;4;POR;C;14;184;0.66;4580699;11.52;9.05;10.29
Pablo Prigioni;4;1981;20;5;POR;C;75;8781;2.06;10176009;23.58;3.78;13.68
Pablo Prigioni;5;1982;21;6;POR;C;79;3327;2.65;12534033;15.93;18.85;17.39
Pablo Prigioni;6;1983;22;7;SDC;PG;35;502;1.67;8617316;12.02;3.82;7.92
Pablo Prigioni;7;1984;23;8;SDC;SG;77;2595;0.62;4420833;12.33;1.04;6.69
Pablo Prigioni;8;1985;24;9;ATL;SG;68;1981;0.18;2662307;10.8;4.0;7.4
Pablo Prigioni;9;1986;25;10;ATL;PG;35;1574;0.24;2902106;10.35;4.12;7.24
Pablo Prigioni;10;1987;26;11;ATL;C;50;1336;-1.97;886983;14.28;-15.61;8.7
Pablo Prigioni;11;1988;27;12;NJN;PG;18;488;-1.80;989647;4.83;4.3;4.57
Pablo Prigioni;12;1989;28;13;GSW;PG;3;6;-1.45;878830;11.51;2.69;7.1
Pablo Prigioni;13;1990;29;14;PHI;PG;71;2502;-1.41;735032;4.01;4.9;4.46
Pablo Prigioni;14;1990;29;14;CHH;PG;38;1315;-1.91;802520;10.01;1.77;5.89
Pablo Prigioni;15;1991;30;15;MIA;PG;16;526;-2.86;726654;11.08;4.16;7.62
Pablo Prigioni;16;1992;31;16;MIA;PG;49;1190;-3.00;930612;4.24;3.18;3.30
Pablo Prigioni;17;1993;32;17;GSW;PG;70;3659;-3.00;965139;11.38;6.76;9.07
Pablo Prigioni;18;1994;33;18;BOS;PG;26;621;-3.00;699332;7.7;3.66;5.68
Pablo Prigioni;19;1995;34;19;WSB;PG;63;190;-3.00;687644;6.37;2.53;4.45
Pablo Prigioni;20;1996;35;20;WAS;SG;19;384;-2.53;637532;10.27;2.37;6.25
Pablo Prigioni;21;1996;35;20;PHI;SG;19;664;-2.63;660684;-31.47;4.27;6.56
Pablo Prigioni;22;1997;36;21;PHI;SG;98;392;-3.00;977138;6.77;4.83;5.8
Pablo Prigioni;23;1998;37;22;SAS;SG;73;3103;-3.00;905680;13.9;4.88;9.39
Pablo Prigioni;24;1999;38;23;IND;SG;48;231;-3.00;957582;9.35;3.33;6.34
Pablo Prigioni;25;2000;39;24;IND;SG;75;2788;-2.68;792794;12.8;3.15;7.98
Pablo Prigioni;26;2000;39;24;CHI;SG;60;1964;-2.82;702230;9.92;1.61;5.77
Pablo Prigioni;27;2001;40;25;NOJ;SG;11;132;-3.00;753191;10.47;7.82;9.15
Pablo Prigioni;28;2002;41;26;WSB;SG;41;1255;-2.63;998665;5.8;6.04;5.28
Pablo Prigioni;29;2003;42;27;WSB;SG;77;2475;-0.89;616938;10.77;0.53;5.65
Pablo Prigioni;30;2004;43;28;WSB;SF;74;2802;-0.31;703948;20.29;3.83;12.06
Pablo Prigioni;31;2004;43;28;NYK;SG;78;2646;-0.45;144417;10.26;4.9;7.58
Pablo Prigioni;32;2005;44;29;NYK;SG;44;778;-0.20;1143580;10.47;6.96;8.72
Pablo Prigioni;33;2006;45;30;NYK;SG;72;10107;-0.15;1343412;6.09;5.73;5.91
Pablo Prigioni;34;2007;46;31;NYK;PG;49;1943;-0.88;719183;12.41;2.51;7.46
Pablo Prigioni;35;2008;47;32;NYK;PG;58;1579;0.27;3022006;7.87;4.02;5.95
J.J. Barea;1;1979;19;3;NYK;SF;23;446;-1.20;805855;11.45;7.88;9.67
J.J. Barea;2;1980;20;4;NYK;SF;53;1590;-0.33;624015;23.78;6.74;9.57
J.J. Barea;3;1981;21;6;NYK;SG;38;709;-0.04;1783044;8.87;1.34;5.11
J.J. Barea;4;1982;22;6;NYK;SG;81;528;0.61;4380867;7.49;4.2;5.85
J.J. Barea;5;1983;23;7;NYK;SG;3;97;0.79;5100264;8.96;1.11;5.04
J.J. Barea;6;1984;24;8;NJN;SG;50;128;0.18;2662307;6.98;5.07;6.03
J.J. Barea;7;1985;25;9;NJN;SG;94;157;1.05;5533453;13.64;6.11;9.88
J.J. Barea;8;1985;25;9;NJN;SG;50;1283;2.37;11414971;12.6;1.18;6.89
J.J. Barea;9;1986;26;10;PHO;SG;61;2610;1.23;6239624;11.38;2.59;6.99
J.J. Barea;10;1987;24;11;PHO;SG;8;274;1.21;6778857;11.94;2.24;7.09
J.J. Barea;11;1987;28;11;CLE;PG;2;54;2.93;13653095;11.84;3.01;7.43
J.J. Barea;12;1988;28;12;CLE;PG;10;207;2.30;11135205;7.29;3.88;5.63
J.J. Barea;13;1989;29;13;CLE;PG;55;405;0.76;4980364;2.75;2.24;2.5
J.J. Barea;14;1990;30;14;MIA;PG;44;-1418;-0.21;1103613;11.81;4.1;7.96
J.J. Barea;15;1991;31;15;DET;PG;3;135;-1.09;909534;8.72;1.97;5.35
J.J. Barea;16;1992;32;16;CHA;PG;6;251;-0.98;765795;8.64;3.23;5.94
J.J. Barea;17;1993;33;19;CHA;PG;42;134;-1.97;744145;6.11;2.28;4.2
J.J. Barea;18;1993;33;17;NYK;PG;18;390;-1.81;696083;11.08;1.78;6.43
J.J. Barea;19;1993;33;17;SAS;PG;13;491;-2.18;957756;7.22;0.04;3.63
J.J. Barea;20;1994;37;18;SAS;PG;74;306;-2.52;985474;5.74;0.65;3.2
J.J. Barea;21;1995;35;19;SAS;PG;48;1970;-1.59;670284;7.38;2.76;5.07
J.J. Barea;22;1996;36;20;SAS;C;41;-1401;-1.99;935976;7.11;3.01;5.06
J.J. Barea;23;1996;36;20;ATL;PG;23;2148;-2.10;672258;6.75;4.99;5.22
J.J. Barea;24;1996;36;20;ATL;PG;47;1854;-2.53;875662;5.16;2.57;3.87
J.J. Barea;25;1996;36;20;ATL;PG;11;100;-2.51;792733;12.82;4.69;8.76
J.J. Barea;26;1997;37;21;ATL;PG;12;450;-2.91;904364;8.9;0.56;4.73
J.J. Barea;27;1998;38;22;MIL;PG;97;2631;-3.00;763848;3.07;1.25;2.16
J.J. Barea;28;1999;39;23;MIL;PG;7;240;-3.00;762679;-12.07;4.22;6.71
J.J. Barea;29;2000;40;24;MIL;PG;56;2371;-3.00;953122;3.12;4.79;3.96
J.J. Barea;30;2001;41;25;MIL;PG;24;-1952;-2.09;730242;7.23;1.8;5.10
J.J. Barea;31;2001;41;23;WSB;PG;91;132;-2.15;986718;12.08;4.52;8.3
J.J. Barea;32;2002;42;26;DAL;PG;44;1701;-0.88;975376;6.73;5.69;6.21
J.J. Barea;33;2003;43;27;NYK;PG;55;976;-2.12;692625;8.88;1.43;5.16
J.J. Barea;34;2004;44;28;NYK;PG;6;102;-2.85;828930;6.4;0.96;3.68
J.J. Barea;35;2004;44;28;DAL;PG;69;689;-4.32;885747;7.42;3.86;5.64
Gabe Pruitt;1;1979;19;1;DAL;SF;14;36;0.31;3181872;11.4;13.66;12.53
Gabe Pruitt;2;1980;20;2;DAL;SF;87;2337;1.34;7298421;10.76;3.39;7.08
Gabe Pruitt;3;1981;21;0;DAL;SF;90;2260;1.58;8257617;14.0;2.91;8.46
Gabe Pruitt;4;1982;22;4;DAL;SF;76;2305;-21.78;12653932;11.92;6.87;9.4
Gabe Pruitt;5;1983;23;5;CHA;SF;64;2819;3.34;15291721;13.52;10.85;12.19
Gabe Pruitt;6;1983;23;5;CHI;SG;11;-682;2.90;13533195;15.39;8.57;11.98
Gabe Pruitt;7;1983;23;5;KCK;SG;96;2560;2.71;12773832;9.82;4.95;7.39
Gabe Pruitt;8;1984;24;6;KCK;C;61;1123;3.03;14052760;8.46;26.14;6.29
Gabe Pruitt;9;1985;25;7;CLE;SG;45;2152;4.90;21526495;10.15;7.35;8.75
Gabe Pruitt;10;1986;26;8;CLE;SG;22;286;6.04;26082676;11.48;3.88;7.68
Gabe Pruitt;11;1987;27;9;CLE;SG;13;431;6.53;28041035;7.95;1.27;4.61
Gabe Pruitt;12;1987;27;9;NJN;SG;1;37;7.55;32117618;42.79;3.84;8.12
Gabe Pruitt;13;1988;28;10;NJN;SG;70;1517;7.99;33876144;5.44;9.33;7.39
Gabe Pruitt;14;1988;28;10;CHH;SG;75;3271;8.67;36593866;8.22;3.06;5.64
Gabe Pruitt;15;1989;29;11;CHH;SG;36;710;7.43;31638020;8.58;6.63;7.61
Gabe Pruitt;16;1990;30;12;CHH;SF;61;1910;8.04;34075976;13.48;4.79;9.14
Gabe Pruitt;17;1991;31;13;ORL;SF;19;699;7.89;33476479;18.46;8.17;13.32
Gabe Pruitt;18;1992;32;14;NYK;SF;7;166;7.39;31478154;13.39;-35.95;10.62
Gabe Pruitt;19;1992;32;14;ATL;SF;51;720;6.09;26282509;6.42;7.93;7.18
Gabe Pruitt;20;1993;33;15;ATL;PG;30;1097;6.58;28240867;13.43;15.32;14.38
Gabe Pruitt;21;1994;34;16;BOS;PF;9;978;7.43;31638020;17.87;7.55;12.71
Gabe Pruitt;22;1995;35;17;ATL;PF;24;891;8.15;34515608;11.37;15.07;13.22
Gabe Pruitt;23;1995;35;17;MIN;PG;35;330;7.86;33356579;27.93;9.02;21.46
Gabe Pruitt;24;1996;36;18;HOU;SF;56;2185;7.16;30558924;18.81;-17.67;13.35
Gabe Pruitt;25;1996;36;18;HOU;PF;10;83;6.80;29120130;22.49;10.94;16.72
Gabe Pruitt;26;1996;36;18;CLE;PF;72;254;6.65;27881952;18.24;17.75;18.0
Gabe Pruitt;27;1997;37;19;DET;PF;7;217;6.16;26562274;20.56;10.84;15.7
Gabe Pruitt;28;1998;38;20;DET;PF;80;2114;5.93;25643045;50.59;13.98;11.41
Gabe Pruitt;29;1999;39;21;NJN;PF;47;1674;5.13;22445725;17.15;6.53;11.84
Gabe Pruitt;30;2000;40;22;NJN;PF;34;1220;4.72;20807098;30.21;7.0;18.61
Gabe Pruitt;31;2001;41;23;NJN;SG;61;1644;4.22;18808773;10.33;15.21;12.77
Gabe Pruitt;32;2002;42;24;NJN;PF;67;1336;4.01;17969477;11.8;7.21;9.51
Gabe Pruitt;33;2002;42;24;LAL;PF;51;333;3.16;14572324;15.36;7.25;11.31
Gabe Pruitt;34;2003;43;25;LAL;PF;86;1407;3.58;16250917;20.68;7.74;14.21
Gabe Pruitt;35;2004;44;26;ATL;PF;63;988;3.56;16170984;23.91;14.31;19.11
Greg Dreiling;1;1978;21;1;SAS;SG;45;2033;1.03;6059460;6.34;7.87;7.11
Greg Dreiling;2;1979;22;2;DEN;SG;73;583;1.04;6099426;11.69;2.31;7.0
Greg Dreiling;3;1980;23;3;DEN;PF;1;31;1.66;8577349;6.98;2.54;4.76
Greg Dreiling;4;1981;24;4;DEN;SG;24;719;2.75;12933698;8.69;3.32;6.01
Greg Dreiling;5;1981;24;4;IND;SG;25;41;-36.81;13413296;6.43;5.01;5.72
Greg Dreiling;6;1982;25;5;MEM;SF;40;1091;2.69;12693899;20.4;12.76;16.58
Greg Dreiling;7;1983;26;6;IND;SF;92;1029;2.52;12014468;12.67;3.59;8.13
Greg Dreiling;8;1984;27;7;IND;SF;27;1075;2.43;11654770;19.56;10.61;15.09
Greg Dreiling;9;1985;28;8;NOH;SF;48;1245;2.56;12174334;18.1;3.85;10.98
Greg Dreiling;10;1985;28;8;ATL;SF;4;70;2.66;12573999;17.89;11.24;14.57
Greg Dreiling;11;1986;29;9;ATL;SF;72;2022;3.34;15291721;-3.63;6.51;8.84
Greg Dreiling;12;1987;30;10;ATL;SG;55;1511;2.40;11534870;17.05;2.4;9.73
Greg Dreiling;13;1988;31;11;SEA;SG;30;1272;1.73;8857115;7.83;3.53;5.68
Greg Dreiling;14;1989;32;12;LAC;SG;69;668;2.82;13213463;11.78;2.5;7.14
Greg Dreiling;15;1990;33;13;LAC;SG;65;206;2.47;11814636;15.1;6.27;10.69
Greg Dreiling;16;1991;34;14;NYK;SG;34;1142;2.87;13413296;6.24;6.05;6.15
Greg Dreiling;17;1992;35;15;NYK;SG;54;716;2.92;13613128;9.18;5.52;7.35
Greg Dreiling;18;1993;36;16;NYK;SG;6;186;-8.79;12054435;7.73;5.79;6.76
Greg Dreiling;19;1994;37;17;NYK;SG;9;141;2.60;12334200;5.95;2.74;4.35
Greg Dreiling;20;1995;38;18;NYK;SF;60;1749;0.87;5419996;12.36;5.37;8.87
Greg Dreiling;21;1996;39;19;NYK;SF;27;760;0.80;5140230;8.48;9.76;9.12
Greg Dreiling;22;1997;40;20;NYK;SF;1;13;0.11;2382542;14.19;7.65;10.92
Greg Dreiling;23;1998;41;21;NYK;SF;59;287;0.00;1942910;17.32;8.61;12.97
Greg Dreiling;24;1999;42;22;NYK;PF;15;959;-0.35;556536;27.01;4.11;15.56
Greg Dreiling;25;2000;43;23;NYK;PF;64;1425;-0.64;648830;14.96;10.77;12.87
Greg Dreiling;26;2001;44;24;NJN;PF;22;961;0.09;2302609;12.56;6.47;9.52
Greg Dreiling;27;2002;45;25;ORL;PF;65;1389;-19.05;464149;26.28;5.82;16.05
Greg Dreiling;28;2003;46;26;MIL;PF;24;483;-0.06;1703111;10.68;13.48;12.08
Greg Dreiling;29;2004;47;27;MIL;PF;73;2579;-0.73;789833;21.52;8.14;14.83
Greg Dreiling;30;2005;48;28;MIL;PF;67;3172;-0.16;1303446;23.05;5.71;14.38
Greg Dreiling;31;2006;49;29;MIL;C;39;3105;-18.82;942600;15.79;1.56;8.68
Greg Dreiling;32;2007;50;30;MIL;PG;7;192;0.51;3981202;21.04;17.42;19.23
Greg Dreiling;33;2008;51;31;SEA;C;39;524;-0.25;943747;23.15;16.67;19.91
Greg Dreiling;34;2009;52;32;SEA;C;27;3538;-1.55;895502;29.49;7.69;18.59
Greg Dreiling;35;2010;53;33;PHI;C;1;31;-2.24;869292;-29.70;26.44;16.08
Vernon Maxwell;1;1979;19;4;PHI;PG;28;231;1.18;6658957;3.73;1.85;2.79
Vernon Maxwell;2;1980;20;5;MIN;PG;75;1368;0.39;3501604;6.9;3.5;5.2
Vernon Maxwell;3;1981;21;6;DEN;PG;50;852;1.74;8897081;10.58;2.79;6.69
Vernon Maxwell;4;1982;22;7;DEN;PG;42;1918;2.11;10375842;7.81;4.03;5.92
Vernon Maxwell;5;1983;23;8;DEN;PG;24;1108;2.61;12374167;6.68;3.62;5.51
Vernon Maxwell;6;1984;24;9;CLE;PG;29;3003;2.55;12134368;8.49;3.39;5.94
Vernon Maxwell;7;1985;25;10;CLE;PG;90;1371;1.58;8257617;47.38;2.18;2.61
Vernon Maxwell;8;1985;25;10;PHO;PG;71;1559;2.44;11694736;5.15;1.74;3.45
Vernon Maxwell;9;1986;26;11;PHO;PG;46;958;2.58;12254267;4.82;1.84;3.33
Vernon Maxwell;10;1987;27;12;PHO;PG;61;1450;4.55;20127668;10.51;0.11;5.31
Vernon Maxwell;11;1988;28;13;CHA;PG;51;1129;4.66;20567299;3.23;1.5;2.37
Vernon Maxwell;12;1989;29;14;CHA;PG;29;682;3.12;14412458;6.48;3.07;4.78
Vernon Maxwell;13;1990;30;15;CHA;PG;76;301;1.51;7977852;8.21;5.18;6.7
Vernon Maxwell;14;1991;31;16;MIN;PG;72;1091;2.38;11454937;7.39;2.26;4.83
Vernon Maxwell;15;1992;32;17;MIN;PG;86;1205;1.30;7138555;8.82;4.54;6.68
Vernon Maxwell;16;1993;33;18;UTA;PG;69;193;0.75;4940398;10.07;6.19;8.13
Vernon Maxwell;17;1994;34;19;UTA;PG;33;438;0.80;5140230;7.5;3.66;5.58
Vernon Maxwell;18;1995;35;20;WSB;PF;5;133;0.96;5779694;5.24;0.61;2.93
Vernon Maxwell;19;1996;36;21;WSB;SG;63;423;0.98;5859627;9.96;5.78;7.87
Vernon Maxwell;20;1997;32;24;WSB;SG;52;1430;0.16;2582374;11.84;5.71;8.78
Vernon Maxwell;21;1997;37;22;ATL;SG;58;1388;1.00;5939560;14.48;35.75;9.34
Vernon Maxwell;22;1997;37;19;KCK;SG;61;864;-0.22;1063647;13.77;2.46;8.12
Vernon Maxwell;23;1998;34;23;KCK;SG;81;1982;-0.09;810431;4.65;8.64;6.48
Vernon Maxwell;24;1999;39;24;KCK;PG;27;706;-5.51;1982877;2.38;-14.31;2.2
Vernon Maxwell;25;2000;40;25;KCK;PG;38;1025;-0.03;1823010;5.65;1.2;3.43
Vernon Maxwell;26;2001;41;26;KCK;SG;61;877;-1.48;834116;11.83;1.47;6.53
Vernon Maxwell;27;2002;42;27;KCK;PG;45;312;-1.50;933496;5.17;0.85;3.01
Vernon Maxwell;28;2003;43;28;SAC;PG;72;295;-0.84;887315;7.13;0.44;4.63
Vernon Maxwell;29;2004;44;29;SAC;PG;40;1908;-1.28;991270;9.56;1.4;5.48
Vernon Maxwell;30;2005;45;30;SAC;PG;73;2262;-1.29;762776;12.53;3.71;8.12
Vernon Maxwell;31;2006;46;31;DEN;PG;57;2673;-1.51;838557;9.14;4.63;6.89
Vernon Maxwell;32;2007;47;32;DEN;PG;46;246;-2.21;833174;9.63;3.91;6.77
Vernon Maxwell;33;2008;48;30;PHI;PG;77;529;-27.14;949932;6.72;0.85;3.79
Vernon Maxwell;34;2009;49;34;PHI;PG;37;152;-2.99;923445;13.47;2.86;8.17
Vernon Maxwell;35;2010;50;35;PHI;PG;65;340;-2.81;783026;4.2;1.28;2.74
Al Harrington;1;1978;16;0;IND;SF;77;2375;0.80;5140230;18.88;10.41;14.65
Al Harrington;2;1979;19;1;IND;SF;45;540;0.20;2742240;13.16;4.92;9.04
Al Harrington;3;1980;18;2;IND;SG;35;1364;0.58;4260967;8.15;3.92;6.04
Al Harrington;4;1981;19;3;IND;SG;14;60;0.34;3301771;4.36;1.86;3.11
Al Harrington;5;1982;20;4;HOU;SG;25;2060;0.89;5499929;12.27;0.04;6.16
Al Harrington;6;1983;21;5;HOU;SG;19;110;1.16;6579024;6.66;3.43;5.05
Al Harrington;7;1984;22;6;HOU;SG;19;447;2.74;12893731;10.63;5.68;8.16
Al Harrington;8;1985;23;7;CLE;SG;90;1447;3.31;15171822;12.84;5.45;9.15
Al Harrington;9;1986;24;8;NOP;PG;19;885;3.52;16011118;6.13;2.23;4.18
Al Harrington;10;1987;25;9;TOR;PG;10;362;3.53;16051085;12.93;3.02;7.98
Al Harrington;11;1988;26;10;TOR;PG;50;1625;2.29;11095239;3.54;2.63;3.09
Al Harrington;12;1989;27;11;TOR;PG;33;4053;1.25;6938723;2.84;5.09;3.97
Al Harrington;13;1989;27;11;PHO;PG;96;294;0.31;2305791;8.15;2.16;5.16
Al Harrington;14;1990;28;12;MIA;PG;33;415;0.70;4740565;8.54;0.08;4.31
Al Harrington;15;1991;29;13;MIA;PG;47;54;0.71;4780532;5.29;3.9;4.6
Al Harrington;16;1992;30;14;MIA;PG;35;951;0.12;2422508;7.38;1.83;4.61
Al Harrington;17;1993;31;15;ORL;PG;12;28;-0.14;1383379;10.01;6.41;8.21
Al Harrington;18;1994;32;16;ORL;PG;48;1937;-0.28;823848;9.45;2.57;6.01
Al Harrington;19;1995;33;17;MIL;PG;53;218;-0.33;624015;8.86;2.83;5.85
Al Harrington;20;1996;29;18;MIL;PG;46;387;0.07;2222676;5.24;0.76;3.0
Al Harrington;21;1997;35;19;MIL;PG;74;9857;0.62;4420833;10.03;1.86;5.95
Al Harrington;22;1998;36;20;DET;PG;34;859;29.79;5819661;8.5;1.68;5.09
Al Harrington;23;1999;37;17;DET;PG;2;91;0.39;3501604;10.21;2.63;6.42
Al Harrington;24;2000;38;22;DET;C;27;634;-0.09;1583211;15.08;4.17;9.63
Al Harrington;25;2001;39;23;HOU;C;70;2071;-0.48;24518;14.5;3.3;8.9
Al Harrington;26;2002;40;24;HOU;PG;80;2553;-0.99;502189;6.67;4.88;5.78
Al Harrington;27;2003;41;25;HOU;PG;21;56;1.09;6299259;9.47;2.47;5.97
Al Harrington;28;2004;42;26;HOU;PG;14;249;1.02;6019493;8.3;3.86;6.08
Al Harrington;29;2005;43;27;CHA;SG;65;595;0.58;4260967;10.59;1.59;6.09
Al Harrington;30;2006;44;28;ORL;SG;61;2174;0.66;4580699;14.48;5.45;9.97
Al Harrington;31;2007;45;29;HOU;SG;59;947;0.76;4980364;19.3;3.89;11.6
Al Harrington;32;2007;45;29;POR;SG;65;2724;-0.21;1103613;11.47;0.49;5.98
Al Harrington;33;2008;46;30;POR;SG;95;211;-0.79;680690;5.75;1.07;3.41
Al Harrington;34;2009;47;31;ATL;SG;54;1752;-0.78;858722;10.1;2.93;6.52
Al Harrington;35;2010;48;32;ATL;SG;55;1535;-0.73;814556;14.53;7.22;10.88
Patrick Christopher;1;1979;18;4;ATL;PG;11;32;0.56;4181034;7.17;0.63;3.9
Patrick Christopher;2;1980;19;5;ATL;PG;4;-334;1.41;7578187;12.54;2.22;7.38
Patrick Christopher;3;1981;20;6;ATL;PG;79;1380;1.99;9896244;9.08;2.6;5.84
Patrick Christopher;4;1982;21;7;ATL;PG;38;1531;2.82;13213463;10.39;3.14;6.77
Patrick Christopher;5;1983;22;8;BUF;PG;85;378;4.99;21886194;4.83;0.96;2.9
Patrick Christopher;6;1984;23;9;SDC;PG;25;892;3.91;17569812;7.34;0.53;3.94
Patrick Christopher;7;1984;20;9;DET;SG;42;799;3.90;17529845;13.49;1.83;7.66
Patrick Christopher;8;1985;24;10;DET;SF;55;1628;4.38;19448237;8.17;7.03;7.6
Patrick Christopher;9;1986;25;11;DET;SF;31;527;3.68;16650582;19.98;6.12;18.50
Patrick Christopher;10;1987;26;12;DET;SF;57;1874;2.80;13133530;10.71;11.9;11.31
Patrick Christopher;11;1988;27;13;DET;SF;56;2329;1.07;6219326;17.81;7.4;18.56
Patrick Christopher;12;1989;28;14;OKC;SF;44;205;2.19;10695574;10.14;0.79;5.47
Patrick Christopher;13;1990;29;15;SAS;SF;8;323;1.40;7538220;13.55;7.45;10.5
Patrick Christopher;14;1991;30;16;WAS;SF;19;720;1.29;7098589;16.56;1.12;8.84
Patrick Christopher;15;1992;31;17;WAS;SF;29;771;1.72;8817148;11.38;6.72;9.05
Patrick Christopher;16;1992;31;17;DET;SF;17;346;2.60;12334200;14.04;9.56;11.8
Patrick Christopher;17;1993;35;18;MIL;SF;55;1572;1.13;6459125;14.86;5.26;10.06
Patrick Christopher;18;1994;33;19;MIL;SF;12;314;15.40;7817986;11.17;6.02;8.6
Patrick Christopher;19;1995;34;20;MIL;SF;34;547;0.76;4980364;11.19;5.6;8.4
Patrick Christopher;20;1996;35;21;PHI;SF;44;1360;0.62;4420833;12.86;9.36;11.11
Patrick Christopher;21;1997;36;17;PHI;PG;29;1105;1.73;8857115;25.4;7.2;16.3
Patrick Christopher;22;1998;37;23;SAC;SF;56;2410;0.45;3741403;8.44;-10.28;6.69
Patrick Christopher;23;1999;38;24;SAC;SF;26;1117;-0.22;1063647;9.65;3.58;6.62
Patrick Christopher;24;2000;39;25;CHI;SF;76;8037;-0.56;139443;12.54;7.11;9.83
Patrick Christopher;25;2001;40;26;CHI;SF;6;284;-0.14;1383379;20.13;0.95;10.54
Patrick Christopher;26;2002;41;27;NYK;SF;14;290;0.40;3541570;16.83;31.43;11.36
Patrick Christopher;27;2003;42;28;PHO;PF;67;729;0.15;2542408;14.37;12.63;13.5
Patrick Christopher;28;2004;43;29;PHO;PF;6;142;-0.24;983714;20.86;15.32;18.09
Patrick Christopher;29;2005;44;30;DAL;PF;27;48;0.59;4300934;16.49;6.35;11.42
Patrick Christopher;30;2006;45;31;DAL;SF;50;1300;1.39;7498254;12.1;14.66;13.38
Patrick Christopher;31;2007;46;32;DAL;SF;64;307;1.34;7298421;15.47;4.47;9.97
Patrick Christopher;32;2007;46;32;WAS;SF;55;393;0.56;4181034;7.83;4.02;5.93
Patrick Christopher;33;2008;47;33;WAS;SF;44;2087;-0.15;1343412;17.18;8.21;12.7
Patrick Christopher;34;2009;47;34;LAC;SF;71;3;-0.66;748671;11.6;0.88;6.24
Patrick Christopher;35;2010;49;35;LAC;SF;86;1083;-0.84;770425;11.28;7.12;9.2
Maurice Harkless;1;1979;18;3;LAC;SF;33;1232;0.09;2302609;15.65;3.13;9.39
Maurice Harkless;2;1979;18;3;CLE;SF;37;1728;0.20;2742240;-22.48;2.31;10.39
Maurice Harkless;3;1980;19;4;CLE;PG;50;1022;-0.15;1343412;19.06;8.69;13.88
Maurice Harkless;4;1981;20;5;LAL;SF;7;251;0.55;4141068;12.22;9.95;11.09
Maurice Harkless;5;1982;21;6;LAL;SF;22;625;1.94;9696411;12.35;9.22;10.79
Maurice Harkless;6;1983;22;7;VAN;SF;14;625;2.51;11974502;6.65;5.39;6.02
Maurice Harkless;7;1984;23;8;HOU;SF;59;846;2.94;13693061;8.15;1.29;4.72
Maurice Harkless;8;1985;24;9;MEM;SF;76;3571;20.98;11534870;16.81;10.12;13.47
Maurice Harkless;9;1985;24;9;LAC;SF;4;77;2.19;10695574;10.28;7.41;8.85
Maurice Harkless;10;1985;24;6;DET;SF;20;315;2.97;13812961;11.23;12.5;11.87
Maurice Harkless;11;1985;24;9;WSB;SF;5;182;3.12;14412458;16.69;7.43;12.06
Maurice Harkless;12;1986;25;10;SEA;SF;64;2820;5.25;22925323;15.41;5.21;10.31
Maurice Harkless;13;1987;26;11;SAC;SF;18;27;6.91;29559762;15.85;5.31;10.58
Maurice Harkless;14;1988;27;12;IND;SG;18;357;7.87;33396546;63.91;8.87;6.5
Maurice Harkless;15;1989;28;13;IND;SG;41;1369;7.92;33596378;9.61;2.34;5.98
Maurice Harkless;16;1990;29;14;LAC;SG;12;410;8.42;35594703;13.82;5.82;9.82
Maurice Harkless;17;1991;30;15;UTA;SG;6;254;7.83;33236680;10.4;6.71;8.56
Maurice Harkless;18;1992;31;16;ORL;SG;60;906;6.92;29599728;5.59;3.52;4.56
Maurice Harkless;19;1993;32;17;ORL;SG;24;1137;6.22;26802073;6.61;2.82;4.72
Maurice Harkless;20;1994;33;18;ORL;SG;59;362;6.42;27601403;11.19;0.41;5.8
Maurice Harkless;21;1995;34;19;ORL;PF;42;1436;4.86;14132973;5.6;3.44;4.52
Maurice Harkless;22;1996;35;20;ORL;SG;69;1295;4.20;18728840;12.33;1.38;6.86
Maurice Harkless;23;1997;36;21;ORL;SG;14;345;3.29;15091889;8.93;2.41;5.67
Maurice Harkless;24;1998;37;22;ORL;SG;69;9102;3.23;14852090;12.15;1.53;5.90
Maurice Harkless;25;1999;38;23;ORL;SG;14;542;2.96;13772994;8.27;6.88;7.58
Maurice Harkless;26;2000;39;24;ORL;SG;74;2892;3.93;17649745;9.46;4.31;6.89
Maurice Harkless;27;2001;40;25;ORL;SG;30;454;50.29;17609778;4.0;5.31;4.66
Maurice Harkless;28;2002;41;26;BRK;SF;69;1190;3.77;17010281;21.39;4.4;22.31
Maurice Harkless;29;2003;42;27;MIN;SF;29;730;4.17;18608941;15.55;5.18;10.37
Maurice Harkless;30;2004;43;28;MIN;SF;88;113;3.28;15051922;12.26;12.47;12.37
Maurice Harkless;31;2005;44;29;GSW;SF;16;416;3.56;16170984;15.11;20.47;11.12
Maurice Harkless;32;2006;45;30;CHI;SF;86;1126;3.15;14532358;16.39;10.7;13.55
Maurice Harkless;33;2007;46;31;CHI;SF;79;289;3.31;15171822;11.03;8.63;9.83
Maurice Harkless;34;2008;47;32;MEM;SF;21;24;3.54;16091051;24.61;6.99;15.8
Maurice Harkless;35;2009;48;33;MIN;SF;47;1006;2.57;19858292;15.67;2.63;9.15
Joe Stephens;1;1978;20;2;CHO;PG;36;634;2.21;10775507;8.05;0.1;4.08
Joe Stephens;2;1979;19;3;CLE;PG;12;243;2.11;10375842;9.61;4.09;6.85
Joe Stephens;3;1980;22;4;CLE;PG;44;1161;1.82;9216813;9.03;2.36;6.42
Joe Stephens;4;1981;23;5;CLE;PG;36;144;2.86;13373329;7.34;20.66;5.08
Joe Stephens;5;1982;24;6;CLE;PG;97;68;2.05;10136042;5.4;4.03;4.72
Joe Stephens;6;1982;24;6;LAC;PG;8;87;2.88;13453262;9.04;2.65;5.85
Joe Stephens;7;1983;25;7;DAL;PG;21;772;2.62;20787405;6.46;3.17;4.82
Joe Stephens;8;1984;26;8;DAL;PG;51;2036;2.69;12693899;8.65;0.89;4.77
Joe Stephens;9;1985;27;9;DAL;PG;33;720;3.30;15131855;31.83;5.17;5.4
Joe Stephens;10;1986;28;10;CLE;PG;56;1219;2.45;11734703;4.21;3.21;3.71
Joe Stephens;11;1987;29;11;CLE;PG;74;2062;1.97;9816311;12.1;0.25;6.18
Joe Stephens;12;1988;30;12;CLE;PG;39;648;1.47;7817986;10.98;2.86;6.92
Joe Stephens;13;1989;31;13;CLE;PG;60;885;1.27;7018656;6.75;1.01;3.88
Joe Stephens;14;1990;32;14;CLE;PG;37;1522;0.87;5419996;5.87;2.91;4.39
Joe Stephens;15;1991;33;15;WSB;C;47;1612;0.11;2382542;9.62;2.88;6.25
Joe Stephens;16;1992;34;16;WSB;PG;25;651;21.11;771678;8.27;1.97;5.12
Joe Stephens;17;1993;35;17;WSB;PG;61;235;-0.48;24518;11.03;1.96;6.5
Joe Stephens;18;1993;35;17;PHO;PG;4;70;-0.31;710525;7.51;0.52;4.02
Joe Stephens;19;1993;35;17;ATL;PG;68;799;-0.11;1503278;12.98;4.71;8.85
Joe Stephens;20;1994;36;18;ATL;PG;69;3066;-1.08;611513;6.88;4.92;5.9
Joe Stephens;21;1995;37;19;NOH;PG;10;357;-0.14;1383379;7.86;1.94;4.9
Joe Stephens;22;1996;38;20;DET;PG;12;164;-0.53;860307;14.41;3.86;9.14
Joe Stephens;23;1997;39;21;DET;PG;44;947;-0.61;782972;8.45;4.73;6.59
Joe Stephens;24;1998;40;22;TOR;PG;58;2103;-0.04;1783044;6.72;0.39;3.56
Joe Stephens;25;1998;40;22;NJN;PG;83;59;-0.31;703948;50.58;1.38;4.04
Joe Stephens;26;1999;41;23;CHH;PG;38;865;-1.31;988527;5.01;24.67;3.24
Joe Stephens;27;2000;42;24;CHH;PG;19;498;-2.41;689379;5.06;0.24;2.65
Joe Stephens;28;2001;43;25;CHH;PG;20;656;-30.59;949382;6.6;5.4;6.0
Joe Stephens;29;2002;44;26;KCK;PG;3;41;-2.02;664708;11.21;2.41;6.81
Joe Stephens;30;2003;45;27;SEA;PG;16;586;-0.26;903781;7.24;1.64;4.44
Joe Stephens;31;2004;46;28;BOS;PG;60;822;-0.49;818966;2.97;2.66;2.82
Joe Stephens;32;2005;47;29;LAL;PG;86;1337;42.04;973294;10.87;0.6;5.74
Joe Stephens;33;2006;48;30;LAL;PG;61;2621;-1.93;899091;11.73;0.06;5.9
Joe Stephens;34;2007;49;34;IND;PG;4;76;-29.24;819268;6.68;3.03;4.86
Joe Stephens;35;2008;50;32;DAL;PG;6;2;-2.76;745132;10.66;4.78;7.72
Darren Tillis;1;1979;19;3;DAL;SF;62;1391;0.11;2382542;14.59;14.61;14.6
Darren Tillis;2;1980;20;4;DAL;SF;15;155;0.81;5180197;11.63;12.9;12.27
Darren Tillis;3;1981;16;5;GSW;SF;98;687;1.12;6419158;11.99;3.17;7.58
Darren Tillis;4;1982;22;6;LAC;SF;80;3529;-33.16;14172659;13.38;8.02;10.7
Darren Tillis;5;1983;23;7;LAC;SF;48;77;4.64;20487366;6.31;8.7;7.51
Darren Tillis;6;1984;24;8;LAC;PG;52;2142;5.41;23564787;13.74;2.84;8.29
Darren Tillis;7;1985;25;9;LAC;SF;60;1862;4.60;20327500;15.09;8.93;12.01
Darren Tillis;8;1986;26;10;LAC;SF;80;2957;23.15;20807098;20.16;3.68;11.92
Darren Tillis;9;1987;30;6;LAC;SF;33;1451;4.57;20207601;11.19;1.72;6.46
Darren Tillis;10;1988;28;12;LAC;SF;16;127;3.87;17409946;6.55;8.11;7.33
Darren Tillis;11;1989;29;13;BOS;SF;5;166;2.98;13852927;11.8;9.36;10.58
Darren Tillis;12;1990;30;14;BOS;SG;57;975;2.29;11095239;11.13;6.47;8.8
Darren Tillis;13;1991;31;15;BOS;SG;29;1382;0.98;5859627;10.88;5.04;7.96
Darren Tillis;14;1992;32;16;PHO;SG;14;619;-30.74;11175172;13.65;1.18;7.42
Darren Tillis;15;1993;33;17;PHO;SG;19;540;1.36;7378354;11.03;2.0;6.52
Darren Tillis;16;1994;34;18;CHI;SG;48;527;0.79;5100264;13.39;3.65;8.52
Darren Tillis;17;1994;34;18;SAC;C;54;538;0.59;4300934;63.67;7.3;10.11
Darren Tillis;18;1995;35;19;SAC;SG;1;20;0.75;4940398;9.48;1.49;5.49
Darren Tillis;19;1996;36;20;SAC;SG;42;1708;0.60;4340900;13.53;5.34;9.44
Darren Tillis;20;1997;37;21;SAC;SG;25;489;-5.85;589762;12.18;7.06;9.62
Darren Tillis;21;1998;38;22;SAC;SG;13;70;0.31;3181872;10.3;2.72;6.51
Darren Tillis;22;1999;39;23;SAC;SG;31;1150;-1.41;988138;13.66;0.53;7.1
Darren Tillis;23;2000;36;24;SAC;SG;41;1277;-1.56;681715;6.64;5.84;6.24
Darren Tillis;24;2001;41;25;SAC;SG;15;117;-2.10;917569;6.65;6.36;6.51
Darren Tillis;25;2002;42;26;SAC;SG;33;773;-2.57;684914;5.02;5.36;5.19
Darren Tillis;26;2003;43;27;SAC;SG;42;808;-3.00;821757;6.49;1.91;4.2
Darren Tillis;27;2003;43;27;CHI;SF;30;-569;-3.00;860859;-26.95;4.38;8.13
Darren Tillis;28;2004;44;28;CHI;SF;5;12;-3.00;982371;18.18;3.26;10.72
Darren Tillis;29;2004;44;28;IND;SF;89;502;-3.00;622997;8.4;7.86;8.13
Darren Tillis;30;2005;45;29;IND;SF;24;140;-2.54;825565;14.83;0.87;7.85
Darren Tillis;31;2006;46;30;LAC;SG;32;546;-2.64;748147;13.05;6.47;9.76
Darren Tillis;32;2006;46;30;SEA;SG;79;3243;-2.18;836102;4.34;5.46;4.9
Darren Tillis;33;2007;47;31;BRK;SG;57;1286;-3.00;861952;11.76;3.74;7.75
Darren Tillis;34;2008;48;32;LAC;SF;51;484;-2.66;616852;11.51;4.24;7.88
Darren Tillis;35;2009;49;33;LAC;SF;20;868;-2.97;626197;15.48;3.88;9.68
Wayman Britt;1;1979;22;4;LAC;SF;34;1038;1.83;9256780;9.05;3.58;6.32
Wayman Britt;2;1979;22;4;ATL;SF;42;1323;1.71;8777182;6.98;2.8;4.89
Wayman Britt;3;1980;23;5;ATL;SF;42;1217;2.99;13892894;12.25;6.03;9.14
Wayman Britt;4;1981;24;6;ATL;SF;15;468;3.90;8819375;7.49;7.55;7.52
Wayman Britt;5;1982;25;2;NJN;SG;21;864;2.84;13293396;7.41;7.14;7.28
Wayman Britt;6;1983;26;8;NJN;SG;68;1536;2.35;11335038;8.39;6.7;7.55
Wayman Britt;7;1984;27;9;NJN;SG;35;612;1.55;8137718;8.93;1.56;5.25
Wayman Britt;8;1985;28;10;NJN;SF;39;900;1.61;8377517;6.36;12.05;9.21
Wayman Britt;9;1986;29;11;NJN;SF;88;1510;1.36;7378354;10.48;8.22;9.35
Wayman Britt;10;1987;30;12;NJN;SF;81;108;1.17;6618991;13.6;8.76;11.18
Wayman Britt;11;1988;31;13;NJN;SF;47;321;0.82;5220163;11.68;2.19;6.94
Wayman Britt;12;1989;32;14;VAN;SF;8;251;0.65;4540733;11.29;3.05;7.17
Wayman Britt;13;1990;33;15;NJN;SF;10;201;1.15;6539058;11.95;11.82;11.89
Wayman Britt;14;1991;34;16;NJN;SG;40;1411;1.60;8337550;8.03;0.14;4.09
Wayman Britt;15;1992;35;17;ATL;SG;34;1119;-0.32;663982;13.49;4.68;9.09
Wayman Britt;16;1993;36;18;ATL;SG;95;1044;-0.52;833387;4.08;3.71;3.9
Wayman Britt;17;1993;36;18;NJN;SG;20;939;-1.95;828952;8.13;6.76;7.45
Wayman Britt;18;1994;37;19;NJN;SG;65;228;-3.00;657107;8.04;4.3;6.17
Wayman Britt;19;1995;38;20;NJN;SG;17;451;-2.65;965808;5.57;5.99;5.78
Wayman Britt;20;1995;38;21;DAL;SG;61;2742;-1.42;1253314;8.07;2.04;5.06
Wayman Britt;21;1995;38;20;UTA;SG;78;3108;-1.35;943500;7.81;5.71;6.76
Wayman Britt;22;1996;39;21;UTA;SG;63;2044;-1.73;653113;6.84;6.33;6.59
Wayman Britt;23;1997;40;22;UTA;PF;59;2704;-2.39;937714;9.21;-1.08;7.29
Wayman Britt;24;1997;40;22;DET;SG;32;314;-2.41;734115;9.31;5.89;7.6
Wayman Britt;25;1998;41;23;LAL;SG;96;1618;-2.89;947897;7.86;2.43;5.15
Wayman Britt;26;1999;42;24;LAL;SG;19;27;-3.00;992112;13.26;2.47;7.87
Wayman Britt;27;2000;43;25;LAL;SG;78;834;-2.45;652938;6.75;2.71;4.73
Wayman Britt;28;2001;44;26;LAL;SG;11;332;-36.20;639469;8.84;6.89;6.88
Wayman Britt;29;2002;45;27;NOP;SG;69;2429;-2.63;880734;18.56;4.95;11.76
Wayman Britt;30;2003;46;28;LAL;SG;63;621;-2.98;891110;11.35;4.9;8.73
Wayman Britt;31;2004;47;29;LAL;SG;34;689;-2.47;831171;14.7;8.13;11.42
Wayman Britt;32;2005;48;30;LAL;SF;34;761;-3.00;636703;9.46;9.23;9.35
Wayman Britt;33;2006;49;31;LAL;SF;2;88;-2.64;706661;15.52;5.9;10.71
Wayman Britt;34;2007;50;32;LAL;SF;53;610;-0.70;616785;18.15;9.87;14.01
Wayman Britt;35;2008;51;33;LAL;SF;24;1020;-0.56;772673;15.45;2.2;8.83
Derek Grimm;1;1978;21;2;ORL;SG;41;1486;2.32;11215138;7.12;0.46;3.79
Derek Grimm;2;1978;21;2;SAC;SG;51;1537;1.71;9075030;9.77;2.41;6.09
Derek Grimm;3;1979;22;3;SAC;SG;34;1426;2.57;12214301;5.78;7.34;6.56
Derek Grimm;4;1980;23;4;SAC;SG;4;161;-33.76;9536545;14.2;2.16;8.18
Derek Grimm;5;1980;23;4;WSB;SG;41;1330;1.26;6978689;61.94;10.04;9.3
Derek Grimm;6;1981;24;5;WSB;SG;16;433;0.89;5499929;9.62;1.76;5.69
Derek Grimm;7;1982;25;6;WSB;SG;35;714;-0.20;1143580;11.77;0.31;6.04
Derek Grimm;8;1983;26;7;WSB;C;23;505;-0.78;849079;7.35;6.81;7.08
Derek Grimm;9;1984;27;8;WAS;PF;31;231;-0.89;959207;25.79;13.02;19.41
Derek Grimm;10;1984;27;8;SAS;PF;32;663;-0.58;914268;9.17;8.94;9.06
Derek Grimm;11;1985;28;9;ATL;PF;24;291;0.21;2782207;19.51;11.8;15.66
Derek Grimm;12;1986;29;10;DET;PF;4;188;-0.76;601019;19.16;-39.66;14.24
Derek Grimm;13;1987;30;11;WAS;PF;45;1748;-1.78;675042;11.89;9.81;10.85
Derek Grimm;14;1988;31;12;DEN;PF;22;132;-3.00;735584;15.63;4.8;10.22
Derek Grimm;15;1989;32;13;BOS;PF;70;452;-3.00;949115;17.48;11.16;14.32
Derek Grimm;16;1990;33;14;BOS;PF;56;2149;-3.00;935731;10.19;8.01;9.06
Derek Grimm;17;1991;34;15;BOS;PF;11;-235;-3.00;985640;15.16;5.59;18.67
Derek Grimm;18;1992;35;16;BOS;SF;91;451;-3.00;628262;15.23;16.6;15.92
Derek Grimm;19;1992;35;16;DET;SF;42;218;-2.75;674946;18.34;3.88;11.11
Derek Grimm;20;1993;36;17;PHI;SF;3;92;-3.00;979414;20.68;6.63;13.66
Derek Grimm;21;1994;37;18;PHI;SF;69;2168;-2.63;973095;10.83;10.08;10.46
Derek Grimm;22;1995;38;19;PHI;SF;30;26;-3.00;895956;13.95;7.9;10.93
Derek Grimm;23;1996;39;19;PHI;SF;73;476;-3.00;955871;12.2;4.64;8.42
Derek Grimm;24;1997;40;21;LAC;SF;33;1507;-3.00;946505;12.66;-20.50;7.64
Derek Grimm;25;1997;40;21;NYK;SF;28;1325;-3.00;901556;15.52;57.15;9.95
Derek Grimm;26;1998;41;22;WSB;SF;62;128;-3.00;901667;12.73;2.68;7.71
Derek Grimm;27;1998;41;22;PHI;PG;48;1989;-2.97;600767;14.83;46.80;8.39
Derek Grimm;28;1999;42;18;CHH;SF;27;712;-3.00;668149;12.81;9.09;10.95
Derek Grimm;29;2000;43;24;CHH;SF;70;211;-2.82;746210;11.0;10.1;10.55
Derek Grimm;30;2001;44;25;CHH;PG;34;1136;-2.27;621816;13.85;4.88;9.37
Derek Grimm;31;2002;45;26;PHI;SF;66;629;19.78;691254;16.05;4.46;10.26
Derek Grimm;32;2003;46;27;UTA;SF;13;262;-2.03;863743;9.1;9.84;9.47
Derek Grimm;33;2004;47;28;UTA;SG;64;2273;-2.62;968484;7.71;3.66;5.69
Derek Grimm;34;2005;48;29;UTA;SG;5;31;-3.00;782655;7.03;4.14;5.59
Derek Grimm;35;2006;49;30;LAC;SG;19;524;-3.00;753522;14.32;0.64;7.48
Brian Rowsom;1;1979;17;2;DEN;SG;5;45;0.07;2222676;7.24;5.66;6.45
Brian Rowsom;2;1980;18;3;DEN;SG;5;193;1.02;6019493;9.88;32.56;8.25
Brian Rowsom;3;1981;19;4;DEN;SG;3;94;1.68;8657282;8.12;8.45;8.29
Brian Rowsom;4;1982;20;5;DEN;SF;3;72;1.62;8417483;9.56;5.7;7.63
Brian Rowsom;5;1982;20;5;IND;SF;2;-53;0.87;5419996;12.69;8.2;10.45
Brian Rowsom;6;1982;18;5;CLE;SF;75;2488;1.90;9499400;19.97;3.39;11.68
Brian Rowsom;7;1983;21;6;CLE;SF;77;2420;-11.88;14332525;9.18;7.06;8.12
Brian Rowsom;8;1983;21;6;CHH;SF;92;3057;2.74;12893731;11.44;0.07;5.76
Brian Rowsom;9;1984;22;7;NOH;PG;72;1371;2.80;13133530;12.71;2.93;7.82
Brian Rowsom;10;1985;19;8;NOH;PF;44;1147;2.45;11734703;17.31;3.01;10.16
Brian Rowsom;11;1986;24;9;CHI;PF;71;1537;2.81;13173497;20.16;8.32;14.24
Brian Rowsom;12;1987;25;10;CHA;PF;31;1195;1.43;7658120;26.36;9.19;17.78
Brian Rowsom;13;1988;26;6;CHA;PF;69;1212;1.74;8897081;13.28;3.12;8.2
Brian Rowsom;14;1989;27;12;MIN;PF;35;2830;0.99;5899594;16.35;7.68;12.02
Brian Rowsom;15;1990;28;12;MIN;PF;75;2572;0.81;5180197;20.0;-28.35;12.63
Brian Rowsom;16;1991;29;14;MIN;PF;58;1541;0.88;5459962;17.23;7.75;12.49
Brian Rowsom;17;1991;29;14;PHO;PF;81;3026;1.19;6698924;11.89;4.34;8.12
Brian Rowsom;18;1992;30;11;PHO;PF;62;2624;1.81;9176847;23.81;12.06;20.38
Brian Rowsom;19;1993;31;14;PHO;PF;76;-1889;1.21;6778857;18.09;8.32;13.21
Brian Rowsom;20;1994;32;17;PHO;SG;1;12;2.10;10335875;12.65;4.99;8.82
Brian Rowsom;21;1995;33;18;PHO;PF;22;1011;2.23;10855440;16.67;71.07;13.99
Brian Rowsom;22;1995;37;18;DET;PF;79;1891;2.32;11215138;15.73;6.61;11.17
Brian Rowsom;23;1996;34;19;DET;PF;41;1335;1.94;9696411;12.45;3.97;8.21
Brian Rowsom;24;1996;34;19;SEA;SF;20;959;2.09;10295908;10.78;7.88;9.33
Brian Rowsom;25;1997;35;20;SEA;PG;22;185;1.87;8590791;-20.18;4.6;10.39
Brian Rowsom;26;1998;36;21;SEA;SF;76;3165;0.16;2582374;7.35;6.51;6.93
Brian Rowsom;27;1999;37;22;SEA;SF;17;452;0.01;1982877;18.19;9.24;13.72
Brian Rowsom;28;2000;38;23;DEN;SF;32;484;0.00;1942910;6.73;2.74;4.74
Brian Rowsom;29;2000;38;23;MIA;SF;39;1271;-0.79;802234;13.53;1.48;7.51
Brian Rowsom;30;2001;38;24;MIA;SF;60;626;-2.33;888806;14.78;7.09;10.94
Brian Rowsom;31;2002;40;25;CLE;PF;74;2612;33.50;988611;17.32;13.94;15.63
Brian Rowsom;32;2002;40;29;KCK;PF;54;577;-2.72;605186;20.96;3.51;12.24
Brian Rowsom;33;2003;41;26;KCK;PF;5;173;-3.00;807311;22.34;8.64;15.49
Brian Rowsom;34;2003;41;26;NJN;C;67;2271;-2.86;612841;32.84;4.03;18.44
Brian Rowsom;35;2004;42;24;DEN;C;37;573;-1.97;708640;36.41;21.44;28.93
Earl Watson;1;1979;19;3;DEN;C;40;1640;2.85;13333363;11.18;4.42;7.8
Earl Watson;2;1980;20;4;NOJ;PG;1;7;2.58;12254267;16.59;7.16;11.88
Earl Watson;3;1981;21;5;CHH;C;54;1431;2.67;12613966;27.37;9.98;18.68
Earl Watson;4;1982;22;8;SEA;C;18;12;21.06;17489879;28.66;16.01;22.34
Earl Watson;5;1983;23;7;SEA;C;12;425;3.62;16410783;9.42;22.69;23.82
Earl Watson;6;1983;23;7;NYK;C;10;285;3.41;15571487;26.28;6.4;9.03
Earl Watson;7;1984;24;8;NYK;C;37;1054;2.67;12613966;15.48;-54.54;16.65
Earl Watson;8;1984;24;8;DEN;C;52;2007;2.45;11734703;18.13;6.53;12.33
Earl Watson;9;1985;25;9;DEN;C;29;226;1.36;7378354;25.74;16.67;21.21
Earl Watson;10;1986;26;10;DEN;C;53;869;0.21;2782207;11.33;12.23;11.78
Earl Watson;11;1986;26;10;DAL;C;1;47;-0.29;783881;23.39;5.35;14.37
Earl Watson;12;1987;27;11;DAL;C;72;748;-1.60;948046;14.92;26.81;20.87
Earl Watson;13;1988;28;12;DAL;PF;30;631;-0.87;650239;11.97;10.89;11.43
Earl Watson;14;1989;29;13;DAL;PF;40;763;-0.10;1543245;16.53;5.92;11.23
Earl Watson;15;1990;30;14;DAL;PF;61;1717;-1.60;884431;17.27;3.61;10.44
Earl Watson;16;1991;31;15;DAL;PF;67;1331;-1.39;693688;15.69;4.73;10.21
Earl Watson;17;1991;31;15;DEN;PG;62;2785;-1.37;882826;11.81;11.7;11.76
Earl Watson;18;1992;32;16;DEN;SF;6;44;-0.02;1862977;10.76;5.35;8.06
Earl Watson;19;1993;33;17;DEN;SF;22;219;-1.54;647660;9.7;7.7;8.7
Earl Watson;20;1993;33;17;NYK;SF;16;655;-5.41;766523;16.47;5.62;11.36
Earl Watson;21;1994;34;18;NYK;SF;46;392;-1.23;994721;11.82;55.72;9.61
Earl Watson;22;1995;35;19;PHO;SF;79;1594;-1.55;823193;18.58;3.53;11.06
Earl Watson;23;1996;36;20;PHO;SF;61;998;-2.01;639338;18.37;11.26;14.82
Earl Watson;24;1997;37;21;ATL;SF;27;630;-3.00;747630;21.84;5.49;13.67
Earl Watson;25;1998;38;22;ATL;SF;32;761;-3.00;992552;11.18;10.21;10.7
Earl Watson;26;1999;39;23;MIA;SF;18;536;-2.90;723315;-35.08;7.23;9.01
Earl Watson;27;2000;40;24;LAL;SF;27;88;-2.05;888267;8.71;5.6;7.16
Earl Watson;28;2001;41;20;LAL;SF;60;1914;-3.00;682727;14.7;5.28;9.99
Earl Watson;29;2002;42;26;LAL;SF;50;1708;-3.00;963028;10.93;5.63;7.67
Earl Watson;30;2003;43;27;LAL;SF;46;1078;-2.63;884165;17.66;8.65;13.16
Earl Watson;31;2004;44;28;LAL;SF;57;499;-1.62;856830;17.89;9.41;13.65
Earl Watson;32;2005;45;29;LAL;SG;60;1937;-3.00;780815;11.07;2.15;6.61
Earl Watson;33;2006;46;31;VAN;SG;15;275;-3.00;914959;7.09;10.2;8.65
Earl Watson;34;2007;47;31;ATL;SG;80;3288;-19.57;701899;9.12;2.77;5.95
Earl Watson;35;2008;48;32;ATL;PG;68;1427;-2.59;662952;8.5;3.12;5.81
Nik Stauskas;1;1979;21;2;ATL;PG;25;626;1.33;7258455;5.84;2.21;4.03
Nik Stauskas;2;1980;22;3;CLE;PG;39;1838;1.12;6419158;6.66;0.82;3.74
Nik Stauskas;3;1981;23;4;IND;PG;83;2361;-0.55;761734;9.98;0.42;5.2
Nik Stauskas;4;1982;24;5;IND;PG;69;1532;0.19;2702274;10.49;13.42;7.96
Nik Stauskas;5;1983;21;6;IND;PG;36;685;0.49;4175658;8.69;1.42;4.91
Nik Stauskas;6;1984;26;7;UTA;PG;17;-1566;-16.86;4540733;6.92;0.39;3.66
Nik Stauskas;7;1985;27;8;MEM;PG;1;32;0.57;3321571;7.07;2.14;4.61
Nik Stauskas;8;1986;28;9;HOU;PG;59;2141;-0.09;1583211;11.97;3.03;7.5
Nik Stauskas;9;1987;29;10;HOU;PG;64;1178;-2.55;666015;4.84;0.79;2.82
Nik Stauskas;10;1988;30;11;HOU;PG;35;1564;-1.93;961493;11.66;2.99;7.33
Nik Stauskas;11;1989;31;12;HOU;PG;1;33;-1.61;861535;2.43;1.34;1.89
Nik Stauskas;12;1990;32;13;DAL;PG;60;927;-2.17;639839;9.76;2.62;6.19
Nik Stauskas;13;1991;33;14;VAN;PG;75;3126;-3.00;819598;6.28;3.29;4.79
Nik Stauskas;14;1992;34;15;NYK;PG;55;2603;-2.62;771714;7.97;3.63;4.83
Nik Stauskas;15;1992;34;15;ORL;PG;68;3109;-1.90;810860;8.45;2.22;5.34
Nik Stauskas;16;1993;35;16;ORL;PG;2;1;-2.65;1176067;4.9;-15.14;3.12
Nik Stauskas;17;1993;35;16;PHI;PG;6;133;-3.00;996678;5.18;-4.51;5.41
Nik Stauskas;18;1994;36;17;PHI;PG;39;1229;-1.92;919760;8.77;2.87;5.82
Nik Stauskas;19;1995;37;18;PHI;PG;5;150;-1.12;980251;4.08;2.56;3.32
Nik Stauskas;20;1996;41;19;NOK;PG;94;149;-1.12;991063;9.57;2.88;6.23
Nik Stauskas;21;1997;39;20;MEM;PG;25;912;-1.62;701272;10.2;5.05;7.63
Nik Stauskas;22;1998;40;21;MEM;PG;55;1646;-1.90;790609;-12.40;4.42;4.65
Nik Stauskas;23;1999;41;25;MEM;PG;17;129;-1.71;974852;8.04;1.73;4.89
Nik Stauskas;24;2000;42;23;IND;PG;73;-4234;-2.14;638747;3.94;6.91;5.43
Nik Stauskas;25;2001;43;24;IND;PG;5;12;-1.74;921217;13.28;2.39;7.84
Nik Stauskas;26;2001;40;24;ATL;PG;29;1197;-0.81;782038;5.47;3.76;4.62
Nik Stauskas;27;2002;44;25;ATL;PG;66;159;-0.85;843204;7.92;1.32;4.62
Nik Stauskas;28;2003;45;26;OKC;PG;30;926;-0.63;663123;13.22;0.72;6.97
Nik Stauskas;29;2004;46;27;SAC;PG;65;1163;-1.24;679004;7.38;1.32;4.85
Nik Stauskas;30;2005;47;28;SAC;PG;26;303;-0.99;656845;11.43;1.61;6.52
Nik Stauskas;31;2006;48;29;CLE;PG;67;581;-2.62;819661;13.04;2.79;7.92
Nik Stauskas;32;2007;49;30;DAL;PG;22;-834;-2.42;741549;8.62;3.63;6.13
Nik Stauskas;33;2008;50;31;DAL;PG;16;79;-3.00;786430;7.92;2.7;5.31
Nik Stauskas;34;2009;51;32;UTA;C;29;338;-3.00;650697;11.13;0.9;6.02
Nik Stauskas;35;2010;52;33;UTA;PG;33;-753;-1.87;875000;11.64;1.99;6.82
Leandro Barbosa;1;1979;17;2;DEN;PF;12;334;0.14;2502441;19.52;8.07;13.8
Leandro Barbosa;2;1979;17;2;POR;PF;12;236;0.51;3981202;20.86;12.04;16.45
Leandro Barbosa;3;1979;17;2;POR;SF;54;815;-0.32;663982;17.11;6.91;12.01
Leandro Barbosa;4;1980;18;3;LAC;SF;23;32;-0.95;939467;2.75;6.54;10.26
Leandro Barbosa;5;1981;19;4;LAC;SF;17;496;-0.92;776393;16.54;3.23;9.89
Leandro Barbosa;6;1982;20;5;LAC;SF;39;1042;-0.96;740971;18.32;4.6;11.46
Leandro Barbosa;7;1983;21;6;CHI;SG;11;64;-0.74;604403;10.34;2.54;6.44
Leandro Barbosa;8;1984;22;7;HOU;SG;79;922;-0.17;1263479;5.15;3.64;4.4
Leandro Barbosa;9;1985;23;8;TOR;PF;70;1651;0.87;5419996;7.21;8.71;7.96
Leandro Barbosa;10;1986;24;6;TOR;SG;11;186;2.64;12494066;10.84;-5.41;6.26
Leandro Barbosa;11;1986;24;6;NOH;SG;69;2071;2.41;11574837;7.7;38.14;6.65
Leandro Barbosa;12;1986;24;9;PHO;SG;86;266;3.16;14572324;9.62;7.51;8.57
Leandro Barbosa;13;1987;25;10;PHO;SG;40;665;3.75;16930348;8.53;4.62;6.58
Leandro Barbosa;14;1987;25;10;NOJ;SG;75;-2013;3.27;15011956;5.61;6.76;6.19
Leandro Barbosa;15;1988;26;11;NYK;SG;15;383;3.16;14572324;14.61;4.1;9.36
Leandro Barbosa;16;1989;27;12;CHI;SG;39;1416;4.99;21886194;4.94;2.81;3.88
Leandro Barbosa;17;1990;28;13;CHI;SG;98;651;4.78;21046897;13.43;2.81;8.12
Leandro Barbosa;18;1991;29;14;NJN;SG;1;20;4.88;21446562;13.25;6.36;9.81
Leandro Barbosa;19;1992;33;15;WAS;SG;32;542;5.62;24404083;13.43;2.82;8.13
Leandro Barbosa;20;1993;31;16;WAS;C;45;1642;6.16;19742796;5.15;3.55;4.35
Leandro Barbosa;21;1994;32;17;WAS;PF;70;2123;6.78;29040197;6.56;2.91;4.74
Leandro Barbosa;22;1995;33;18;WAS;PF;70;2252;45.45;25802911;8.81;5.14;6.98
Leandro Barbosa;23;1996;34;19;WAS;SG;60;1371;4.99;21886194;11.42;5.41;8.42
Leandro Barbosa;24;1997;35;20;WAS;C;26;477;5.32;23205088;18.67;4.18;11.43
Leandro Barbosa;25;1997;35;20;TOR;SG;31;671;5.66;24563949;6.76;0.87;3.82
Leandro Barbosa;26;1998;36;21;CLE;SG;10;359;4.88;21446562;6.28;0.65;3.47
Leandro Barbosa;27;1999;37;22;CLE;SG;34;50;4.18;18648907;9.87;3.35;6.61
Leandro Barbosa;28;2000;38;23;CLE;SG;41;93;4.47;19807936;8.85;1.59;5.22
Leandro Barbosa;29;2000;36;23;WAS;SG;32;973;3.82;17210113;11.89;5.51;8.7
Leandro Barbosa;30;2001;39;24;WAS;SG;67;493;3.51;15971152;15.86;4.42;10.14
Leandro Barbosa;31;2002;40;25;CLE;SG;69;2335;1.79;9096914;9.95;4.07;7.01
Leandro Barbosa;32;2003;41;26;LAL;SG;58;346;1.40;7538220;7.59;5.46;6.53
Leandro Barbosa;33;2004;42;27;LAL;SG;34;1524;0.19;2702274;8.51;4.46;6.49
Leandro Barbosa;34;2005;43;28;LAL;SG;21;450;0.06;2470607;13.47;0.89;7.18
Leandro Barbosa;35;2005;43;28;SEA;SG;52;2330;49.17;675192;35.61;2.77;8.06
John Turner;1;1979;20;1;SEA;PF;28;1226;1.31;7178522;10.08;10.61;10.35
John Turner;2;1980;21;2;DEN;SG;50;1063;3.39;15491554;15.22;4.93;10.08
John Turner;3;1981;22;3;TOR;SG;3;121;2.67;12613966;11.23;4.24;7.74
John Turner;4;1982;23;4;TOR;SG;7;-185;2.20;10735540;5.01;26.96;6.72
John Turner;5;1983;24;5;TOR;SF;63;1480;2.85;13333363;18.56;8.87;13.72
John Turner;6;1984;25;6;TOR;SF;56;4157;2.94;13693061;12.62;8.96;10.79
John Turner;7;1985;26;7;NYK;SF;63;503;3.18;14652257;14.15;10.49;12.32
John Turner;8;1986;27;8;LAC;SF;6;240;3.63;16450750;15.8;4.29;10.05
John Turner;9;1987;28;9;CLE;SF;1;17;4.54;20087701;16.73;6.46;11.6
John Turner;10;1988;29;10;UTA;SF;72;16;3.05;14132693;-7.22;4.86;8.9
John Turner;11;1989;30;10;PHO;SG;14;277;-24.63;9136880;11.31;2.99;7.15
John Turner;12;1990;31;12;PHO;SG;51;202;0.07;2222676;12.02;6.45;9.24
John Turner;13;1991;32;13;PHO;SG;39;1380;-0.67;769099;12.06;4.51;8.29
John Turner;14;1992;33;14;PHO;SG;18;186;-1.73;754854;8.19;3.15;5.67
John Turner;15;1993;34;15;PHO;SG;34;997;-0.68;809124;5.86;-26.33;3.66
John Turner;16;1994;35;18;PHO;SG;52;1258;-1.10;876677;10.78;1.13;5.96
John Turner;17;1994;35;16;CHA;SG;3;119;-2.30;631547;10.19;4.48;7.34
John Turner;18;1994;35;16;SAC;PG;49;162;-3.00;878477;4.2;2.55;3.38
John Turner;19;1995;36;17;CHO;C;48;146;-3.00;901070;10.58;5.74;8.54
John Turner;20;1996;37;18;MIA;SG;5;139;-3.00;735743;11.45;4.82;7.80
John Turner;21;1997;38;19;WSB;SG;40;1740;-3.00;959100;8.23;7.74;7.99
John Turner;22;1998;39;20;HOU;SG;21;761;-2.94;887541;9.97;3.32;6.65
John Turner;23;1999;40;21;DEN;SG;3;80;21.96;627943;7.47;9.19;8.33
John Turner;24;2000;41;22;NJN;SG;29;285;-2.40;791109;4.43;0.5;2.47
John Turner;25;2001;42;23;SEA;SG;65;15;-2.89;825384;10.84;6.56;8.7
John Turner;26;2002;43;24;NJN;SG;78;3104;-3.00;-24635;7.84;5.66;6.75
John Turner;27;2003;44;25;NJN;SG;9;249;-3.00;849921;14.02;1.65;7.83
John Turner;28;2004;45;26;NJN;SG;13;73;-3.00;865454;8.48;5.4;6.94
John Turner;29;2005;42;27;NJN;SG;24;966;-3.00;752903;5.82;5.12;5.47
John Turner;30;2006;47;25;NJN;SG;20;515;-3.00;796694;10.84;2.23;6.54
John Turner;31;2006;47;28;SAC;SG;42;1801;-2.94;961292;4.43;7.77;6.1
John Turner;32;2007;48;29;SAC;SG;52;2094;-2.13;652434;11.13;5.45;9.02
John Turner;33;2008;49;30;ORL;SG;42;1780;-2.49;777865;5.05;8.52;6.79
John Turner;34;2008;49;30;MEM;PG;40;256;-3.00;642686;8.02;3.43;5.73
John Turner;35;2009;50;31;MEM;PF;47;704;-3.00;813985;25.83;0.33;3.48
Wayman Tisdale;1;1979;20;1;CHA;PG;38;697;-0.39;384216;9.15;2.04;5.6
Wayman Tisdale;2;1980;21;2;KCK;PG;13;365;0.91;5579862;10.94;4.16;7.55
Wayman Tisdale;3;1980;21;2;SEA;PG;48;1898;1.83;9256780;8.18;3.39;5.79
Wayman Tisdale;4;1980;21;2;NOJ;PG;63;1496;1.10;6339225;4.89;3.21;4.05
Wayman Tisdale;5;1980;21;2;PHO;PG;70;316;1.64;8497416;8.56;1.59;5.08
Wayman Tisdale;6;1981;22;3;PHO;PG;76;2870;0.98;5859627;9.88;0.36;5.12
Wayman Tisdale;7;1982;23;4;CHH;SG;78;381;0.98;5859627;10.86;6.09;8.48
Wayman Tisdale;8;1983;24;5;DET;SG;23;277;0.77;4647363;13.53;22.63;8.45
Wayman Tisdale;9;1984;25;6;DET;SG;19;179;1.55;8137718;9.02;3.09;6.06
Wayman Tisdale;10;1985;26;7;DET;SG;61;1711;2.57;12214301;11.23;0.31;5.77
Wayman Tisdale;11;1986;27;4;DET;SG;7;274;2.40;11534870;13.08;4.26;8.67
Wayman Tisdale;12;1987;28;9;LAL;SG;26;92;3.47;15811286;-27.73;5.59;9.01
Wayman Tisdale;13;1988;29;10;LAL;SF;72;279;46.90;6938723;10.68;3.39;7.04
Wayman Tisdale;14;1989;30;11;HOU;SF;35;643;2.07;10215975;14.62;8.58;11.6
Wayman Tisdale;15;1990;31;12;HOU;PG;15;295;3.06;14172659;17.8;3.35;10.58
Wayman Tisdale;16;1991;32;13;NJN;PF;24;114;3.71;16770482;22.12;9.47;15.8
Wayman Tisdale;17;1992;33;14;MIA;PF;74;734;5.20;22725490;17.88;7.52;12.7
Wayman Tisdale;18;1993;34;15;MEM;PF;81;596;5.92;25603078;17.61;9.12;13.37
Wayman Tisdale;19;1994;35;16;MEM;PF;26;677;7.04;30079326;19.59;11.21;15.4
Wayman Tisdale;20;1995;36;17;MEM;PF;80;3588;7.22;30798723;14.45;7.13;10.79
Wayman Tisdale;21;1996;37;18;DEN;PF;25;1007;6.68;28640532;-44.51;5.54;8.25
Wayman Tisdale;22;1997;38;19;DEN;PF;19;440;6.51;27961102;20.71;9.37;15.04
Wayman Tisdale;23;1998;39;20;SEA;PF;61;-3775;5.89;25483179;23.61;5.49;14.55
Wayman Tisdale;24;1999;40;21;TOR;PF;32;1359;7.32;31198388;14.91;15.47;15.19
Wayman Tisdale;25;2000;41;22;NYK;PF;32;651;6.92;29599728;18.58;10.43;14.51
Wayman Tisdale;26;2001;45;23;NYK;C;6;129;6.95;29719628;24.71;19.68;15.86
Wayman Tisdale;27;2002;43;24;ORL;C;30;1009;5.56;24164284;20.65;9.39;15.02
Wayman Tisdale;28;2003;44;25;NOJ;C;29;609;5.11;22365792;17.6;19.11;18.36
Wayman Tisdale;29;2004;45;26;BUF;C;68;679;6.32;27201738;16.39;6.59;11.49
Wayman Tisdale;30;2005;46;27;WAS;PG;74;4637;7.09;30279159;16.05;16.17;16.11
Wayman Tisdale;31;2005;46;27;DEN;C;6;4;7.39;31478154;20.04;4.14;12.09
Wayman Tisdale;32;2006;47;28;DEN;C;37;909;37.07;30119293;34.94;1.15;18.05
Wayman Tisdale;33;2007;48;29;IND;C;16;308;7.70;32717115;29.65;10.15;19.9
Wayman Tisdale;34;2008;49;30;GSW;C;62;1186;6.59;28280834;17.7;10.58;14.14
Wayman Tisdale;35;2009;50;31;GSW;C;54;2112;7.41;31558087;18.85;20.77;19.81
Kendall Marshall;1;1979;19;3;GSW;PF;12;349;0.17;2622341;21.83;12.46;17.15
Kendall Marshall;2;1980;20;4;NJN;PF;63;2656;0.39;3501604;17.49;13.15;15.32
Kendall Marshall;3;1981;21;5;HOU;PF;47;1391;-0.33;624015;21.15;6.14;13.65
Kendall Marshall;4;1982;22;6;HOU;PF;38;956;-0.80;834391;19.01;7.42;13.22
Kendall Marshall;5;1983;23;9;HOU;PF;72;1593;-1.18;740078;18.42;2.3;10.03
Kendall Marshall;6;1984;24;8;SAS;C;23;406;-0.04;1783044;28.95;25.24;27.1
Kendall Marshall;7;1985;25;9;SAS;C;99;134;0.66;4580699;15.33;4.24;9.79
Kendall Marshall;8;1986;26;10;DAL;C;20;572;-0.07;1663144;15.73;9.69;12.71
Kendall Marshall;9;1987;27;11;DAL;C;60;2249;-1.54;806099;28.97;20.08;24.53
Kendall Marshall;10;1988;28;12;NYK;PF;19;270;-2.98;971276;8.44;4.87;6.66
Kendall Marshall;11;1989;29;13;NYK;PF;24;412;25.71;800023;19.51;6.21;12.86
Kendall Marshall;12;1990;30;14;NYK;PF;75;2384;-2.94;657682;29.86;5.58;17.72
Kendall Marshall;13;1991;31;15;NYK;PF;5;112;-3.00;1059269;27.98;15.88;21.93
Kendall Marshall;14;1992;32;16;NYK;SF;70;2223;-3.00;992926;13.52;2.86;8.19
Kendall Marshall;15;1993;33;17;NYK;PF;69;2784;-3.00;703471;19.12;7.22;13.17
Kendall Marshall;16;1993;33;17;SAS;PF;49;1779;-2.60;702813;24.15;3.66;13.91
Kendall Marshall;17;1993;33;17;DET;PF;71;745;-3.00;822554;16.67;8.39;12.53
Kendall Marshall;18;1993;33;17;SEA;PF;47;390;-3.00;883919;27.95;7.77;17.86
Kendall Marshall;19;1993;33;17;LAC;PF;75;1064;-2.82;716601;17.8;5.72;11.76
Kendall Marshall;20;1994;34;18;ATL;PF;24;1048;-3.00;906425;16.62;11.65;14.14
Kendall Marshall;21;1995;35;19;ATL;PF;12;98;-3.00;922227;13.64;9.71;11.68
Kendall Marshall;22;1996;36;20;ATL;SF;76;3409;-2.73;978714;17.23;2.96;10.1
Kendall Marshall;23;1997;37;21;ATL;SF;80;2293;-2.37;779619;15.17;7.8;11.49
Kendall Marshall;24;1998;38;22;DAL;SF;89;1922;-3.00;805308;9.17;8.17;8.67
Kendall Marshall;25;1999;39;23;PHI;PG;41;1003;-3.00;653728;17.38;4.81;11.1
Kendall Marshall;26;2000;40;21;MIL;SF;9;222;-2.74;929381;8.84;11.5;10.17
Kendall Marshall;27;2001;41;25;GSW;SG;38;1174;-2.26;995103;8.77;2.5;5.64
Kendall Marshall;28;2002;43;26;GSW;SG;16;187;-3.00;818742;14.57;3.54;9.06
Kendall Marshall;29;2003;43;27;GSW;SG;62;2679;-2.76;711702;10.5;6.79;8.65
Kendall Marshall;30;2004;44;28;GSW;SG;56;1207;-1.88;952714;10.28;4.16;7.22
Kendall Marshall;31;2005;45;29;SAC;SG;59;27;-1.69;608090;15.13;2.9;9.02
Kendall Marshall;32;2006;46;30;SAC;C;43;133;-2.44;889722;21.15;13.11;17.13
Kendall Marshall;33;2007;47;31;SAC;PF;29;1267;-3.00;639828;14.74;12.55;13.65
Kendall Marshall;34;2008;50;32;SAC;PG;77;1509;-3.00;815500;-35.14;13.33;24.13
Kendall Marshall;35;2009;49;33;SAC;PF;4;62;-2.97;908099;16.18;20.05;18.12
Kevin McKenna;1;1979;17;3;SAC;PG;21;651;1.01;5979527;7.79;1.81;4.8
Kevin McKenna;2;1980;18;4;SAC;PG;73;2140;1.79;9096914;8.65;1.04;4.85
Kevin McKenna;3;1981;18;5;SAC;PG;66;2721;2.55;12134368;-25.51;1.68;3.03
Kevin McKenna;4;1982;20;6;ATL;PG;75;647;3.68;16390307;6.34;1.3;3.82
Kevin McKenna;5;1983;19;7;ATL;PG;16;485;3.40;15531520;10.29;1.4;5.85
Kevin McKenna;6;1984;22;8;ATL;PG;4;-355;3.80;17130180;12.4;1.74;7.07
Kevin McKenna;7;1985;23;9;ATL;PG;7;113;4.35;19328338;9.5;1.71;5.61
Kevin McKenna;8;1986;24;10;PHI;PG;40;617;4.20;18728840;8.33;2.99;5.66
Kevin McKenna;9;1987;25;11;PHI;PG;69;3120;4.62;20407433;7.26;4.22;5.74
Kevin McKenna;10;1988;26;12;PHI;PG;2;67;4.48;19847902;6.07;2.68;4.38
Kevin McKenna;11;1989;27;13;PHI;PG;21;940;5.36;23364954;3.23;2.99;3.11
Kevin McKenna;12;1990;28;14;SEA;PG;58;2343;3.99;17889544;13.39;5.38;9.39
Kevin McKenna;13;1991;29;15;GSW;PF;97;1033;-13.89;17050247;8.65;3.37;6.01
Kevin McKenna;14;1991;29;18;POR;PG;67;379;4.69;20687199;7.12;2.58;4.85
Kevin McKenna;15;1992;30;16;CHH;PF;17;59;2.85;13333363;6.99;1.5;4.25
Kevin McKenna;16;1993;31;17;MIL;PG;41;2919;2.15;10535708;9.03;2.2;5.62
Kevin McKenna;17;1993;31;17;PHI;PG;33;1128;0.98;5859627;9.44;1.04;5.24
Kevin McKenna;18;1994;32;18;DAL;PG;47;1543;0.61;4380867;6.17;4.55;5.36
Kevin McKenna;19;1995;33;19;DAL;PG;33;239;-0.04;1783044;5.75;2.13;3.94
Kevin McKenna;20;1996;34;20;DAL;PG;97;258;17.35;4221001;4.99;2.66;3.83
Kevin McKenna;21;1997;35;21;DAL;PG;65;2448;0.63;4460800;6.84;3.46;5.15
Kevin McKenna;22;1998;36;22;NJN;PG;83;242;0.06;2182709;9.56;2.25;5.91
Kevin McKenna;23;1999;37;23;ATL;PG;7;-638;-0.68;700034;7.51;1.58;4.55
Kevin McKenna;24;1999;37;23;KCK;PG;1;29;-2.36;898159;11.16;2.82;6.99
Kevin McKenna;25;2000;38;24;WAS;PG;63;2999;-3.00;828337;9.46;4.47;6.97
Kevin McKenna;26;2001;39;25;SAC;PG;90;1301;-3.00;981694;6.05;1.35;3.75
Kevin McKenna;27;2001;39;25;ATL;PG;16;608;-3.00;948198;5.96;4.86;5.41
Kevin McKenna;28;2002;40;26;NOP;PG;53;1048;-3.00;963628;5.73;0.0;2.87
Kevin McKenna;29;2003;41;27;NOH;SG;75;2310;-1.94;751567;12.12;5.15;8.64
Kevin McKenna;30;2004;42;28;SAC;SG;77;1917;-3.00;871059;7.81;5.77;6.79
Kevin McKenna;31;2005;43;29;CLE;SG;55;5122;-2.77;978169;10.03;4.35;7.19
Kevin McKenna;32;2006;44;30;MIL;SG;2;79;-2.34;935279;63.50;3.63;5.74
Kevin McKenna;33;2007;45;31;MIL;SG;44;415;-2.40;676032;10.47;6.3;8.39
Kevin McKenna;34;2008;46;32;MIL;C;61;2170;-2.30;715511;6.84;1.95;4.10
Kevin McKenna;35;2009;47;33;MIL;SG;86;900;-1.78;777039;16.42;6.56;11.49
Charles Claxton;1;1978;19;0;DET;PG;19;867;1.23;6858790;10.45;3.4;6.93
Charles Claxton;2;1978;19;0;WSB;PG;93;466;2.52;12014468;10.73;2.85;6.79
Charles Claxton;3;1979;20;1;WSB;PG;53;637;2.81;13173497;6.44;16.98;3.30
Charles Claxton;4;1980;21;2;WSB;PG;28;553;-15.66;13246987;6.04;3.89;4.97
Charles Claxton;5;1981;22;3;WSB;PG;84;2826;4.32;19208438;7.1;1.4;4.92
Charles Claxton;6;1982;23;4;DEN;PG;30;1375;3.32;15211788;5.27;4.13;4.7
Charles Claxton;7;1982;23;4;DAL;PG;69;990;5.43;23644720;7.51;2.03;4.77
Charles Claxton;8;1983;24;5;CHI;C;50;670;4.70;20727165;9.82;4.42;7.12
Charles Claxton;9;1984;25;6;CHI;PG;5;67;3.85;17330013;10.26;2.89;6.58
Charles Claxton;10;1985;26;5;MIN;PG;57;2225;1.88;9456612;11.01;1.75;6.38
Charles Claxton;11;1986;27;8;TOR;PG;37;1511;2.41;11574837;10.48;1.84;6.41
Charles Claxton;12;1987;28;8;SAC;PG;43;1913;2.82;13213463;12.96;0.72;6.84
Charles Claxton;13;1987;28;9;BOS;PG;56;435;3.82;17210113;13.86;1.46;7.66
Charles Claxton;14;1988;29;10;CLE;PG;16;1;4.31;19168472;10.11;3.67;6.89
Charles Claxton;15;1989;30;11;CLE;PG;46;1258;5.05;22125993;-3.31;4.12;9.26
Charles Claxton;16;1990;31;12;CLE;PG;37;1577;5.59;24284184;8.59;1.68;5.14
Charles Claxton;17;1991;32;13;IND;PG;76;1924;5.64;24484016;5.19;4.49;4.84
Charles Claxton;18;1992;34;14;NYK;PG;87;368;4.36;19368304;7.96;3.81;5.89
Charles Claxton;19;1993;34;15;NJN;PG;29;183;5.17;22605591;-5.16;3.96;8.43
Charles Claxton;20;1994;35;16;WAS;PG;81;947;6.45;27721303;2.69;3.33;3.01
Charles Claxton;21;1995;36;17;WAS;PG;81;3658;7.48;31837852;4.96;3.33;4.15
Charles Claxton;22;1996;37;18;WAS;PG;73;2578;8.09;34275809;7.17;0.46;3.82
Charles Claxton;23;1996;37;18;PHI;PG;89;105;7.58;32237517;4.84;1.19;3.02
Charles Claxton;24;1997;38;19;PHI;PG;10;34;7.23;30838690;4.31;3.9;4.11
Charles Claxton;25;1998;39;20;PHI;PG;9;410;5.70;24723815;7.31;0.61;3.96
Charles Claxton;26;1999;40;21;SAC;PG;4;139;6.21;24509097;4.56;0.68;2.59
Charles Claxton;27;2000;41;22;SAC;PG;77;3302;5.43;23644720;4.48;1.31;3.48
Charles Claxton;28;2001;42;23;SAC;PG;46;2120;5.14;22485691;6.66;0.3;3.48
Charles Claxton;29;2002;43;24;SAC;PG;80;1237;47.67;19887869;11.16;2.9;7.03
Charles Claxton;30;2003;44;25;SAS;PG;40;632;46.85;17010281;3.32;0.74;2.03
Charles Claxton;31;2004;48;26;DET;PG;48;1324;20.00;12174334;9.1;0.79;4.95
Charles Claxton;32;2005;46;27;DET;PG;80;2956;1.16;6579024;2.94;3.36;3.15
Charles Claxton;33;2005;46;27;OKC;PG;74;564;-37.10;4780532;-32.45;1.73;5.53
Charles Claxton;34;2006;47;28;DET;PG;56;925;-0.36;504116;12.05;3.49;7.77
Charles Claxton;35;2006;47;31;MIL;PG;48;993;16.58;807284;11.38;4.81;8.1
Steffond Johnson;1;1979;22;4;PHO;SG;75;1444;-0.29;783881;9.08;6.64;7.86
Steffond Johnson;2;1980;23;5;NOH;SG;76;3237;-0.74;772407;11.86;2.98;7.42
Steffond Johnson;3;1980;23;5;CHA;SG;30;1035;-2.36;639739;11.89;4.6;8.25
Steffond Johnson;4;1981;24;6;CHA;SF;31;1455;-2.58;777213;8.26;-9.39;8.03
Steffond Johnson;5;1982;25;7;CHA;SF;30;1314;-2.59;833980;6.37;3.6;4.99
Steffond Johnson;6;1983;26;8;CHA;SF;8;135;-3.00;867944;12.83;4.91;8.87
Steffond Johnson;7;1984;27;9;CHA;SF;92;1147;-2.99;824493;13.03;10.86;11.95
Steffond Johnson;8;1984;27;9;SAS;SG;8;71;-3.00;832835;8.73;3.52;6.13
Steffond Johnson;9;1985;28;10;SAS;SG;39;398;-3.00;981275;8.8;4.71;6.76
Steffond Johnson;10;1986;27;11;SAS;SG;5;21;-3.00;823894;11.19;5.22;8.21
Steffond Johnson;11;1987;30;12;SAS;SG;17;119;-2.41;866590;11.31;2.41;6.86
Steffond Johnson;12;1987;30;12;GSW;SF;70;1018;-1.86;706488;9.58;10.37;9.98
Steffond Johnson;13;1988;31;13;GSW;SF;15;47;0.17;2622341;14.28;3.13;8.71
Steffond Johnson;14;1989;32;14;GSW;SF;29;1147;0.10;2342575;16.5;-28.66;11.73
Steffond Johnson;15;1990;33;15;GSW;SF;29;486;-1.37;742565;7.74;1.56;4.65
Steffond Johnson;16;1991;34;16;GSW;SF;60;1026;-1.87;764186;9.17;1.16;5.17
Steffond Johnson;17;1991;34;16;CHI;SF;6;2;-0.77;873487;18.0;5.79;11.9
Steffond Johnson;18;1992;35;17;NYK;SF;37;892;-1.41;776950;10.21;28.14;8.21
Steffond Johnson;19;1993;36;18;NYK;SF;41;1269;-0.47;64484;18.61;1.72;10.17
Steffond Johnson;20;1994;37;19;BOS;PG;45;98;-0.42;264317;-27.26;5.01;11.25
Steffond Johnson;21;1995;38;20;BOS;SF;11;115;-0.85;963741;10.83;8.59;9.71
Steffond Johnson;22;1996;39;21;MIA;PF;7;11;-1.42;755326;15.39;-4.05;10.74
Steffond Johnson;23;1997;40;22;MIA;C;9;212;-1.99;837825;16.34;6.19;11.27
Steffond Johnson;24;1998;41;23;MIA;C;23;331;-1.16;770551;35.22;19.69;27.46
Steffond Johnson;25;1999;42;24;POR;PF;11;517;-1.13;672029;26.66;3.12;14.89
Steffond Johnson;26;2000;43;28;POR;PF;2;81;-3.00;615643;25.11;5.73;15.42
Steffond Johnson;27;2001;44;26;POR;PF;66;1139;-2.59;771326;11.85;-15.53;6.87
Steffond Johnson;28;2002;45;27;POR;PF;3;71;-3.00;841602;23.4;-8.73;14.78
Steffond Johnson;29;2003;46;28;MIA;C;29;404;-2.90;615440;13.38;5.16;9.27
Steffond Johnson;30;2004;47;29;MIA;C;39;554;-2.32;1715022;15.88;4.19;10.04
Steffond Johnson;31;2005;48;30;MIA;C;58;226;-2.53;751606;19.96;1.39;18.66
Steffond Johnson;32;2006;49;31;MIA;PG;55;546;-2.75;646268;12.08;12.74;12.41
Steffond Johnson;33;2007;50;32;MIA;C;98;2615;-3.00;651171;12.74;11.56;12.15
Steffond Johnson;34;2008;51;33;MIA;C;13;281;-1.50;962872;13.53;13.06;13.3
Steffond Johnson;35;2009;52;34;MIA;C;18;491;-2.20;836443;20.58;1.69;11.14
Alan Ogg;1;1979;17;2;MIA;SG;31;1469;0.53;4061135;11.73;11.27;11.5
Alan Ogg;2;1980;18;3;MIA;SG;88;125;0.72;4820498;13.46;5.23;9.35
Alan Ogg;3;1981;19;4;MIA;SG;39;1634;1.29;7145745;13.07;4.58;8.83
Alan Ogg;4;1981;19;4;POR;PG;63;147;2.87;13413296;5.33;2.62;3.98
Alan Ogg;5;1982;20;5;POR;PG;32;567;3.90;17529845;13.88;4.21;9.05
Alan Ogg;6;1983;21;6;MIA;PG;69;2014;4.43;19648070;8.46;1.22;4.84
Alan Ogg;7;1984;22;7;MIA;PG;6;54;4.33;19248405;6.31;4.07;5.19
Alan Ogg;8;1985;23;8;MIA;C;85;1919;4.55;20127668;5.03;3.09;4.06
Alan Ogg;9;1986;24;9;MIA;PG;70;1531;5.34;23285021;9.92;0.48;5.2
Alan Ogg;10;1987;25;10;MIN;PG;12;330;5.89;25483179;5.17;5.37;5.27
Alan Ogg;11;1988;26;11;MIN;C;50;1693;6.37;27401571;7.39;1.85;4.62
Alan Ogg;12;1988;26;11;NYK;PG;5;-247;6.36;27361604;-18.95;2.81;5.94
Alan Ogg;13;1989;27;12;NYK;PG;72;8180;3.52;16011118;6.25;1.92;4.09
Alan Ogg;14;1990;28;13;BRK;PG;52;560;3.46;15771319;9.15;0.01;4.58
Alan Ogg;15;1991;29;14;BRK;PG;80;642;2.84;13293396;7.94;3.4;5.67
Alan Ogg;16;1992;26;15;DAL;PG;36;593;2.40;11534870;8.54;1.36;4.95
Alan Ogg;17;1992;30;15;PHO;PG;48;1717;2.76;12973664;9.04;1.1;5.07
Alan Ogg;18;1992;30;15;PHO;PG;26;482;2.93;13653095;12.17;1.69;6.93
Alan Ogg;19;1993;31;16;MIA;PG;17;602;2.13;10455775;7.48;3.39;5.44
Alan Ogg;20;1994;32;17;POR;PG;71;3293;1.36;7378354;5.99;2.12;4.06
Alan Ogg;21;1995;33;18;POR;PG;56;5769;0.74;4900431;6.7;0.3;3.5
Alan Ogg;22;1996;34;19;DAL;PG;30;567;0.01;1982877;9.87;1.6;5.74
Alan Ogg;23;1996;34;19;LAC;PG;47;1669;-0.22;1063647;11.24;2.34;6.79
Alan Ogg;24;1997;38;20;LAC;PG;63;2005;-0.88;689907;5.26;2.69;4.33
Alan Ogg;25;1998;36;21;CLE;PG;51;1658;-1.08;822339;5.72;0.7;3.21
Alan Ogg;26;1998;36;21;ATL;PG;78;2380;-1.85;666595;8.15;3.21;5.68
Alan Ogg;27;1998;36;21;GSW;PG;56;2001;-3.00;707195;8.44;1.91;5.18
Alan Ogg;28;1999;37;22;UTA;PG;30;1072;-2.58;625788;3.3;1.1;2.2
Alan Ogg;29;2000;38;23;UTA;PG;31;829;-2.84;715403;9.06;4.09;6.58
Alan Ogg;30;2001;39;24;UTA;PG;81;3487;-2.96;716718;4.56;4.35;4.37
Alan Ogg;31;2002;40;25;UTA;PG;53;352;-2.54;709612;4.17;-11.74;3.16
Alan Ogg;32;2003;41;26;ORL;PG;46;2086;-3.00;649291;11.34;2.07;6.71
Alan Ogg;33;2004;42;27;ORL;PG;31;1241;-2.67;914890;4.02;3.51;3.77
Alan Ogg;34;2005;43;28;IND;PG;44;366;-2.31;1257154;5.11;0.72;2.92
Alan Ogg;35;2006;44;29;DAL;PG;79;38;-3.00;655674;5.06;3.07;4.07
Montrezl Harrell;1;1979;22;1;TOR;SF;31;1260;2.72;12813798;18.53;5.49;12.01
Montrezl Harrell;2;1980;23;2;TOR;SG;6;31;3.02;14012793;13.01;4.33;8.67
Montrezl Harrell;3;1981;24;3;LAC;PG;88;237;2.85;13333363;5.06;3.69;4.38
Montrezl Harrell;4;1982;20;4;LAC;PG;7;66;4.18;18648907;6.7;3.19;4.95
Montrezl Harrell;5;1983;26;5;LAC;PG;34;1504;4.83;21246730;9.58;5.05;7.32
Montrezl Harrell;6;1984;27;6;LAC;PG;57;312;3.73;16850415;9.44;3.54;6.49
Montrezl Harrell;7;1985;28;7;CHI;PG;35;796;2.17;10615641;8.51;3.66;6.09
Montrezl Harrell;8;1986;29;8;CHI;PG;19;52;1.48;7857952;43.70;1.76;4.61
Montrezl Harrell;9;1987;30;9;CHI;PG;68;2281;0.86;5380029;6.89;3.03;4.96
Montrezl Harrell;10;1988;31;10;LAC;PG;36;620;0.54;4101101;2.19;3.84;3.02
Montrezl Harrell;11;1989;32;11;LAC;PG;73;3135;0.44;3701436;8.6;4.57;6.59
Montrezl Harrell;12;1990;33;12;LAC;PG;14;83;0.46;3781369;6.31;1.57;3.94
Montrezl Harrell;13;1991;34;13;LAC;PG;62;807;0.54;4101101;8.73;0.96;4.85
Montrezl Harrell;14;1992;35;14;LAC;PG;65;741;1.56;8177684;3.84;2.67;3.26
Montrezl Harrell;15;1993;36;15;LAC;PG;3;50;2.71;12773832;9.97;2.8;6.39
Montrezl Harrell;16;1993;36;15;NYK;PG;64;3004;3.19;14692224;8.38;2.62;5.59
Montrezl Harrell;17;1993;36;15;CLE;PG;28;289;3.14;14492391;10.0;3.42;6.93
Montrezl Harrell;18;1994;38;16;CLE;PG;18;525;3.01;13972827;11.53;1.4;6.47
Montrezl Harrell;19;1995;38;17;CHI;PG;4;190;3.38;15451587;14.84;3.55;9.2
Montrezl Harrell;20;1996;39;18;DET;PG;76;3515;2.33;11255105;10.23;5.44;7.84
Montrezl Harrell;21;1997;40;19;ORL;PG;18;305;1.76;9456521;7.64;2.94;5.29
Montrezl Harrell;22;1997;40;19;MIL;SG;43;648;1.08;6259292;8.85;5.97;7.41
Montrezl Harrell;23;1998;41;20;MIL;SG;85;28;0.29;3101939;14.48;-22.29;7.76
Montrezl Harrell;24;1999;39;21;LAC;SG;17;29;45.45;8257617;6.0;3.72;4.86
Montrezl Harrell;25;2000;43;22;SEA;PF;47;685;40.73;1143580;10.07;3.23;6.65
Montrezl Harrell;26;2001;44;23;SEA;PG;53;30;-0.37;464149;7.74;2.0;4.87
Montrezl Harrell;27;2002;45;24;PHI;PG;62;622;-1.67;894378;17.67;1.42;9.55
Montrezl Harrell;28;2003;45;25;PHI;PG;48;1235;-2.51;497460;6.5;4.18;5.34
Montrezl Harrell;29;2004;47;26;DEN;PG;84;1390;-3.00;827841;8.46;1.95;5.21
Montrezl Harrell;30;2005;48;27;DEN;PG;47;636;-3.00;980628;8.66;3.46;6.06
Montrezl Harrell;31;2006;49;28;DEN;PG;32;-2915;-2.95;794867;4.96;3.58;4.27
Montrezl Harrell;32;2007;50;29;WAS;SG;58;468;-2.97;762258;6.0;3.69;4.85
Montrezl Harrell;33;2008;51;30;WAS;SG;63;965;-2.91;605596;13.28;6.91;10.1
Montrezl Harrell;34;2009;52;31;WAS;SF;19;373;21.62;918651;20.34;3.39;11.87
Montrezl Harrell;35;2010;53;32;WAS;SG;15;41;-3.00;871283;10.02;2.98;6.5
Mickael Gelabale;1;1979;21;2;PHO;PF;20;115;1.11;6379192;24.67;7.23;15.95
Mickael Gelabale;2;1980;22;3;BOS;C;55;2331;0.98;5859627;22.62;4.7;13.66
Mickael Gelabale;3;1980;22;3;SAC;C;57;819;-0.06;1703111;29.28;13.31;21.3
Mickael Gelabale;4;1981;23;4;SAC;C;4;164;1.03;6059460;14.0;1.67;7.84
Mickael Gelabale;5;1981;23;4;BOS;C;2;17;1.63;8457450;12.95;1.14;7.05
Mickael Gelabale;6;1982;24;5;BOS;C;44;368;1.99;9896244;22.06;10.48;16.27
Mickael Gelabale;7;1983;25;6;BOS;PG;53;1120;1.45;7738053;18.97;15.37;17.17
Mickael Gelabale;8;1984;26;7;BOS;PF;14;547;0.21;2782207;14.43;10.86;12.65
Mickael Gelabale;9;1985;27;8;BOS;PF;70;1280;1.74;8897081;24.52;7.61;16.07
Mickael Gelabale;10;1986;28;9;BOS;PF;80;1169;2.34;11295071;10.27;2.89;6.58
Mickael Gelabale;11;1987;29;10;BOS;PF;80;183;2.44;11694736;16.5;9.88;13.19
Mickael Gelabale;12;1988;30;11;BOS;SF;6;10;48.66;13213463;12.08;8.51;10.3
Mickael Gelabale;13;1988;30;11;MIN;SF;69;182;2.64;12494066;44.17;5.13;9.3
Mickael Gelabale;14;1989;31;12;MIN;SF;16;438;2.92;13613128;-37.81;8.93;10.03
Mickael Gelabale;15;1990;32;13;MIN;SF;95;175;-8.70;15291721;12.2;0.79;6.5
Mickael Gelabale;16;1991;33;14;UTA;SF;74;1623;3.84;17290046;11.18;4.29;7.74
Mickael Gelabale;17;1992;34;15;UTA;SF;56;1268;5.21;22765457;15.0;6.72;10.86
Mickael Gelabale;18;1992;34;15;DET;SF;88;311;6.34;27281671;11.65;4.72;8.19
Mickael Gelabale;19;1992;34;15;LAC;SF;24;17;6.53;28041035;8.68;-15.36;6.8
Mickael Gelabale;20;1992;34;15;CLE;SF;46;1553;6.58;28240867;22.87;6.55;14.71
Mickael Gelabale;21;1993;35;16;CLE;SF;40;83;5.39;23484854;-41.26;7.63;9.85
Mickael Gelabale;22;1993;35;16;ATL;SG;58;2261;4.86;21366629;7.43;2.91;5.17
Mickael Gelabale;23;1994;32;17;DET;SG;70;2693;5.30;23125155;7.65;4.48;6.07
Mickael Gelabale;24;1995;37;18;LAL;PF;28;1208;4.83;21246730;10.81;19.74;6.46
Mickael Gelabale;25;1996;38;19;SAS;SF;2;11;4.97;21806261;12.22;8.34;10.28
Mickael Gelabale;26;1996;36;19;CHI;SF;3;22;4.89;24021041;15.31;11.07;13.19
Mickael Gelabale;27;1997;42;20;CHI;PG;19;213;4.13;18449075;-31.40;6.3;11.91
Mickael Gelabale;28;1998;40;21;CHI;SF;73;606;39.66;17170147;14.79;9.17;11.98
Mickael Gelabale;29;1999;41;22;BOS;SF;47;643;4.36;12743829;9.16;7.98;8.57
Mickael Gelabale;30;2000;42;23;BOS;SF;53;426;3.87;7540939;14.32;6.35;10.34
Mickael Gelabale;31;2001;43;24;BOS;SF;29;1180;3.80;17130180;16.65;5.36;11.01
Mickael Gelabale;32;2002;40;25;MIL;SF;11;230;4.04;18089376;13.65;5.46;9.56
Mickael Gelabale;33;2003;45;26;MEM;SF;66;36;3.97;17809611;10.87;1.43;6.15
Mickael Gelabale;34;2004;46;27;MIL;SF;96;1163;2.46;11774669;10.1;14.18;12.14
Mickael Gelabale;35;2005;47;28;MIL;SF;62;1166;0.92;5619828;-21.03;2.88;7.98
Wiley Peck;1;1979;17;3;MIL;PG;38;217;0.86;5380029;8.64;2.41;5.53
Wiley Peck;2;1980;18;4;MIL;SG;11;121;1.37;7418321;11.61;8.34;9.98
Wiley Peck;3;1981;19;5;MIL;SG;38;3013;2.85;13333363;0.40;1.28;6.45
Wiley Peck;4;1982;20;3;MIN;C;69;394;2.45;11734703;10.07;1.65;5.86
Wiley Peck;5;1983;21;7;MIN;SG;78;3419;3.21;14772157;7.55;6.88;7.22
Wiley Peck;6;1984;22;8;MIN;SG;21;544;2.25;10935373;7.27;5.81;6.54
Wiley Peck;7;1985;23;9;BUF;SG;33;1069;3.56;16170984;6.29;6.12;6.21
Wiley Peck;8;1986;24;10;LAC;SG;60;2758;3.33;15251755;7.42;2.05;4.74
Wiley Peck;9;1987;25;11;LAC;SG;49;863;3.45;15731353;6.23;3.9;5.07
Wiley Peck;10;1988;26;12;LAC;SF;43;17;4.54;20087701;9.78;6.56;8.17
Wiley Peck;11;1989;27;13;MIN;SF;28;860;4.16;18568974;13.23;6.37;9.8
Wiley Peck;12;1990;28;14;MIN;PF;59;392;6.32;27201738;22.59;13.07;17.83
Wiley Peck;13;1991;29;15;BOS;PF;65;1056;6.31;27161772;21.87;-0.86;14.57
Wiley Peck;14;1992;30;16;DAL;PF;72;3347;5.47;18789530;17.82;6.08;11.95
Wiley Peck;15;1993;31;17;DAL;PF;84;928;5.12;22405758;11.02;5.35;7.55
Wiley Peck;16;1994;32;18;BUF;PF;33;110;4.93;21646395;18.56;-17.88;12.75
Wiley Peck;17;1995;33;19;MIN;PF;63;224;5.35;23324988;19.65;14.9;17.28
Wiley Peck;18;1996;34;20;MIA;PF;73;3341;5.63;24444050;21.38;5.11;13.25
Wiley Peck;19;1997;35;21;CLE;PF;43;1494;4.57;20207601;20.51;11.89;16.2
Wiley Peck;20;1998;36;22;TOR;PF;75;3198;3.94;17689711;19.89;6.8;13.35
Wiley Peck;21;1999;37;23;CLE;PF;30;1023;3.61;16370817;20.51;11.35;15.93
Wiley Peck;22;2000;38;24;LAC;PF;10;22;3.91;17569812;17.65;12.06;14.86
Wiley Peck;23;2001;39;25;LAC;PF;47;1920;2.86;13373329;11.68;13.26;12.47
Wiley Peck;24;2002;40;26;DEN;PF;50;1916;2.27;11015306;11.62;10.88;11.25
Wiley Peck;25;2003;41;27;CHH;PF;55;499;0.79;5100264;12.07;7.49;9.78
Wiley Peck;26;2004;42;28;DEN;PF;36;1204;-0.28;823848;30.25;5.71;17.98
Wiley Peck;27;2005;43;29;DEN;PF;5;112;-1.17;820049;20.06;10.03;15.05
Wiley Peck;28;2006;44;30;NOP;PF;91;3463;-3.00;956151;13.66;8.93;11.3
Wiley Peck;29;2007;45;31;DEN;SF;37;2764;-2.78;689696;11.8;8.15;9.98
Wiley Peck;30;2008;46;32;DEN;SF;19;434;-3.00;869503;11.39;6.56;8.98
Wiley Peck;31;2009;47;33;DEN;SF;29;319;-3.00;669250;13.07;6.16;9.62
Wiley Peck;32;2010;48;34;SAC;SF;27;973;-2.99;632109;13.53;-9.44;10.59
Wiley Peck;33;2011;49;35;HOU;SF;51;756;-3.00;1520535;12.09;6.17;9.13
Wiley Peck;34;2012;50;36;VAN;SF;61;878;-2.31;731619;7.81;14.73;11.27
Wiley Peck;35;2013;51;37;VAN;SF;31;241;-3.00;811754;18.81;4.66;11.74
Chris Kaman;1;1979;22;3;BOS;C;53;1375;2.42;11614803;16.79;8.62;12.71
Chris Kaman;2;1980;23;4;TOR;C;41;1420;2.03;10056109;24.31;1.22;12.77
Chris Kaman;3;1981;24;5;DEN;C;44;1841;1.30;7138555;21.86;12.22;17.04
Chris Kaman;4;1982;25;6;DEN;C;53;2309;3.07;14212626;25.54;17.14;21.34
Chris Kaman;5;1983;26;7;UTA;PF;58;569;2.45;11734703;-43.28;10.51;13.59
Chris Kaman;6;1984;27;8;DET;PF;50;625;2.92;13613128;17.04;12.02;14.53
Chris Kaman;7;1985;28;9;ATL;PF;13;350;1.73;8857115;17.27;3.82;10.55
Chris Kaman;8;1986;29;10;ATL;PF;78;3066;2.06;10176009;-6.84;5.57;12.16
Chris Kaman;9;1987;30;11;ATL;SF;54;1672;1.82;9216813;15.05;1.45;8.25
Chris Kaman;10;1988;31;12;CLE;SF;64;1685;2.57;12214301;11.48;0.2;5.84
Chris Kaman;11;1989;32;13;CLE;SF;5;93;2.86;13373329;34.51;0.85;4.48
Chris Kaman;12;1990;33;14;CLE;SF;16;515;3.69;16690549;14.71;3.46;9.09
Chris Kaman;13;1990;33;14;DET;SF;87;1761;5.26;22965289;15.26;3.72;9.49
Chris Kaman;14;1991;34;17;HOU;SF;80;2755;5.30;23125155;10.6;10.03;10.32
Chris Kaman;15;1992;35;16;HOU;SF;14;517;5.17;22605591;17.05;0.98;9.02
Chris Kaman;16;1993;36;17;WSB;SF;24;731;5.64;24484016;14.47;6.17;10.32
Chris Kaman;17;1994;37;18;LAC;SF;20;838;7.28;31038522;7.54;10.21;8.88
Chris Kaman;18;1995;38;19;LAC;SF;43;1740;7.54;33683878;14.9;8.1;11.5
Chris Kaman;19;1995;38;19;MIL;SF;16;256;6.03;26042710;17.49;9.5;13.5
Chris Kaman;20;1996;39;20;LAC;SG;15;177;5.24;22885356;5.47;4.7;5.09
Chris Kaman;21;1997;41;21;LAC;SG;45;823;5.10;22325825;4.3;3.3;3.8
Chris Kaman;22;1998;40;22;LAC;SG;6;130;5.35;23324988;5.96;3.29;4.53
Chris Kaman;23;1999;42;23;LAC;SG;18;116;5.80;25123480;12.91;5.16;9.04
Chris Kaman;24;2000;43;24;LAC;SG;20;319;6.07;30152562;7.04;7.35;7.2
Chris Kaman;25;2001;44;25;MIL;SG;20;570;5.56;24164284;12.54;4.28;8.41
Chris Kaman;26;2002;45;26;POR;SG;72;365;5.86;25363279;6.25;6.4;6.33
Chris Kaman;27;2003;46;27;POR;SG;16;337;4.62;20407433;9.91;4.29;7.1
Chris Kaman;28;2003;46;27;CLE;SG;96;1656;4.26;18968639;12.63;6.63;9.63
Chris Kaman;29;2004;47;28;MIN;PF;10;70;3.11;14372492;4.55;2.96;3.76
Chris Kaman;30;2005;48;29;LAL;SG;24;785;3.69;16690549;11.39;0.15;5.77
Chris Kaman;31;2006;49;30;MIN;SG;14;337;3.99;17889544;13.13;3.57;8.35
Chris Kaman;32;2007;50;31;MIN;C;31;635;4.31;19168472;7.04;2.94;4.99
Chris Kaman;33;2008;51;32;MIN;SG;9;408;3.81;17170147;10.48;5.17;7.83
Chris Kaman;34;2008;51;32;BOS;SG;68;1830;2.70;12733865;9.09;3.71;6.4
Chris Kaman;35;2009;52;33;BOS;SG;43;1411;1.65;8537383;11.97;-13.21;7.7
Charlie Criss;1;1979;22;1;DEN;SG;5;196;1.21;6778857;12.75;4.16;8.46
Charlie Criss;2;1980;23;2;UTA;PG;35;751;1.03;6049766;7.87;3.53;5.7
Charlie Criss;3;1981;24;3;SAC;PG;68;1982;0.08;2262642;8.46;4.24;6.35
Charlie Criss;4;1982;25;4;SAC;PG;78;555;0.11;2382542;10.68;2.07;6.38
Charlie Criss;5;1983;26;5;GSW;PG;35;469;0.98;5859627;6.1;0.06;3.08
Charlie Criss;6;1984;27;6;UTA;PG;66;1295;1.24;6898756;6.84;0.59;3.72
Charlie Criss;7;1985;28;7;UTA;PG;95;281;2.59;12294234;11.64;1.25;6.45
Charlie Criss;8;1986;29;8;UTA;PG;62;1115;1.93;9656445;10.08;3.7;6.89
Charlie Criss;9;1987;30;9;SDC;PG;26;-451;1.26;6978689;8.48;3.76;6.12
Charlie Criss;10;1987;30;9;SAS;PG;70;2163;-0.03;1823010;10.32;0.61;5.47
Charlie Criss;11;1988;31;10;SAS;PG;71;2200;-2.42;766521;55.10;2.79;7.33
Charlie Criss;12;1988;27;10;SAS;PG;65;1459;-3.00;751273;5.36;4.68;5.02
Charlie Criss;13;1989;32;11;NYK;PG;63;556;-1.95;848738;8.45;4.49;6.47
Charlie Criss;14;1990;33;12;NYK;PG;64;3069;-2.24;305199;5.57;1.45;3.51
Charlie Criss;15;1991;34;13;SAS;PG;2;43;-3.00;697730;12.41;4.82;8.62
Charlie Criss;16;1991;34;13;POR;PG;70;2629;-3.00;771184;5.23;2.29;3.76
Charlie Criss;17;1992;35;14;POR;PG;56;1985;-3.00;775166;13.23;2.6;7.92
Charlie Criss;18;1992;33;14;NJN;SG;10;21;-2.90;918890;11.97;6.83;9.4
Charlie Criss;19;1993;36;15;DEN;SF;67;2971;-2.45;821689;15.75;7.22;11.49
Charlie Criss;20;1994;37;16;TOR;PF;77;15;-3.00;686087;23.65;11.0;17.33
Charlie Criss;21;1995;38;17;TOR;PF;15;-319;-2.77;772029;16.41;-15.15;14.93
Charlie Criss;22;1996;39;18;TOR;SF;74;939;-3.00;769701;17.57;1.64;9.61
Charlie Criss;23;1997;40;19;TOR;SF;41;453;-3.00;612716;6.64;3.62;5.13
Charlie Criss;24;1998;41;20;POR;SF;77;2970;-3.00;817832;14.4;8.15;11.28
Charlie Criss;25;1998;41;20;MIN;SF;17;762;-3.00;712638;8.93;16.53;12.73
Charlie Criss;26;1999;42;21;HOU;SF;1;5;-3.00;926808;18.54;2.1;10.32
Charlie Criss;27;2000;43;22;HOU;PF;83;727;-3.00;868747;14.99;11.13;13.06
Charlie Criss;28;2001;44;23;HOU;PF;72;3367;-2.86;785971;25.75;2.77;14.26
Charlie Criss;29;2002;45;24;NOJ;C;18;675;-2.49;667867;32.86;19.62;26.24
Charlie Criss;30;2002;45;24;NYK;C;71;2753;-2.72;840050;16.93;15.93;16.43
Charlie Criss;31;2003;46;25;MIA;C;73;2641;-3.00;922638;11.49;8.44;9.97
Charlie Criss;32;2004;47;26;NJN;PF;2;57;-3.00;670271;18.56;71.50;17.21
Charlie Criss;33;2005;48;27;MIL;PF;68;1095;-3.00;651567;15.41;-33.89;12.47
Charlie Criss;34;2006;49;28;MIL;PF;24;-1639;-3.00;718042;51.78;10.46;11.06
Charlie Criss;35;2007;50;29;MIL;PF;23;715;-3.00;964420;22.99;4.09;13.54
Dajuan Wagner;1;1979;21;1;MIL;SG;12;311;1.63;8457450;9.29;4.64;6.97
Dajuan Wagner;2;1980;22;2;MIL;SG;64;356;3.65;16530683;17.13;3.59;10.36
Dajuan Wagner;3;1981;23;3;MIL;SG;9;-112;3.87;17409946;9.58;1.69;5.64
Dajuan Wagner;4;1981;23;3;ORL;SG;32;444;5.27;23005256;12.42;0.33;6.38
Dajuan Wagner;5;1981;24;3;GSW;SG;27;805;5.71;16087917;58.50;2.03;5.64
Dajuan Wagner;6;1982;24;4;BRK;SG;42;556;4.78;21046897;12.31;8.6;10.46
Dajuan Wagner;7;1983;25;5;PHO;PG;47;1594;4.34;19288371;11.16;0.37;5.77
Dajuan Wagner;8;1984;26;9;GSW;PG;91;1759;4.29;19088539;5.25;2.81;4.03
Dajuan Wagner;9;1984;26;6;MIA;PG;20;115;3.41;15571487;8.73;0.94;4.84
Dajuan Wagner;10;1984;26;6;PHI;PG;63;1976;1.99;9896244;11.94;2.28;7.11
Dajuan Wagner;11;1985;27;7;PHO;PG;75;2234;1.05;6139393;3.17;2.78;2.98
Dajuan Wagner;12;1986;28;8;PHO;PG;67;800;-0.29;783881;8.35;0.45;4.4
Dajuan Wagner;13;1987;29;9;PHO;PG;77;488;-0.25;943747;9.11;0.77;4.94
Dajuan Wagner;14;1988;30;10;DEN;PG;69;-928;0.19;2702274;7.76;1.97;4.87
Dajuan Wagner;15;1989;31;11;PHO;PG;4;21;-0.11;1503278;8.86;4.01;5.87
Dajuan Wagner;16;1990;32;12;DAL;PG;24;111;-0.66;622983;13.36;4.69;9.03
Dajuan Wagner;17;1991;33;13;DAL;PG;91;1742;16.86;752851;9.58;3.52;6.55
Dajuan Wagner;18;1992;34;14;LAC;PG;17;628;-1.88;709215;5.25;0.54;3.87
Dajuan Wagner;19;1993;35;15;LAC;PG;35;-543;-2.16;886298;7.72;2.95;5.34
Dajuan Wagner;20;1994;36;16;LAC;PG;11;358;-2.81;973493;10.34;3.59;6.97
Dajuan Wagner;21;1995;37;17;LAC;PG;60;533;-2.84;722287;3.3;1.03;2.17
Dajuan Wagner;22;1996;38;18;WAS;PG;81;3586;-2.47;680690;9.4;2.37;5.89
Dajuan Wagner;23;1997;39;19;WAS;PG;66;3135;-2.25;960741;9.62;4.76;7.19
Dajuan Wagner;24;1998;40;20;WAS;PG;42;520;-3.00;761404;8.13;4.52;6.33
Dajuan Wagner;25;1999;41;21;WAS;PG;14;428;-2.43;721147;2.2;4.63;3.42
Dajuan Wagner;26;2000;42;22;SAS;PG;21;484;-1.43;651681;7.68;2.86;5.27
Dajuan Wagner;27;2001;43;23;SAS;PG;49;758;-2.58;719745;9.16;4.15;6.66
Dajuan Wagner;28;2002;44;24;SAS;PG;10;475;-3.00;485676;9.36;3.97;7.57
Dajuan Wagner;29;2003;45;25;SAS;PG;85;511;-3.00;616134;9.19;3.1;6.15
Dajuan Wagner;30;2004;46;26;MIL;PG;32;117;-3.00;931930;6.24;1.45;3.85
Dajuan Wagner;31;2004;46;26;NYK;PG;9;347;-3.00;903860;8.47;1.96;5.22
Dajuan Wagner;32;2004;46;26;DAL;PG;66;3059;-3.00;649449;9.58;3.41;6.5
Dajuan Wagner;33;2005;47;27;DAL;PG;7;224;-3.00;864907;10.09;2.31;6.2
Dajuan Wagner;34;2006;48;28;SAS;PG;13;388;-3.00;999213;13.29;4.35;8.82
Dajuan Wagner;35;2007;49;29;NOJ;PG;50;1749;-3.00;883165;5.97;1.4;3.69
Brett Vroman;1;1979;17;3;ATL;PF;22;35;1.78;9056947;20.35;7.53;13.94
Brett Vroman;2;1980;18;4;SEA;C;35;1428;2.52;12014468;17.41;18.85;18.13
Brett Vroman;3;1981;19;5;SEA;C;10;297;2.22;10815473;21.12;87.65;21.93
Brett Vroman;4;1982;20;6;SEA;PF;40;685;3.30;15131855;23.88;8.68;16.28
Brett Vroman;5;1983;21;7;SEA;PF;14;504;4.27;19008606;-33.85;4.3;7.8
Brett Vroman;6;1983;21;7;NYK;PF;13;817;3.95;19050286;12.67;5.47;9.07
Brett Vroman;7;1984;22;6;NYK;C;24;347;3.55;16131018;22.27;3.72;13.0
Brett Vroman;8;1985;23;9;TOR;PF;68;698;4.33;19248405;20.28;8.39;14.34
Brett Vroman;9;1986;24;10;GSW;PF;80;822;3.92;17609778;13.51;8.35;10.93
Brett Vroman;10;1987;25;11;MIL;PF;77;1442;-35.67;16131018;-21.97;57.04;15.37
Brett Vroman;11;1988;26;12;MIL;PF;54;2277;4.62;20407433;20.87;10.11;15.49
Brett Vroman;12;1989;27;13;MIL;PF;42;586;-17.84;18009443;21.04;8.17;14.61
Brett Vroman;13;1989;27;13;DEN;PF;52;223;3.77;17010281;22.62;8.66;15.64
Brett Vroman;14;1989;27;13;BOS;PF;74;3373;3.45;15731353;9.31;14.61;11.96
Brett Vroman;15;1989;27;13;NYK;PF;76;193;5.08;22245892;20.88;14.02;17.45
Brett Vroman;16;1990;28;14;NYK;PF;23;265;5.60;24324150;14.97;17.26;16.12
Brett Vroman;17;1991;29;15;NYK;PF;29;771;4.06;18169309;-39.41;14.17;13.81
Brett Vroman;18;1992;30;16;LAC;PF;42;482;2.88;13453262;12.92;8.06;10.49
Brett Vroman;19;1992;30;16;DAL;PF;5;20;3.44;15691386;15.02;59.79;9.01
Brett Vroman;20;1993;31;17;DAL;PF;59;2601;1.28;7058622;9.47;74.33;12.28
Brett Vroman;21;1993;31;17;NOH;PF;40;134;0.31;3181872;-3.78;13.58;14.68
Brett Vroman;22;1994;32;18;MIL;PF;37;-2319;-0.77;953620;45.63;9.28;11.57
Brett Vroman;23;1995;33;19;SAC;PF;60;475;-1.58;139522;10.07;13.83;11.95
Brett Vroman;24;1996;34;20;CHI;PF;36;114;-3.00;643115;21.06;16.56;18.81
Brett Vroman;25;1997;35;21;BOS;PF;64;970;-3.00;874554;15.51;14.4;14.96
Brett Vroman;26;1998;36;22;BOS;PF;40;1915;-3.00;934509;20.92;6.51;13.72
Brett Vroman;27;1998;36;22;LAL;PF;58;2609;-3.00;830457;28.63;8.1;18.37
Brett Vroman;28;1998;36;22;SEA;PF;78;1045;-3.00;795096;13.19;6.44;9.82
Brett Vroman;29;1998;36;22;WAS;PF;3;36;-3.00;648865;14.7;15.18;14.94
Brett Vroman;30;1999;37;23;MIL;PF;55;1040;-3.00;970340;29.96;6.89;18.43
Brett Vroman;31;1999;37;23;SEA;PF;24;229;-2.84;810829;22.7;9.31;16.01
Brett Vroman;32;2000;38;24;ATL;PF;50;1066;-2.59;946513;21.4;5.92;13.66
Brett Vroman;33;2001;39;25;ATL;PF;69;2472;-3.00;764938;18.82;8.38;13.6
Brett Vroman;34;2002;40;26;ATL;PF;44;1793;-2.40;756690;16.62;4.14;10.38
Brett Vroman;35;2002;40;26;DAL;PF;2;17;-3.00;767361;22.52;8.17;15.35
Brian Quinnett;1;1979;22;3;DAL;SF;4;28;1.06;6179359;15.0;11.09;13.05
Brian Quinnett;2;1980;23;4;DAL;SF;7;126;0.96;5779694;11.91;4.87;8.39
Brian Quinnett;3;1981;24;5;DAL;SF;20;821;0.50;3941235;14.39;5.03;9.71
Brian Quinnett;4;1981;24;5;NYK;SF;70;2247;-0.33;624015;15.2;5.81;10.51
Brian Quinnett;5;1982;25;6;NOK;SF;13;489;-1.67;883071;-0.68;6.03;7.41
Brian Quinnett;6;1983;26;7;UTA;SF;51;213;-1.73;601510;15.58;6.48;11.03
Brian Quinnett;7;1984;27;8;MIN;SF;95;1213;-2.98;639712;14.96;7.3;11.13
Brian Quinnett;8;1985;28;9;CHO;SF;65;1787;-2.31;606112;9.9;9.83;9.87
Brian Quinnett;9;1986;29;10;MIN;SF;14;577;-1.40;668726;10.61;3.86;7.24
Brian Quinnett;10;1987;30;11;MIA;SF;29;990;-1.96;751158;17.35;11.34;5.14
Brian Quinnett;11;1988;31;12;GSW;SF;7;45;-2.80;989944;18.25;5.66;2.35
Brian Quinnett;12;1989;32;13;GSW;SF;19;860;44.37;809207;64.06;13.32;17.31
Brian Quinnett;13;1990;33;14;NJN;SF;45;542;-3.00;628791;17.26;7.08;12.17
Brian Quinnett;14;1991;34;15;MIL;SF;1;8;-2.45;761431;11.84;6.88;9.36
Brian Quinnett;15;1992;35;16;BOS;SF;63;993;-1.24;690466;12.37;14.8;13.59
Brian Quinnett;16;1993;36;17;BOS;PG;30;102;-1.33;916439;19.44;6.76;13.1
Brian Quinnett;17;1994;37;18;BOS;C;50;1208;-2.60;935511;15.4;8.89;12.15
Brian Quinnett;18;1995;38;19;BOS;C;26;698;-2.05;870824;11.2;5.86;8.53
Brian Quinnett;19;1996;39;20;NYK;C;23;504;-3.00;948228;15.83;9.28;12.56
Brian Quinnett;20;1997;40;21;NYK;PF;5;217;-3.00;890593;21.88;15.06;18.47
Brian Quinnett;21;1998;41;22;NYK;PF;16;537;-3.00;960858;22.24;4.67;13.46
Brian Quinnett;22;1999;42;23;NYK;PF;42;303;-2.63;749751;25.99;6.25;16.12
Brian Quinnett;23;2000;43;24;NYK;PF;35;1571;-2.44;624348;20.4;30.16;14.87
Brian Quinnett;24;2001;44;26;NYK;PF;52;1766;-1.45;844210;19.34;8.91;14.13
Brian Quinnett;25;2001;44;25;GSW;PF;61;399;-2.46;719973;55.47;8.15;12.9
Brian Quinnett;26;2001;44;25;NJN;PF;90;2154;-3.00;949833;15.91;-5.44;23.82
Brian Quinnett;27;2002;45;26;NJN;SF;1;18;-3.00;693583;9.41;7.76;8.59
Brian Quinnett;28;2003;46;27;NJN;SF;88;315;-3.00;800821;15.33;9.33;16.31
Brian Quinnett;29;2004;47;28;CLE;SF;12;177;-3.00;1046;11.86;5.79;8.83
Brian Quinnett;30;2005;48;29;PHI;SF;35;773;-3.00;630246;9.36;7.51;8.44
Brian Quinnett;31;2006;49;30;HOU;SF;68;1458;-3.00;687759;10.28;1.68;5.98
Brian Quinnett;32;2007;50;31;NOH;SF;48;1954;-2.87;877528;9.8;9.6;9.7
Brian Quinnett;33;2008;51;32;NOH;SF;52;855;-3.00;753571;7.26;6.36;6.81
Brian Quinnett;34;2009;52;33;DEN;SG;3;72;-3.00;891253;13.01;1.19;7.1
Brian Quinnett;35;2010;53;34;CHO;SG;38;1243;-2.79;865880;13.5;6.05;9.78
Tiago Splitter;1;1978;20;3;SAC;C;27;685;1.14;6499091;30.14;15.88;23.01
Tiago Splitter;2;1978;20;3;BOS;PF;6;30;2.10;10335875;23.19;6.58;14.89
Tiago Splitter;3;1979;21;4;TOR;C;18;173;1.97;9816311;22.21;15.49;18.85
Tiago Splitter;4;1980;22;5;TOR;PG;2;15;1.68;8657282;23.9;64.76;23.05
Tiago Splitter;5;1981;24;3;ATL;C;63;2242;2.40;11534870;16.25;79.61;13.42
Tiago Splitter;6;1982;24;7;ATL;C;15;521;1.61;8377517;18.83;6.95;12.89
Tiago Splitter;7;1983;26;7;DAL;C;39;61;1.74;8897081;29.1;5.7;17.4
Tiago Splitter;8;1984;26;9;DAL;C;31;1151;1.90;9536545;28.93;-52.08;17.55
Tiago Splitter;9;1985;27;10;PHO;C;57;1340;1.77;9016981;20.87;17.92;19.4
Tiago Splitter;10;1985;27;10;ORL;PG;57;2563;0.16;2582374;16.64;7.74;12.19
Tiago Splitter;11;1986;28;11;ORL;PF;33;595;1.03;6059460;11.32;11.71;11.52
Tiago Splitter;12;1987;29;12;ORL;PF;53;1648;1.52;8017818;14.86;3.47;9.17
Tiago Splitter;13;1988;30;13;ATL;PF;73;1051;41.94;5300096;18.5;9.51;14.01
Tiago Splitter;14;1988;30;13;MIA;PF;72;946;-16.93;5260130;60.51;5.45;14.27
Tiago Splitter;15;1989;31;14;TOR;PF;44;534;0.84;5300096;23.47;1.31;12.39
Tiago Splitter;16;1990;32;15;DAL;PF;5;177;-0.30;743915;23.76;7.22;15.49
Tiago Splitter;17;1991;33;16;UTA;PF;26;366;-0.33;624015;29.75;14.98;22.37
Tiago Splitter;18;1992;34;17;UTA;PF;4;16;-1.05;684146;88.31;10.31;14.79
Tiago Splitter;19;1993;35;18;UTA;PF;20;423;-1.73;831033;17.68;6.97;12.33
Tiago Splitter;20;1993;35;18;PHO;C;15;70;-1.39;920117;16.33;22.55;19.44
Tiago Splitter;21;1994;36;19;PHI;C;74;46;-2.80;969695;19.5;21.48;20.49
Tiago Splitter;22;1995;37;20;PHI;PF;89;527;-2.65;981738;12.86;-1.41;12.09
Tiago Splitter;23;1996;38;21;PHI;PF;79;1690;-3.00;1189358;17.7;9.08;13.39
Tiago Splitter;24;1997;39;22;PHI;PF;55;2023;-3.00;631223;22.72;10.34;16.53
Tiago Splitter;25;1998;40;23;ATL;SF;91;22;-2.86;824118;9.47;10.38;9.93
Tiago Splitter;26;1999;41;24;ATL;SF;33;392;-2.49;822032;15.06;9.23;12.15
Tiago Splitter;27;2000;42;25;KCK;SG;65;828;-2.57;878042;9.56;3.07;6.32
Tiago Splitter;28;2001;43;26;MIL;SG;26;58;-1.73;1558824;9.8;8.54;9.17
Tiago Splitter;29;2001;43;26;DEN;C;88;221;-2.64;660994;6.46;3.66;5.06
Tiago Splitter;30;2002;44;27;DEN;PG;43;892;-2.57;781133;9.23;1.9;5.57
Tiago Splitter;31;2003;45;28;LAC;C;5;189;-2.40;674152;6.59;0.31;3.45
Tiago Splitter;32;2004;46;29;LAC;PG;81;3819;-2.16;838630;10.15;5.76;8.57
Tiago Splitter;33;2005;47;30;LAC;PG;18;495;-1.17;835824;5.69;4.23;4.52
Tiago Splitter;34;2006;48;31;LAC;PG;55;508;-2.85;745825;6.77;0.8;3.79
Tiago Splitter;35;2007;49;32;LAC;PG;5;207;-3.00;178581;7.83;3.89;5.86
Jim Grandholm;1;1978;18;1;GSW;SF;10;171;0.09;2302609;19.32;5.26;12.29
Jim Grandholm;2;1978;18;1;WAS;SF;37;1219;0.26;2982039;12.64;7.89;10.27
Jim Grandholm;3;1979;19;2;GSW;SF;56;713;0.83;5260130;12.21;6.4;9.31
Jim Grandholm;4;1980;20;3;GSW;SG;17;682;2.03;10056109;9.3;7.81;8.56
Jim Grandholm;5;1980;20;3;CHI;SG;8;231;2.90;13533195;9.52;1.72;5.62
Jim Grandholm;6;1980;20;3;GSW;SG;36;95;3.08;14252592;11.04;1.4;6.22
Jim Grandholm;7;1981;21;4;GSW;SG;35;1280;4.50;19927835;8.77;5.75;7.26
Jim Grandholm;8;1982;22;8;VAN;SF;32;1034;3.67;16610616;9.62;10.37;10.0
Jim Grandholm;9;1983;23;9;GSW;PG;78;349;4.17;18608941;-21.53;10.51;9.18
Jim Grandholm;10;1984;24;7;WAS;SF;36;773;3.88;17449912;6.06;9.19;7.63
Jim Grandholm;11;1985;25;8;GSW;PF;11;95;3.08;14252592;10.71;11.75;11.23
Jim Grandholm;12;1986;26;9;GSW;PF;35;1618;3.97;17809611;19.71;10.98;15.98
Jim Grandholm;13;1987;27;11;GSW;PF;75;1781;3.86;17369979;12.01;10.52;11.27
Jim Grandholm;14;1988;28;11;PHI;PF;45;1652;2.23;10855440;11.58;5.07;8.33
Jim Grandholm;15;1989;29;12;PHI;SF;51;991;2.22;10815473;13.8;3.03;8.42
Jim Grandholm;16;1990;30;13;PHI;SG;61;157;1.48;7857952;14.87;-2.90;10.29
Jim Grandholm;17;1991;31;10;PHI;SG;71;673;-0.57;648523;12.3;5.13;8.72
Jim Grandholm;18;1992;32;15;NJN;SG;32;3698;-1.32;968682;5.42;2.78;4.1
Jim Grandholm;19;1993;33;16;NJN;SG;41;362;-2.37;901005;7.1;4.94;6.02
Jim Grandholm;20;1994;34;17;NJN;SG;30;716;-2.66;829348;8.08;2.82;5.45
Jim Grandholm;21;1995;35;16;NJN;SG;61;466;-3.00;939482;8.08;4.48;6.28
Jim Grandholm;22;1996;36;19;NJN;SF;22;267;-3.00;786383;15.59;3.13;9.36
Jim Grandholm;23;1997;37;18;NJN;SF;25;179;-3.00;964986;10.27;4.69;7.48
Jim Grandholm;24;1998;38;21;NJN;SF;53;444;-3.00;725355;-5.67;4.84;6.89
Jim Grandholm;25;1999;39;22;NJN;SF;30;790;-3.00;817775;7.83;7.85;7.84
Jim Grandholm;26;2000;40;23;MIL;SF;26;738;-3.00;776633;-29.36;10.76;10.12
Jim Grandholm;27;2001;41;24;MIL;SF;3;68;-4.37;979547;20.22;5.96;13.09
Jim Grandholm;28;2002;42;25;DEN;SF;62;1646;-3.00;943732;8.08;4.76;6.42
Jim Grandholm;29;2003;43;26;MIL;SF;45;2050;-3.00;790807;8.0;5.05;6.53
Jim Grandholm;30;2004;44;27;BOS;SF;24;371;-3.00;827716;7.18;3.65;5.42
Jim Grandholm;31;2005;45;28;MIL;SF;74;578;-33.61;752586;17.55;13.45;15.5
Jim Grandholm;32;2005;45;28;DEN;SF;43;6004;-2.15;793388;9.99;9.52;9.76
Jim Grandholm;33;2006;46;29;NJN;SF;50;1549;-3.00;936551;14.61;10.53;12.57
Jim Grandholm;34;2007;47;33;HOU;SF;79;1427;-2.54;836801;13.51;2.58;8.05
Jim Grandholm;35;2008;48;31;DAL;SF;75;329;-2.13;728445;6.15;8.1;7.13
Terrance Roberson;1;1978;19;1;UTA;SF;34;1593;0.73;4860465;7.75;9.17;8.46
Terrance Roberson;2;1978;19;1;UTA;SF;8;91;0.88;5459962;12.01;6.73;9.37
Terrance Roberson;3;1979;20;2;LAC;SF;53;368;1.84;9296746;17.03;6.69;11.86
Terrance Roberson;4;1979;20;2;ATL;SG;72;1895;2.33;11255105;14.27;5.17;9.72
Terrance Roberson;5;1980;21;3;ATL;PG;7;153;2.69;12693899;11.75;5.89;8.82
Terrance Roberson;6;1981;22;4;NYK;PG;38;336;4.29;19088539;8.94;3.83;6.39
Terrance Roberson;7;1982;23;5;GSW;PG;68;2839;5.24;22885356;-22.36;1.2;4.03
Terrance Roberson;8;1983;24;6;GSW;PG;37;461;6.48;27841202;11.96;2.81;7.39
Terrance Roberson;9;1984;25;7;GSW;PG;26;833;5.89;25483179;7.02;0.24;3.63
Terrance Roberson;10;1985;26;8;GSW;PG;86;1484;4.52;20007768;2.87;1.1;1.99
Terrance Roberson;11;1986;27;9;BOS;PG;48;2248;4.88;21446562;9.91;1.66;5.79
Terrance Roberson;12;1987;28;10;BOS;PG;59;2424;26.47;25643045;3.25;10.62;2.9
Terrance Roberson;13;1988;29;11;DEN;PG;27;15;4.27;26514063;9.06;1.16;5.11
Terrance Roberson;14;1988;29;11;OKC;PG;63;669;3.45;15731353;2.04;0.78;1.41
Terrance Roberson;15;1989;30;12;OKC;PG;39;1008;3.77;17010281;8.29;4.67;6.48
Terrance Roberson;16;1990;31;13;NOK;C;38;1049;4.46;13794597;8.0;3.15;5.58
Terrance Roberson;17;1991;32;14;OKC;PG;51;1263;-7.80;19288371;7.4;3.78;5.59
Terrance Roberson;18;1992;33;15;NOH;PG;45;1188;4.34;19288371;11.05;1.83;6.44
Terrance Roberson;19;1992;33;15;CLE;PG;32;1149;4.45;19728003;8.7;1.59;5.15
Terrance Roberson;20;1993;34;16;CLE;PG;65;1997;3.65;16530683;6.69;3.53;5.11
Terrance Roberson;21;1994;35;17;CLE;PG;71;-3263;4.81;21166797;7.28;2.76;5.02
Terrance Roberson;22;1995;36;18;MIA;PG;51;231;-19.11;19568137;13.02;3.21;8.12
Terrance Roberson;23;1996;39;19;LAC;PG;68;1310;4.54;20087701;11.7;4.03;7.87
Terrance Roberson;24;1997;38;20;LAC;PG;78;2535;3.24;14892056;11.1;3.58;7.34
Terrance Roberson;25;1998;39;21;LAC;PG;69;1830;2.80;13133530;4.86;3.13;4.0
Terrance Roberson;26;1999;40;22;LAC;PG;9;348;3.17;14612291;6.13;1.96;4.05
Terrance Roberson;27;2000;39;23;NJN;PG;13;215;3.44;15691386;8.1;4.09;6.1
Terrance Roberson;28;2001;42;24;NJN;PG;43;549;2.65;12534033;5.02;4.41;4.72
Terrance Roberson;29;2002;39;25;NJN;PG;20;841;2.48;11854602;5.77;2.12;3.95
Terrance Roberson;30;2002;43;25;SAS;PG;57;1765;2.54;12094401;6.56;4.39;5.48
Terrance Roberson;31;2003;44;26;SAS;PG;73;140;3.06;14172659;9.64;3.21;6.43
Terrance Roberson;32;2004;41;27;SAS;PG;25;2079;2.08;10255942;6.9;3.96;5.43
Terrance Roberson;33;2005;46;28;CHI;C;62;1241;1.65;8537383;14.84;5.35;10.1
Terrance Roberson;34;2006;47;29;CHH;SG;80;6756;1.52;8017818;13.37;2.99;8.18
Terrance Roberson;35;2007;48;30;CHH;SG;19;222;1.46;7778019;9.38;3.95;6.67
Chad Kinch;1;1979;20;2;CHH;SF;62;548;0.44;3701436;7.73;5.03;6.38
Chad Kinch;2;1980;21;3;PHI;SF;22;533;1.18;6658957;10.23;5.41;7.82
Chad Kinch;3;1981;17;4;DET;SG;91;1548;2.36;11375004;16.71;6.71;11.71
Chad Kinch;4;1982;23;5;DET;SG;58;723;2.47;11814636;5.86;6.65;6.26
Chad Kinch;5;1983;24;6;DET;SG;69;725;3.59;16290884;13.2;6.87;10.04
Chad Kinch;6;1984;25;7;DET;SG;40;1862;48.10;16330850;10.47;6.07;8.27
Chad Kinch;7;1985;26;8;MIL;PG;59;1771;3.00;13932860;12.53;2.65;7.70
Chad Kinch;8;1986;27;9;SAC;PG;48;2029;2.61;12374167;6.11;1.85;3.98
Chad Kinch;9;1987;28;10;PHO;PG;79;3040;1.35;7498424;20.48;2.38;6.42
Chad Kinch;10;1988;29;11;PHO;PG;49;1422;2.17;10615641;9.4;2.89;6.15
Chad Kinch;11;1989;30;12;PHO;PG;28;1067;1.27;7018656;2.61;2.16;2.39
Chad Kinch;12;1990;31;13;PHO;PG;47;923;0.30;3141905;5.87;1.57;3.72
Chad Kinch;13;1991;32;14;PHO;PG;1;13;-0.47;64484;5.98;3.86;4.92
Chad Kinch;14;1992;33;15;PHO;PG;78;2819;29.52;624640;9.35;4.78;7.07
Chad Kinch;15;1993;34;16;PHO;PG;31;1345;-2.42;663270;13.81;3.75;8.78
Chad Kinch;16;1994;35;17;PHO;PG;95;46;43.57;621110;4.16;2.53;3.35
Chad Kinch;17;1994;35;17;ORL;PG;77;369;-2.80;941646;8.43;3.91;6.17
Chad Kinch;18;1995;36;16;ORL;PG;51;278;-1.99;887300;2.41;5.96;4.19
Chad Kinch;19;1996;37;19;ORL;PG;6;108;-3.00;258724;14.38;4.36;9.37
Chad Kinch;20;1996;37;19;HOU;PG;11;59;-3.00;762125;3.9;2.58;3.11
Chad Kinch;21;1997;38;20;HOU;PG;8;62;-3.00;746286;6.32;2.3;4.31
Chad Kinch;22;1998;39;21;HOU;PG;53;-1290;-2.66;805020;9.47;-3.55;5.7
Chad Kinch;23;1999;40;22;HOU;PG;61;636;-2.29;891652;38.23;1.92;3.32
Chad Kinch;24;1999;40;22;MIL;PG;6;93;-2.30;886562;10.9;2.67;6.79
Chad Kinch;25;1999;40;22;ATL;PG;44;718;-2.06;852495;9.27;5.01;7.14
Chad Kinch;26;2000;41;23;ATL;C;25;52;-2.90;900018;11.5;1.34;6.42
Chad Kinch;27;2001;42;24;POR;PG;80;52;-3.00;944424;11.06;4.13;7.6
Chad Kinch;28;2002;43;25;POR;PG;67;-5749;-2.35;887440;6.36;1.28;3.82
Chad Kinch;29;2003;44;26;POR;PG;49;1559;-29.43;626522;14.88;2.89;8.89
Chad Kinch;30;2004;45;27;POR;PG;22;888;-2.78;635481;6.67;2.05;4.36
Chad Kinch;31;2005;46;28;POR;PG;14;-520;-2.96;929119;7.03;2.69;4.86
Chad Kinch;32;2006;47;29;POR;PG;9;41;-2.69;996213;3.62;1.86;2.74
Chad Kinch;33;2007;48;30;SAS;PG;71;2865;-3.00;626490;10.4;1.4;5.9
Chad Kinch;34;2008;46;31;SAS;PG;63;2677;-3.00;611973;7.3;2.52;4.91
Chad Kinch;35;2009;50;32;DAL;PG;9;390;-2.84;847781;13.26;2.08;7.67
B.J. Tyler;1;1978;19;1;NJN;C;62;2073;1.05;6139393;24.59;17.83;21.21
B.J. Tyler;2;1979;20;2;NJN;C;76;2401;1.62;8417483;21.0;6.18;13.59
B.J. Tyler;3;1979;20;2;HOU;C;76;403;1.72;8817148;19.82;1.79;10.69
B.J. Tyler;4;1979;20;2;IND;C;65;1540;1.77;9016981;15.33;13.91;14.62
B.J. Tyler;5;1980;21;3;IND;C;19;806;2.88;13453262;21.7;15.37;18.54
B.J. Tyler;6;1981;22;0;TOR;PF;73;1017;2.77;13013631;18.19;15.91;17.05
B.J. Tyler;7;1982;23;5;TOR;PF;51;169;3.19;14692224;16.78;7.95;12.37
B.J. Tyler;8;1983;24;6;TOR;PF;30;73;3.49;15891219;20.48;3.72;12.1
B.J. Tyler;9;1984;25;7;LAL;PF;72;1309;1.20;6738890;15.19;13.23;14.21
B.J. Tyler;10;1985;26;8;LAL;PF;16;589;0.92;5619828;14.79;6.85;10.82
B.J. Tyler;11;1985;26;8;IND;PG;27;1289;2.60;12334200;15.85;7.11;11.48
B.J. Tyler;12;1986;27;9;MIA;PF;64;1159;2.42;11614803;11.82;13.98;12.9
B.J. Tyler;13;1987;28;10;MIA;PF;85;205;1.49;7897919;17.44;12.64;15.04
B.J. Tyler;14;1988;29;11;MIN;C;61;1789;1.20;6738890;22.25;-75.13;9.92
B.J. Tyler;15;1989;30;12;MIA;C;43;642;1.47;7817986;12.03;106.08;8.55
B.J. Tyler;16;1990;31;13;MIA;C;7;257;0.65;4540733;25.23;8.96;17.1
B.J. Tyler;17;1991;32;14;MIA;PF;19;681;0.10;2342575;9.38;8.85;9.12
B.J. Tyler;18;1992;33;11;MIA;C;43;698;-0.14;1383379;27.04;22.04;24.54
B.J. Tyler;19;1993;34;16;MIA;C;32;131;-1.29;839690;24.84;3.07;13.96
B.J. Tyler;20;1994;35;17;SAC;PF;38;1136;-0.49;938221;17.9;7.72;12.81
B.J. Tyler;21;1994;35;17;HOU;PF;25;49;-0.49;-194049;20.04;5.83;12.94
B.J. Tyler;22;1995;36;18;PHO;C;2;89;-0.89;810147;26.44;9.68;18.06
B.J. Tyler;23;1995;36;18;CLE;C;80;2454;-2.35;998001;27.9;7.79;17.85
B.J. Tyler;24;1996;37;19;LAL;C;45;1959;-2.24;891891;22.77;18.88;20.83
B.J. Tyler;25;1997;38;20;LAL;C;6;223;-2.46;745455;-53.34;2.83;16.12
B.J. Tyler;26;1998;39;20;SEA;PF;55;2409;-2.77;897214;9.08;72.08;12.25
B.J. Tyler;27;1999;40;22;SEA;C;2;78;-3.00;882023;16.06;11.26;13.66
B.J. Tyler;28;2000;41;23;LAL;C;57;882;-3.00;979369;17.52;11.98;14.75
B.J. Tyler;29;2001;42;24;LAL;C;14;164;-3.00;919582;17.5;10.62;14.06
B.J. Tyler;30;2002;43;25;MIL;PG;31;1415;-3.00;991874;17.69;8.89;13.29
B.J. Tyler;31;2003;44;26;GSW;C;32;1485;-3.00;743506;23.98;22.59;23.29
B.J. Tyler;32;2004;45;27;POR;C;20;613;-3.00;973341;21.47;4.26;12.87
B.J. Tyler;33;2005;46;28;POR;PF;40;437;-2.34;957292;19.12;3.74;11.43
B.J. Tyler;34;2006;47;29;POR;PF;41;1680;-2.81;945880;10.79;8.14;9.47
B.J. Tyler;35;2007;48;30;MIL;PF;6;65;-1.99;776271;15.34;6.22;10.78
Dragan Tarlac;1;1979;20;3;MIL;C;27;795;0.59;4300934;22.17;17.39;19.78
Dragan Tarlac;2;1979;20;3;ORL;C;60;2174;0.39;3501604;20.58;14.23;17.41
Dragan Tarlac;3;1980;21;4;ORL;PG;45;2108;29.56;830531;26.45;15.06;21.01
Dragan Tarlac;4;1980;21;4;DEN;C;60;338;29.89;707993;16.81;4.32;10.57
Dragan Tarlac;5;1981;22;5;DEN;C;57;1421;0.11;2936959;33.81;4.22;19.02
Dragan Tarlac;6;1981;22;5;NJN;C;50;483;-1.17;663970;24.63;15.97;20.3
Dragan Tarlac;7;1982;23;6;NJN;C;42;128;-1.04;640951;28.58;11.22;19.9
Dragan Tarlac;8;1983;24;7;NJN;C;24;514;-0.72;625406;31.18;14.37;22.78
Dragan Tarlac;9;1983;24;7;DAL;PF;31;227;-1.05;822440;17.31;15.15;16.23
Dragan Tarlac;10;1984;25;8;CLE;PF;35;1014;-2.30;710980;22.17;8.42;15.3
Dragan Tarlac;11;1985;26;9;HOU;PF;32;584;43.36;841249;11.6;12.44;12.02
Dragan Tarlac;12;1986;30;10;CHI;PF;57;2613;-1.13;578530;21.79;2.64;12.22
Dragan Tarlac;13;1987;28;11;CHI;PF;74;15;-0.17;1263479;25.76;3.87;14.82
Dragan Tarlac;14;1988;29;12;CHI;PF;78;3643;-0.54;373970;11.72;7.09;9.27
Dragan Tarlac;15;1989;30;13;BRK;PF;68;512;-2.46;808321;16.99;1.77;9.38
Dragan Tarlac;16;1990;31;14;NJN;PF;35;1039;-3.00;816252;11.54;7.25;9.4
Dragan Tarlac;17;1991;32;15;NJN;SF;15;70;-3.00;600391;14.01;2.58;8.3
Dragan Tarlac;18;1992;33;11;NJN;SF;68;-1664;-3.00;609430;14.09;10.87;12.48
Dragan Tarlac;19;1993;34;17;MEM;SF;40;1165;-3.00;894071;-20.67;6.73;10.21
Dragan Tarlac;20;1994;35;18;CHH;SF;19;563;-3.00;827558;62.61;6.99;8.04
Dragan Tarlac;21;1995;36;19;IND;PF;46;1693;-3.00;752238;22.39;13.8;18.1
Dragan Tarlac;22;1996;37;20;IND;PF;45;1069;-2.87;683939;21.3;14.5;17.9
Dragan Tarlac;23;1997;38;21;TOR;PF;73;1065;-2.26;711516;15.31;6.33;10.82
Dragan Tarlac;24;1998;39;22;TOR;PF;27;958;-2.07;928661;18.31;12.83;23.69
Dragan Tarlac;25;1998;39;22;NJN;PF;54;153;-34.84;644995;18.8;7.15;12.98
Dragan Tarlac;26;1999;40;23;WAS;PF;33;912;-1.78;957981;18.5;11.6;15.05
Dragan Tarlac;27;2000;41;24;DEN;C;56;67;-0.76;-115733;17.2;63.15;12.08
Dragan Tarlac;28;2001;42;25;DEN;C;58;2782;-1.36;643151;29.86;103.77;22.4
Dragan Tarlac;29;2002;43;26;NJN;C;60;106;-2.44;474995;23.46;4.07;13.77
Dragan Tarlac;30;2003;44;27;NJN;C;78;3105;-3.00;976172;23.13;7.88;15.51
Dragan Tarlac;31;2004;45;28;NJN;C;67;1097;-3.00;632658;-0.02;13.36;15.58
Dragan Tarlac;32;2005;46;29;NJN;C;11;283;-3.00;618338;30.44;15.7;23.07
Dragan Tarlac;33;2006;47;30;NJN;C;3;53;-3.00;1335223;31.23;20.87;26.05
Dragan Tarlac;34;2007;47;31;NJN;C;1;27;-2.84;767965;25.26;17.21;21.24
Dragan Tarlac;35;2008;49;32;NJN;PG;81;2018;-2.84;627069;24.52;10.93;17.73
Sam Bowie;1;1979;20;1;NJN;PF;28;838;3.13;14452425;14.33;8.83;11.58
Sam Bowie;2;1979;20;1;SEA;PF;32;1242;3.51;15971152;12.53;8.56;10.55
Sam Bowie;3;1979;20;1;SAS;PF;3;106;3.81;17170147;57.76;7.23;18.18
Sam Bowie;4;1980;21;2;MIL;PF;78;908;-19.32;20007768;8.79;9.35;9.07
Sam Bowie;5;1980;21;2;DET;PF;2;49;3.31;15171822;16.17;13.49;14.83
Sam Bowie;6;1981;22;3;DET;PF;62;2207;1.40;7931905;21.41;13.56;17.49
Sam Bowie;7;1982;20;4;NYK;PF;79;399;1.39;7498254;21.25;3.2;12.23
Sam Bowie;8;1983;24;3;NYK;C;80;3789;1.56;8177684;76.01;18.9;17.08
Sam Bowie;9;1984;25;6;NYK;C;23;619;0.70;4740565;27.65;1.23;14.44
Sam Bowie;10;1985;26;7;NYK;C;81;603;-0.43;224350;20.01;10.0;15.01
Sam Bowie;11;1985;26;7;SAS;C;12;27;-1.23;972752;19.14;4.05;11.6
Sam Bowie;12;1986;30;8;SAS;PG;27;1162;-2.58;717052;17.56;110.97;15.53
Sam Bowie;13;1986;27;8;MIN;C;51;989;-2.66;636165;24.25;15.93;20.09
Sam Bowie;14;1987;28;9;MIN;C;80;599;33.47;927721;16.95;8.0;12.48
Sam Bowie;15;1988;29;10;PHI;C;24;197;-3.00;615074;16.49;4.8;10.65
Sam Bowie;16;1989;30;11;PHI;C;28;596;-9.53;802502;24.19;8.94;16.57
Sam Bowie;17;1990;31;15;CHH;C;81;3407;-3.00;933399;13.65;12.61;13.13
Sam Bowie;18;1991;32;13;CHH;C;56;213;-2.58;937234;22.71;14.5;18.61
Sam Bowie;19;1992;33;14;CHH;C;27;201;-3.00;701836;32.98;10.24;21.61
Sam Bowie;20;1993;34;15;POR;C;13;214;-3.00;765512;22.9;18.92;20.91
Sam Bowie;21;1994;35;15;MIN;C;4;89;-3.00;891854;18.72;8.22;13.47
Sam Bowie;22;1995;36;14;MIN;C;3;18;-3.00;902470;25.35;22.03;14.67
Sam Bowie;23;1996;37;18;BOS;C;46;690;-3.00;831082;33.66;9.05;21.36
Sam Bowie;24;1997;38;19;TOR;C;43;506;-3.00;952853;16.72;13.72;15.77
Sam Bowie;25;1998;37;20;TOR;C;42;891;-3.00;896939;26.9;9.67;18.29
Sam Bowie;26;1999;40;21;DEN;C;38;718;-2.48;694239;23.64;7.57;15.61
Sam Bowie;27;2000;41;22;DEN;C;76;2039;-2.78;820037;24.33;12.09;18.21
Sam Bowie;28;2001;42;23;DET;C;38;484;-3.00;891629;20.34;4.97;12.66
Sam Bowie;29;2002;43;24;ATL;C;73;-3727;-3.00;880844;15.84;10.25;13.05
Sam Bowie;30;2003;44;25;NOK;C;1;23;-3.00;915950;21.76;13.77;17.77
Sam Bowie;31;2003;44;25;CLE;C;31;21;-2.76;1449821;14.26;12.65;13.46
Sam Bowie;32;2004;45;26;POR;C;73;515;-21.07;685887;23.36;20.5;21.93
Sam Bowie;33;2004;45;26;LAC;PF;19;233;-3.00;705673;15.11;10.69;12.9
Sam Bowie;34;2005;46;27;TOR;PF;78;148;-2.40;929440;12.9;11.77;12.34
Sam Bowie;35;2006;47;28;TOR;PF;21;550;-2.08;873032;15.68;11.45;13.57
Anthony Pullard;1;1979;18;1;TOR;SF;21;678;1.46;7778019;16.19;7.27;11.73
Anthony Pullard;2;1980;19;-3;TOR;PF;80;1793;2.33;11255105;22.78;11.57;17.18
Anthony Pullard;3;1981;20;3;IND;PF;30;1392;1.94;9696411;16.79;7.68;12.24
Anthony Pullard;4;1982;21;4;NYK;PF;26;839;3.14;14492391;18.88;12.07;15.48
Anthony Pullard;5;1983;22;5;UTA;PF;66;967;4.09;18289209;63.49;11.4;15.99
Anthony Pullard;6;1984;23;9;SEA;PF;40;682;3.77;17010281;25.34;2.92;14.13
Anthony Pullard;7;1985;24;7;SEA;PF;56;2166;2.63;12454100;64.48;48.30;15.66
Anthony Pullard;8;1986;25;8;SDC;PF;37;1103;3.61;16370817;14.31;1.42;7.87
Anthony Pullard;9;1986;25;8;CLE;PF;40;1328;5.14;22485691;18.19;8.99;13.59
Anthony Pullard;10;1987;26;9;CLE;PF;15;1403;4.93;21646395;13.2;5.93;9.57
Anthony Pullard;11;1988;27;10;CLE;PF;92;600;5.30;23125155;14.09;8.81;11.45
Anthony Pullard;12;1989;28;11;POR;PF;65;942;6.38;27441537;21.8;6.51;14.16
Anthony Pullard;13;1990;29;12;POR;PF;47;1041;7.75;32916948;25.94;9.83;17.89
Anthony Pullard;14;1991;30;13;POR;PF;38;707;8.13;34435675;13.36;14.5;13.93
Anthony Pullard;15;1992;31;12;POR;SF;74;2759;7.73;32837015;13.25;7.38;10.32
Anthony Pullard;16;1993;32;15;POR;SF;36;318;6.99;29879494;9.42;11.67;10.55
Anthony Pullard;17;1994;33;14;SAS;SF;38;764;7.95;33716278;15.77;8.14;15.85
Anthony Pullard;18;1995;34;17;DEN;SF;33;1512;7.96;33756244;13.78;7.84;10.81
Anthony Pullard;19;1996;35;18;DEN;SF;80;674;-12.77;30079326;14.18;7.63;16.40
Anthony Pullard;20;1997;36;19;DEN;SF;52;1686;7.05;30119293;-13.89;5.07;9.80
Anthony Pullard;21;1997;36;19;WAS;SF;24;1107;8.35;35314938;21.1;4.68;12.89
Anthony Pullard;22;1997;36;19;DAL;SF;61;167;16.09;34475641;9.73;8.44;9.09
Anthony Pullard;23;1998;37;20;DAL;SF;35;49;8.94;37672961;15.6;0.19;7.9
Anthony Pullard;24;1999;38;21;DAL;SF;48;267;9.04;38072626;10.14;4.49;7.32
Anthony Pullard;25;2000;39;22;WAS;PF;45;1860;8.34;35274971;11.7;11.86;11.78
Anthony Pullard;26;2001;40;23;WAS;PF;30;71;7.78;33036847;15.94;10.94;13.44
Anthony Pullard;27;2002;41;24;WAS;PG;60;2489;6.75;28920298;-39.17;7.22;16.71
Anthony Pullard;28;2003;42;25;WAS;PF;35;762;6.71;28760432;20.49;11.09;16.70
Anthony Pullard;29;2004;43;26;GSW;PF;43;118;5.64;24484016;10.16;12.27;11.22
Anthony Pullard;30;2005;44;27;GSW;PF;73;1376;5.35;23324988;24.01;7.32;15.67
Anthony Pullard;31;2006;45;28;DEN;C;18;620;5.98;25842877;19.87;2.15;11.01
Anthony Pullard;32;2006;45;28;VAN;PF;3;50;4.27;19008606;13.91;9.37;11.64
Anthony Pullard;33;2007;46;29;WAS;PF;61;2006;2.21;10775507;23.67;12.74;18.21
Anthony Pullard;34;2008;47;30;LAC;PF;43;1005;2.54;12094401;19.38;14.57;16.98
Anthony Pullard;35;2009;48;31;LAC;PF;72;1050;2.65;12534033;20.94;11.93;16.44
Walker Russell;1;1979;18;4;LAC;SG;70;1628;0.06;2182709;4.33;4.35;4.34
Walker Russell;2;1980;19;5;MIL;SG;33;1407;0.70;4740565;11.24;37.20;7.49
Walker Russell;3;1981;20;6;MIL;SG;33;-279;-0.39;384216;6.87;3.41;5.14
Walker Russell;4;1982;21;7;MIL;SG;48;358;-1.34;703598;10.66;1.58;6.12
Walker Russell;5;1983;22;8;MIL;SG;18;15;-1.45;674977;8.9;4.9;6.9
Walker Russell;6;1984;23;9;MIL;SG;61;996;-1.24;633924;8.93;19.06;7.29
Walker Russell;7;1985;24;10;BOS;SG;75;3162;-1.38;875923;7.58;2.4;4.99
Walker Russell;8;1985;24;10;CLE;SG;39;1770;-0.14;1383379;10.33;4.67;7.5
Walker Russell;9;1986;25;11;SEA;SG;55;1603;0.44;3701436;6.75;8.2;7.48
Walker Russell;10;1987;26;12;SEA;PG;73;668;0.63;3610431;13.15;1.28;7.22
Walker Russell;11;1988;27;14;SEA;PF;68;621;0.76;4980364;11.46;1.11;6.29
Walker Russell;12;1989;28;14;BOS;PG;79;1497;0.97;5819661;4.66;4.41;4.54
Walker Russell;13;1989;28;14;BOS;PF;42;803;1.01;5979527;10.5;5.38;7.44
Walker Russell;14;1990;29;15;OKC;PG;55;1392;0.55;4141068;13.89;1.42;7.66
Walker Russell;15;1991;30;16;POR;SG;14;534;32.81;801373;10.88;0.91;5.9
Walker Russell;16;1992;31;17;LAC;SG;41;925;-1.82;1649768;12.68;5.56;9.12
Walker Russell;17;1993;32;18;MIA;SG;81;3658;-1.93;798083;12.84;4.4;8.62
Walker Russell;18;1994;29;19;MIA;SF;78;3522;-1.92;721260;15.22;3.3;9.26
Walker Russell;19;1995;34;20;MIA;SF;17;431;-2.87;813299;9.2;3.41;6.31
Walker Russell;20;1996;35;24;MIA;SF;15;336;-2.62;636916;20.72;8.11;9.52
Walker Russell;21;1997;36;22;SAC;SF;65;1342;-3.00;840436;11.15;10.12;10.64
Walker Russell;22;1998;37;23;SAC;SF;31;428;48.58;951900;10.48;5.96;8.22
Walker Russell;23;1999;38;24;SAC;PF;48;504;-3.00;620242;26.38;14.7;20.54
Walker Russell;24;2000;39;25;SAC;PF;17;19;-3.00;737376;21.4;11.52;16.46
Walker Russell;25;2001;40;26;UTA;PF;40;1037;-3.00;819490;19.21;10.94;15.08
Walker Russell;26;2002;41;27;UTA;PF;32;1070;-2.76;819932;26.94;10.37;18.66
Walker Russell;27;2003;42;28;UTA;PF;44;1734;-2.25;712881;14.77;7.79;11.28
Walker Russell;28;2004;43;29;UTA;PF;33;738;-3.00;990086;20.56;8.68;14.62
Walker Russell;29;2005;44;30;UTA;PG;50;2094;-2.21;870872;11.94;7.68;9.81
Walker Russell;30;2006;45;31;ORL;PF;26;668;-3.00;623912;27.1;12.67;19.89
Walker Russell;31;2006;45;31;PHI;PF;28;-1776;-3.00;992481;16.5;69.69;12.93
Walker Russell;32;2006;45;31;GSW;PF;69;1171;-2.69;756221;17.26;12.16;14.71
Walker Russell;33;2007;46;32;CHI;SF;57;386;-1.27;600562;12.15;4.91;8.53
Walker Russell;34;2008;47;33;CHI;SF;79;2134;-2.15;961448;11.98;7.71;9.85
Walker Russell;35;2009;48;34;SAC;SF;42;1138;-2.50;993046;9.64;4.77;7.21
Johnny High;1;1979;22;1;CHI;PG;67;575;-0.49;990387;8.05;2.78;5.42
Johnny High;2;1980;23;2;CHI;PG;69;1543;-0.65;612811;13.5;2.67;8.09
Johnny High;3;1981;24;3;NJN;PG;37;595;0.09;2302609;11.44;0.75;6.1
Johnny High;4;1982;25;4;NJN;PG;37;988;0.62;4420833;6.1;2.91;4.51
Johnny High;5;1983;26;5;PHI;PG;41;660;3.10;14332525;6.11;2.62;4.37
Johnny High;6;1984;27;6;PHI;PG;79;2241;3.27;15011956;7.34;2.01;4.68
Johnny High;7;1985;28;7;SAS;PG;28;707;3.95;17729678;5.95;2.73;4.34
Johnny High;8;1986;29;8;SAS;PG;45;69;4.31;19168472;12.31;1.58;6.95
Johnny High;9;1986;29;8;DEN;PG;21;575;4.06;18169309;14.06;3.65;8.86
Johnny High;10;1986;29;8;SAS;PG;36;225;35.19;12414133;3.41;1.5;2.46
Johnny High;11;1987;30;9;SAS;PG;12;25;1.31;7178522;11.32;4.25;8.56
Johnny High;12;1988;31;10;SAS;PG;53;1573;1.04;6099426;2.55;0.97;1.76
Johnny High;13;1989;32;11;SAS;PG;52;1549;0.18;2662307;5.47;3.46;4.47
Johnny High;14;1990;33;12;LAL;PG;65;1624;-0.44;184384;36.18;2.26;5.93
Johnny High;15;1990;33;13;CHI;PG;66;-565;24.94;61465;11.96;2.6;7.28
Johnny High;16;1991;34;13;CHI;PG;58;395;0.11;2382542;9.07;2.85;6.42
Johnny High;17;1992;35;14;CHI;PF;20;186;-0.16;1162120;-16.30;3.24;5.71
Johnny High;18;1993;36;15;WSB;PG;58;369;-2.09;740286;11.86;1.34;6.6
Johnny High;19;1994;37;16;WSB;PG;40;1661;-3.00;955763;10.24;2.2;6.22
Johnny High;20;1995;38;17;WSB;PG;56;140;-3.00;635661;7.95;2.29;5.12
Johnny High;21;1996;39;18;WAS;PG;1;36;-2.30;610785;3.68;4.4;4.04
Johnny High;22;1997;40;19;WAS;PG;46;557;-3.00;975939;10.98;2.61;6.8
Johnny High;23;1998;41;20;PHI;PG;15;298;-3.00;982785;9.03;3.71;6.37
Johnny High;24;1999;42;21;PHI;PG;10;367;-2.62;610824;5.92;4.85;5.39
Johnny High;25;2000;39;22;NJN;PG;38;317;-2.95;655341;9.6;3.25;6.43
Johnny High;26;2001;44;23;MIN;SG;39;377;-3.00;755665;48.45;8.87;9.02
Johnny High;27;2002;45;24;MIN;SG;81;802;-2.47;930851;5.47;3.9;4.69
Johnny High;28;2003;46;25;MIN;SG;34;327;-1.71;998062;10.56;4.61;7.59
Johnny High;29;2004;47;26;CLE;SG;23;948;-2.07;643330;11.03;3.5;7.27
Johnny High;30;2005;48;27;CLE;SG;34;896;-1.50;701367;9.41;2.54;5.98
Johnny High;31;2006;49;28;CLE;SG;76;2174;-1.49;634852;-1.03;5.85;7.77
Johnny High;32;2007;50;29;PHI;PF;24;571;-1.87;759574;14.52;2.89;8.71
Johnny High;33;2008;51;30;PHI;SG;25;462;-2.61;663288;10.04;4.72;7.38
Johnny High;34;2009;52;31;NOK;SG;18;524;-2.76;672661;11.86;2.84;7.35
Johnny High;35;2010;53;32;GSW;SG;91;166;-2.97;859314;10.25;4.68;7.47
Nerlens Noel;1;1979;20;1;GSW;PF;58;206;1.75;8937048;18.19;5.56;11.88
Nerlens Noel;2;1980;21;2;HOU;SG;20;489;3.47;15811286;20.19;8.41;14.3
Nerlens Noel;3;1981;22;3;HOU;PF;71;124;2.40;11534870;22.42;2.87;12.65
Nerlens Noel;4;1982;23;4;HOU;PF;74;2051;2.37;11414971;21.58;3.91;12.75
Nerlens Noel;5;1983;24;5;PHO;SF;70;1880;2.61;12374167;7.98;7.9;7.94
Nerlens Noel;6;1984;25;6;PHO;PG;37;805;2.43;11654770;8.64;6.51;6.58
Nerlens Noel;7;1985;26;7;PHO;SF;79;1011;2.90;13533195;11.87;3.61;7.74
Nerlens Noel;8;1986;27;8;PHO;SF;69;1822;2.84;13293396;14.79;12.66;13.73
Nerlens Noel;9;1987;28;9;GSW;SG;10;72;1.77;9016981;7.46;0.78;4.12
Nerlens Noel;10;1988;29;10;GSW;PF;9;307;1.55;8137718;11.34;5.89;8.43
Nerlens Noel;11;1989;25;13;GSW;SG;22;16;-0.44;184384;10.88;4.9;7.89
Nerlens Noel;12;1990;31;12;GSW;SG;13;248;-0.66;965875;13.27;6.52;9.9
Nerlens Noel;13;1991;32;13;GSW;SG;12;553;0.61;4380867;5.53;34.09;5.17
Nerlens Noel;14;1991;32;13;SAS;SG;2;64;0.88;5459962;11.73;4.3;8.02
Nerlens Noel;15;1992;33;14;CLE;PG;42;1686;0.06;2182709;6.87;1.36;4.12
Nerlens Noel;16;1993;34;15;IND;PG;23;324;0.09;2302609;8.62;-18.88;5.85
Nerlens Noel;17;1994;35;16;LAC;PG;19;306;0.66;4580699;10.13;0.91;5.52
Nerlens Noel;18;1994;32;16;WAS;PG;14;491;-0.23;1023680;6.8;1.16;3.98
Nerlens Noel;19;1995;33;17;WAS;PG;26;217;-0.07;1857623;4.95;1.47;3.21
Nerlens Noel;20;1996;37;18;WAS;PG;12;548;-1.02;971253;6.35;4.82;5.22
Nerlens Noel;21;1997;38;19;MIN;PG;17;-250;-1.42;796250;3.69;0.37;2.03
Nerlens Noel;22;1998;39;20;MIN;PG;73;1471;-1.20;774291;6.95;3.27;5.11
Nerlens Noel;23;1999;40;21;MIN;PG;6;67;-0.73;900492;4.19;2.86;3.53
Nerlens Noel;24;2000;41;22;CHO;PG;28;624;1.31;7178522;10.23;17.39;6.66
Nerlens Noel;25;2001;44;23;PHI;PG;58;1281;1.18;6658957;15.01;0.78;7.9
Nerlens Noel;26;2002;43;24;PHI;PG;5;20;1.40;7538220;11.55;1.44;6.5
Nerlens Noel;27;2003;44;25;PHI;PG;10;35;1.26;6978689;3.12;3.75;3.44
Nerlens Noel;28;2004;45;26;LAC;PG;45;1850;0.58;4260967;12.02;2.89;7.46
Nerlens Noel;29;2005;46;27;HOU;PG;49;1934;1.39;7498254;12.76;0.83;6.8
Nerlens Noel;30;2006;47;28;HOU;PG;55;1943;-26.46;4181034;8.99;1.39;5.19
Nerlens Noel;31;2007;48;29;HOU;PG;3;100;0.18;2662307;9.64;0.61;5.13
Nerlens Noel;32;2008;49;30;PHI;PG;25;735;-0.19;1183546;7.89;3.21;5.55
Nerlens Noel;33;2009;50;31;LAL;PG;12;438;-0.24;983714;4.48;5.27;4.88
Nerlens Noel;34;2010;51;32;LAL;PG;55;1476;0.22;2822173;10.5;3.84;7.17
Nerlens Noel;35;2011;52;33;LAL;PG;34;200;-1.61;815005;7.74;3.49;5.62
Wally Walker;1;1979;21;1;LAL;SG;14;386;-0.19;1183546;15.64;4.7;10.17
Wally Walker;2;1979;21;1;BOS;SG;58;2533;1.09;6299259;15.26;4.83;10.05
Wally Walker;3;1980;22;2;GSW;SG;42;-2371;-36.58;6419158;12.54;5.83;9.19
Wally Walker;4;1981;23;3;GSW;SG;68;2544;1.02;6019493;8.84;3.64;6.24
Wally Walker;5;1982;24;4;GSW;SG;56;1524;0.44;3701436;10.72;6.1;8.41
Wally Walker;6;1983;25;5;GSW;SG;28;1273;0.56;4181034;5.58;1.17;3.38
Wally Walker;7;1983;25;5;HOU;SG;19;754;-11.65;715217;10.4;1.32;5.86
Wally Walker;8;1983;25;5;MEM;SG;31;201;-0.89;625702;9.93;4.62;7.28
Wally Walker;9;1984;26;6;MEM;SG;45;1071;-2.39;837837;7.62;5.82;7.25
Wally Walker;10;1985;27;7;LAL;C;13;59;-1.75;879827;55.09;30.57;6.62
Wally Walker;11;1986;28;8;LAL;SG;34;1531;-1.14;898193;10.87;9.2;10.04
Wally Walker;12;1987;29;9;LAL;SG;28;575;21.59;2982039;14.57;2.8;8.69
Wally Walker;13;1988;30;10;ATL;SG;6;199;1.01;5979527;16.77;3.37;10.07
Wally Walker;14;1989;31;11;ATL;SG;43;1118;2.05;10136042;11.64;2.41;7.03
Wally Walker;15;1990;32;12;ATL;SG;55;863;3.31;15171822;5.98;1.76;3.87
Wally Walker;16;1991;33;13;PHO;SG;61;2881;3.34;15291721;8.27;2.01;5.14
Wally Walker;17;1992;34;14;PHO;SG;71;1646;2.53;12054435;10.05;7.4;8.73
Wally Walker;18;1993;35;15;PHO;SG;48;522;-13.66;5939560;6.67;6.28;6.48
Wally Walker;19;1994;36;16;PHO;SG;70;1553;1.11;6379192;-18.19;2.14;8.52
Wally Walker;20;1995;37;17;PHO;SG;56;39;2.42;11614803;16.83;1.27;9.05
Wally Walker;21;1996;38;18;DEN;SG;70;2391;1.81;9176847;11.16;7.45;9.31
Wally Walker;22;1997;39;19;MIN;SG;4;74;1.34;7298421;11.09;9.41;10.25
Wally Walker;23;1998;40;20;MIN;PG;21;111;1.35;7338388;6.79;1.71;4.25
Wally Walker;24;1999;41;21;IND;PG;62;1546;2.10;10335875;13.91;2.61;8.26
Wally Walker;25;2000;42;22;IND;SG;74;505;0.60;4340900;4.75;1.75;3.25
Wally Walker;26;2000;42;22;PHI;SG;65;2008;0.49;3901269;11.86;29.53;8.18
Wally Walker;27;2001;43;23;NJN;SG;64;922;-1.36;867239;10.72;4.7;7.71
Wally Walker;28;2002;44;24;IND;SG;63;2863;-2.55;212194;12.29;4.01;8.15
Wally Walker;29;2003;45;25;IND;SG;13;372;-1.85;963924;10.83;3.88;7.36
Wally Walker;30;2004;46;26;IND;PF;31;-2279;-2.36;907750;9.03;6.84;7.94
Wally Walker;31;2004;46;26;TOR;SG;54;1773;-3.00;695588;11.38;0.63;6.01
Wally Walker;32;2005;47;27;SDC;SG;38;494;32.50;963415;9.08;4.51;6.8
Wally Walker;33;2006;48;28;SAC;SG;5;192;-2.36;652438;6.75;5.6;6.18
Wally Walker;34;2007;49;29;SAS;SF;21;612;-2.73;639655;11.97;8.04;10.01
Wally Walker;35;2008;50;30;NJN;SF;61;2032;-3.00;742643;10.04;8.53;9.29
George Lynch;1;1979;18;3;LAL;PF;32;118;0.30;3141905;26.04;6.46;16.25
George Lynch;2;1980;19;5;LAL;PF;57;2610;0.20;2742240;20.65;9.22;14.94
George Lynch;3;1981;20;5;IND;PF;22;902;0.57;4221001;24.49;4.92;14.71
George Lynch;4;1982;21;6;IND;PF;29;632;1.68;8657282;16.11;4.57;10.34
George Lynch;5;1983;22;7;IND;PF;33;692;1.43;7658120;20.74;13.59;17.17
George Lynch;6;1984;25;8;IND;PF;41;1160;1.61;8377517;19.01;6.08;12.55
George Lynch;7;1985;24;9;IND;PF;1;-24;0.85;5340063;17.75;6.65;12.2
George Lynch;8;1986;25;10;IND;PF;23;517;1.30;7138555;16.18;10.31;13.25
George Lynch;9;1987;26;11;IND;PF;41;-2512;0.66;4580699;16.81;3.6;10.21
George Lynch;10;1988;27;12;IND;PF;58;621;-4.99;19654909;27.12;5.88;16.5
George Lynch;11;1989;28;13;SAS;SG;74;496;3.32;15211788;8.16;4.59;6.38
George Lynch;12;1990;29;14;CHI;PF;10;277;3.53;16051085;13.3;10.52;11.91
George Lynch;13;1991;30;15;CHI;PF;26;827;2.61;12374167;17.12;14.41;15.77
George Lynch;14;1992;31;16;CHI;SG;20;211;2.73;12853765;23.01;3.39;13.2
George Lynch;15;1993;32;17;IND;PF;86;1660;2.79;13093564;-25.85;11.36;15.29
George Lynch;16;1993;32;17;DEN;PF;12;363;3.18;14652257;15.51;7.85;11.68
George Lynch;17;1994;33;18;NOP;PG;22;431;2.62;12414133;16.02;9.45;12.74
George Lynch;18;1994;33;18;SEA;SG;32;1205;2.27;11015306;11.13;0.94;6.04
George Lynch;19;1995;30;19;ORL;SG;48;2065;1.67;8617316;11.7;1.54;6.62
George Lynch;20;1996;35;20;MEM;SG;68;94;1.61;8377517;14.66;3.68;9.17
George Lynch;21;1996;35;20;WAS;SG;52;1016;2.43;11654770;10.06;7.85;8.96
George Lynch;22;1997;36;21;WAS;SG;54;1127;2.78;13053597;-26.93;0.85;5.93
George Lynch;23;1998;37;22;DEN;SG;46;1090;2.58;12254267;7.12;4.99;6.06
George Lynch;24;1999;40;23;UTA;SG;6;176;2.08;10255942;11.94;6.1;9.02
George Lynch;25;2000;39;24;UTA;SG;74;2812;2.44;11694736;7.37;3.32;5.35
George Lynch;26;2001;43;25;UTA;SG;64;917;1.11;6379192;4.16;1.13;2.65
George Lynch;27;2002;41;21;SAC;SG;54;1132;1.52;8017818;6.27;3.76;5.02
George Lynch;28;2002;41;26;HOU;SG;30;519;0.70;4740565;61.18;2.98;6.58
George Lynch;29;2002;41;26;POR;SG;31;404;-1.02;696973;6.09;2.29;4.19
George Lynch;30;2003;39;27;POR;SG;14;105;-0.40;344250;4.56;1.26;2.91
George Lynch;31;2004;43;28;POR;SG;59;5026;-2.96;878105;15.65;1.19;8.42
George Lynch;32;2005;44;29;POR;SG;17;300;-31.36;675261;12.57;7.99;10.28
George Lynch;33;2006;45;30;POR;SG;26;1017;-2.32;828010;9.23;3.49;6.36
George Lynch;34;2006;45;30;SAC;SG;67;882;50.08;841585;7.34;0.18;3.76
George Lynch;35;2006;45;30;BOS;SF;18;574;-2.36;913212;14.72;5.95;10.34
Ramon Rivas;1;1978;20;1;SAC;SG;75;857;1.25;6938723;8.7;7.01;7.86
Ramon Rivas;2;1979;21;-2;SAC;SG;27;826;1.56;8177684;12.99;0.87;6.93
Ramon Rivas;3;1980;22;3;SAC;SG;41;1641;1.85;9336713;12.3;4.99;8.65
Ramon Rivas;4;1981;23;4;SAC;SG;30;944;2.33;11255105;7.26;2.77;5.02
Ramon Rivas;5;1982;24;5;VAN;PF;83;1321;3.79;17090214;8.01;0.49;4.25
Ramon Rivas;6;1983;25;6;VAN;SG;22;842;4.05;18129343;17.31;6.03;11.67
Ramon Rivas;7;1984;26;7;WAS;SG;37;252;5.13;22445725;12.66;1.14;6.9
Ramon Rivas;8;1985;27;8;WAS;SG;30;1199;6.10;26322475;13.54;24.44;8.05
Ramon Rivas;9;1986;28;9;WAS;SF;98;1984;5.54;24084351;17.38;5.28;11.33
Ramon Rivas;10;1987;29;10;LAL;SF;56;2006;5.62;24404083;22.34;5.77;14.06
Ramon Rivas;11;1987;29;10;MEM;SF;7;865;6.75;28920298;11.28;4.58;7.93
Ramon Rivas;12;1987;29;10;PHI;SF;55;2164;6.90;29519795;60.78;13.56;17.07
Ramon Rivas;13;1988;30;11;PHI;SF;65;699;7.13;30439025;14.19;9.32;11.76
Ramon Rivas;14;1989;28;12;PHI;SF;12;487;5.45;23724653;8.08;9.78;8.93
Ramon Rivas;15;1990;32;13;PHI;SF;31;1259;33.37;25363279;8.75;6.28;7.52
Ramon Rivas;16;1991;33;14;PHI;SF;41;1340;5.89;25483179;19.1;10.03;14.57
Ramon Rivas;17;1992;34;15;PHI;SF;58;1837;6.23;26842040;10.5;4.96;7.73
Ramon Rivas;18;1993;35;16;CLE;SG;65;1252;5.66;24563949;9.99;1.75;5.87
Ramon Rivas;19;1994;36;17;CLE;PG;2;58;6.17;26602241;8.21;2.19;5.2
Ramon Rivas;20;1995;37;18;CLE;PG;94;2778;6.45;27721303;8.75;2.25;5.5
Ramon Rivas;21;1996;38;19;CLE;PG;37;1256;6.74;28880331;14.26;1.35;8.44
Ramon Rivas;22;1997;39;23;CLE;PG;6;81;5.48;23844552;8.68;2.23;5.46
Ramon Rivas;23;1998;40;21;CLE;PG;72;3044;6.06;26162609;6.8;2.21;4.51
Ramon Rivas;24;1999;41;22;CLE;PG;16;747;5.08;22245892;6.34;2.74;4.54
Ramon Rivas;25;2000;42;23;PHI;PF;56;701;5.60;24324150;3.03;2.02;2.53
Ramon Rivas;26;2001;43;21;PHI;PG;20;837;6.30;27121805;4.22;3.8;4.01
Ramon Rivas;27;2002;44;25;PHI;PG;56;1862;6.03;26042710;16.95;-11.68;11.0
Ramon Rivas;28;2003;45;28;PHI;PG;69;2536;5.02;22006093;6.1;0.83;3.47
Ramon Rivas;29;2003;45;26;PHI;PG;36;40;4.27;19008606;8.86;2.75;5.81
Ramon Rivas;30;2004;46;27;VAN;PG;86;381;2.74;12893731;7.4;2.89;5.15
Ramon Rivas;31;2004;46;27;LAC;C;41;1217;2.76;12973664;8.36;5.81;7.09
Ramon Rivas;32;2005;47;23;IND;PG;52;82;2.73;12853765;10.25;3.42;6.84
Ramon Rivas;33;2006;48;29;IND;PG;94;123;3.07;14212626;2.69;3.05;2.87
Ramon Rivas;34;2006;48;29;TOR;PG;37;174;3.70;16730515;10.28;1.04;5.66
Ramon Rivas;35;2007;49;30;TOR;PG;30;132;3.69;12984153;6.81;3.93;5.37
Wally Rank;1;1978;19;2;SAS;SF;12;155;1.59;8297584;16.19;9.24;12.72
Wally Rank;2;1979;20;3;SAS;SF;48;231;0.90;5539895;14.3;5.88;10.09
Wally Rank;3;1980;21;4;BRK;SF;87;537;-0.56;666068;13.71;10.08;11.9
Wally Rank;4;1981;22;5;MIL;SF;45;230;-0.92;863197;14.6;5.79;10.2
Wally Rank;5;1982;23;6;MIL;SF;34;95;-1.77;788425;11.46;0.31;5.89
Wally Rank;6;1983;24;7;PHI;PG;1;16;-1.62;888976;7.96;9.5;8.73
Wally Rank;7;1984;25;8;PHI;SF;32;999;-2.62;993810;9.4;6.66;8.03
Wally Rank;8;1985;26;9;MIN;SF;64;2703;-2.38;906729;11.45;6.13;8.79
Wally Rank;9;1986;28;10;MIN;SF;11;451;-3.00;954488;10.95;4.85;7.9
Wally Rank;10;1987;28;11;SEA;SF;66;255;-1.49;977078;36.91;4.5;12.63
Wally Rank;11;1988;29;12;OKC;SF;48;2266;-0.98;853367;16.16;5.85;11.01
Wally Rank;12;1988;29;12;DET;PG;17;228;-1.57;663976;18.8;10.78;14.79
Wally Rank;13;1989;30;13;DET;SG;34;663;-1.85;796599;6.11;6.33;6.22
Wally Rank;14;1990;31;14;DET;SG;47;691;-2.33;908792;12.21;9.17;10.69
Wally Rank;15;1991;32;15;POR;SG;58;1746;-2.77;679084;16.9;0.2;8.55
Wally Rank;16;1992;30;16;POR;SG;78;3081;-3.00;627424;11.69;5.0;8.35
Wally Rank;17;1993;34;17;PHI;SG;72;3372;-3.00;703698;13.06;3.27;8.17
Wally Rank;18;1994;35;18;DEN;SG;60;2817;-3.00;452938;6.71;2.5;4.61
Wally Rank;19;1995;36;19;NYK;SG;81;2160;-2.79;844644;10.34;6.28;8.31
Wally Rank;20;1996;37;20;UTA;SG;11;51;-2.74;888327;13.71;2.91;8.31
Wally Rank;21;1997;38;21;NYK;SG;28;1228;-3.00;661108;7.39;7.93;7.66
Wally Rank;22;1998;39;22;NYK;SG;6;175;-3.00;794205;7.7;20.07;6.09
Wally Rank;23;1999;40;23;NYK;SG;23;780;-3.00;706099;5.94;9.02;7.48
Wally Rank;24;2000;41;24;NYK;SG;25;496;-1.18;708457;12.29;6.33;9.31
Wally Rank;25;2000;40;24;SAS;SG;71;1301;-1.22;669636;27.07;0.61;4.66
Wally Rank;26;2001;42;25;WAS;SG;59;1855;-1.31;854249;53.95;7.48;9.91
Wally Rank;27;2002;43;26;LAL;SG;51;1277;-1.12;963791;13.68;2.87;8.28
Wally Rank;28;2003;44;27;LAL;SF;73;3436;-1.67;789181;12.01;8.81;10.41
Wally Rank;29;2004;45;29;SDC;SF;62;297;-1.47;913838;12.99;9.59;11.29
Wally Rank;30;2005;46;29;LAL;SF;65;1472;-1.42;889145;14.71;1.75;8.23
Wally Rank;31;2006;47;30;LAL;SF;43;1387;-1.58;995934;-20.26;4.25;6.77
Wally Rank;32;2007;48;31;LAL;SF;9;410;-2.06;978709;20.04;12.89;16.47
Wally Rank;33;2008;49;32;LAL;PF;68;2997;-3.00;715271;42.41;4.46;13.0
Wally Rank;34;2009;50;33;LAL;PF;3;70;-3.00;797578;21.96;4.04;13.0
Wally Rank;35;2009;50;33;POR;PF;93;107;-2.83;780190;13.97;13.1;13.54
Travis Wear;1;1979;18;2;TOR;SF;45;1665;1.32;7218488;12.45;7.39;9.92
Travis Wear;2;1980;19;3;WAS;SF;46;928;2.27;11015306;8.62;6.85;7.74
Travis Wear;3;1981;20;4;CLE;PF;57;2451;42.43;14612291;18.82;2.36;10.59
Travis Wear;4;1981;20;4;SAS;PF;58;2261;2.68;12653932;19.07;8.29;13.68
Travis Wear;5;1982;23;5;ATL;PF;13;28;3.72;16810448;13.61;4.14;8.88
Travis Wear;6;1982;21;5;ATL;PF;50;2038;1.71;8777182;18.56;5.3;11.93
Travis Wear;7;1983;22;6;MEM;PF;16;100;-3.60;10975339;17.01;6.6;11.81
Travis Wear;8;1984;23;7;MEM;PF;1;10;2.45;11734703;16.27;8.53;12.4
Travis Wear;9;1985;24;5;MEM;PF;27;800;2.83;13253430;24.11;13.75;24.57
Travis Wear;10;1986;25;7;MEM;PF;24;1031;1.28;7058622;21.65;9.61;15.63
Travis Wear;11;1986;25;9;HOU;PF;21;108;4.10;18329175;14.59;3.45;9.02
Travis Wear;12;1987;26;10;HOU;PF;22;788;3.80;17130180;20.68;65.43;15.09
Travis Wear;13;1988;27;11;HOU;PF;77;1305;4.97;21806261;23.64;0.54;12.09
Travis Wear;14;1989;28;12;HOU;PF;91;341;3.78;17050247;19.1;9.14;14.12
Travis Wear;15;1990;29;13;HOU;PF;77;1223;3.67;16610616;15.41;14.36;14.89
Travis Wear;16;1991;30;14;GSW;PF;51;1468;3.19;14692224;-25.76;9.17;15.47
Travis Wear;17;1992;31;15;CLE;PF;80;1644;2.24;10895406;18.38;7.91;13.15
Travis Wear;18;1993;32;16;CHA;PF;71;904;0.64;4500766;18.23;11.17;14.7
Travis Wear;19;1994;33;17;CHA;PF;81;3268;1.20;6738890;15.15;18.3;16.73
Travis Wear;20;1995;36;18;CHA;PF;25;833;1.29;7098589;10.34;13.75;12.05
Travis Wear;21;1996;35;19;CHA;PF;35;1270;1.74;8897081;21.64;5.71;13.68
Travis Wear;22;1997;36;20;NJN;PF;58;2402;0.43;3661470;12.3;8.2;10.25
Travis Wear;23;1997;36;20;ORL;PF;56;1247;0.32;3221838;19.64;8.17;13.91
Travis Wear;24;1998;37;21;ORL;PF;97;131;-0.15;1343412;12.27;16.54;14.41
Travis Wear;25;1998;37;21;CHH;PF;65;8391;0.27;3022006;12.06;5.49;8.78
Travis Wear;26;1999;38;22;CHH;PF;46;281;-0.51;620320;27.65;8.95;18.3
Travis Wear;27;2000;39;23;CHH;SF;23;3020;-0.46;104451;16.73;6.09;11.41
Travis Wear;28;2001;40;24;PHO;SF;54;488;-1.20;605000;19.49;3.12;11.31
Travis Wear;29;2002;41;25;PHO;SF;38;1749;-1.20;713409;18.07;4.37;11.22
Travis Wear;30;2003;42;26;DAL;SF;57;611;-1.52;632977;23.83;9.4;16.62
Travis Wear;31;2004;43;27;WAS;SF;66;1045;-2.50;629347;12.4;21.93;10.71
Travis Wear;32;2005;44;28;WAS;SF;8;162;-3.00;724945;15.8;6.01;10.91
Travis Wear;33;2006;45;29;MIN;PG;3;57;-1.93;622016;16.17;5.1;10.64
Travis Wear;34;2007;46;30;MIN;SF;54;2447;-1.39;620044;13.3;3.73;8.52
Travis Wear;35;2008;47;31;MIN;SF;65;1502;-2.98;910366;12.14;5.15;8.65
Cedric Ball;1;1979;19;1;MIN;PF;81;3419;0.24;2902106;20.82;12.79;16.81
Cedric Ball;2;1980;20;2;MIN;PF;40;342;0.55;4141068;20.33;11.34;15.84
Cedric Ball;3;1981;21;6;DAL;PF;23;628;0.49;3901269;16.5;5.88;1.30
Cedric Ball;4;1982;22;4;ATL;PF;58;1303;0.39;3501604;16.5;6.95;11.73
Cedric Ball;5;1983;23;5;NYK;PF;92;2386;1.00;5939560;15.53;8.5;12.02
Cedric Ball;6;1984;24;6;NYK;PF;69;3018;0.66;4580699;23.04;9.38;16.21
Cedric Ball;7;1984;24;6;DEN;PF;1;18;-0.49;741670;18.23;4.58;11.41
Cedric Ball;8;1985;25;7;DEN;PF;51;1910;0.69;4362983;17.19;7.09;12.14
Cedric Ball;9;1986;26;8;MEM;PF;44;373;0.54;4101101;19.83;5.87;12.85
Cedric Ball;10;1987;27;9;DEN;PF;72;234;1.63;8457450;16.91;10.87;13.89
Cedric Ball;11;1988;28;10;DAL;C;89;2735;1.24;6898756;18.3;17.1;17.7
Cedric Ball;12;1989;27;11;DAL;C;29;1125;0.80;5140230;15.86;11.03;13.45
Cedric Ball;13;1989;29;11;NOH;C;50;1646;1.60;8337550;37.56;8.89;23.23
Cedric Ball;14;1990;31;12;DEN;C;89;1762;1.71;8777182;32.85;23.86;28.36
Cedric Ball;15;1991;31;13;DEN;C;20;819;1.27;7018656;36.31;0.9;18.61
Cedric Ball;16;1992;32;14;SDC;PF;62;1695;1.33;7258455;18.78;9.31;14.05
Cedric Ball;17;1993;33;15;UTA;PF;98;294;0.87;5419996;12.07;9.12;10.6
Cedric Ball;18;1994;34;16;UTA;PF;89;1751;0.24;2902106;19.36;9.84;14.6
Cedric Ball;19;1994;34;16;ORL;PF;23;775;-1.32;673204;22.03;0.78;2.48
Cedric Ball;20;1995;35;17;ORL;PF;59;1767;-1.70;622509;26.24;7.69;16.97
Cedric Ball;21;1996;36;18;ORL;PF;6;82;-1.68;746453;-31.97;16.75;18.18
Cedric Ball;22;1996;36;18;MEM;PF;4;77;-3.00;890717;15.7;12.24;13.97
Cedric Ball;23;1997;37;19;PHO;PF;61;446;-2.93;833796;24.93;5.02;14.98
Cedric Ball;24;1998;38;20;GSW;PF;96;1856;-2.57;912847;20.99;10.49;15.74
Cedric Ball;25;1999;39;21;SEA;SF;11;257;-3.00;603347;11.85;9.99;10.92
Cedric Ball;26;2000;40;22;IND;SF;35;1166;-2.46;791534;11.44;-25.71;9.6
Cedric Ball;27;2001;41;23;WSB;SF;74;2325;-2.99;605060;13.87;6.2;10.04
Cedric Ball;28;2002;42;24;IND;SF;48;1331;-3.00;832924;11.04;6.82;8.73
Cedric Ball;29;2002;42;24;DEN;SF;70;1317;-3.00;782070;13.35;5.84;9.6
Cedric Ball;30;2003;38;25;DEN;PG;62;1178;-2.53;1045114;18.58;11.32;14.95
Cedric Ball;31;2004;44;26;DEN;PF;37;361;-2.14;723682;14.89;10.1;12.5
Cedric Ball;32;2005;45;27;DEN;PF;63;684;-2.17;937920;13.65;2.82;8.24
Cedric Ball;33;2005;45;27;DEN;PF;28;1044;-2.58;798091;17.2;62.76;9.28
Cedric Ball;34;2005;45;27;CHI;SF;57;887;-3.00;892885;24.27;10.43;17.35
Cedric Ball;35;2005;45;27;CLE;SF;20;274;-3.00;741881;16.63;4.11;10.37
Uwe Blab;1;1979;19;3;ORL;SF;25;473;2.55;12134368;16.5;4.21;10.36
Uwe Blab;2;1980;20;4;NOH;SF;4;112;2.68;12653932;11.17;2.72;6.95
Uwe Blab;3;1981;21;4;PHO;SF;81;-7731;3.97;17809611;12.29;8.1;10.2
Uwe Blab;4;1982;22;6;OKC;SF;96;286;3.43;15651420;12.62;5.94;9.28
Uwe Blab;5;1982;22;6;NYK;SF;48;2143;5.66;24563949;12.92;5.32;9.12
Uwe Blab;6;1983;23;7;NYK;SF;28;1033;6.28;27041872;19.33;4.43;11.88
Uwe Blab;7;1984;24;8;DEN;PF;9;247;4.95;21726328;14.07;29.27;10.43
Uwe Blab;8;1985;25;9;DEN;PF;10;405;5.05;22125993;15.33;0.78;8.06
Uwe Blab;9;1986;26;10;ORL;PF;55;163;3.44;15691386;15.61;10.83;13.22
Uwe Blab;10;1987;27;11;VAN;SF;74;219;3.78;17050247;13.44;1.92;7.68
Uwe Blab;11;1988;28;12;VAN;PG;48;2104;3.96;17769644;18.65;5.85;4.24
Uwe Blab;12;1988;28;12;SAC;SF;12;368;4.34;19288371;11.28;6.9;9.09
Uwe Blab;13;1989;29;13;SAC;SF;80;3468;4.16;18568974;21.06;5.66;13.36
Uwe Blab;14;1990;30;14;SAC;PF;38;21;4.74;20887031;29.23;11.13;20.18
Uwe Blab;15;1991;31;15;SAC;PF;25;94;4.89;21486529;11.36;4.72;8.04
Uwe Blab;16;1992;32;16;SAC;PF;36;512;5.07;22205926;20.83;5.99;13.41
Uwe Blab;17;1993;33;17;HOU;PF;39;492;3.35;15331688;16.75;7.73;12.24
Uwe Blab;18;1994;34;18;HOU;PF;36;694;2.55;12134368;21.56;4.67;13.12
Uwe Blab;19;1995;35;19;HOU;PF;8;330;1.51;7977852;21.47;11.4;16.44
Uwe Blab;20;1996;36;20;HOU;SF;83;1338;1.09;6299259;18.06;9.77;13.92
Uwe Blab;21;1997;37;21;GSW;SF;76;1866;1.99;9896244;18.31;6.46;12.39
Uwe Blab;22;1998;38;22;LAC;SF;80;2159;1.39;7660057;16.35;5.68;11.02
Uwe Blab;23;1999;39;26;WAS;SF;33;552;40.23;11806101;9.21;1.71;5.46
Uwe Blab;24;2000;40;24;WAS;SF;33;775;-23.50;8497416;16.66;2.97;9.82
Uwe Blab;25;2000;40;24;TOR;SG;29;1239;1.51;7977852;9.91;8.0;8.96
Uwe Blab;26;2001;41;25;TOR;SG;41;1815;23.63;8257617;8.88;2.18;5.53
Uwe Blab;27;2002;42;26;MEM;SG;3;98;0.71;4780532;9.85;10.21;10.03
Uwe Blab;28;2003;43;27;PHO;SG;26;-2407;0.40;3541570;-26.89;4.77;7.06
Uwe Blab;29;2004;44;28;PHI;SG;22;786;0.35;3341738;9.21;11.37;10.29
Uwe Blab;30;2005;45;29;CLE;SG;80;2540;0.05;2142743;10.16;1.29;5.73
Uwe Blab;31;2005;45;29;DAL;SG;27;393;33.38;818415;10.97;4.27;7.62
Uwe Blab;32;2006;46;30;LAL;SG;26;295;-0.57;928316;11.49;0.77;6.13
Uwe Blab;33;2007;47;31;LAL;PG;69;2956;-0.63;891739;6.36;2.58;4.47
Uwe Blab;34;2007;47;31;PHI;PG;76;755;0.16;2582374;10.48;3.26;6.87
Uwe Blab;35;2008;48;32;PHI;PG;9;229;-1.64;808074;8.39;1.44;4.92
Rickey Brown;1;1979;17;4;PHI;PF;22;541;1.64;8497416;9.96;10.87;10.42
Rickey Brown;2;1980;18;5;ATL;PF;19;177;2.22;10815473;16.89;6.81;11.85
Rickey Brown;3;1981;19;6;NOJ;PF;19;343;2.84;13293396;28.22;17.07;22.65
Rickey Brown;4;1982;20;7;ATL;SF;74;2725;3.37;15411621;15.12;6.63;10.88
Rickey Brown;5;1982;20;7;CLE;SF;52;1764;3.94;17689711;10.44;1.81;6.13
Rickey Brown;6;1983;21;8;DAL;SF;22;1;3.23;14852090;9.76;6.72;8.24
Rickey Brown;7;1984;22;9;GSW;SF;8;255;2.87;13413296;12.85;2.13;7.49
Rickey Brown;8;1985;19;10;GSW;SF;26;577;2.59;12294234;12.86;46.19;8.44
Rickey Brown;9;1986;24;11;POR;PG;13;358;1.42;7618153;14.66;12.43;13.55
Rickey Brown;10;1987;25;15;MIN;SF;14;448;0.84;5300096;12.23;9.23;10.73
Rickey Brown;11;1988;26;13;MIN;SF;19;471;-0.29;783881;22.84;9.18;16.01
Rickey Brown;12;1988;26;13;CHI;PG;47;205;-0.90;613336;6.24;7.75;7.0
Rickey Brown;13;1989;27;9;CHI;PG;21;144;-0.84;628508;18.08;3.44;10.76
Rickey Brown;14;1990;26;15;CHI;SF;47;162;-1.28;804379;15.55;5.78;10.67
Rickey Brown;15;1990;28;15;NOH;SF;40;1164;-3.00;746958;18.65;3.69;11.17
Rickey Brown;16;1991;29;16;NOK;PF;8;116;-2.38;976525;14.3;10.12;12.21
Rickey Brown;17;1992;30;17;DAL;PF;61;2483;-3.00;672270;26.49;16.64;22.52
Rickey Brown;18;1993;31;19;DAL;C;42;1325;-2.54;1729909;16.39;20.74;18.57
Rickey Brown;19;1993;31;18;DEN;C;74;-159;-2.62;967645;23.78;14.48;19.13
Rickey Brown;20;1994;32;19;KCK;C;53;868;-2.31;618012;14.5;11.53;13.02
Rickey Brown;21;1994;32;19;ORL;C;69;9733;-1.95;738492;26.59;11.95;19.27
Rickey Brown;22;1995;33;20;ORL;C;93;2266;-1.68;683063;23.09;6.51;14.8
Rickey Brown;23;1996;34;21;NOJ;C;7;195;-0.48;24518;21.24;21.61;21.43
Rickey Brown;24;1997;35;22;DAL;C;30;794;-1.35;813630;-50.57;3.81;19.81
Rickey Brown;25;1998;36;23;NJN;PF;53;1331;-1.98;844253;23.65;7.11;15.38
Rickey Brown;26;1999;37;24;NJN;PF;14;204;-0.69;611775;14.88;7.87;11.38
Rickey Brown;27;2000;38;25;BRK;PF;70;483;-1.00;925814;12.37;13.95;13.16
Rickey Brown;28;2000;38;25;BOS;PF;37;113;-22.80;871066;17.47;6.53;12.0
Rickey Brown;29;2001;39;26;CHH;PF;76;1634;-0.86;809558;16.33;9.32;12.83
Rickey Brown;30;2002;40;27;GSW;PF;19;872;-0.21;1103613;19.68;4.91;12.3
Rickey Brown;31;2003;41;28;PHI;PF;70;335;-0.56;861219;23.13;13.38;18.26
Rickey Brown;32;2004;42;29;PHI;PF;22;652;-0.85;807613;21.59;13.33;17.70
Rickey Brown;33;2005;43;30;PHI;PF;58;654;0.26;2982039;19.93;48.45;13.23
Rickey Brown;34;2006;44;31;PHI;C;6;8;0.08;2262642;61.73;8.68;17.89
Rickey Brown;35;2006;44;31;SAC;C;12;30;-0.10;1543245;25.16;11.39;18.28
Matt Harpring;1;1979;20;4;SAC;SG;71;355;0.70;4740565;11.74;3.79;7.77
Matt Harpring;2;1980;21;5;DAL;SG;33;1109;-1.18;697711;6.79;2.6;4.7
Matt Harpring;3;1981;22;6;MIA;SG;43;16;-0.68;876216;5.64;2.0;3.82
Matt Harpring;4;1982;23;7;MIA;SG;2;33;0.06;1196459;9.94;4.6;7.27
Matt Harpring;5;1983;24;8;SAC;SG;28;298;-0.61;747868;15.21;3.1;9.16
Matt Harpring;6;1984;25;9;SAC;SG;57;2545;-1.39;642451;18.84;6.24;12.54
Matt Harpring;7;1985;26;10;SAC;SG;52;2038;-38.29;744145;5.99;3.53;4.76
Matt Harpring;8;1985;26;10;HOU;SG;59;2449;-2.54;1172558;12.59;3.9;8.25
Matt Harpring;9;1986;27;11;DEN;SG;67;2897;-3.00;952238;-7.23;2.7;6.43
Matt Harpring;10;1987;28;12;HOU;SG;50;1406;-3.00;837688;49.52;5.45;10.17
Matt Harpring;11;1988;29;13;HOU;SG;54;464;-3.00;634330;9.23;5.84;7.54
Matt Harpring;12;1989;29;14;HOU;SG;45;1417;-3.00;856406;16.27;1.46;8.87
Matt Harpring;13;1990;31;15;HOU;PG;37;3150;48.16;857246;5.09;2.96;4.03
Matt Harpring;14;1991;32;16;VAN;PG;53;970;-0.64;909826;8.55;3.28;5.77
Matt Harpring;15;1992;33;19;WAS;PG;55;519;-0.90;650153;7.13;3.23;5.18
Matt Harpring;16;1993;34;18;WAS;PG;36;375;-1.26;917502;6.46;2.11;4.29
Matt Harpring;17;1993;34;18;DET;PF;69;617;-32.20;640470;11.19;3.52;7.36
Matt Harpring;18;1994;35;19;SAC;PG;67;714;-3.00;941764;11.84;1.83;6.84
Matt Harpring;19;1995;36;20;SAC;PG;59;1693;-2.93;645544;9.1;1.5;5.3
Matt Harpring;20;1996;37;21;SAC;SG;64;106;-22.09;858062;7.97;7.91;7.94
Matt Harpring;21;1996;37;21;MIN;SG;21;461;-3.00;798030;6.36;4.71;5.54
Matt Harpring;22;1997;38;22;MIN;SG;81;724;-2.51;394084;13.82;3.78;8.8
Matt Harpring;23;1997;38;22;MIA;SG;39;1762;-3.00;988827;11.48;2.28;6.88
Matt Harpring;24;1998;39;23;MIA;SG;1;45;-3.00;164071;15.59;7.66;11.63
Matt Harpring;25;1999;40;24;MIA;SG;25;57;-2.49;813427;7.72;3.53;5.63
Matt Harpring;26;2000;41;25;MIA;SG;21;983;-3.00;958792;14.23;3.09;8.66
Matt Harpring;27;2001;42;26;ATL;SG;40;874;-3.00;794045;16.33;-15.92;9.78
Matt Harpring;28;2002;43;27;ATL;PF;70;2956;-2.35;1702504;14.24;1.75;8.0
Matt Harpring;29;2003;44;28;NYK;SG;30;1215;-2.61;602740;12.56;-6.17;9.77
Matt Harpring;30;2003;44;28;DAL;SG;53;676;-2.47;704304;11.07;4.76;7.92
Matt Harpring;31;2004;45;29;DAL;SG;84;320;-2.91;767971;-20.62;2.4;7.78
Matt Harpring;32;2004;45;29;DAL;SG;51;3844;-3.00;995524;9.24;9.66;9.45
Matt Harpring;33;2005;46;30;MIN;SG;70;1956;-1.69;724977;9.21;6.48;7.85
Matt Harpring;34;2006;47;27;NJN;SG;14;297;-1.65;727980;9.88;11.0;10.44
Matt Harpring;35;2007;48;32;PHI;SG;2;9;-1.01;994086;12.13;4.56;7.70
Jim Cleamons;1;1979;17;4;PHI;PF;30;789;0.72;4820498;17.88;6.93;12.41
Jim Cleamons;2;1980;18;5;SDC;C;16;4;1.35;7338388;23.62;15.1;19.36
Jim Cleamons;3;1981;19;7;SDC;PF;37;837;2.31;11175172;13.72;8.63;11.18
Jim Cleamons;4;1982;20;10;SDC;PF;70;1502;3.22;14812123;24.65;11.77;18.21
Jim Cleamons;5;1983;21;8;POR;PF;21;437;4.28;19048572;-13.10;9.55;16.02
Jim Cleamons;6;1983;21;8;SAC;PF;19;426;4.72;20807098;14.76;17.79;16.28
Jim Cleamons;7;1984;22;9;ATL;PF;71;2359;4.80;21126830;27.56;11.04;19.3
Jim Cleamons;8;1985;23;10;ATL;PF;47;2021;3.89;17489879;14.85;10.44;12.65
Jim Cleamons;9;1986;24;12;CLE;PF;39;1396;4.08;18249242;20.06;6.46;13.26
Jim Cleamons;10;1987;20;12;WSB;PF;71;393;32.91;19927835;14.28;14.22;14.25
Jim Cleamons;11;1988;26;13;WSB;PF;42;1032;5.49;23884519;16.23;8.19;7.37
Jim Cleamons;12;1989;27;14;WSB;PF;11;195;5.84;25283346;16.62;12.92;14.77
Jim Cleamons;13;1990;28;15;WSB;PF;27;478;5.53;24044385;15.18;10.49;12.84
Jim Cleamons;14;1991;29;16;MIL;PF;84;134;5.62;24404083;28.52;7.61;18.07
Jim Cleamons;15;1992;30;17;ORL;PF;27;1208;5.62;24404083;53.94;6.05;14.24
Jim Cleamons;16;1993;31;18;GSW;PF;66;1907;4.52;20007768;18.71;11.44;15.08
Jim Cleamons;17;1994;32;19;CHI;PF;20;395;6.16;26562274;9.37;12.56;10.97
Jim Cleamons;18;1995;33;20;CHI;PF;26;1031;6.22;26802073;17.42;9.92;13.67
Jim Cleamons;19;1996;34;21;CHI;PF;10;266;5.30;23125155;12.95;2.04;6.99
Jim Cleamons;20;1997;35;22;CHA;PF;45;484;4.01;17969477;21.34;5.24;13.29
Jim Cleamons;21;1997;35;22;OKC;PF;64;2043;4.63;20447400;28.77;-17.93;11.15
Jim Cleamons;22;1998;36;23;SAC;PF;44;1509;5.77;25003581;21.56;13.32;17.44
Jim Cleamons;23;1999;37;24;VAN;SF;49;311;4.15;18529008;12.87;9.29;11.08
Jim Cleamons;24;2000;38;25;LAC;SF;58;2543;42.01;21726328;14.37;7.93;11.15
Jim Cleamons;25;2001;39;26;LAC;SF;7;164;5.48;23844552;-20.29;4.7;7.94
Jim Cleamons;26;2002;40;27;BOS;SF;9;279;5.87;25403246;17.77;7.44;12.61
Jim Cleamons;27;2003;41;28;BOS;SF;41;875;5.27;23005256;21.26;5.29;13.28
Jim Cleamons;28;2004;42;29;TOR;SF;51;903;5.13;22445725;19.97;4.73;12.35
Jim Cleamons;29;2005;43;30;LAL;SF;45;1898;5.93;25643045;15.68;7.05;11.37
Jim Cleamons;30;2006;47;31;OKC;SF;58;145;4.62;20407433;19.86;12.29;24.35
Jim Cleamons;31;2007;45;32;NOP;SF;60;994;36.22;19728003;18.11;8.38;13.25
Jim Cleamons;32;2008;46;33;MIN;SF;55;333;4.51;19967802;12.75;7.11;9.93
Jim Cleamons;33;2009;47;34;LAL;PF;91;574;4.12;18409108;11.35;0.14;5.75
Jim Cleamons;34;2010;48;35;LAL;PF;70;2842;37.10;13812961;21.25;10.62;15.94
Jim Cleamons;35;2011;49;36;CHH;PF;73;608;3.15;14532358;22.45;8.96;15.71
Derrick Phelps;1;1979;20;3;SEA;PG;4;182;0.40;3541570;10.57;2.01;6.29
Derrick Phelps;2;1980;21;4;SEA;C;3;74;0.90;5539895;8.16;3.35;5.76
Derrick Phelps;3;1981;22;6;LAL;PG;32;40;0.87;5419996;5.13;1.5;3.32
Derrick Phelps;4;1982;23;6;LAL;PG;5;124;0.05;2142743;10.7;4.75;7.73
Derrick Phelps;5;1983;24;7;LAL;PG;96;1251;0.82;5220163;3.77;-15.99;2.41
Derrick Phelps;6;1984;25;8;BUF;SG;65;2803;-0.54;924223;12.49;27.19;8.09
Derrick Phelps;7;1985;26;9;LAL;SG;70;378;-0.43;224350;10.3;4.22;7.26
Derrick Phelps;8;1985;26;9;CLE;SG;79;2982;0.02;2022843;8.22;6.65;7.44
Derrick Phelps;9;1985;26;9;GSW;SG;80;293;-25.55;2342575;6.5;7.85;7.18
Derrick Phelps;10;1985;26;9;IND;SG;35;1363;31.72;816258;14.15;6.04;10.1
Derrick Phelps;11;1986;27;10;IND;PG;43;181;-2.73;896802;38.57;2.54;4.81
Derrick Phelps;12;1987;28;11;IND;PG;15;275;-2.51;964460;10.05;2.23;6.14
Derrick Phelps;13;1988;29;12;IND;PG;19;303;-2.76;700481;8.25;6.48;7.37
Derrick Phelps;14;1989;30;13;IND;PG;51;2157;-2.22;947875;10.43;1.66;6.05
Derrick Phelps;15;1990;31;14;MIA;PG;32;24;-1.62;681480;10.53;3.55;7.04
Derrick Phelps;16;1990;31;14;NYK;PG;14;645;-1.83;753919;5.13;2.23;3.68
Derrick Phelps;17;1991;32;15;ORL;PG;18;39;-2.68;709565;4.27;1.12;2.7
Derrick Phelps;18;1992;29;16;PHI;PG;45;2038;-3.00;740700;10.07;3.18;6.63
Derrick Phelps;19;1993;34;20;LAL;PG;3;50;-3.00;811593;4.46;1.08;2.77
Derrick Phelps;20;1993;34;17;OKC;PG;69;3219;-3.00;925386;5.0;1.98;3.49
Derrick Phelps;21;1994;35;18;ATL;SG;45;-591;-3.00;842721;14.91;6.26;10.59
Derrick Phelps;22;1995;36;19;ATL;SG;35;831;-2.83;986896;10.35;2.33;6.34
Derrick Phelps;23;1996;37;20;ATL;SG;70;1617;-2.11;623201;14.34;3.7;9.02
Derrick Phelps;24;1996;37;20;CLE;SG;5;222;-2.33;621100;16.94;7.69;12.32
Derrick Phelps;25;1996;37;20;SAS;SG;12;399;-2.64;650501;12.8;5.64;9.22
Derrick Phelps;26;1997;38;21;SAS;SG;36;1124;-2.97;703989;11.33;2.47;6.9
Derrick Phelps;27;1998;39;22;MIA;SG;74;2838;-2.71;922834;12.91;8.47;10.69
Derrick Phelps;28;1999;40;23;UTA;SG;3;70;-2.73;612349;9.62;5.27;7.45
Derrick Phelps;29;2000;41;24;UTA;SG;53;924;-2.30;900126;4.92;4.88;4.9
Derrick Phelps;30;2001;42;25;UTA;SG;26;-1624;-2.21;948693;17.91;4.2;11.06
Derrick Phelps;31;2001;42;25;PHI;SG;11;306;-3.00;728997;11.81;8.46;10.14
Derrick Phelps;32;2002;43;26;PHI;SG;80;3599;-3.00;827674;9.47;4.01;6.74
Derrick Phelps;33;2003;44;27;NJN;SG;68;2758;-3.00;683226;6.69;4.86;5.78
Derrick Phelps;34;2004;45;28;DET;PG;45;1752;-1.63;660922;6.53;1.1;3.82
Derrick Phelps;35;2005;46;29;DET;PG;9;127;-0.66;954788;5.49;0.57;3.03
Harold Jamison;1;1979;17;3;DET;SG;47;635;1.09;6299259;13.2;5.13;9.17
Harold Jamison;2;1980;18;4;TOR;SG;77;1957;1.38;7458287;8.1;3.51;5.81
Harold Jamison;3;1981;19;5;DAL;SG;48;1942;18.24;9496579;10.23;6.01;8.12
Harold Jamison;4;1982;20;6;DAL;SG;1;17;3.93;17649745;5.9;1.38;3.64
Harold Jamison;5;1983;21;7;DAL;SG;30;1289;4.45;19728003;-19.76;2.24;3.81
Harold Jamison;6;1984;22;8;DAL;C;72;2681;4.70;20727165;15.62;2.25;8.94
Harold Jamison;7;1985;23;9;DAL;SG;48;1237;4.13;18449075;7.98;5.37;6.68
Harold Jamison;8;1986;24;10;MEM;PG;51;1981;3.27;15011956;13.54;0.74;7.14
Harold Jamison;9;1987;25;11;MIA;PG;81;1047;3.56;16170984;7.11;3.11;5.11
Harold Jamison;10;1987;25;11;BOS;PG;28;794;5.13;22445725;5.72;2.36;4.04
Harold Jamison;11;1988;26;12;BOS;PG;63;2444;4.70;20727165;4.51;4.24;5.18
Harold Jamison;12;1989;27;13;BOS;PG;41;1074;4.65;20527333;7.02;2.7;4.86
Harold Jamison;13;1990;28;14;NOP;PG;59;759;4.85;21326663;13.73;2.62;8.18
Harold Jamison;14;1991;29;15;BOS;PG;2;90;4.92;21606428;10.99;3.03;7.01
Harold Jamison;15;1991;26;15;DAL;PG;24;452;5.40;23524820;8.5;1.94;5.22
Harold Jamison;16;1991;29;15;DAL;PG;53;2468;5.40;23524820;11.07;3.02;7.05
Harold Jamison;17;1992;30;16;BOS;PG;65;1174;5.41;23564787;11.76;1.55;6.04
Harold Jamison;18;1993;31;17;CHI;PG;76;2922;5.12;22405758;5.96;1.3;3.63
Harold Jamison;19;1994;32;18;DAL;PG;14;439;5.14;22485691;9.49;4.04;6.77
Harold Jamison;20;1995;33;20;DAL;PG;31;332;3.73;16850415;8.55;0.95;4.75
Harold Jamison;21;1996;34;20;DAL;PG;2;90;3.20;14732190;7.25;1.31;4.28
Harold Jamison;22;1997;35;21;DAL;C;62;2190;2.92;13613128;10.81;24.68;6.81
Harold Jamison;23;1998;36;22;DEN;PG;64;1073;3.28;15051922;7.41;1.99;4.7
Harold Jamison;24;1998;36;22;UTA;PG;54;142;1.13;6459125;12.24;1.89;7.07
Harold Jamison;25;1999;37;23;UTA;PG;48;202;1.42;7618153;7.97;1.93;4.95
Harold Jamison;26;2000;38;24;UTA;PG;37;1084;1.53;8057785;4.95;3.62;3.74
Harold Jamison;27;2001;39;25;UTA;SG;25;909;0.79;5100264;8.22;8.08;8.15
Harold Jamison;28;2002;40;26;UTA;SG;25;385;2.20;7115667;9.44;2.34;5.89
Harold Jamison;29;2003;41;27;UTA;SG;70;1645;2.70;7481710;5.46;1.67;3.57
Harold Jamison;30;2004;37;28;UTA;SG;54;-1353;2.70;12733865;11.38;0.72;6.05
Harold Jamison;31;2005;43;29;UTA;SG;12;107;3.01;13972827;6.84;6.34;6.59
Harold Jamison;32;2006;44;30;LAC;PF;10;14;2.13;10455775;5.84;1.18;3.51
Harold Jamison;33;2007;45;31;CHH;SG;95;540;1.64;8497416;7.15;1.07;4.11
Harold Jamison;34;2008;46;32;CHA;SG;30;646;0.28;3061972;9.86;2.69;5.64
Harold Jamison;35;2009;47;33;SAS;SG;57;1801;30.78;1303446;9.76;2.4;6.08
Brad Daugherty;1;1979;19;3;WSB;SF;22;131;-0.17;1263479;19.3;5.85;12.58
Brad Daugherty;2;1980;20;4;WSB;SF;49;2345;0.32;3763503;18.42;4.53;11.48
Brad Daugherty;3;1981;21;5;PHO;SF;54;1865;1.47;7817986;16.0;-34.79;12.39
Brad Daugherty;4;1982;22;6;WSB;SF;48;21;2.40;11534870;20.4;8.06;14.23
Brad Daugherty;5;1983;23;7;WSB;SF;38;1429;2.75;12933698;11.13;10.37;10.75
Brad Daugherty;6;1984;24;8;WAS;SF;48;780;3.18;14652257;19.95;7.05;13.5
Brad Daugherty;7;1985;25;9;WAS;SF;13;87;2.98;19972611;11.91;5.21;8.56
Brad Daugherty;8;1986;26;10;POR;SF;31;521;3.74;16890381;8.04;4.54;6.29
Brad Daugherty;9;1987;27;11;POR;SF;78;2119;26.68;20687199;16.3;3.84;10.07
Brad Daugherty;10;1988;28;12;POR;SF;2;-101;5.07;22205926;21.86;6.53;14.2
Brad Daugherty;11;1989;29;13;IND;PG;45;217;4.96;21766294;8.43;3.73;6.08
Brad Daugherty;12;1990;30;14;IND;PG;47;1657;3.46;15771319;5.80;5.81;6.08
Brad Daugherty;13;1991;31;15;CHO;SF;90;124;3.57;16210951;10.72;3.06;6.89
Brad Daugherty;14;1992;32;16;IND;SF;36;1573;3.19;7449224;20.09;5.78;12.94
Brad Daugherty;15;1993;33;14;IND;SG;23;904;4.37;19408271;5.87;2.53;4.2
Brad Daugherty;16;1994;34;18;IND;SG;4;120;5.55;24124318;9.25;5.37;7.31
Brad Daugherty;17;1995;35;19;NOJ;SF;50;553;5.63;24444050;17.05;11.34;14.2
Brad Daugherty;18;1996;36;20;NYK;SF;30;64;5.99;25882844;15.94;8.38;12.16
Brad Daugherty;19;1997;37;21;NYK;SF;32;225;6.04;26082676;14.58;1.98;8.28
Brad Daugherty;20;1998;38;22;SEA;SF;42;1206;5.36;23364954;15.49;3.33;9.41
Brad Daugherty;21;1999;39;23;POR;SF;47;1081;4.51;19967802;11.09;5.78;8.44
Brad Daugherty;22;2000;40;19;POR;SF;69;964;4.35;19328338;16.56;0.99;8.78
Brad Daugherty;23;2001;41;25;GSW;SF;69;1538;18.03;20367467;11.73;3.12;7.43
Brad Daugherty;24;2002;42;26;GSW;SF;10;269;2.93;13653095;17.08;10.82;13.95
Brad Daugherty;25;2003;43;27;DEN;SF;59;87;3.20;14732190;16.28;7.18;14.26
Brad Daugherty;26;2004;44;28;GSW;SG;21;501;3.67;16610616;5.56;7.69;6.63
Brad Daugherty;27;2005;45;29;GSW;SG;30;1279;18.05;21646395;7.36;2.46;4.91
Brad Daugherty;28;2006;46;30;GSW;SG;1;47;5.84;25283346;11.5;6.53;9.02
Brad Daugherty;29;2006;46;30;HOU;PG;60;2055;-21.79;26882006;6.02;4.1;5.06
Brad Daugherty;30;2007;47;31;HOU;PF;61;1159;6.00;25922810;12.17;6.17;9.17
Brad Daugherty;31;2008;48;32;HOU;PG;41;486;6.81;29160097;9.36;1.91;5.64
Brad Daugherty;32;2009;49;33;HOU;PG;45;734;6.52;31006256;-18.08;1.32;3.35
Brad Daugherty;33;2010;50;34;HOU;PG;14;670;6.21;26762107;8.93;4.37;6.65
Brad Daugherty;34;2011;51;30;DAL;PG;11;157;5.86;25363279;24.38;2.53;8.93
Brad Daugherty;35;2012;52;36;DAL;PF;37;1354;6.17;26602241;11.2;0.66;5.93
Bismack Biyombo;1;1979;21;1;LAC;SF;1;35;1.29;7098589;22.21;8.89;15.55
Bismack Biyombo;2;1980;22;2;LAC;SF;37;1220;1.66;8577349;11.28;4.38;7.83
Bismack Biyombo;3;1980;22;2;GSW;SF;73;2623;1.94;9696411;9.86;6.35;8.11
Bismack Biyombo;4;1980;22;2;SAS;SF;61;1978;0.52;4021168;10.23;1.39;5.81
Bismack Biyombo;5;1981;23;3;DEN;PG;22;559;1.27;7018656;12.24;11.29;11.77
Bismack Biyombo;6;1982;24;4;WSB;PF;58;777;1.21;6778857;9.77;19.72;14.75
Bismack Biyombo;7;1983;25;5;LAC;PF;19;61;1.53;8057785;20.11;13.88;17.0
Bismack Biyombo;8;1984;26;6;LAC;SF;40;427;1.21;6778857;12.33;5.5;8.92
Bismack Biyombo;9;1985;27;7;LAC;SG;37;861;-18.28;3701436;47.11;1.25;7.57
Bismack Biyombo;10;1986;28;8;CHA;SG;1;42;-0.64;615801;10.14;7.55;8.85
Bismack Biyombo;11;1987;29;9;WAS;SG;58;1458;-1.85;969271;8.48;0.98;4.73
Bismack Biyombo;12;1988;30;10;WAS;SG;11;721;-3.00;714028;7.98;4.16;6.07
Bismack Biyombo;13;1989;31;11;WAS;SG;37;837;-3.00;880535;9.3;4.25;6.78
Bismack Biyombo;14;1990;32;12;NYK;SG;46;257;-2.97;799886;7.38;6.85;7.12
Bismack Biyombo;15;1991;33;13;NYK;SG;43;229;-3.00;897412;12.85;5.66;9.26
Bismack Biyombo;16;1992;34;14;HOU;SG;53;2088;-1.87;902082;14.74;0.63;7.69
Bismack Biyombo;17;1993;35;15;NJN;SG;77;139;-1.92;951614;11.6;7.55;9.58
Bismack Biyombo;18;1994;36;16;NJN;SF;14;303;20.19;742255;12.34;8.61;10.48
Bismack Biyombo;19;1994;36;16;PHI;SF;23;483;-3.00;675090;19.07;6.18;12.63
Bismack Biyombo;20;1995;37;17;MIN;SF;22;1041;-3.00;792767;15.26;9.27;12.27
Bismack Biyombo;21;1996;38;18;DEN;SF;70;1656;-3.00;876734;6.71;2.13;4.42
Bismack Biyombo;22;1997;38;19;DEN;SF;66;1853;-3.00;717580;12.16;4.55;8.36
Bismack Biyombo;23;1997;39;19;SEA;SF;43;562;-1.94;857298;16.52;6.41;11.47
Bismack Biyombo;24;1997;39;19;POR;SF;4;34;-1.74;996779;9.55;9.07;9.31
Bismack Biyombo;25;1997;39;19;DAL;SF;10;332;-2.51;774103;11.95;7.79;9.87
Bismack Biyombo;26;1998;40;20;CHI;SF;57;897;-2.69;956862;15.05;3.25;9.15
Bismack Biyombo;27;1999;41;21;CHI;SF;14;371;-2.31;740975;14.67;11.16;12.92
Bismack Biyombo;28;2000;42;22;GSW;SF;28;884;18.38;796482;17.73;0.5;9.12
Bismack Biyombo;29;2001;43;23;ATL;SF;50;1309;-1.90;928549;15.23;5.52;3.63
Bismack Biyombo;30;2002;44;24;ORL;SF;86;505;-1.61;228329;17.18;0.49;9.08
Bismack Biyombo;31;2002;44;24;MEM;SF;9;401;0.09;2302609;21.94;4.49;13.22
Bismack Biyombo;32;2003;45;25;SAC;SF;23;427;-0.48;24518;12.87;6.66;10.60
Bismack Biyombo;33;2004;46;21;CHI;SF;29;952;-1.24;914294;15.31;6.77;11.04
Bismack Biyombo;34;2005;47;27;CHI;SF;60;2079;-1.94;743496;11.47;10.96;11.22
Bismack Biyombo;35;2005;47;27;CLE;PF;59;1439;-8.16;786683;15.9;8.96;11.65
Dwayne Morton;1;1979;22;4;OKC;SG;43;1106;-1.74;860820;5.08;10.38;7.73
Dwayne Morton;2;1980;23;5;OKC;PG;76;2622;-2.12;896157;7.18;2.42;4.8
Dwayne Morton;3;1981;24;6;OKC;C;4;87;-2.16;634872;5.1;2.09;3.6
Dwayne Morton;4;1982;25;7;OKC;PG;74;1997;-1.45;828103;4.47;1.31;2.89
Dwayne Morton;5;1983;26;8;{{error(team, INCORRECT_COND_STATE, 5, team-sm, get(year))}};SG;68;264;0.57;4221001;8.8;3.97;6.39
Dwayne Morton;6;1983;26;8;OKC;SG;17;500;-0.96;899196;6.28;2.48;4.38
Dwayne Morton;7;1984;27;9;HOU;SG;38;1669;-0.95;786145;4.89;4.18;4.54
Dwayne Morton;8;1984;29;9;PHO;SF;23;950;-1.47;606555;20.88;8.36;14.62
Dwayne Morton;9;1985;28;10;NYK;SF;63;1626;-1.90;667971;9.03;2.82;5.93
Dwayne Morton;10;1986;29;11;NYK;SF;56;-3438;-3.00;788690;10.06;3.82;6.94
Dwayne Morton;11;1987;30;12;NYK;SF;70;2075;-1.99;946911;11.15;5.53;8.34
Dwayne Morton;12;1988;31;13;NYK;PG;67;278;-1.49;892435;12.87;4.35;9.51
Dwayne Morton;13;1989;32;14;SDC;PF;2;9;-3.00;963010;19.26;5.48;12.37
Dwayne Morton;14;1990;33;15;NJN;PF;40;600;-2.50;800881;21.74;14.37;18.06
Dwayne Morton;15;1990;33;15;BOS;PF;55;2327;-1.81;938794;21.73;7.15;14.44
Dwayne Morton;16;1991;34;16;BOS;SF;49;1743;-1.82;997406;24.33;3.28;13.81
Dwayne Morton;17;1992;35;17;BOS;SF;93;165;-1.23;954185;12.4;5.75;9.08
Dwayne Morton;18;1993;36;18;BOS;SF;64;2531;-2.20;946461;13.62;3.74;8.68
Dwayne Morton;19;1994;37;19;PHO;SF;59;2822;-2.97;790900;7.86;6.66;7.26
Dwayne Morton;20;1995;41;20;PHO;SF;31;1472;-25.27;814409;23.53;10.49;9.12
Dwayne Morton;21;1996;39;21;CHI;PG;21;353;-3.00;729606;20.19;0.27;10.23
Dwayne Morton;22;1997;39;22;MIN;SF;97;262;-1.83;763911;6.78;9.35;8.07
Dwayne Morton;23;1997;40;22;MIN;SF;39;1044;-2.06;957813;17.05;7.7;12.38
Dwayne Morton;24;1998;41;23;NJN;SF;78;2330;-1.87;612154;10.54;7.02;8.78
Dwayne Morton;25;1999;42;24;BOS;SF;39;1167;-2.71;631074;10.36;4.68;7.52
Dwayne Morton;26;2000;43;25;BOS;SG;11;372;21.27;657599;5.62;6.51;6.07
Dwayne Morton;27;2001;44;26;WAS;SG;21;342;-2.96;855470;9.57;5.48;7.53
Dwayne Morton;28;2002;45;27;BOS;SG;49;1217;-3.00;897037;13.58;6.73;10.16
Dwayne Morton;29;2003;46;26;BOS;SG;7;289;-2.69;991656;10.8;4.84;7.82
Dwayne Morton;30;2004;50;29;BOS;SG;53;896;-3.00;648619;11.07;4.78;7.93
Dwayne Morton;31;2005;48;30;BOS;SG;80;1128;-3.00;758800;10.15;4.4;7.28
Dwayne Morton;32;2005;48;30;MIA;SG;55;2049;-3.00;759325;13.41;27.12;8.51
Dwayne Morton;33;2006;49;31;ATL;SG;90;1710;-3.00;753739;13.66;2.66;8.16
Dwayne Morton;34;2007;50;32;DAL;SG;18;189;-3.00;960399;-31.34;0.81;5.35
Dwayne Morton;35;2008;51;33;DAL;SF;77;2135;-3.00;718079;9.86;0.74;5.3
Sam Pellom;1;1979;21;2;LAC;SG;73;3118;0.20;2742240;6.55;8.53;7.54
Sam Pellom;2;1980;22;3;OKC;PG;65;2520;-0.40;344250;6.89;0.66;3.78
Sam Pellom;3;1981;23;4;IND;PG;60;247;-0.56;964486;6.33;0.39;3.36
Sam Pellom;4;1982;24;5;IND;PG;50;888;0.24;2902106;8.65;3.58;6.12
Sam Pellom;5;1983;25;6;IND;PG;20;126;-1.20;824114;46.50;2.09;6.83
Sam Pellom;6;1984;26;7;IND;PG;46;1638;-1.90;778335;8.27;4.3;6.29
Sam Pellom;7;1985;27;8;IND;PG;49;1948;-2.68;703274;5.49;0.62;2.97
Sam Pellom;8;1986;28;9;TOR;PG;13;345;-3.00;652059;8.58;3.23;5.91
Sam Pellom;9;1987;29;10;POR;PG;74;1329;-2.27;649427;9.24;4.16;6.7
Sam Pellom;10;1988;30;11;POR;PG;50;355;-3.00;787037;11.21;3.29;7.31
Sam Pellom;11;1989;31;12;HOU;PG;77;3339;-3.00;859380;3.18;3.5;3.34
Sam Pellom;12;1990;32;13;HOU;PG;40;1209;-3.00;710581;3.0;0.85;1.93
Sam Pellom;13;1991;33;14;HOU;PG;38;656;-3.00;975904;-7.11;1.8;4.56
Sam Pellom;14;1992;34;15;IND;PG;72;1773;-2.62;997377;8.5;0.09;4.3
Sam Pellom;15;1993;35;16;HOU;PG;28;1022;-1.27;616067;12.65;3.53;8.09
Sam Pellom;16;1994;36;17;HOU;PG;9;259;-2.95;609620;9.5;0.1;4.8
Sam Pellom;17;1995;37;18;UTA;PG;39;1361;-3.00;854241;4.28;0.56;2.42
Sam Pellom;18;1995;37;18;MEM;PG;14;29;-3.00;793842;6.82;3.88;5.90
Sam Pellom;19;1996;38;19;MEM;PG;65;2080;-3.00;870791;6.88;0.92;3.9
Sam Pellom;20;1997;39;20;PHI;PG;46;2175;-2.36;749647;4.01;2.8;3.41
Sam Pellom;21;1998;40;21;SAC;PG;78;2788;-2.98;-110619;11.32;2.28;6.8
Sam Pellom;22;1999;41;22;ATL;PG;5;197;-2.77;642172;8.37;2.67;5.52
Sam Pellom;23;2000;42;23;CHI;PG;57;2353;-1.67;962748;7.56;2.56;5.06
Sam Pellom;24;2001;43;24;CHI;PG;31;1480;-3.00;954563;3.18;3.37;3.28
Sam Pellom;25;2002;44;25;LAC;PG;3;112;-2.50;768999;6.34;1.88;4.11
Sam Pellom;26;2002;44;25;CLE;PG;73;3432;-3.00;944707;3.64;3.52;3.58
Sam Pellom;27;2002;44;25;MIL;PG;45;2159;-3.00;931021;7.13;1.34;4.24
Sam Pellom;28;2003;45;22;OKC;PG;13;549;-3.00;873803;6.71;2.94;4.83
Sam Pellom;29;2004;46;27;MIA;PG;15;208;-3.00;821885;7.98;2.64;5.31
Sam Pellom;30;2005;47;28;MIA;PG;27;654;-3.00;818946;9.41;1.65;5.53
Sam Pellom;31;2006;48;29;LAC;PG;51;74;-3.00;863434;7.27;1.98;4.63
Sam Pellom;32;2007;49;30;LAC;PG;16;129;-3.00;886616;9.67;0.24;4.96
Sam Pellom;33;2008;50;31;LAC;PG;20;901;-2.77;955736;8.44;3.2;5.82
Sam Pellom;34;2009;51;32;OKC;PG;9;69;-3.00;895590;5.96;3.11;3.64
Sam Pellom;35;2010;52;33;ATL;PG;80;3302;-3.00;696580;11.55;3.65;7.6
Mouhamed Sene;1;1979;19;1;CLE;SF;13;458;1.80;9136880;18.36;6.43;12.4
Mouhamed Sene;2;1979;19;1;WAS;PF;53;2539;2.61;12374167;25.01;7.7;16.36
Mouhamed Sene;3;1980;20;2;WAS;PF;21;765;3.05;14132693;21.71;4.98;13.35
Mouhamed Sene;4;1981;21;3;WAS;PF;48;2072;3.82;11044997;20.74;16.31;18.53
Mouhamed Sene;5;1982;22;4;MIA;PF;53;1030;3.91;17569812;5.98;4.95;11.23
Mouhamed Sene;6;1983;23;5;MIA;PF;68;3142;5.62;24404083;19.82;15.85;17.84
Mouhamed Sene;7;1984;24;6;MIA;PF;43;5979;5.76;24963614;17.65;12.6;15.13
Mouhamed Sene;8;1985;25;7;CLE;PF;79;1824;6.25;18590290;21.16;10.52;15.84
Mouhamed Sene;9;1986;26;8;GSW;PF;65;2975;-27.55;29559762;20.05;13.81;16.93
Mouhamed Sene;10;1987;27;9;GSW;SF;89;100;8.13;34435675;15.89;7.18;11.54
Mouhamed Sene;11;1988;28;10;GSW;SF;27;340;7.52;31997718;19.03;57.95;12.42
Mouhamed Sene;12;1989;29;11;GSW;PF;52;560;6.51;27961102;15.36;14.96;15.16
Mouhamed Sene;13;1990;30;12;BRK;PF;49;1050;6.10;26322475;19.46;11.42;15.44
Mouhamed Sene;14;1990;30;12;ATL;PF;2;93;5.72;24803748;13.99;10.13;12.06
Mouhamed Sene;15;1990;30;12;NJN;PF;77;1261;6.32;27201738;14.03;5.64;9.84
Mouhamed Sene;16;1990;30;12;UTA;PF;65;1764;-4.87;22046060;-22.34;17.29;18.74
Mouhamed Sene;17;1991;31;13;UTA;SG;53;1582;5.57;24204251;19.89;10.42;15.16
Mouhamed Sene;18;1991;31;13;NYK;PF;4;68;4.30;19128505;17.1;12.13;14.62
Mouhamed Sene;19;1991;31;16;SAS;PF;7;293;3.92;15752187;14.42;5.85;10.14
Mouhamed Sene;20;1992;32;14;SAS;SF;36;932;3.65;16530683;15.97;27.37;11.55
Mouhamed Sene;21;1992;32;14;CHA;SF;70;3109;3.15;14532358;14.77;1.28;8.03
Mouhamed Sene;22;1993;36;15;CHA;SF;61;-5168;3.10;14332525;12.54;12.67;12.61
Mouhamed Sene;23;1994;36;16;CHA;SG;11;391;2.39;11494904;9.37;1.38;5.38
Mouhamed Sene;24;1995;35;17;LAC;SG;80;1395;1.57;8217651;-29.74;2.17;4.96
Mouhamed Sene;25;1996;36;18;LAC;C;53;1794;2.40;11534870;7.14;5.05;6.1
Mouhamed Sene;26;1996;36;18;MIA;SG;15;632;-0.65;612536;6.71;2.85;4.78
Mouhamed Sene;27;1997;37;19;MIA;SG;21;323;-0.83;772566;14.14;3.92;9.03
Mouhamed Sene;28;1998;38;20;MIA;C;45;603;-1.02;998107;11.42;2.9;7.16
Mouhamed Sene;29;1999;39;21;NJN;SF;10;458;-0.97;743736;15.57;5.14;10.36
Mouhamed Sene;30;2000;40;22;NJN;PF;5;89;-1.66;711099;17.75;7.39;12.57
Mouhamed Sene;31;2001;41;23;TOR;PF;8;272;-0.46;104451;10.7;15.36;13.03
Mouhamed Sene;32;2002;42;24;TOR;PF;9;417;-0.87;761741;11.42;7.64;9.53
Mouhamed Sene;33;2003;43;25;NOP;PF;74;3349;-1.24;768805;13.34;6.87;10.11
Mouhamed Sene;34;2004;44;26;CLE;PF;40;1515;-0.30;743915;12.98;7.29;10.14
Mouhamed Sene;35;2005;45;27;POR;PF;19;768;-0.41;304283;1.64;6.11;10.74
Rasual Butler;1;1979;22;2;POR;SG;37;249;-1.53;961194;10.9;2.93;6.92
Rasual Butler;2;1980;23;3;MIN;PG;69;2619;-1.36;995928;9.16;0.83;5.0
Rasual Butler;3;1981;20;4;MIN;PG;12;125;-0.89;970647;9.65;4.5;7.08
Rasual Butler;4;1981;24;4;PHO;PG;69;2463;-1.59;764108;50.16;4.15;10.17
Rasual Butler;5;1982;25;5;LAL;PG;12;562;-2.25;653531;9.11;3.12;6.12
Rasual Butler;6;1983;26;6;LAL;PG;79;8338;-2.82;653732;7.08;3.89;5.49
Rasual Butler;7;1984;27;7;LAL;PG;43;4365;-2.92;668753;4.32;2.72;3.52
Rasual Butler;8;1985;28;8;UTA;PG;10;368;-3.00;814648;7.89;4.9;6.4
Rasual Butler;9;1986;24;9;UTA;PG;6;87;-2.84;794934;6.35;3.04;4.56
Rasual Butler;10;1986;29;9;PHI;PG;6;273;-2.81;657945;5.54;6.01;5.78
Rasual Butler;11;1987;30;12;PHI;PF;77;623;-3.00;748248;9.69;2.77;6.23
Rasual Butler;12;1988;31;12;PHO;PG;18;344;-2.94;806321;11.02;1.37;6.2
Rasual Butler;13;1989;28;12;PHO;PG;1;2;-1.21;642759;8.39;2.45;5.42
Rasual Butler;14;1990;33;16;HOU;PG;35;1015;-13.92;700548;5.93;1.08;3.51
Rasual Butler;15;1991;34;14;ATL;PG;60;395;-2.24;655213;5.85;2.39;4.67
Rasual Butler;16;1992;35;15;ATL;SG;63;1961;-2.40;764818;9.23;4.45;6.84
Rasual Butler;17;1993;36;16;SEA;SG;86;292;-2.40;758594;4.37;7.15;5.76
Rasual Butler;18;1994;37;17;SEA;SG;71;2987;-36.57;924147;4.36;4.75;4.56
Rasual Butler;19;1995;38;18;SEA;SG;22;113;-3.00;773173;-10.84;7.81;8.1
Rasual Butler;20;1996;39;19;SEA;SG;14;109;-3.00;918181;9.52;6.72;8.12
Rasual Butler;21;1997;40;20;SEA;SG;38;130;-3.00;881776;8.47;1.7;5.09
Rasual Butler;22;1998;41;21;BOS;PG;95;225;-2.81;878992;8.45;2.6;5.53
Rasual Butler;23;1998;41;21;GSW;PG;49;-566;-3.00;869884;7.64;5.15;7.20
Rasual Butler;24;1999;42;22;CLE;PG;15;49;-3.00;873706;8.99;1.02;5.01
Rasual Butler;25;2000;43;23;NOK;PG;47;1117;-3.00;943992;3.91;4.19;4.05
Rasual Butler;26;2001;44;24;MIN;PG;5;167;-3.00;712216;8.79;4.74;6.77
Rasual Butler;27;2001;44;24;SEA;PG;10;119;-3.00;969935;48.89;3.3;5.27
Rasual Butler;28;2002;45;25;PHO;PG;51;883;-3.00;805122;8.5;2.67;5.59
Rasual Butler;29;2003;46;27;PHO;PG;48;157;-2.82;949981;2.01;2.62;2.32
Rasual Butler;30;2004;47;27;DET;PG;69;-1186;-2.62;810729;40.65;0.41;4.97
Rasual Butler;31;2005;48;28;MIL;PG;9;295;-2.02;712485;4.87;4.45;4.66
Rasual Butler;32;2006;49;29;MIL;PG;79;460;-2.44;653438;11.97;2.19;7.08
Rasual Butler;33;2006;49;29;HOU;PG;29;452;15.35;670357;3.5;0.22;1.86
Rasual Butler;34;2007;50;30;HOU;PG;15;342;-3.00;689726;6.26;1.92;4.09
Rasual Butler;35;2008;52;31;DET;PG;61;654;-2.69;837188;5.42;3.49;4.46
Michael Young;1;1979;22;1;DET;PG;47;2242;0.78;5060297;10.51;0.92;5.72
Michael Young;2;1980;23;2;DET;PG;36;4406;1.28;7058622;10.76;2.31;6.54
Michael Young;3;1981;24;3;POR;PG;54;1897;0.30;3141905;6.12;2.31;4.22
Michael Young;4;1982;25;4;POR;PG;66;1557;0.77;5020331;10.83;0.87;5.85
Michael Young;5;1982;25;4;DET;PG;81;2884;0.46;3781369;11.1;1.99;6.55
Michael Young;6;1983;26;5;WSB;SG;20;611;1.56;8177684;11.7;3.11;7.41
Michael Young;7;1983;26;5;DEN;SF;8;337;2.22;10815473;20.39;10.54;15.47
Michael Young;8;1983;26;5;ORL;SF;50;972;2.36;11375004;9.48;6.97;8.23
Michael Young;9;1984;27;6;ORL;SF;77;51;2.93;13653095;17.35;7.85;12.6
Michael Young;10;1985;28;7;MIL;SF;19;68;3.87;17409946;11.36;0.28;5.82
Michael Young;11;1986;29;8;UTA;SF;94;2069;4.50;19927835;10.7;5.18;7.94
Michael Young;12;1987;30;9;UTA;SF;22;577;50.19;15211788;14.78;8.29;11.54
Michael Young;13;1988;31;10;UTA;SF;10;12;3.83;17250080;14.25;5.81;10.03
Michael Young;14;1989;32;11;UTA;SF;38;750;16.16;14572324;14.01;6.99;10.5
Michael Young;15;1990;33;12;DAL;SF;74;2094;2.98;13852927;13.52;5.84;9.68
Michael Young;16;1991;34;13;DAL;SF;60;2381;2.91;13573162;12.87;4.53;8.7
Michael Young;17;1992;35;14;DAL;SF;68;3;1.45;7738053;13.23;8.46;10.85
Michael Young;18;1993;36;15;DAL;SG;50;696;1.40;7538220;14.69;0.12;6.73
Michael Young;19;1993;39;15;WAS;SG;77;365;1.45;7738053;5.5;3.47;4.49
Michael Young;20;1994;37;16;WAS;SG;27;958;1.44;7698086;8.91;5.74;7.33
Michael Young;21;1994;37;16;WAS;SG;58;996;0.46;3781369;9.32;1.79;5.56
Michael Young;22;1995;38;17;NYK;C;45;1840;-0.08;1623178;5.09;5.65;5.37
Michael Young;23;1996;39;18;NJN;PG;48;137;0.01;1982877;2.35;1.45;1.9
Michael Young;24;1997;35;19;MIA;PG;79;3416;-1.31;605743;5.82;2.36;4.09
Michael Young;25;1998;41;20;MIA;PG;5;102;-1.54;965795;6.68;0.72;3.7
Michael Young;26;1999;42;21;CHH;PG;30;1026;-0.69;643553;11.63;3.39;7.51
Michael Young;27;2000;43;22;CHH;PG;35;564;-0.93;644503;6.9;1.98;4.44
Michael Young;28;2001;44;23;BRK;PG;77;1220;-1.41;758118;6.55;2.48;4.52
Michael Young;29;2001;44;23;SAS;SG;10;179;-1.87;610284;8.57;-24.60;6.06
Michael Young;30;2002;45;24;NOP;SG;59;2010;-2.83;703141;7.65;8.45;8.05
Michael Young;31;2003;46;25;MIL;SG;31;787;-3.00;913953;11.6;3.19;7.4
Michael Young;32;2004;47;26;NJN;PG;71;2171;-3.00;625939;5.16;3.41;4.29
Michael Young;33;2005;48;27;WSB;PG;27;1272;-3.00;812961;9.28;2.46;5.87
Michael Young;34;2006;49;28;LAC;PG;64;1165;-3.00;731078;14.95;1.8;8.38
Michael Young;35;2007;50;29;LAC;PF;51;1240;-3.00;799487;2.21;0.85;1.53
Steve Mix;1;1979;21;4;LAC;PG;11;200;-0.02;1862977;5.43;5.65;5.54
Steve Mix;2;1979;21;4;NYK;PG;50;1501;1.86;9376679;9.78;3.98;6.88
Steve Mix;3;1980;22;5;NYK;PG;95;1570;1.71;8777182;4.08;2.12;3.1
Steve Mix;4;1981;23;6;NYK;PG;52;1077;0.77;5020331;4.13;1.98;3.98
Steve Mix;5;1982;20;7;NYK;PG;42;71;0.22;2286186;5.86;1.6;3.73
Steve Mix;6;1983;25;8;NYK;PG;7;47;-0.65;842881;12.29;3.35;7.82
Steve Mix;7;1984;26;9;CLE;PG;65;382;-0.21;1103613;3.02;3.03;3.03
Steve Mix;8;1985;27;10;MIA;SG;29;678;-38.45;2502441;6.39;7.28;6.84
Steve Mix;9;1986;28;11;MIA;SG;2;11;-0.05;1743077;8.16;1.53;4.85
Steve Mix;10;1987;29;12;MIA;SG;13;84;-0.26;903781;10.65;7.4;9.03
Steve Mix;11;1988;30;13;DEN;PG;26;220;-0.27;863814;5.88;2.21;4.05
Steve Mix;12;1988;30;13;DEN;PG;7;4;-0.71;771233;8.2;0.36;4.28
Steve Mix;13;1989;31;14;DEN;PG;20;37;-1.02;893613;6.16;1.48;3.82
Steve Mix;14;1990;32;18;BRK;PG;31;449;-1.06;991789;7.79;2.99;5.39
Steve Mix;15;1991;33;16;DEN;PG;39;1828;-2.13;860968;7.42;4.07;5.75
Steve Mix;16;1991;33;16;OKC;PG;6;19;-2.50;878935;10.01;4.31;7.16
Steve Mix;17;1992;34;17;OKC;SG;32;548;-2.79;965007;-36.18;5.52;6.22
Steve Mix;18;1993;35;18;OKC;SG;66;3056;-3.00;896182;9.41;7.59;8.5
Steve Mix;19;1993;35;18;POR;SG;9;143;-2.83;793781;11.96;5.72;8.84
Steve Mix;20;1994;36;19;POR;PF;78;1513;-35.82;803685;12.79;5.31;9.05
Steve Mix;21;1995;37;20;POR;PG;74;405;-2.98;684469;11.73;1.6;6.67
Steve Mix;22;1996;38;21;POR;PG;79;3036;-3.00;717987;7.63;2.39;5.01
Steve Mix;23;1997;39;22;POR;PG;29;807;-2.19;635916;0.80;2.03;4.49
Steve Mix;24;1998;40;23;IND;PG;39;1150;-2.41;613477;4.91;2.92;3.92
Steve Mix;25;1999;41;24;SEA;PF;22;620;-3.00;693430;8.9;1.54;5.22
Steve Mix;26;2000;42;25;SEA;PG;49;1987;-2.09;873028;4.4;17.05;3.7
Steve Mix;27;2001;43;26;SEA;PG;30;963;-2.50;710305;6.64;3.19;4.92
Steve Mix;28;2002;44;27;BOS;PG;20;383;-2.58;840534;8.69;1.57;5.13
Steve Mix;29;2003;45;28;BOS;PG;40;61;-2.45;728753;-8.39;1.41;4.96
Steve Mix;30;2003;45;28;GSW;PG;81;3477;-2.23;898114;3.16;4.09;3.63
Steve Mix;31;2004;46;29;PHI;PG;65;2800;-2.41;905651;7.09;4.38;5.74
Steve Mix;32;2004;46;29;CLE;PG;60;272;-21.77;903554;10.44;2.73;6.59
Steve Mix;33;2005;47;30;DEN;PG;1;16;-0.24;983714;6.66;3.82;6.14
Steve Mix;34;2006;48;31;BOS;PG;14;18;0.01;1982877;4.73;4.1;4.42
Steve Mix;35;2007;49;32;BOS;PG;56;2010;0.10;2342575;5.37;2.43;3.9
Fred Vinson;1;1979;20;1;BOS;PF;53;2498;1.35;7338388;14.62;8.37;11.5
Fred Vinson;2;1979;20;1;PHO;PF;62;2735;2.60;12334200;24.27;3.73;14.0
Fred Vinson;3;1980;21;2;PHO;PF;48;2077;5.32;23205088;11.28;-5.80;10.43
Fred Vinson;4;1980;21;2;MIA;PF;44;2022;5.63;24444050;29.09;4.26;16.68
Fred Vinson;5;1981;22;3;TOR;SF;1;46;5.76;24963614;16.17;5.62;10.9
Fred Vinson;6;1981;22;3;DEN;SF;37;1207;5.31;23165122;10.11;6.55;8.70
Fred Vinson;7;1982;23;4;ATL;SF;6;15;4.91;21566462;20.8;5.39;13.1
Fred Vinson;8;1982;23;4;SDC;SF;62;2896;5.27;23005256;13.36;4.18;8.77
Fred Vinson;9;1983;24;5;SDC;SF;48;1485;3.83;17250080;10.54;11.72;11.13
Fred Vinson;10;1983;24;2;LAL;PF;16;178;4.48;19847902;13.45;6.79;10.12
Fred Vinson;11;1984;21;6;LAL;PF;41;983;4.98;12986719;21.01;10.42;15.72
Fred Vinson;12;1985;26;7;CLE;SF;74;1669;-3.63;15171822;13.5;12.62;13.06
Fred Vinson;13;1986;26;9;SAS;SF;79;1537;3.67;16610616;13.55;5.83;9.69
Fred Vinson;14;1987;28;9;SAS;SF;14;307;2.93;13653095;19.57;3.39;11.48
Fred Vinson;15;1988;29;10;ORL;SG;12;234;2.21;10775507;13.42;4.29;8.86
Fred Vinson;16;1989;30;11;MIN;SG;52;26;1.53;8057785;16.52;6.9;11.71
Fred Vinson;17;1990;32;12;NYK;SG;5;221;0.46;3781369;9.57;3.22;6.4
Fred Vinson;18;1991;32;13;TOR;SG;58;137;0.53;4061135;12.17;3.08;7.63
Fred Vinson;19;1991;32;10;DAL;SG;66;1259;-19.36;872820;12.87;2.39;7.63
Fred Vinson;20;1991;32;13;WAS;SG;59;81;-0.78;606382;7.21;4.14;5.68
Fred Vinson;21;1992;33;14;WAS;SG;68;3076;0.72;4820498;11.96;1.52;6.74
Fred Vinson;22;1993;34;15;MEM;SG;47;999;0.99;5899594;4.69;4.47;4.58
Fred Vinson;23;1994;35;16;ORL;SG;18;440;-0.04;1783044;4.23;5.05;4.64
Fred Vinson;24;1995;36;17;LAL;SG;12;463;-0.13;1239940;9.01;3.74;6.38
Fred Vinson;25;1996;37;18;LAL;SG;25;997;-0.82;662762;7.86;7.51;7.69
Fred Vinson;26;1997;36;19;LAL;SG;31;322;0.84;5300096;11.99;3.07;7.53
Fred Vinson;27;1998;39;20;LAL;SG;29;1240;-0.37;464149;5.93;1.01;3.47
Fred Vinson;28;1999;40;21;DEN;SG;7;294;-0.72;779824;9.99;7.64;8.82
Fred Vinson;29;2000;41;22;DEN;SG;55;794;-0.27;863814;7.07;0.51;3.79
Fred Vinson;30;2001;42;23;DEN;SG;55;1424;-0.48;24518;4.06;41.17;4.36
Fred Vinson;31;2002;43;24;DEN;SG;33;574;-1.14;840874;14.01;6.67;10.34
Fred Vinson;32;2003;44;25;DEN;SG;76;2178;-0.86;712820;4.74;8.3;6.52
Fred Vinson;33;2004;45;26;MIL;SF;19;417;-0.30;743915;19.08;6.72;12.9
Fred Vinson;34;2005;46;27;MIL;SF;19;116;-1.82;735360;7.6;5.41;6.51
Fred Vinson;35;2006;47;28;MIL;SG;33;590;-2.09;901785;12.09;1.85;6.97
Swen Nater;1;1979;22;3;MIL;SF;59;30;4.08;18249242;14.35;7.28;10.82
Swen Nater;2;1980;23;4;MIL;SF;17;529;5.09;22285859;23.05;7.43;15.24
Swen Nater;3;1981;24;5;MIL;SF;53;273;19.93;27321638;6.98;4.76;5.87
Swen Nater;4;1982;25;6;MIL;SF;52;2320;7.17;30598891;10.06;5.28;7.67
Swen Nater;5;1983;26;7;MIL;SF;89;1735;9.58;40230817;17.62;6.45;12.04
Swen Nater;6;1984;27;8;MIL;SF;32;3929;8.81;37153397;17.59;3.98;10.79
Swen Nater;7;1985;28;9;MIL;SF;44;271;7.33;31238355;10.37;7.01;8.69
Swen Nater;8;1986;29;10;MIL;SF;21;867;5.80;25123480;11.51;7.31;9.41
Swen Nater;9;1987;30;11;IND;SF;41;1710;6.30;34581900;9.41;2.34;5.88
Swen Nater;10;1988;31;12;IND;PF;51;1238;6.15;26522308;14.48;8.47;11.48
Swen Nater;11;1989;32;13;IND;PF;43;38;5.93;25643045;19.22;13.78;16.5
Swen Nater;12;1990;33;14;IND;PF;39;438;5.21;22765457;14.74;6.91;10.83
Swen Nater;13;1991;34;15;IND;PF;34;523;4.37;19408271;8.91;11.33;10.12
Swen Nater;14;1992;35;16;PHI;PF;58;694;5.79;25083514;17.88;12.0;14.94
Swen Nater;15;1993;36;17;GSW;PF;8;22;4.80;21126830;16.27;10.96;13.62
Swen Nater;16;1993;36;17;SAS;PF;51;84;26.33;18848740;18.45;10.77;14.61
Swen Nater;17;1994;37;18;SAS;PF;15;13;3.47;15811286;19.36;6.83;13.1
Swen Nater;18;1995;38;19;SAS;PF;91;1245;3.37;15411621;14.47;12.17;13.32
Swen Nater;19;1996;39;20;SAS;C;16;-376;2.96;13772994;20.9;11.65;16.28
Swen Nater;20;1997;40;21;NJN;PF;6;106;2.93;4451005;18.25;8.64;13.45
Swen Nater;21;1998;41;22;NJN;PF;60;414;2.58;12254267;18.33;4.16;11.25
Swen Nater;22;1998;41;22;PHO;PF;45;1669;2.61;12374167;12.69;10.59;11.64
Swen Nater;23;1999;42;23;PHO;SG;47;1960;3.33;15251755;11.49;5.62;8.56
Swen Nater;24;2000;43;24;GSW;SG;92;778;48.11;14532358;17.55;8.12;12.84
Swen Nater;25;2001;44;25;SEA;SG;77;481;2.86;13373329;9.27;1.14;5.21
Swen Nater;26;2002;45;26;SEA;SG;81;291;2.06;10176009;7.57;7.72;7.65
Swen Nater;27;2002;45;26;BOS;PG;19;779;1.14;6499091;8.36;3.54;5.95
Swen Nater;28;2003;46;27;BOS;PG;84;502;0.85;5340063;4.5;1.52;3.01
Swen Nater;29;2003;46;27;BOS;PF;51;1404;0.05;2142743;4.45;1.77;3.11
Swen Nater;30;2004;47;28;SEA;PG;76;807;-0.49;882066;11.36;25.30;7.37
Swen Nater;31;2005;48;29;SEA;PG;68;1854;0.35;3341738;6.64;1.45;4.05
Swen Nater;32;2006;49;30;SEA;PG;63;1847;0.70;4740565;8.03;0.9;5.11
Swen Nater;33;2007;50;31;SEA;PG;96;-1509;0.61;4380867;7.01;-4.48;5.02
Swen Nater;34;2008;51;32;SEA;PG;46;734;1.78;9056947;7.98;3.24;5.61
Swen Nater;35;2009;52;33;SEA;PG;26;1026;2.25;10935373;3.88;3.04;3.46
Jared Dudley;1;1979;19;4;SEA;SG;48;454;1.34;7298421;8.96;1.73;5.35
Jared Dudley;2;1980;20;5;LAL;SG;52;91;1.58;8257617;5.79;6.37;6.08
Jared Dudley;3;1980;20;5;CHH;SG;29;806;2.62;12414133;8.18;8.42;8.3
Jared Dudley;4;1981;21;6;NOH;SG;88;303;2.38;11454937;6.6;0.39;3.5
Jared Dudley;5;1982;22;7;MIL;SG;72;1996;2.11;10375842;12.6;8.73;10.67
Jared Dudley;6;1983;23;8;CLE;C;60;1302;1.47;7817986;4.89;7.59;6.24
Jared Dudley;7;1984;24;9;CLE;SG;10;122;2.72;12813798;4.48;6.63;5.56
Jared Dudley;8;1985;25;10;HOU;SG;10;80;3.27;15011956;11.79;1.63;6.71
Jared Dudley;9;1986;26;11;HOU;SG;31;733;3.71;16770482;7.94;0.75;4.35
Jared Dudley;10;1987;27;12;HOU;SF;17;728;5.39;23484854;21.19;9.84;13.11
Jared Dudley;11;1988;28;13;CLE;PG;33;81;5.92;25603078;11.61;10.44;11.03
Jared Dudley;12;1988;28;13;CHH;SF;71;759;7.24;30878656;20.48;6.47;13.48
Jared Dudley;13;1989;29;14;CHH;SF;10;37;8.13;34435675;12.88;9.05;10.97
Jared Dudley;14;1989;29;14;DET;PF;77;-6060;7.14;30478991;9.83;8.66;9.25
Jared Dudley;15;1990;30;15;DET;SF;56;587;7.81;33156747;23.97;1.24;12.61
Jared Dudley;16;1991;31;16;MIN;SF;23;241;5.70;24723815;13.67;3.3;8.49
Jared Dudley;17;1992;32;17;MIN;SF;71;2938;6.56;28160934;16.37;4.04;10.21
Jared Dudley;18;1993;33;18;ATL;SF;7;203;6.59;28280834;15.73;4.7;10.22
Jared Dudley;19;1994;34;19;ATL;PF;8;227;6.15;26522308;16.22;16.12;16.17
Jared Dudley;20;1994;34;19;BOS;PF;11;82;5.29;23085189;21.27;13.12;17.2
Jared Dudley;21;1995;35;20;MIL;PF;73;1427;3.72;16810448;17.01;5.58;8.12
Jared Dudley;22;1996;36;21;MIL;SG;74;3487;4.05;18129343;14.46;1.76;8.11
Jared Dudley;23;1997;37;22;MIL;SG;19;442;3.05;14132693;11.3;28.81;10.12
Jared Dudley;24;1998;38;23;MIL;PG;25;1132;3.28;15051922;8.07;1.64;4.86
Jared Dudley;25;1998;38;23;DEN;PG;34;1300;3.58;16250917;9.29;2.94;6.12
Jared Dudley;26;1999;39;24;DEN;PG;28;802;2.82;13213463;12.86;4.93;8.9
Jared Dudley;27;2000;40;25;DAL;PG;3;69;2.72;12813798;10.15;0.85;5.5
Jared Dudley;28;2001;40;26;DAL;PG;49;1215;41.66;15211788;4.21;3.93;4.07
Jared Dudley;29;2002;42;27;DAL;PG;48;1547;3.06;14172659;3.73;1.0;2.37
Jared Dudley;30;2002;42;27;MIL;PG;10;188;3.65;16530683;8.82;4.45;6.64
Jared Dudley;31;2003;43;28;MIL;PG;63;792;3.66;16570649;3.01;2.89;2.95
Jared Dudley;32;2004;43;29;MIL;C;26;241;2.96;13772994;9.27;5.59;7.43
Jared Dudley;33;2005;45;30;VAN;SG;31;1326;1.04;6099426;10.02;6.24;8.13
Jared Dudley;34;2006;46;31;VAN;PG;91;564;-0.18;1223513;8.04;5.07;6.56
Jared Dudley;35;2007;47;32;VAN;PG;63;1456;0.53;4061135;9.64;2.16;5.9
Andy Rautins;1;1979;22;4;VAN;SF;71;490;-1.23;643705;20.5;2.02;11.26
Andy Rautins;2;1980;23;5;WAS;SG;37;780;-1.82;947845;11.14;1.59;6.37
Andy Rautins;3;1981;24;6;WAS;SG;25;205;-1.68;699746;6.76;11.43;9.1
Andy Rautins;4;1982;25;7;WAS;SG;54;1691;-1.68;891205;8.15;0.46;4.31
Andy Rautins;5;1983;26;8;LAC;SG;58;4149;-2.73;997425;14.8;6.72;10.76
Andy Rautins;6;1984;30;9;LAC;SG;2;36;-3.00;797316;9.65;4.33;6.99
Andy Rautins;7;1985;23;10;LAC;SG;52;2085;-2.83;874309;10.19;5.48;7.84
Andy Rautins;8;1986;28;11;MIA;PG;87;852;-3.00;966438;4.81;4.84;4.83
Andy Rautins;9;1986;32;11;LAC;PG;18;795;-1.50;946744;9.94;2.12;6.03
Andy Rautins;10;1987;30;12;ATL;PG;21;803;-1.68;666584;10.43;26.41;5.38
Andy Rautins;11;1987;30;12;HOU;PG;8;98;-2.79;681785;7.96;2.09;5.03
Andy Rautins;12;1988;31;13;HOU;C;32;789;-2.17;975509;11.76;3.57;8.67
Andy Rautins;13;1989;32;14;MIA;PG;7;60;-3.00;707692;11.0;3.11;7.06
Andy Rautins;14;1990;33;15;NJN;PG;38;337;-3.00;602014;5.81;1.02;3.42
Andy Rautins;15;1991;34;16;LAL;PG;56;2268;-2.75;632554;5.63;1.44;3.54
Andy Rautins;16;1992;35;17;LAL;PF;3;104;-3.00;760721;7.44;0.91;4.18
Andy Rautins;17;1993;36;18;LAL;PG;7;280;-3.00;747205;10.55;25.89;7.34
Andy Rautins;18;1994;37;22;MEM;PG;36;857;-2.87;962130;7.49;1.13;4.31
Andy Rautins;19;1995;34;20;BUF;PG;64;30;-3.00;898371;8.23;3.23;5.73
Andy Rautins;20;1996;38;21;TOR;PG;22;130;-3.00;1347848;4.5;4.37;4.44
Andy Rautins;21;1997;40;22;TOR;PG;15;646;-3.00;743045;7.2;0.47;3.84
Andy Rautins;22;1997;41;22;BOS;PG;29;1347;-2.24;863251;8.65;3.16;5.91
Andy Rautins;23;1998;41;23;BOS;PG;5;115;-1.72;945944;8.35;3.02;5.69
Andy Rautins;24;1998;41;23;DET;PG;26;143;-1.70;673672;11.31;2.56;6.94
Andy Rautins;25;1999;42;24;DET;PG;35;891;-0.67;702614;12.58;1.31;6.95
Andy Rautins;26;2000;43;25;LAC;PG;52;1711;0.16;2582374;9.75;4.02;6.89
Andy Rautins;27;2001;44;26;GSW;PG;40;385;-0.93;878281;11.44;3.73;7.59
Andy Rautins;28;2002;45;27;DAL;PG;52;1877;-0.19;1183546;10.22;4.12;7.17
Andy Rautins;29;2003;46;28;DAL;PG;21;688;0.30;3141905;10.87;1.55;6.21
Andy Rautins;30;2003;46;28;NJN;PG;69;623;-0.34;584049;8.03;1.45;4.74
Andy Rautins;31;2004;47;29;NJN;PG;40;1349;-0.92;994327;6.18;1.83;4.01
Andy Rautins;32;2005;48;30;NJN;PG;90;1694;-5.70;804779;6.92;3.81;5.37
Andy Rautins;33;2006;49;31;WSB;PG;78;3723;-2.95;956333;9.53;0.84;5.19
Andy Rautins;34;2007;50;32;WSB;PG;31;330;-2.23;874547;8.19;1.42;4.81
Andy Rautins;35;2008;51;33;WSB;PG;48;1561;-24.72;666595;3.51;0.64;2.08
Byron Mullens;1;1979;17;1;MIL;PF;9;287;-1.09;885316;14.17;10.49;12.33
Byron Mullens;2;1980;18;2;BOS;PF;7;202;0.28;3061972;20.79;15.39;18.09
Byron Mullens;3;1981;19;3;BOS;PF;8;206;2.37;11414971;19.69;12.13;15.91
Byron Mullens;4;1982;20;4;BOS;PF;6;124;1.69;8697249;18.8;2.08;10.44
Byron Mullens;5;1983;21;5;BOS;PF;62;440;40.60;10056109;13.99;2.4;8.2
Byron Mullens;6;1984;22;6;BOS;PF;20;477;2.52;12014468;26.78;0.79;13.79
Byron Mullens;7;1985;23;7;BOS;PF;62;563;2.55;12134368;17.66;5.77;11.72
Byron Mullens;8;1986;24;8;BOS;PF;69;2723;2.60;12334200;19.27;8.14;13.71
Byron Mullens;9;1987;25;9;BOS;PF;21;713;-34.77;14652257;16.75;9.99;13.37
Byron Mullens;10;1988;26;10;DEN;PF;97;2137;4.30;19128505;23.55;9.34;16.45
Byron Mullens;11;1989;27;11;TOR;PF;42;1232;5.15;22525658;25.93;10.93;18.43
Byron Mullens;12;1990;28;9;LAL;PF;12;72;5.61;24364117;19.74;6.63;13.19
Byron Mullens;13;1991;29;13;LAL;PF;50;1378;5.00;21926160;12.55;12.4;12.48
Byron Mullens;14;1992;30;14;LAL;PF;30;365;5.12;22405758;18.86;-49.05;16.11
Byron Mullens;15;1993;31;15;LAL;PF;63;1720;5.29;23085189;13.09;13.28;13.19
Byron Mullens;16;1994;32;16;LAL;PF;69;1152;4.49;19887869;12.52;8.65;10.59
Byron Mullens;17;1995;33;17;LAL;PF;73;732;3.74;16890381;15.31;7.52;11.42
Byron Mullens;18;1995;33;17;CHI;SF;79;384;4.74;20887031;11.59;8.49;10.04
Byron Mullens;19;1996;34;18;CHI;SF;11;155;3.74;16890381;8.96;9.67;9.32
Byron Mullens;20;1997;35;19;OKC;SF;21;929;3.80;17130180;8.88;6.04;7.46
Byron Mullens;21;1998;36;20;OKC;SF;6;55;3.36;15371654;20.85;9.22;15.04
Byron Mullens;22;1999;37;21;OKC;SF;24;63;1.65;8537383;17.38;7.03;12.21
Byron Mullens;23;2000;38;22;OKC;SF;95;186;1.16;6579024;16.75;6.72;11.74
Byron Mullens;24;2001;39;23;OKC;PF;63;1548;2.61;12374167;25.39;8.42;16.91
Byron Mullens;25;2002;40;24;OKC;PF;65;718;1.54;8097751;19.37;16.41;17.89
Byron Mullens;26;2003;41;20;CHO;PF;39;1463;0.75;4940398;53.16;13.89;18.93
Byron Mullens;27;2004;42;26;POR;PF;68;1667;1.85;9336713;9.72;15.79;12.76
Byron Mullens;28;2005;43;27;POR;PF;15;315;2.76;15548290;14.66;9.73;12.2
Byron Mullens;29;2006;44;28;POR;PF;72;705;3.24;14892056;16.27;4.26;10.27
Byron Mullens;30;2007;45;29;POR;C;77;1408;2.92;13613128;23.62;-27.03;15.03
Byron Mullens;31;2008;46;30;POR;C;28;412;3.30;15131855;22.6;7.4;15.0
Byron Mullens;32;2009;47;31;POR;C;48;1558;3.62;16410783;22.3;17.04;19.67
Byron Mullens;33;2009;47;31;TOR;C;32;218;4.41;19568137;30.1;10.17;20.14
Byron Mullens;34;2010;48;32;TOR;C;51;2104;3.13;8160576;16.96;10.63;13.8
Byron Mullens;35;2011;49;33;UTA;C;42;1068;3.62;16410783;20.98;12.56;16.77
Eric Anderson;1;1979;22;3;UTA;SF;36;1104;1.72;8817148;14.05;5.02;9.54
Eric Anderson;2;1980;23;4;UTA;SF;50;2085;3.22;14812123;12.13;8.36;10.25
Eric Anderson;3;1981;24;5;UTA;SF;55;1684;2.69;12693899;19.44;8.13;13.79
Eric Anderson;4;1982;25;6;LAC;SF;78;952;3.29;15091889;63.04;5.06;8.39
Eric Anderson;5;1982;25;6;PHI;SF;38;1766;2.87;13413296;9.24;1.89;5.57
Eric Anderson;6;1983;26;7;PHI;SF;47;1875;2.63;12454100;12.76;6.03;9.4
Eric Anderson;7;1984;27;8;PHI;SF;24;452;1.02;6019493;18.4;6.69;12.55
Eric Anderson;8;1985;28;9;PHI;SF;79;2150;0.75;4940398;7.24;8.57;7.91
Eric Anderson;9;1986;29;10;PHI;SF;64;2951;-1.41;759509;11.91;3.18;7.55
Eric Anderson;10;1987;30;11;PHI;SF;5;135;-1.59;916153;10.5;3.11;6.81
Eric Anderson;11;1988;31;12;PHI;SF;69;3311;-2.06;730188;10.63;6.54;8.59
Eric Anderson;12;1989;32;13;PHI;PF;43;1221;-2.46;827830;16.96;7.28;12.12
Eric Anderson;13;1990;33;14;PHI;PF;15;511;-2.37;962676;21.49;6.96;14.23
Eric Anderson;14;1991;36;15;PHI;PF;33;794;-2.60;874197;15.34;7.52;11.43
Eric Anderson;15;1992;35;16;PHI;PF;47;823;-3.00;905713;14.02;13.11;13.57
Eric Anderson;16;1993;36;19;PHI;PF;16;598;-2.88;629816;22.32;10.59;16.46
Eric Anderson;17;1994;37;18;PHI;PG;10;233;-3.00;997488;26.23;-9.32;10.83
Eric Anderson;18;1995;38;19;PHI;PF;10;364;-3.00;900243;12.06;14.2;13.13
Eric Anderson;19;1996;39;20;NJN;PF;72;1366;-3.00;926444;9.05;8.44;8.75
Eric Anderson;20;1997;40;21;NJN;PF;12;162;-3.00;630791;15.46;8.99;12.23
Eric Anderson;21;1998;41;22;CHH;PF;34;1090;-3.00;659865;16.76;11.8;14.28
Eric Anderson;22;1999;42;23;CHH;PF;36;1571;-1.36;720077;11.39;8.0;9.7
Eric Anderson;23;2000;43;24;CHH;C;15;579;-1.30;660926;17.28;8.05;12.67
Eric Anderson;24;2000;43;24;NJN;C;71;379;-1.27;870853;22.87;4.2;13.54
Eric Anderson;25;2001;44;21;NJN;C;19;891;-1.82;891373;27.77;7.09;17.43
Eric Anderson;26;2001;44;25;NYK;C;45;3859;-1.58;842636;13.23;-5.80;14.04
Eric Anderson;27;2002;45;26;NYK;PF;50;1790;-1.50;836944;15.99;7.43;7.34
Eric Anderson;28;2003;46;27;PHI;PF;6;696;-1.63;855363;15.04;11.8;13.42
Eric Anderson;29;2004;47;28;PHI;PG;73;575;-1.94;953110;16.84;8.26;12.55
Eric Anderson;30;2005;48;29;ATL;PF;19;780;-2.04;722259;28.04;8.9;18.47
Eric Anderson;31;2006;49;30;ATL;PF;17;540;-2.64;758370;10.59;10.74;10.67
Eric Anderson;32;2007;50;31;ATL;PF;44;1799;-3.00;951104;19.81;3.21;11.51
Eric Anderson;33;2008;51;32;CHI;PF;71;2378;-2.63;655865;21.56;7.34;14.45
Eric Anderson;34;2009;52;33;CHI;PG;77;915;-3.00;643046;21.58;14.46;18.02
Eric Anderson;35;2009;52;33;PHO;PF;30;1125;-2.38;778240;12.93;8.4;13.99
Harvey Catchings;1;1979;20;2;GSW;PG;51;78;-0.10;1543245;6.72;3.97;5.35
Harvey Catchings;2;1980;21;3;GSW;PG;10;198;-1.11;900607;5.34;2.73;4.04
Harvey Catchings;3;1981;22;4;GSW;PG;11;47;-0.27;863814;12.47;3.87;8.17
Harvey Catchings;4;1981;22;4;IND;PG;66;816;-0.17;1263479;9.1;0.74;4.92
Harvey Catchings;5;1982;23;5;LAC;PG;71;1724;-0.62;986168;9.16;1.71;5.44
Harvey Catchings;6;1983;24;6;HOU;PG;78;3672;-1.01;757901;2.69;0.97;1.83
Harvey Catchings;7;1984;25;7;HOU;SG;43;157;-2.90;1673775;8.84;0.1;4.47
Harvey Catchings;8;1985;26;8;HOU;PG;33;1549;-2.34;939019;2.51;1.16;1.84
Harvey Catchings;9;1986;27;9;GSW;PG;22;155;-3.00;756717;12.6;1.07;6.84
Harvey Catchings;10;1987;28;10;GSW;PG;66;761;-3.00;726488;10.41;2.54;6.48
Harvey Catchings;11;1988;29;11;ATL;PG;52;209;-3.00;957305;9.93;22.17;6.95
Harvey Catchings;12;1989;30;12;ATL;PG;43;1955;-2.56;702421;-6.80;4.29;6.28
Harvey Catchings;13;1990;31;13;ATL;PG;12;96;-2.65;612722;8.26;4.09;6.18
Harvey Catchings;14;1991;32;14;DEN;PG;27;1288;-2.31;745145;9.73;2.09;5.91
Harvey Catchings;15;1992;33;15;DEN;PG;14;498;-3.00;750673;12.66;28.80;9.06
Harvey Catchings;16;1992;33;15;GSW;PG;44;1718;-1.78;638406;6.65;0.88;3.77
Harvey Catchings;17;1993;34;16;PHO;PG;23;552;-1.18;835261;8.25;2.93;5.59
Harvey Catchings;18;1994;35;17;PHO;PG;37;1359;49.62;649780;5.01;5.27;5.14
Harvey Catchings;19;1995;36;18;NJN;PG;92;223;-2.94;424768;6.95;3.48;5.22
Harvey Catchings;20;1996;37;19;NJN;PG;38;451;-2.84;925532;4.49;6.05;5.27
Harvey Catchings;21;1996;37;19;DAL;PG;3;44;-2.73;687700;10.43;2.38;6.41
Harvey Catchings;22;1997;38;20;PHI;PG;74;2424;-3.00;601651;9.55;0.15;4.85
Harvey Catchings;23;1998;39;21;NYK;PG;36;1426;-2.12;866840;8.6;2.96;5.78
Harvey Catchings;24;1999;40;22;MIN;PG;9;-525;-1.02;969975;11.97;3.13;8.29
Harvey Catchings;25;2000;41;23;MIN;PG;45;170;-1.94;619788;8.0;2.25;5.40
Harvey Catchings;26;2001;42;24;PHO;PG;72;593;-2.55;658011;12.34;4.06;7.78
Harvey Catchings;27;2001;42;24;DET;PG;48;1626;-3.00;843681;7.93;2.9;5.42
Harvey Catchings;28;2002;43;25;BOS;SG;67;2506;-1.60;881288;9.97;0.85;5.41
Harvey Catchings;29;2003;45;26;BOS;SG;60;1035;-2.60;823365;15.06;3.2;9.13
Harvey Catchings;30;2004;45;27;DET;SG;34;613;47.92;613799;11.92;8.92;10.42
Harvey Catchings;31;2005;46;28;UTA;SG;47;-3911;-2.30;964152;5.95;6.39;6.17
Harvey Catchings;32;2006;46;29;UTA;C;55;4342;-3.00;635360;17.55;-29.34;15.34
Harvey Catchings;33;2007;49;30;UTA;SF;49;611;-3.00;870083;15.54;1.72;8.63
Harvey Catchings;34;2008;49;31;UTA;SF;7;23;-1.76;925502;15.56;5.22;17.20
Harvey Catchings;35;2009;50;31;UTA;SF;21;547;-2.34;976174;16.09;5.85;10.97
Marlon Garnett;1;1979;22;4;UTA;SF;32;292;0.01;1982877;17.52;5.94;11.73
Marlon Garnett;2;1980;23;5;UTA;SF;32;424;-0.54;908509;11.8;12.84;12.32
Marlon Garnett;3;1981;24;6;PHO;SF;78;1268;-0.55;762935;12.96;3.0;7.98
Marlon Garnett;4;1982;25;7;NOH;SF;69;2237;-0.07;1663144;11.26;9.02;10.14
Marlon Garnett;5;1983;26;8;NJN;SF;56;536;-1.73;947678;56.81;1.58;4.45
Marlon Garnett;6;1984;27;9;NJN;SF;5;130;-3.00;672607;9.89;13.01;11.45
Marlon Garnett;7;1985;28;10;POR;SG;92;111;-1.92;919985;13.9;2.05;7.98
Marlon Garnett;8;1986;29;11;MIL;SG;66;1761;-3.00;710845;12.21;3.0;7.61
Marlon Garnett;9;1987;30;12;TOR;SG;14;503;-3.00;657387;10.67;3.97;7.32
Marlon Garnett;10;1988;31;13;TOR;SG;20;817;-3.00;835901;15.8;19.15;9.99
Marlon Garnett;11;1989;32;14;DEN;SF;62;2756;-2.71;849927;10.44;1.83;6.14
Marlon Garnett;12;1990;33;16;DEN;PF;88;226;-2.71;932786;22.06;6.83;14.45
Marlon Garnett;13;1991;34;16;DEN;PF;79;3090;-11.25;713375;15.58;13.73;14.66
Marlon Garnett;14;1992;35;17;DEN;C;61;1671;-2.70;231678;27.74;5.92;14.24
Marlon Garnett;15;1993;36;18;GSW;C;47;916;-3.00;749980;18.43;11.93;15.18
Marlon Garnett;16;1994;39;19;GSW;C;12;184;-3.00;794685;22.77;5.26;14.02
Marlon Garnett;17;1995;38;20;GSW;C;3;187;-3.00;1564822;12.75;7.72;10.24
Marlon Garnett;18;1996;39;21;MIL;C;26;350;-3.00;795303;15.07;5.58;10.33
Marlon Garnett;19;1997;40;22;SEA;C;14;-769;35.52;993038;23.84;5.71;14.78
Marlon Garnett;20;1998;41;23;SEA;SF;48;985;-3.00;616549;13.74;3.5;8.62
Marlon Garnett;21;1999;42;27;POR;SF;33;605;-2.50;699985;-29.88;2.9;9.23
Marlon Garnett;22;2000;43;25;POR;SF;46;1864;-2.00;677713;14.9;10.11;12.51
Marlon Garnett;23;2001;44;26;POR;SF;1;38;36.76;726573;14.43;5.95;10.19
Marlon Garnett;24;2001;44;26;ATL;SF;69;22;-0.78;621293;12.97;12.08;12.53
Marlon Garnett;25;2002;45;27;ATL;SF;73;775;-0.03;1823010;13.97;4.92;9.45
Marlon Garnett;26;2002;45;27;CLE;SF;15;356;0.37;3421671;24.24;5.19;14.72
Marlon Garnett;27;2003;46;25;CLE;SG;15;631;0.11;2382542;7.97;2.67;5.32
Marlon Garnett;28;2004;47;29;CLE;SG;23;151;-0.06;1703111;11.97;-7.84;6.19
Marlon Garnett;29;2005;48;30;CLE;SG;38;735;-1.12;304687;14.9;1.28;8.09
Marlon Garnett;30;2006;49;31;CLE;SG;49;2248;-1.01;837562;10.58;5.01;7.8
Marlon Garnett;31;2007;50;32;CLE;SG;71;1203;-2.13;794382;11.88;3.38;7.63
Marlon Garnett;32;2007;50;32;MIA;SG;10;94;-29.98;909706;4.87;0.38;2.63
Marlon Garnett;33;2008;51;33;MIA;SG;27;380;-1.43;851905;8.11;1.55;4.83
Marlon Garnett;34;2009;52;34;MIA;SG;18;686;-1.83;673161;15.52;3.26;9.39
Marlon Garnett;35;2010;53;35;CHI;SG;4;29;-3.00;762156;4.18;2.79;3.49
A.J. Guyton;1;1979;20;4;CHI;SG;3;43;0.41;3581537;15.1;1.93;8.52
A.J. Guyton;2;1980;21;5;CHI;SG;27;947;-10.75;12014468;8.32;0.62;4.47
A.J. Guyton;3;1981;22;6;CHI;SG;40;279;2.96;13772994;9.33;6.4;7.87
A.J. Guyton;4;1982;23;7;SEA;SG;3;7;3.00;13932860;9.63;39.84;6.78
A.J. Guyton;5;1983;24;8;SEA;SG;66;1432;2.62;12414133;12.99;0.41;6.7
A.J. Guyton;6;1984;25;9;SEA;SG;67;631;2.67;12613966;7.78;4.96;6.37
A.J. Guyton;7;1985;26;10;SEA;SG;65;-954;3.05;14132693;13.0;6.43;9.72
A.J. Guyton;8;1986;27;11;DEN;SF;45;882;1.99;9896244;12.11;3.77;7.94
A.J. Guyton;9;1987;28;12;DEN;SF;48;1771;3.36;13254815;8.71;2.07;5.39
A.J. Guyton;10;1988;29;13;DEN;PF;40;30;4.05;18129343;17.52;11.86;14.69
A.J. Guyton;11;1989;30;14;CHH;PF;36;1238;3.51;15971152;25.29;9.62;17.46
A.J. Guyton;12;1989;30;14;DEN;PF;72;1883;3.26;14971989;13.15;3.45;8.3
A.J. Guyton;13;1990;31;14;NYK;PF;98;2762;2.38;16170551;23.52;9.16;16.34
A.J. Guyton;14;1991;32;16;NYK;PF;5;93;2.28;11055272;17.25;12.1;14.68
A.J. Guyton;15;1992;33;20;NYK;PF;73;2671;1.60;8337550;19.37;16.28;17.83
A.J. Guyton;16;1992;33;17;DEN;PF;65;2573;2.97;13812961;12.15;10.74;11.45
A.J. Guyton;17;1993;34;18;DEN;PF;51;300;2.59;12294234;23.93;7.96;15.95
A.J. Guyton;18;1994;35;19;DEN;PF;2;74;0.99;5899594;16.35;10.53;13.44
A.J. Guyton;19;1995;36;20;DEN;PF;55;-4021;1.12;6419158;21.67;12.1;16.89
A.J. Guyton;20;1996;37;21;NOP;PF;25;928;1.62;8417483;26.63;-17.83;19.71
A.J. Guyton;21;1996;37;21;HOU;SF;53;199;3.32;15211788;14.62;6.1;10.36
A.J. Guyton;22;1997;37;22;NOH;SG;99;323;4.12;18409108;10.76;3.75;7.26
A.J. Guyton;23;1998;39;23;NOP;SG;99;157;4.56;20167634;14.85;1.05;7.95
A.J. Guyton;24;1999;40;24;NOP;SG;20;186;4.30;19128505;9.88;5.4;7.64
A.J. Guyton;25;2000;41;25;NYK;SG;26;894;4.31;19168472;4.34;8.54;6.44
A.J. Guyton;26;2001;42;26;NYK;SG;29;1262;4.99;21886194;6.2;6.46;6.33
A.J. Guyton;27;2002;43;27;NYK;SF;35;785;5.78;25043547;20.94;5.9;13.42
A.J. Guyton;28;2003;44;28;NYK;SF;35;1365;6.16;26562274;18.38;6.44;12.41
A.J. Guyton;29;2004;45;29;PHO;SF;44;1562;6.35;27321638;14.08;5.41;9.75
A.J. Guyton;30;2005;46;30;PHO;PG;54;2581;6.74;28880331;13.11;4.81;8.96
A.J. Guyton;31;2006;47;31;PHO;SF;53;792;7.33;31238355;12.23;2.84;8.45
A.J. Guyton;32;2007;48;32;POR;SF;59;614;7.24;33626455;7.94;4.19;6.07
A.J. Guyton;33;2007;48;32;NOJ;SG;46;2054;7.26;30958589;7.13;1.05;4.09
A.J. Guyton;34;2007;48;32;GSW;SG;4;30;5.74;24883681;11.15;4.43;7.79
A.J. Guyton;35;2007;48;32;IND;PG;16;309;6.24;26882006;8.4;2.36;5.38
Kevin Loder;1;1978;18;0;WSB;PG;15;273;1.03;6059460;11.24;6.15;8.7
Kevin Loder;2;1979;19;1;WSB;PG;16;379;1.38;7458287;7.79;1.19;4.49
Kevin Loder;3;1980;20;2;GSW;PG;61;457;2.46;11774669;3.83;2.3;3.07
Kevin Loder;4;1981;21;3;SAC;PG;54;667;4.19;18688874;6.84;2.36;4.30
Kevin Loder;5;1982;22;4;SAC;PG;28;443;4.78;21046897;11.27;0.89;6.08
Kevin Loder;6;1983;23;5;NOP;PG;8;363;5.24;22885356;10.49;4.43;7.46
Kevin Loder;7;1984;24;5;DAL;PG;1;24;4.25;18928673;8.72;4.76;6.74
Kevin Loder;8;1985;25;7;NOK;PG;15;417;3.53;16051085;6.85;5.07;5.96
Kevin Loder;9;1986;26;8;PHI;PG;68;1514;3.19;14692224;9.88;1.12;5.5
Kevin Loder;10;1987;27;9;PHI;C;45;1421;2.60;12334200;8.98;1.15;5.07
Kevin Loder;11;1988;28;10;PHI;PG;55;761;1.64;8497416;9.03;2.61;5.82
Kevin Loder;12;1988;28;10;NYK;PG;42;1182;1.02;5434933;9.66;4.04;6.85
Kevin Loder;13;1989;29;11;NYK;PG;81;110;0.18;2662307;8.77;2.19;5.48
Kevin Loder;14;1990;30;12;DEN;PG;5;161;-0.11;1503278;4.55;4.05;4.3
Kevin Loder;15;1991;27;13;DEN;PG;47;1479;1.16;6579024;9.83;4.41;7.12
Kevin Loder;16;1992;32;14;DEN;SG;74;3432;0.32;3221838;4.3;10.28;7.29
Kevin Loder;17;1993;33;15;WAS;SG;46;648;-0.51;892207;8.46;2.74;5.6
Kevin Loder;18;1993;33;15;SAC;SG;41;2525;-0.43;224350;10.72;0.68;5.91
Kevin Loder;19;1994;34;16;SAC;SG;88;114;-0.16;1303446;7.23;3.9;5.57
Kevin Loder;20;1994;34;16;CHI;SG;45;1242;-1.42;981497;9.23;5.7;7.47
Kevin Loder;21;1995;35;17;LAL;SG;78;98;-2.15;828747;7.97;5.84;6.91
Kevin Loder;22;1996;36;18;LAL;SG;16;74;-3.00;651079;6.18;6.09;6.14
Kevin Loder;23;1997;37;19;MIL;SG;68;1601;-3.00;773213;10.19;1.51;5.85
Kevin Loder;24;1998;38;20;MIL;SG;59;2675;-1.65;622664;11.18;5.57;8.38
Kevin Loder;25;1999;39;21;MIL;PG;23;745;-1.58;804862;6.26;-8.25;4.99
Kevin Loder;26;1999;39;21;ATL;PG;47;358;-2.52;954090;3.45;2.47;2.96
Kevin Loder;27;2000;40;22;ATL;PG;14;417;-3.00;878866;6.04;1.24;3.64
Kevin Loder;28;2001;41;23;CHI;PG;45;861;-3.00;621329;14.55;12.91;7.44
Kevin Loder;29;2002;42;24;LAL;PG;37;1139;-2.84;690627;12.71;0.41;6.56
Kevin Loder;30;2003;43;21;ATL;PG;5;174;-2.40;674569;10.38;4.76;7.57
Kevin Loder;31;2004;44;26;ATL;PG;60;512;-2.00;736522;6.91;2.48;4.7
Kevin Loder;32;2005;45;27;ATL;PG;19;429;-10.39;725810;7.03;6.05;6.54
Kevin Loder;33;2005;45;30;NYK;PG;33;1136;-2.34;901077;5.79;4.18;4.99
Kevin Loder;34;2006;46;28;NYK;PG;29;931;-2.06;731855;8.65;3.85;6.25
Kevin Loder;35;2007;47;29;NYK;PG;48;1144;-0.06;1703111;12.71;0.58;6.65
Morris Almond;1;1979;22;4;SAS;PG;33;1203;0.60;4340900;10.36;3.17;6.77
Morris Almond;2;1980;23;5;SAS;PG;37;1736;0.14;2502441;8.82;2.58;5.7
Morris Almond;3;1981;24;6;SAS;PG;53;2247;1.42;7618153;5.71;0.82;3.27
Morris Almond;4;1982;25;7;SAS;PG;11;256;2.61;12374167;8.04;2.43;5.24
Morris Almond;5;1983;26;8;SAS;PG;32;140;1.83;9256780;8.21;3.51;5.86
Morris Almond;6;1984;27;9;IND;PG;48;1539;1.23;6858790;6.84;2.09;4.47
Morris Almond;7;1985;28;5;IND;PG;2;49;1.13;6459125;7.04;3.09;5.07
Morris Almond;8;1986;29;11;DEN;PG;4;42;1.22;6818823;8.35;3.01;5.68
Morris Almond;9;1986;29;11;UTA;PG;24;1020;-0.57;969399;6.41;1.46;3.94
Morris Almond;10;1987;30;12;UTA;PG;28;1013;-0.71;923362;8.86;4.52;6.69
Morris Almond;11;1988;31;13;UTA;PG;71;276;-1.04;320445;16.73;1.89;9.31
Morris Almond;12;1988;31;13;SAS;PG;69;3056;-1.72;720232;4.3;1.71;3.01
Morris Almond;13;1989;32;14;SAS;PG;5;118;-2.67;816001;4.18;5.37;4.78
Morris Almond;14;1990;33;15;DAL;PG;27;161;-1.88;693392;7.8;5.62;6.71
Morris Almond;15;1991;34;16;DAL;PG;72;1943;-2.80;908514;8.73;3.29;6.01
Morris Almond;16;1992;35;17;DAL;PG;47;1014;-2.50;814894;4.9;3.6;4.25
Morris Almond;17;1992;35;17;BOS;PG;81;3326;-3.00;943802;34.33;3.11;4.42
Morris Almond;18;1993;36;18;GSW;SG;14;265;-2.90;927261;9.36;7.38;8.37
Morris Almond;19;1994;37;19;GSW;C;72;1226;-3.00;724318;2.74;3.07;2.91
Morris Almond;20;1995;38;20;CLE;PG;4;170;-2.56;813842;4.08;4.04;4.06
Morris Almond;21;1996;39;22;LAC;PG;87;229;-2.35;672486;9.73;2.3;6.02
Morris Almond;22;1996;39;21;WAS;PG;59;1881;-3.00;805206;10.06;2.54;6.3
Morris Almond;23;1997;41;22;WAS;PG;46;644;-2.23;1090832;6.2;-18.83;4.96
Morris Almond;24;1998;41;23;PHI;C;87;1524;-2.49;678622;7.3;-19.98;5.52
Morris Almond;25;1999;42;24;PHI;PG;49;1546;-2.51;975205;9.9;1.65;5.78
Morris Almond;26;2000;43;25;PHI;PG;38;345;-1.81;854248;10.1;2.07;6.09
Morris Almond;27;2001;44;26;PHI;PG;73;1775;-0.96;904052;6.08;3.05;4.57
Morris Almond;28;2002;45;27;PHI;PG;38;155;-0.66;742645;12.61;2.73;7.67
Morris Almond;29;2003;46;28;MIA;PG;51;1488;-0.98;929186;22.24;0.82;4.69
Morris Almond;30;2003;46;28;LAC;PG;75;316;-2.21;980683;4.62;0.97;2.8
Morris Almond;31;2004;47;29;POR;PG;90;174;-1.93;854804;7.15;1.27;3.25
Morris Almond;32;2004;47;29;SAS;SG;68;2348;-2.19;656688;10.1;2.39;6.25
Morris Almond;33;2005;43;30;SAS;SG;8;181;-1.94;754815;8.48;0.96;4.72
Morris Almond;34;2006;49;31;GSW;SG;7;274;-1.66;968532;8.54;3.2;5.87
Morris Almond;35;2007;50;32;CHA;SG;15;211;-2.56;910721;-12.93;1.64;4.17
Keith Tower;1;1979;19;4;GSW;SG;50;2030;0.79;5100264;11.02;3.68;7.35
Keith Tower;2;1979;19;4;NOH;SG;23;1077;1.08;6259292;13.53;6.17;9.85
Keith Tower;3;1980;20;5;IND;SG;76;69;2.56;12174334;9.19;5.16;7.18
Keith Tower;4;1981;21;6;TOR;SG;18;231;3.16;14572324;13.49;4.93;9.21
Keith Tower;5;1982;22;7;TOR;SG;26;306;-17.45;14971989;6.38;3.29;4.84
Keith Tower;6;1983;23;8;TOR;SG;22;696;3.85;17330013;12.41;9.78;11.1
Keith Tower;7;1984;24;9;SAC;SG;20;38;3.30;15131855;10.34;3.74;7.04
Keith Tower;8;1985;25;10;SAC;SG;50;2288;3.30;15131855;8.57;6.79;7.68
Keith Tower;9;1986;26;11;CHI;SG;73;361;3.26;14971989;12.54;6.48;9.51
Keith Tower;10;1987;27;12;CHI;SG;33;732;3.09;14292559;11.92;4.45;8.19
Keith Tower;11;1988;28;13;CHI;SF;70;1651;2.90;13533195;8.54;7.32;7.93
Keith Tower;12;1989;29;14;CHI;SF;50;841;3.31;15171822;15.73;5.33;10.53
Keith Tower;13;1990;30;15;MIL;SF;63;2295;2.75;12933698;12.22;0.26;6.24
Keith Tower;14;1991;31;11;MIL;SG;30;1211;2.88;13453262;7.0;3.88;5.44
Keith Tower;15;1992;32;13;GSW;SG;72;672;2.55;12134368;11.77;7.46;9.62
Keith Tower;16;1993;33;18;DET;SF;66;3146;46.03;12294234;13.02;6.01;9.52
Keith Tower;17;1994;34;17;DET;SF;10;427;0.68;4660632;-24.92;5.27;9.0
Keith Tower;18;1995;35;20;DET;SF;70;3658;0.68;4660632;72.54;9.08;17.53
Keith Tower;19;1995;35;20;SEA;SF;65;1068;1.00;5939560;15.07;4.15;10.24
Keith Tower;20;1996;36;21;GSW;SF;78;3448;0.90;5539895;14.14;9.39;11.77
Keith Tower;21;1997;37;22;NYK;SF;69;3086;1.33;7258455;17.32;48.02;10.21
Keith Tower;22;1998;38;23;DEN;PF;4;27;0.08;2262642;23.26;7.09;15.18
Keith Tower;23;1998;38;23;NYK;PF;34;1401;-0.39;384216;23.01;14.82;18.92
Keith Tower;24;1999;39;24;NYK;PF;2;6;-0.85;874118;10.01;8.18;9.1
Keith Tower;25;2000;40;25;NYK;PF;62;485;-1.72;755529;19.46;10.51;14.99
Keith Tower;26;2001;41;26;DEN;PF;63;798;-2.47;923819;-42.75;10.11;13.78
Keith Tower;27;2002;42;27;DEN;PF;80;3531;-2.25;826479;26.02;3.05;14.54
Keith Tower;28;2003;43;28;DEN;SG;60;2210;-2.66;707488;13.19;12.25;12.72
Keith Tower;29;2004;45;29;DEN;PF;67;1103;-6.48;790816;24.06;4.89;14.48
Keith Tower;30;2005;45;30;SEA;PF;43;1964;-1.73;799247;15.53;10.2;12.87
Keith Tower;31;2006;46;31;CHI;PF;68;1763;-2.55;693340;14.89;11.35;13.12
Keith Tower;32;2007;47;32;CHI;PF;23;712;-3.00;773263;1.02;11.6;18.41
Keith Tower;33;2007;47;32;GSW;PF;55;683;-2.63;796217;21.69;10.16;15.93
Keith Tower;34;2008;48;33;GSW;PF;43;114;-3.00;830496;11.05;10.08;10.57
Keith Tower;35;2008;48;33;ORL;PF;76;97;-3.00;751026;16.09;7.73;11.91
Phil Zevenbergen;1;1979;17;1;ORL;PF;21;466;-0.40;344250;16.36;6.85;11.61
Phil Zevenbergen;2;1980;18;2;ORL;PF;48;3776;0.34;3301771;18.9;12.99;15.95
Phil Zevenbergen;3;1981;19;3;DAL;SF;51;844;-0.33;624015;19.07;2.19;10.63
Phil Zevenbergen;4;1982;20;4;CHA;SF;40;107;1.02;6019493;16.25;9.18;12.72
Phil Zevenbergen;5;1983;21;5;CHA;SF;68;9006;0.85;5340063;12.29;4.26;8.28
Phil Zevenbergen;6;1984;22;6;GSW;SG;80;1623;-0.11;1503278;-24.97;9.12;10.09
Phil Zevenbergen;7;1984;22;6;MIN;SG;40;589;-0.02;1862977;12.57;3.84;8.21
Phil Zevenbergen;8;1985;23;7;OKC;SG;22;315;-0.68;683344;9.33;0.22;4.78
Phil Zevenbergen;9;1986;24;8;OKC;SG;15;361;-0.08;1623178;13.19;1.56;7.38
Phil Zevenbergen;10;1987;25;9;OKC;SG;56;982;-0.64;846381;12.16;5.7;8.93
Phil Zevenbergen;11;1988;26;10;MIN;SG;26;923;0.37;2644478;10.33;4.35;7.34
Phil Zevenbergen;12;1989;27;11;MIN;SG;27;399;-0.65;720439;15.06;4.71;9.89
Phil Zevenbergen;13;1990;28;12;ATL;PF;29;816;-1.66;907425;12.59;5.28;8.94
Phil Zevenbergen;14;1991;29;13;ATL;PG;74;1034;-3.00;749452;6.19;4.94;5.57
Phil Zevenbergen;15;1992;30;14;ATL;PG;32;158;-2.40;951248;11.32;2.92;7.12
Phil Zevenbergen;16;1993;31;15;CHH;PG;37;1525;-3.00;965508;10.17;5.35;7.76
Phil Zevenbergen;17;1994;32;16;LAL;PG;33;1448;-3.00;772978;7.43;1.22;4.33
Phil Zevenbergen;18;1995;33;17;LAL;PG;48;1134;40.33;997968;9.66;3.91;6.79
Phil Zevenbergen;19;1996;34;18;LAL;PG;6;271;-2.82;18212;5.43;2.55;3.99
Phil Zevenbergen;20;1997;35;19;LAL;PG;25;1095;-3.00;829194;7.75;2.62;5.19
Phil Zevenbergen;21;1997;35;19;PHO;PG;29;1199;-2.06;929687;7.79;4.4;6.68
Phil Zevenbergen;22;1998;36;20;PHO;PF;19;-247;-2.25;657069;10.53;3.3;6.92
Phil Zevenbergen;23;1999;37;21;PHO;PG;37;1902;-3.00;921851;7.93;4.79;5.50
Phil Zevenbergen;24;2000;38;22;PHO;PG;92;1781;-37.33;903816;14.54;4.77;9.66
Phil Zevenbergen;25;2001;39;23;ATL;PG;16;338;-3.00;994046;49.30;-11.51;5.79
Phil Zevenbergen;26;2002;40;24;ATL;PG;12;148;-3.00;918301;6.23;2.3;4.27
Phil Zevenbergen;27;2003;41;25;VAN;PG;26;53;-3.00;802537;9.45;0.83;5.14
Phil Zevenbergen;28;2004;42;26;VAN;PG;17;8;-3.00;674057;7.95;1.01;4.48
Phil Zevenbergen;29;2005;43;27;VAN;PG;14;487;-3.00;937197;9.32;2.59;5.96
Phil Zevenbergen;30;2006;44;28;HOU;PG;5;169;-3.00;844143;9.16;3.55;6.36
Phil Zevenbergen;31;2007;45;29;HOU;C;25;518;-2.56;730522;8.45;1.96;5.21
Phil Zevenbergen;32;2008;46;30;HOU;PG;14;816;-2.25;718718;5.94;4.65;5.3
Phil Zevenbergen;33;2009;47;31;HOU;PG;7;118;-1.81;860045;2.5;2.1;2.3
Phil Zevenbergen;34;2010;48;32;HOU;PG;60;988;-1.99;768651;14.92;0.31;7.62
Phil Zevenbergen;35;2011;49;33;TOR;PG;4;93;-1.24;657536;8.85;2.37;5.61
John Roche;1;1979;20;4;SAC;SF;6;202;1.21;6778857;10.63;7.13;8.88
John Roche;2;1980;21;5;SAC;SF;57;910;1.65;8537383;9.29;0.54;4.92
John Roche;3;1980;21;5;BOS;SF;19;748;2.13;17651715;10.81;7.75;9.28
John Roche;4;1980;21;5;DAL;SF;78;1282;2.45;11734703;17.7;7.78;12.74
John Roche;5;1980;21;5;LAC;SF;86;2200;2.81;13173497;12.68;8.13;10.41
John Roche;6;1980;21;5;CLE;SF;66;1004;0.08;2262642;10.33;9.19;9.76
John Roche;7;1981;22;6;NOH;SF;46;1491;0.19;2702274;14.16;3.91;9.04
John Roche;8;1982;22;7;NOH;SG;54;1030;0.82;5220163;7.9;5.69;6.8
John Roche;9;1983;24;8;ATL;SG;17;681;0.12;2422508;5.57;7.7;6.64
John Roche;10;1983;24;8;ORL;SG;42;298;0.53;4061135;7.37;-11.68;6.95
John Roche;11;1984;25;9;DET;SG;22;596;1.01;5979527;5.25;1.34;3.3
John Roche;12;1985;26;10;ORL;SF;69;731;1.40;7538220;13.28;5.53;9.41
John Roche;13;1986;27;11;ORL;SF;64;874;0.71;4780532;13.26;8.17;10.72
John Roche;14;1986;27;11;PHO;SF;22;725;-9.03;6059460;14.36;9.89;12.13
John Roche;15;1987;28;12;PHO;SF;56;2135;1.74;8897081;15.9;8.6;12.25
John Roche;16;1988;29;13;PHO;SF;12;414;0.75;4940398;7.91;9.42;9.22
John Roche;17;1989;30;14;LAL;SF;36;108;26.49;4061135;20.44;13.68;17.06
John Roche;18;1990;31;15;IND;PG;43;1384;0.59;4300934;18.58;10.73;14.66
John Roche;19;1991;32;16;IND;PF;14;248;0.82;5460851;17.94;11.94;14.94
John Roche;20;1991;32;16;CLE;PF;33;350;-0.19;1183546;19.52;4.86;12.19
John Roche;21;1992;33;17;CLE;PF;79;802;0.17;2622341;-23.77;9.56;10.87
John Roche;22;1993;34;18;CHA;PF;48;631;1.49;8317158;13.31;16.59;14.95
John Roche;23;1994;35;19;SAC;PF;7;874;0.05;2142743;13.28;6.9;10.09
John Roche;24;1995;36;20;SAC;PF;51;1738;0.26;2982039;22.95;12.03;17.49
John Roche;25;1996;37;21;SAC;PF;60;705;-0.30;743915;16.87;8.82;8.65
John Roche;26;1997;38;22;SAC;PF;59;1611;-1.13;745678;20.72;0.91;10.82
John Roche;27;1998;39;23;LAC;SF;41;328;-0.47;64484;17.05;6.43;11.74
John Roche;28;1999;40;24;ORL;SF;21;865;-0.17;1263479;10.13;7.83;8.98
John Roche;29;2000;41;25;ORL;SG;56;1551;0.04;2334408;14.94;7.0;10.97
John Roche;30;2001;42;26;ORL;SG;23;590;-1.65;696422;12.31;3.8;8.06
John Roche;31;2002;43;27;IND;SG;18;642;-3.00;725529;7.68;-15.91;5.34
John Roche;32;2002;43;27;PHI;SG;65;1666;-3.00;767628;7.63;4.49;6.06
John Roche;33;2002;43;27;ATL;SG;43;1324;-3.00;884886;11.23;4.84;8.04
John Roche;34;2003;44;28;BOS;SG;44;830;-2.99;601480;8.86;2.25;5.56
John Roche;35;2004;45;29;CLE;SG;5;185;-3.00;847830;11.53;1.95;6.74
Jordan Hill;1;1979;19;3;IND;C;53;1842;0.79;5100264;23.11;18.62;20.87
Jordan Hill;2;1980;20;4;IND;C;10;396;50.35;5260130;24.47;5.43;14.95
Jordan Hill;3;1981;21;5;SEA;C;75;1994;2.54;12094401;17.39;9.34;13.37
Jordan Hill;4;1982;22;6;SEA;C;16;628;3.56;16170984;14.49;17.44;15.97
Jordan Hill;5;1983;23;7;SEA;C;46;1475;46.67;17809611;18.97;5.98;12.48
Jordan Hill;6;1984;24;8;SEA;C;3;138;4.49;19887869;13.71;13.71;13.71
Jordan Hill;7;1985;25;9;GSW;C;40;748;3.03;14052760;25.53;13.96;19.75
Jordan Hill;8;1986;26;10;NOH;C;75;3311;3.45;15731353;19.46;13.29;16.38
Jordan Hill;9;1987;27;11;GSW;C;68;2235;4.09;18289209;21.11;14.69;17.9
Jordan Hill;10;1988;28;12;GSW;C;91;606;3.56;16170984;18.75;7.15;12.95
Jordan Hill;11;1989;29;13;GSW;C;44;677;3.13;14452425;22.96;3.21;13.09
Jordan Hill;12;1990;30;14;NYK;C;16;528;3.26;5061511;21.83;11.15;16.49
Jordan Hill;13;1990;30;14;PHO;C;31;380;2.76;12973664;22.91;8.17;15.54
Jordan Hill;14;1991;32;15;SAC;C;14;412;1.88;9456612;10.56;15.04;12.8
Jordan Hill;15;1992;32;16;PHO;C;19;650;2.86;13373329;19.3;13.63;16.47
Jordan Hill;16;1993;33;17;WAS;C;48;52;4.13;18449075;21.25;2.72;11.99
Jordan Hill;17;1994;34;18;OKC;C;24;242;3.12;14412458;24.92;20.32;22.62
Jordan Hill;18;1995;35;19;PHO;C;30;506;3.22;14812123;28.41;23.08;25.75
Jordan Hill;19;1996;36;22;BOS;C;66;495;2.16;10575674;20.32;4.13;12.23
Jordan Hill;20;1997;37;21;SEA;C;36;631;1.86;9376679;14.37;9.62;12.0
Jordan Hill;21;1998;38;22;SEA;C;29;173;0.96;5779694;24.95;17.72;21.34
Jordan Hill;22;1999;42;23;SEA;C;28;170;-0.15;1343412;11.51;11.29;11.4
Jordan Hill;23;2000;40;24;SEA;PG;18;440;22.93;943747;29.4;4.82;17.11
Jordan Hill;24;2000;40;24;WAS;C;70;2192;-1.36;956111;16.13;6.64;11.39
Jordan Hill;25;2000;40;24;WAS;C;62;2323;-2.16;607040;26.62;10.19;18.41
Jordan Hill;26;2000;43;24;CLE;C;35;1459;-2.49;828730;32.17;11.21;21.69
Jordan Hill;27;2001;41;25;GSW;C;66;1891;-2.76;808065;20.71;12.51;16.61
Jordan Hill;28;2002;42;26;GSW;PF;3;103;-2.83;658110;23.62;8.04;15.83
Jordan Hill;29;2003;43;27;GSW;PF;28;87;-3.00;996561;20.65;-17.44;15.37
Jordan Hill;30;2003;44;27;BOS;PF;34;1135;-14.36;620684;23.98;14.59;13.67
Jordan Hill;31;2003;43;27;DAL;PF;51;1843;-3.00;851450;16.67;13.02;14.85
Jordan Hill;32;2004;44;28;MIN;PF;53;484;-1.65;608010;13.95;9.28;11.62
Jordan Hill;33;2005;45;29;MIN;PF;67;1055;-2.08;726734;22.66;9.79;16.23
Jordan Hill;34;2006;46;30;MIN;SF;41;784;-2.06;690212;19.71;6.27;12.99
Jordan Hill;35;2007;47;31;MIN;SG;7;285;-2.78;827226;7.68;3.91;5.54
Shane Heal;1;1979;20;1;MIN;PG;10;251;0.65;4540733;6.6;3.82;5.21
Shane Heal;2;1980;21;2;SAS;PG;58;2198;1.84;9296746;7.39;3.86;5.63
Shane Heal;3;1981;22;3;PHO;PG;32;3440;1.13;6459125;5.11;2.28;3.7
Shane Heal;4;1982;23;4;IND;PG;76;2516;1.03;6059460;3.91;0.28;2.1
Shane Heal;5;1983;24;4;VAN;PG;79;147;0.94;6096002;6.4;3.99;5.2
Shane Heal;6;1984;25;6;IND;PG;29;606;1.06;6179359;8.56;2.95;5.76
Shane Heal;7;1985;26;7;BUF;PG;74;2608;0.41;3581537;10.98;4.73;7.86
Shane Heal;8;1985;26;7;CHI;PG;34;1163;0.99;5899594;8.76;1.34;5.05
Shane Heal;9;1986;27;8;CHI;PG;74;1721;0.61;4380867;9.5;4.55;7.03
Shane Heal;10;1987;28;9;POR;PG;64;2774;1.87;9416646;9.61;3.66;6.64
Shane Heal;11;1988;29;10;LAL;PG;5;216;3.74;16890381;4.94;1.32;3.13
Shane Heal;12;1989;30;11;ORL;PG;23;156;4.01;17969477;-19.08;3.83;7.0
Shane Heal;13;1990;31;12;PHO;PG;1;7;3.67;16610616;12.17;0.01;6.09
Shane Heal;14;1990;31;12;MIL;PG;81;2312;3.66;16570649;10.67;2.96;6.82
Shane Heal;15;1991;32;13;MIL;PG;91;241;4.57;20207601;11.08;2.74;6.91
Shane Heal;16;1992;33;14;MIL;PG;20;692;5.00;21926160;7.67;2.32;4.34
Shane Heal;17;1993;34;15;MIL;SG;4;53;4.66;20567299;6.74;4.94;5.84
Shane Heal;18;1993;34;15;CHH;SG;45;806;3.85;10031167;7.36;0.83;4.1
Shane Heal;19;1994;35;16;GSW;SG;55;1541;2.87;13413296;16.58;6.85;11.72
Shane Heal;20;1995;36;17;IND;SG;63;280;3.66;16570649;9.85;4.53;7.19
Shane Heal;21;1996;37;18;IND;SG;74;3404;3.25;14932023;5.07;41.82;5.3
Shane Heal;22;1997;38;19;NJN;SG;74;386;3.47;15811286;12.68;0.97;6.83
Shane Heal;23;1998;39;20;PHI;SG;80;3609;3.21;14772157;12.96;2.95;7.96
Shane Heal;24;1999;40;21;NJN;SG;22;544;-24.26;6365039;9.04;5.42;7.23
Shane Heal;25;2000;41;22;UTA;SG;26;1137;2.42;11614803;10.24;4.58;7.41
Shane Heal;26;2001;42;23;GSW;SG;5;176;2.64;12494066;5.91;8.34;6.76
Shane Heal;27;2002;43;24;GSW;SG;62;8601;2.03;10056109;14.89;4.0;9.45
Shane Heal;28;2003;45;25;GSW;SG;61;1841;1.69;8697249;9.99;1.98;5.99
Shane Heal;29;2004;45;26;WSB;SG;60;251;1.33;7258455;13.39;0.24;6.82
Shane Heal;30;2005;46;27;MIL;SG;37;495;0.93;5659795;8.79;3.71;6.25
Shane Heal;31;2006;47;28;CHI;SG;64;2009;0.31;3181872;4.75;3.33;4.04
Shane Heal;32;2006;47;32;CHI;SG;41;1679;0.05;2142743;7.75;4.72;6.24
Shane Heal;33;2007;48;29;NOH;SG;57;1052;0.74;4900431;9.54;5.76;7.65
Shane Heal;34;2008;49;30;CHA;SG;76;2927;-0.40;344250;9.95;4.07;7.01
Shane Heal;35;2009;50;31;CHA;SF;16;17;-0.11;1503278;16.84;3.45;10.15
Boban Marjanovic;1;1979;18;3;CHA;PF;71;2557;0.58;4260967;15.57;5.66;10.62
Boban Marjanovic;2;1980;19;4;OKC;PF;58;1140;0.96;5779694;11.37;14.43;12.9
Boban Marjanovic;3;1981;20;5;OKC;PG;19;291;0.31;3181872;22.85;5.9;14.38
Boban Marjanovic;4;1982;21;6;OKC;PF;55;511;1.43;7746462;16.65;9.55;13.1
Boban Marjanovic;5;1983;24;7;DAL;SF;4;7;-31.98;12334200;20.43;4.12;12.28
Boban Marjanovic;6;1984;23;8;OKC;SF;17;59;3.20;14732190;7.61;7.49;7.55
Boban Marjanovic;7;1985;24;9;HOU;SF;52;1393;4.00;17929510;17.25;1.63;9.44
Boban Marjanovic;8;1986;25;10;HOU;SF;46;1888;4.49;19887869;13.01;7.52;10.27
Boban Marjanovic;9;1987;26;11;HOU;PF;13;41;6.48;27841202;19.79;8.25;14.02
Boban Marjanovic;10;1988;27;12;VAN;PF;53;952;6.67;28600566;16.52;7.84;12.18
Boban Marjanovic;11;1989;28;13;MIN;PF;22;239;7.48;39636349;20.41;12.49;16.45
Boban Marjanovic;12;1989;28;13;NJN;SF;2;83;5.27;23005256;20.71;8.57;14.64
Boban Marjanovic;13;1990;29;11;POR;SF;6;35;3.88;17449912;12.82;8.36;10.59
Boban Marjanovic;14;1991;30;18;POR;PF;55;751;30.31;16370817;18.3;6.17;12.24
Boban Marjanovic;15;1992;31;16;POR;PF;25;590;3.21;14772157;13.74;9.53;11.64
Boban Marjanovic;16;1993;32;17;POR;PF;56;319;3.68;16650582;21.95;9.36;15.66
Boban Marjanovic;17;1994;33;18;ATL;PF;86;2628;4.10;18329175;14.39;10.88;12.64
Boban Marjanovic;18;1995;34;19;SEA;PF;6;153;3.93;17649745;9.65;4.71;7.18
Boban Marjanovic;19;1996;35;20;HOU;PF;22;698;3.33;15251755;26.12;5.44;15.78
Boban Marjanovic;20;1997;36;21;IND;PF;21;726;2.85;13333363;13.35;14.86;14.11
Boban Marjanovic;21;1997;36;21;PHI;SF;7;226;1.31;7178522;16.1;5.33;10.72
Boban Marjanovic;22;1998;37;22;PHI;PF;18;771;0.84;5300096;17.58;10.1;13.84
Boban Marjanovic;23;1999;38;23;PHI;PF;12;-1075;-0.45;144417;18.01;8.76;13.39
Boban Marjanovic;24;2000;39;24;BUF;PF;94;1681;-18.65;749467;13.82;15.65;14.74
Boban Marjanovic;25;2001;40;25;PHI;PF;47;1278;-1.67;801894;10.43;5.15;7.79
Boban Marjanovic;26;2002;41;26;PHI;PF;86;7481;41.02;846175;20.74;11.83;16.29
Boban Marjanovic;27;2003;42;27;PHI;PF;21;817;-1.50;769117;18.83;-47.19;15.13
Boban Marjanovic;28;2004;43;28;PHI;SF;12;321;50.47;776581;7.73;1.78;4.76
Boban Marjanovic;29;2005;44;29;MIL;SF;44;131;-2.36;758275;20.25;7.13;13.69
Boban Marjanovic;30;2006;45;32;POR;PF;61;1906;-3.00;824423;19.46;7.09;13.28
Boban Marjanovic;31;2007;46;31;POR;PF;45;1798;-3.00;650141;14.79;5.79;10.29
Boban Marjanovic;32;2008;47;32;POR;PF;56;240;-3.00;994977;10.49;4.49;7.49
Boban Marjanovic;33;2008;47;32;HOU;PF;52;6955;-2.89;681076;22.57;7.07;14.82
Boban Marjanovic;34;2009;48;33;HOU;PF;19;10;-2.77;723098;10.91;11.43;11.17
Boban Marjanovic;35;2010;49;34;ATL;PF;8;214;-3.00;848755;16.7;6.29;11.5
Steve Scheffler;1;1979;19;3;ATL;SG;48;250;1.04;6099426;8.84;6.13;7.49
Steve Scheffler;2;1980;20;4;ATL;SG;5;40;1.86;9376679;5.88;5.67;5.78
Steve Scheffler;3;1981;21;4;ATL;SG;39;1089;2.57;12214301;10.16;3.9;7.79
Steve Scheffler;4;1982;22;6;HOU;SG;73;2464;1.36;7378354;14.91;2.16;8.54
Steve Scheffler;5;1983;23;5;DET;SG;20;52;1.28;7058622;4.49;3.23;3.86
Steve Scheffler;6;1983;23;3;CHI;SG;51;272;1.31;7178522;7.01;5.22;6.12
Steve Scheffler;7;1984;24;8;CHI;SG;2;75;2.22;10815473;11.03;3.7;7.37
Steve Scheffler;8;1985;25;9;CHI;SG;31;743;3.31;15171822;11.79;5.7;8.75
Steve Scheffler;9;1986;26;10;CHI;SG;3;112;4.54;20087701;11.48;0.34;5.91
Steve Scheffler;10;1986;26;10;NOH;C;79;3359;5.33;23245055;10.23;3.95;7.09
Steve Scheffler;11;1987;27;11;PHI;SG;29;548;4.67;20607266;13.46;5.91;9.69
Steve Scheffler;12;1988;31;12;PHI;SG;20;630;3.21;14772157;13.19;7.13;10.16
Steve Scheffler;13;1989;29;13;PHI;SG;37;1166;4.04;18089376;12.23;0.3;6.27
Steve Scheffler;14;1990;30;14;PHI;C;4;121;4.13;18449075;6.47;1.41;3.94
Steve Scheffler;15;1991;31;15;PHI;SG;41;255;3.33;15251755;8.73;5.06;6.9
Steve Scheffler;16;1992;31;16;PHI;SG;2;10;2.84;13293396;11.98;1.03;5.54
Steve Scheffler;17;1993;33;14;HOU;SG;32;51;3.02;14012793;6.86;1.96;4.41
Steve Scheffler;18;1993;33;17;SAS;SG;73;1082;2.50;11934535;5.61;1.52;3.57
Steve Scheffler;19;1994;34;18;DET;SG;68;8776;3.72;16810448;-7.57;4.62;6.34
Steve Scheffler;20;1994;34;18;GSW;SF;75;1883;3.99;17889544;13.8;5.65;9.73
Steve Scheffler;21;1995;35;19;IND;SF;36;1429;49.47;20407433;10.32;7.51;8.92
Steve Scheffler;22;1996;36;20;IND;SF;16;723;3.82;17210113;15.65;2.28;8.97
Steve Scheffler;23;1997;37;21;IND;SF;10;399;3.03;14052760;12.77;11.44;12.11
Steve Scheffler;24;1998;38;22;IND;SF;97;356;4.88;21446562;9.31;9.42;9.37
Steve Scheffler;25;1998;38;22;CHI;SF;17;636;3.99;17889544;11.93;12.33;12.13
Steve Scheffler;26;1999;39;23;CHI;SF;40;242;4.77;21006931;14.77;8.79;11.78
Steve Scheffler;27;2000;40;24;CHI;SF;81;762;3.57;16210951;9.82;8.24;9.03
Steve Scheffler;28;2001;41;25;CHI;SF;67;1641;3.18;14652257;15.48;2.6;9.04
Steve Scheffler;29;2002;42;26;ATL;SF;73;1031;3.16;14572324;12.96;11.2;12.08
Steve Scheffler;30;2003;43;27;ATL;SF;77;3453;2.73;12853765;15.73;10.4;13.07
Steve Scheffler;31;2004;45;28;ATL;SF;74;2789;2.10;10335875;21.87;7.18;14.53
Steve Scheffler;32;2005;45;29;ATL;SF;68;2740;2.22;10815473;10.37;10.71;10.54
Steve Scheffler;33;2006;46;30;NYK;SF;79;650;1.06;6179359;14.72;6.43;10.58
Steve Scheffler;34;2007;47;31;NYK;SG;67;2038;0.73;4860465;12.33;2.47;7.29
Steve Scheffler;35;2008;48;32;NYK;SG;32;126;1.46;7778019;9.25;6.6;7.93
Ronnie Brewer;1;1979;19;3;NYK;C;27;172;0.08;2262642;11.21;15.94;13.58
Ronnie Brewer;2;1980;20;4;SAS;C;3;29;0.26;2982039;21.82;2.66;12.24
Ronnie Brewer;3;1980;20;4;SAS;C;15;60;1.57;7989938;15.44;10.57;13.01
Ronnie Brewer;4;1981;21;5;UTA;C;91;2287;0.51;3981202;42.05;4.56;23.31
Ronnie Brewer;5;1982;22;6;UTA;C;28;1009;1.00;5939560;17.37;6.01;11.69
Ronnie Brewer;6;1983;23;7;UTA;C;62;1237;1.30;7138555;32.19;11.79;21.99
Ronnie Brewer;7;1984;24;8;UTA;C;56;2246;2.54;12094401;11.23;3.44;7.34
Ronnie Brewer;8;1985;25;9;UTA;PG;76;1969;3.99;17889544;13.43;7.46;10.45
Ronnie Brewer;9;1986;26;10;GSW;C;75;1673;5.12;22405758;21.66;14.95;18.31
Ronnie Brewer;10;1987;27;11;GSW;PF;80;2172;4.82;21206763;12.43;10.21;11.32
Ronnie Brewer;11;1988;28;12;GSW;PF;26;725;4.15;18529008;21.36;13.12;17.24
Ronnie Brewer;12;1989;29;13;BOS;PF;40;1327;2.58;12254267;-41.61;9.6;16.34
Ronnie Brewer;13;1990;30;14;BOS;PF;13;-324;2.15;10535708;20.53;4.35;12.44
Ronnie Brewer;14;1991;31;15;BOS;PF;28;656;2.82;13213463;10.95;17.65;14.3
Ronnie Brewer;15;1992;32;16;ORL;PF;96;3;3.24;14892056;-43.12;8.02;6.32
Ronnie Brewer;16;1993;33;17;ORL;PF;50;1319;3.83;17250080;24.06;13.06;18.56
Ronnie Brewer;17;1994;34;18;VAN;PF;71;1161;3.08;14252592;30.04;16.76;23.4
Ronnie Brewer;18;1994;34;18;SAC;PF;62;239;3.43;15651420;19.43;7.13;13.28
Ronnie Brewer;19;1995;35;19;IND;C;49;987;3.41;15571487;11.26;0.76;6.01
Ronnie Brewer;20;1996;36;20;IND;C;19;326;2.31;11175172;12.94;15.68;14.31
Ronnie Brewer;21;1997;37;21;IND;C;9;214;1.57;8217651;27.52;3.98;15.75
Ronnie Brewer;22;1998;38;22;UTA;C;52;1814;1.41;7578187;13.1;14.83;13.97
Ronnie Brewer;23;1998;38;22;PHO;C;34;989;1.89;10301448;-3.97;19.17;20.69
Ronnie Brewer;24;1999;39;23;PHO;C;48;734;2.85;13333363;17.62;15.6;16.61
Ronnie Brewer;25;2000;40;24;DAL;C;33;1312;3.55;16131018;19.71;15.04;17.38
Ronnie Brewer;26;2000;40;24;ATL;C;73;987;3.75;16930348;18.67;13.3;15.99
Ronnie Brewer;27;2001;41;25;ATL;PF;97;268;3.21;14772157;19.28;14.97;17.13
Ronnie Brewer;28;2002;42;26;ATL;PF;8;71;3.37;15411621;14.96;5.83;10.4
Ronnie Brewer;29;2003;43;27;ATL;PF;64;1341;3.39;15491554;72.66;11.24;11.83
Ronnie Brewer;30;2004;44;28;ATL;PF;60;1942;2.94;13693061;28.42;7.56;17.99
Ronnie Brewer;31;2005;45;29;ATL;SF;92;216;2.72;12813798;25.21;9.87;17.54
Ronnie Brewer;32;2006;46;30;ATL;SG;36;797;1.36;7378354;12.79;5.29;9.04
Ronnie Brewer;33;2006;46;30;DET;SG;48;110;1.79;9096914;8.85;2.28;5.57
Ronnie Brewer;34;2007;47;31;DET;SG;66;1961;1.91;9576512;12.19;1.81;7.0
Ronnie Brewer;35;2008;48;32;DET;SG;1;19;2.40;11534870;14.25;5.22;9.74
Chuck Aleksinas;1;1978;19;2;BUF;SF;33;411;1.81;9176847;16.79;7.21;12.0
Chuck Aleksinas;2;1979;20;3;NYK;PG;4;95;3.06;14172659;7.98;-0.63;6.04
Chuck Aleksinas;3;1979;20;3;DEN;SG;72;2978;3.90;17529845;10.48;3.64;7.06
Chuck Aleksinas;4;1980;21;4;MIL;SG;41;1114;3.87;17409946;13.8;6.35;10.08
Chuck Aleksinas;5;1981;22;5;MIL;SG;44;78;5.00;21926160;8.15;8.25;8.2
Chuck Aleksinas;6;1982;23;6;DEN;SG;4;104;3.96;17769644;18.01;4.2;11.11
Chuck Aleksinas;7;1983;24;7;DEN;SG;79;1453;4.94;21686361;9.86;-19.79;5.99
Chuck Aleksinas;8;1983;24;7;OKC;SG;70;569;4.24;18888706;4.37;6.34;5.36
Chuck Aleksinas;9;1984;25;8;OKC;PG;30;865;4.13;18449075;18.32;2.47;10.4
Chuck Aleksinas;10;1985;26;9;OKC;PG;13;581;3.31;15171822;9.15;-9.93;6.25
Chuck Aleksinas;11;1986;27;10;OKC;PG;75;1643;3.53;16051085;11.96;2.39;7.18
Chuck Aleksinas;12;1987;28;11;TOR;PG;32;659;4.53;11819737;5.15;2.42;3.79
Chuck Aleksinas;13;1988;29;12;OKC;PG;1;15;5.41;23564787;6.49;1.85;4.17
Chuck Aleksinas;14;1989;30;13;OKC;PG;41;1958;5.74;24883681;7.94;1.77;4.86
Chuck Aleksinas;15;1989;30;13;UTA;PF;78;3626;4.03;18049410;9.16;0.8;4.98
Chuck Aleksinas;16;1990;31;14;UTA;SG;46;-4204;3.49;15891219;6.59;4.19;5.84
Chuck Aleksinas;17;1991;32;15;UTA;SG;63;753;2.58;12254267;4.98;6.98;5.98
Chuck Aleksinas;18;1992;33;16;UTA;SG;1;2;3.48;15851252;8.02;5.55;6.79
Chuck Aleksinas;19;1993;34;17;UTA;SG;98;35;4.05;18129343;9.88;11.5;10.69
Chuck Aleksinas;20;1993;34;17;BOS;C;57;198;5.51;23964452;4.76;2.58;3.67
Chuck Aleksinas;21;1994;35;18;BOS;SG;73;590;5.38;23444887;6.03;5.38;5.71
Chuck Aleksinas;22;1995;36;19;BOS;SG;70;509;2.67;12613966;10.89;2.34;6.62
Chuck Aleksinas;23;1996;37;20;MIL;SG;5;202;2.91;13573162;15.94;8.71;12.33
Chuck Aleksinas;24;1997;38;21;POR;SG;95;1916;-28.62;17344706;12.12;3.77;7.95
Chuck Aleksinas;25;1997;38;21;NJN;SG;61;2263;1.85;9336713;5.93;2.97;4.45
Chuck Aleksinas;26;1998;39;22;NJN;SF;3;85;2.17;10615641;14.86;9.67;12.27
Chuck Aleksinas;27;1999;40;23;PHI;SF;36;1463;1.19;6698924;9.14;9.11;9.13
Chuck Aleksinas;28;1999;40;23;SAC;SG;15;167;-0.13;1423345;12.37;4.46;8.42
Chuck Aleksinas;29;2000;41;24;SAC;SG;33;387;0.41;3581537;6.19;6.7;6.45
Chuck Aleksinas;30;2000;41;24;NOH;SG;9;133;0.28;3061972;14.23;1.86;8.05
Chuck Aleksinas;31;2001;42;25;CHA;SG;73;905;0.77;5020331;13.43;8.68;11.06
Chuck Aleksinas;32;2002;43;26;MIL;SG;3;56;-36.80;61953;10.73;4.91;7.82
Chuck Aleksinas;33;2003;44;27;GSW;SG;60;60;-0.69;682646;10.57;8.3;9.44
Chuck Aleksinas;34;2004;45;28;POR;SG;57;568;-1.61;701690;4.84;3.86;4.35
Chuck Aleksinas;35;2005;46;29;POR;SG;19;312;-2.40;657397;10.91;1.55;6.23
Dale Wilkinson;1;1978;20;1;NJN;C;39;1617;0.13;2462475;19.92;9.52;14.72
Dale Wilkinson;2;1979;21;2;LAC;PF;40;524;0.21;2782207;15.71;5.62;10.67
Dale Wilkinson;3;1980;22;3;NJN;PF;25;76;0.96;5779694;19.99;4.06;12.03
Dale Wilkinson;4;1981;23;4;SDC;PF;8;336;1.23;6858790;12.46;2.77;7.62
Dale Wilkinson;5;1982;24;5;NJN;PF;10;53;1.83;9256780;11.94;11.35;14.32
Dale Wilkinson;6;1982;24;5;NJN;PF;66;2690;2.61;12374167;25.27;13.43;19.35
Dale Wilkinson;7;1983;25;6;OKC;PF;77;2820;2.50;11934535;13.49;2.6;8.05
Dale Wilkinson;8;1984;26;7;UTA;PF;21;838;2.79;13093564;20.67;11.78;16.23
Dale Wilkinson;9;1985;27;8;DET;SG;93;457;3.12;14412458;14.62;2.74;8.68
Dale Wilkinson;10;1986;28;9;DET;PF;87;99;2.82;13213463;16.19;9.58;12.89
Dale Wilkinson;11;1987;29;10;DET;PF;63;1135;2.66;12573999;12.98;16.66;14.82
Dale Wilkinson;12;1988;30;11;DET;PF;3;10;2.85;13333363;19.98;5.86;12.92
Dale Wilkinson;13;1989;31;12;LAL;SF;61;2408;3.11;14372492;18.94;4.3;11.62
Dale Wilkinson;14;1990;32;13;LAL;SF;24;742;50.32;14372492;9.62;3.8;6.71
Dale Wilkinson;15;1991;33;14;LAL;SF;5;111;2.69;12693899;18.48;6.75;12.62
Dale Wilkinson;16;1992;34;15;LAL;SF;22;203;2.63;7577893;16.14;8.35;12.25
Dale Wilkinson;17;1993;38;16;LAL;SF;4;136;1.81;9176847;13.06;5.6;9.33
Dale Wilkinson;18;1994;36;17;LAL;SF;3;26;1.83;9256780;7.49;3.32;5.41
Dale Wilkinson;19;1995;37;18;PHO;PG;31;3257;0.93;5659795;11.07;5.51;8.29
Dale Wilkinson;20;1996;38;19;PHO;SF;34;1439;0.40;2647522;11.11;2.38;6.75
Dale Wilkinson;21;1997;39;20;NJN;SF;94;699;1.31;7178522;22.45;6.31;14.38
Dale Wilkinson;22;1998;40;21;ATL;SF;65;1712;-0.15;1343412;16.86;1.23;9.05
Dale Wilkinson;23;1999;41;22;ATL;SG;51;141;-1.22;600626;12.15;4.73;8.44
Dale Wilkinson;24;2000;42;23;ATL;SG;48;593;-0.79;793850;7.68;1.39;4.54
Dale Wilkinson;25;2001;43;23;DET;SG;36;1537;-1.83;796108;8.57;7.87;8.22
Dale Wilkinson;26;2002;44;25;TOR;SG;74;-4599;-1.64;803065;13.1;7.51;10.31
Dale Wilkinson;27;2002;44;25;CHI;SG;14;361;-1.84;652225;4.01;5.45;4.73
Dale Wilkinson;28;2003;45;26;PHO;SG;17;51;-2.33;615692;7.49;4.58;6.04
Dale Wilkinson;29;2004;46;27;POR;SG;94;78;-2.82;929234;10.03;-27.69;6.42
Dale Wilkinson;30;2005;47;28;POR;SF;12;391;-2.43;752195;11.76;11.47;11.62
Dale Wilkinson;31;2006;48;29;NJN;SF;79;2620;-1.98;927953;13.39;5.39;9.39
Dale Wilkinson;32;2007;49;30;NOP;SF;27;528;-1.46;707346;15.69;12.72;14.21
Dale Wilkinson;33;2007;49;30;DEN;SF;74;1688;-2.35;875781;11.63;2.49;7.06
Dale Wilkinson;34;2008;50;31;PHI;SF;4;180;-3.00;711296;12.53;3.78;7.64
Dale Wilkinson;35;2009;51;32;LAC;SF;55;433;-3.00;897376;12.86;8.24;10.55
Carl Nicks;1;1979;17;2;BOS;SG;42;607;0.85;5340063;13.2;6.14;9.67
Carl Nicks;2;1980;18;3;BOS;SF;16;170;1.52;8017818;11.95;13.72;12.84
Carl Nicks;3;1981;19;4;LAL;SF;20;287;1.33;7258455;14.22;2.67;8.45
Carl Nicks;4;1982;20;5;LAL;PF;20;294;0.57;4221001;16.03;7.57;11.8
Carl Nicks;5;1983;21;6;LAL;PF;67;1903;-19.21;8337550;13.66;10.67;12.17
Carl Nicks;6;1984;22;7;LAL;SG;25;99;3.41;15571487;15.6;4.82;10.21
Carl Nicks;7;1984;22;4;CLE;C;70;20;2.01;9976176;21.35;7.65;22.43
Carl Nicks;8;1985;23;8;DEN;C;56;240;1.69;8697249;25.17;5.72;15.45
Carl Nicks;9;1985;23;8;IND;PF;56;700;1.43;7658120;20.42;9.09;14.76
Carl Nicks;10;1986;24;9;MIL;PF;31;685;2.08;10255942;-43.89;9.38;10.21
Carl Nicks;11;1987;25;10;MIL;PF;21;844;0.48;3861302;12.52;7.88;10.2
Carl Nicks;12;1988;26;11;MIL;PF;70;2823;0.27;3022006;15.19;13.99;14.59
Carl Nicks;13;1989;27;12;MIL;PF;27;1152;0.48;3861302;20.65;4.28;12.47
Carl Nicks;14;1990;28;13;NJN;PF;45;106;0.85;5340063;21.62;69.78;19.03
Carl Nicks;15;1990;28;13;MIL;PF;65;1684;0.07;2222676;24.83;12.72;18.78
Carl Nicks;16;1991;29;14;MIL;SF;41;395;-1.36;801852;9.86;6.39;8.13
Carl Nicks;17;1992;30;15;IND;SF;44;1408;-1.82;723084;17.61;1.87;9.74
Carl Nicks;18;1993;31;16;IND;SF;28;79;-2.17;806550;18.28;3.26;10.77
Carl Nicks;19;1994;32;17;IND;SF;66;62;-3.00;602866;16.48;8.77;12.63
Carl Nicks;20;1995;33;18;IND;SF;74;1717;-3.00;715425;11.44;10.24;10.84
Carl Nicks;21;1996;34;19;IND;SF;70;1551;-3.00;682356;15.41;6.05;10.73
Carl Nicks;22;1997;35;20;IND;SF;6;-480;-24.69;919122;8.1;6.02;7.06
Carl Nicks;23;1998;36;21;IND;SF;2;73;-2.43;279962;17.98;0.9;9.44
Carl Nicks;24;1998;36;21;CLE;SG;58;1513;-2.07;777797;8.73;3.1;5.92
Carl Nicks;25;1999;37;22;BRK;SG;2;3;-2.94;942852;12.72;7.7;10.21
Carl Nicks;26;2000;38;23;UTA;SG;36;1652;-3.00;647136;6.76;0.84;3.8
Carl Nicks;27;2001;39;24;UTA;SF;8;370;-3.00;849113;11.31;1.73;6.52
Carl Nicks;28;2002;40;25;UTA;SF;81;2758;-1.93;860411;9.1;8.63;8.87
Carl Nicks;29;2003;41;26;UTA;SF;97;1614;-3.00;656253;20.41;5.62;13.02
Carl Nicks;30;2003;41;26;PHO;SG;25;-241;-3.00;672567;6.53;3.96;5.25
Carl Nicks;31;2003;41;26;CHH;SG;18;638;-2.65;996531;9.79;0.61;5.2
Carl Nicks;32;2004;42;27;OKC;SF;53;546;-7.74;880492;11.76;3.35;7.56
Carl Nicks;33;2005;43;28;CHH;SF;65;2831;-3.00;977980;19.37;9.73;14.55
Carl Nicks;34;2006;44;29;CHH;SF;27;688;-3.00;999353;12.26;3.37;7.82
Carl Nicks;35;2007;45;30;CHH;SF;25;773;-2.35;871557;19.12;3.36;11.24
Shawn Kemp;1;1978;20;3;ORL;PF;17;65;2.88;13453262;18.16;10.03;14.1
Shawn Kemp;2;1979;21;1;ORL;PF;25;133;-17.64;16011118;21.55;6.56;14.06
Shawn Kemp;3;1980;22;5;PHO;SF;49;50;4.04;18089376;19.61;4.55;12.08
Shawn Kemp;4;1981;23;6;NYK;SF;5;149;3.65;16530683;15.24;10.93;13.09
Shawn Kemp;5;1981;23;6;CLE;SF;69;1971;4.06;18169309;11.92;6.21;9.07
Shawn Kemp;6;1982;24;7;PHI;SF;47;1422;4.40;19528170;10.2;7.36;8.78
Shawn Kemp;7;1983;25;8;MIL;SF;56;1168;4.87;21406596;13.64;4.14;8.89
Shawn Kemp;8;1984;26;9;MIL;SF;27;750;6.19;26682174;12.14;6.31;9.23
Shawn Kemp;9;1985;27;10;MIL;SF;71;1932;5.29;23085189;12.87;1.04;6.96
Shawn Kemp;10;1986;28;11;MIL;SG;37;1159;8.27;34995206;16.59;6.7;11.65
Shawn Kemp;11;1987;29;12;MIL;SF;7;17;9.21;38752057;11.59;12.47;12.03
Shawn Kemp;12;1987;29;12;PHO;SF;45;-1486;10.15;42508908;16.92;9.95;13.44
Shawn Kemp;13;1988;30;11;PHO;SF;77;9613;10.99;45866094;12.07;1.5;6.79
Shawn Kemp;14;1989;31;14;GSW;SF;57;17;11.40;47504720;8.75;8.93;8.84
Shawn Kemp;15;1990;32;15;GSW;PG;26;1552;10.79;45066764;14.0;2.86;8.43
Shawn Kemp;16;1991;33;16;ORL;SF;78;2682;10.09;42269109;13.87;4.99;9.43
Shawn Kemp;17;1992;34;17;MIA;SF;45;42;9.81;41150047;10.58;2.22;6.4
Shawn Kemp;18;1993;35;18;LAL;SF;76;58;10.34;43268271;6.11;0.98;3.55
Shawn Kemp;19;1994;36;19;LAL;SF;73;1625;10.32;43188338;9.1;9.8;9.45
Shawn Kemp;20;1995;37;20;LAC;PF;39;422;8.64;36473966;16.59;6.45;11.52
Shawn Kemp;21;1996;33;21;SEA;PF;76;3514;7.46;31757919;16.52;14.61;15.57
Shawn Kemp;22;1997;39;22;SEA;C;62;4857;7.38;31438187;13.46;16.12;14.79
Shawn Kemp;23;1998;40;23;SEA;C;63;2356;8.32;35195038;19.55;12.71;16.13
Shawn Kemp;24;1999;41;24;SEA;C;8;153;6.75;28920298;17.66;2.16;9.91
Shawn Kemp;25;1999;41;24;WSB;C;15;478;5.72;24803748;24.27;18.01;21.14
Shawn Kemp;26;2000;42;25;WSB;C;85;1244;5.71;24763782;24.73;12.49;18.61
Shawn Kemp;27;2000;42;25;NJN;C;53;2222;5.52;24004418;12.09;10.09;11.09
Shawn Kemp;28;2000;42;25;DAL;C;25;336;6.41;27561437;31.01;13.89;22.45
Shawn Kemp;29;2001;43;26;DAL;C;11;1;-5.85;20720070;19.27;1.72;10.5
Shawn Kemp;30;2002;44;27;DAL;C;17;489;6.64;28480666;25.77;14.91;20.34
Shawn Kemp;31;2003;45;28;NOJ;C;27;721;5.30;20973768;16.23;21.49;18.86
Shawn Kemp;32;2003;45;28;NOH;C;13;328;4.63;20447400;26.09;9.32;17.71
Shawn Kemp;33;2004;46;29;WAS;C;2;7;4.93;21646395;23.58;1.67;12.63
Shawn Kemp;34;2004;46;29;SAS;C;8;267;4.60;20327500;23.34;8.13;15.74
Shawn Kemp;35;2005;42;30;SAS;C;81;-218;4.59;20287534;20.91;18.23;19.57
Shabazz Muhammad;1;1979;20;2;SAS;SG;80;1652;0.40;3541570;11.87;6.95;9.41
Shabazz Muhammad;2;1980;21;3;CHI;SG;20;2394;1.90;9536545;10.53;4.01;7.27
Shabazz Muhammad;3;1981;22;4;CHI;SG;55;672;3.05;14132693;9.09;6.49;7.79
Shabazz Muhammad;4;1982;23;5;SAS;SG;66;2298;3.08;14252592;8.67;10.69;9.68
Shabazz Muhammad;5;1983;24;6;SAS;SG;17;349;2.68;12653932;9.86;1.32;5.59
Shabazz Muhammad;6;1984;25;7;SAS;SF;66;226;1.26;6978689;14.85;12.84;13.85
Shabazz Muhammad;7;1984;25;7;POR;SF;26;841;0.95;5739728;18.13;8.95;13.54
Shabazz Muhammad;8;1985;26;8;POR;SF;21;418;0.92;5619828;12.63;11.33;4.19
Shabazz Muhammad;9;1986;27;11;NOK;SF;35;302;0.87;5419996;14.84;6.7;10.77
Shabazz Muhammad;10;1987;28;10;POR;SF;15;539;0.01;1982877;7.21;3.2;5.21
Shabazz Muhammad;11;1987;28;10;SAC;SF;37;555;-0.03;1823010;15.13;6.69;10.91
Shabazz Muhammad;12;1988;29;11;SAC;SG;20;299;0.13;2462475;12.58;38.58;9.64
Shabazz Muhammad;13;1989;30;13;SAC;SG;77;1042;-0.86;606134;6.52;4.63;5.58
Shabazz Muhammad;14;1990;31;13;SAC;PG;99;3698;-1.75;997861;8.45;3.93;6.19
Shabazz Muhammad;15;1991;32;14;SAC;PG;50;2269;-2.34;814301;35.71;0.94;4.85
Shabazz Muhammad;16;1992;33;15;SAC;PG;51;1019;-1.34;671673;11.39;1.14;6.27
Shabazz Muhammad;17;1993;34;15;SAC;PG;6;252;-1.54;872559;7.71;0.84;4.28
Shabazz Muhammad;18;1994;35;17;WAS;PG;7;326;-1.36;738153;5.06;3.69;4.38
Shabazz Muhammad;19;1995;36;18;WAS;PG;38;418;-2.30;689703;7.41;3.14;5.28
Shabazz Muhammad;20;1996;37;19;WAS;PG;47;418;-1.82;997059;7.62;3.62;5.62
Shabazz Muhammad;21;1997;33;20;WAS;PG;9;334;-2.67;729704;5.82;4.42;5.12
Shabazz Muhammad;22;1998;39;21;WAS;PG;12;195;-3.00;896118;9.67;0.92;5.3
Shabazz Muhammad;23;1999;40;22;WAS;PG;2;80;-3.00;900047;8.53;3.46;6.0
Shabazz Muhammad;24;2000;41;23;DET;PG;34;1019;-2.02;627199;8.47;5.12;6.8
Shabazz Muhammad;25;2001;42;24;ATL;PG;65;1459;-2.05;1029118;4.99;3.92;4.46
Shabazz Muhammad;26;2002;43;20;DAL;PG;48;1168;-1.85;158425;7.57;2.46;5.02
Shabazz Muhammad;27;2003;44;26;DAL;PG;68;1973;-2.89;836635;5.72;2.65;4.19
Shabazz Muhammad;28;2004;45;27;GSW;PG;65;2166;-3.00;994719;11.09;5.3;8.2
Shabazz Muhammad;29;2005;46;28;BOS;PG;11;214;-3.00;751717;13.14;4.5;8.82
Shabazz Muhammad;30;2006;47;29;BOS;PG;21;916;-3.00;664705;5.49;2.28;3.89
Shabazz Muhammad;31;2007;48;30;BOS;PG;26;454;-2.94;718738;9.82;1.51;5.67
Shabazz Muhammad;32;2008;49;31;GSW;PG;52;681;-3.00;737567;4.69;2.11;3.4
Shabazz Muhammad;33;2009;50;32;CHA;PG;19;263;-3.00;799891;9.59;5.36;6.86
Shabazz Muhammad;34;2010;48;33;CHA;PG;78;3634;-3.00;774200;6.99;0.58;3.79
Shabazz Muhammad;35;2011;52;34;HOU;PG;4;48;-2.66;646344;3.85;2.92;3.39
Nazr Mohammed;1;1978;20;0;NYK;C;3;44;0.52;4021168;18.78;18.35;18.57
Nazr Mohammed;2;1979;21;1;NYK;C;56;1974;-36.75;4141068;15.89;9.88;12.89
Nazr Mohammed;3;1980;22;2;NYK;C;24;348;-0.31;703948;24.54;118.24;14.79
Nazr Mohammed;4;1980;22;2;CLE;C;10;391;-0.11;1503278;21.57;13.79;17.68
Nazr Mohammed;5;1981;23;3;CLE;C;10;218;0.42;3621503;29.16;16.22;22.69
Nazr Mohammed;6;1982;24;4;BOS;C;47;908;0.84;5300096;29.8;1.03;15.42
Nazr Mohammed;7;1982;24;4;GSW;C;10;430;0.38;3461637;18.01;12.36;15.19
Nazr Mohammed;8;1983;25;4;GSW;C;18;301;0.48;3861302;26.19;6.8;16.5
Nazr Mohammed;9;1984;26;6;IND;C;95;2291;1.10;6339225;24.64;21.55;23.1
Nazr Mohammed;10;1985;27;7;CHI;PF;47;1372;-0.38;424183;19.1;15.2;17.15
Nazr Mohammed;11;1986;28;4;MIL;SF;4;98;-1.21;925143;22.98;7.67;15.33
Nazr Mohammed;12;1987;29;9;MIL;SF;2;10;-1.54;871292;18.27;8.48;13.38
Nazr Mohammed;13;1988;30;10;MIL;SF;52;934;-15.90;2022843;9.49;-21.17;10.39
Nazr Mohammed;14;1989;31;11;MIL;SF;25;940;-0.21;1103613;6.87;9.94;8.41
Nazr Mohammed;15;1990;32;8;MIL;PF;62;818;-0.62;689324;16.77;11.82;14.3
Nazr Mohammed;16;1991;33;13;MIL;PF;29;382;-0.43;224350;20.95;8.25;14.6
Nazr Mohammed;17;1992;34;14;SEA;PF;81;1956;-1.09;553986;20.47;68.27;15.5
Nazr Mohammed;18;1993;35;10;DET;PF;30;244;-2.21;802002;15.58;10.74;13.16
Nazr Mohammed;19;1994;36;16;DET;C;47;621;-2.39;781941;14.47;18.12;16.3
Nazr Mohammed;20;1994;35;16;SAS;PG;6;244;-3.00;605982;16.57;5.67;11.12
Nazr Mohammed;21;1995;37;17;CHI;C;13;355;-3.00;683947;25.65;9.6;17.63
Nazr Mohammed;22;1996;38;18;NOH;C;30;1432;-2.67;850352;18.3;15.19;16.75
Nazr Mohammed;23;1997;39;19;CHI;C;24;565;-1.57;753363;20.72;15.77;18.25
Nazr Mohammed;24;1998;40;18;CHI;PG;42;1264;-3.00;874052;23.83;7.97;15.9
Nazr Mohammed;25;1999;41;21;CLE;C;31;774;-3.00;911780;15.9;21.78;13.28
Nazr Mohammed;26;2000;42;22;CLE;C;90;410;-3.00;640532;11.73;19.74;15.74
Nazr Mohammed;27;2001;43;23;CLE;SF;71;249;-1.97;870371;9.69;8.55;9.12
Nazr Mohammed;28;2002;44;24;CHA;SF;81;1960;-1.91;879370;18.07;5.65;11.86
Nazr Mohammed;29;2003;45;25;WAS;SF;69;882;-3.00;751050;9.3;52.78;8.08
Nazr Mohammed;30;2003;45;25;DAL;SF;73;1688;-3.00;694701;12.95;3.83;8.39
Nazr Mohammed;31;2003;45;25;WAS;SF;52;1428;-3.00;639923;10.87;7.02;8.95
Nazr Mohammed;32;2004;46;28;POR;PF;11;231;-3.00;308193;20.05;7.74;13.9
Nazr Mohammed;33;2005;47;27;SEA;PF;29;776;-3.00;965852;15.11;8.73;11.92
Nazr Mohammed;34;2006;48;28;SEA;PF;52;2480;-3.00;952059;25.79;7.09;16.44
Nazr Mohammed;35;2007;49;29;BOS;C;76;2248;-3.00;662213;23.42;12.19;17.81
Mike Bantom;1;1979;21;2;CLE;PF;62;2926;1.34;7298421;14.47;5.94;10.21
Mike Bantom;2;1980;21;3;CLE;SF;26;1217;1.51;7977852;12.43;6.81;9.62
Mike Bantom;3;1981;23;4;CHH;PG;99;980;2.26;10975339;14.12;1.75;7.94
Mike Bantom;4;1982;24;5;CHH;PF;45;1128;1.22;6818823;20.64;3.01;11.83
Mike Bantom;5;1983;25;6;CHH;C;70;2098;3.27;15011956;28.92;3.03;15.98
Mike Bantom;6;1984;26;7;CHH;PF;3;129;2.19;2618516;16.5;7.91;12.21
Mike Bantom;7;1985;27;8;CHH;SG;61;2675;2.41;11574837;13.0;2.1;7.55
Mike Bantom;8;1986;28;9;CHH;PF;24;1005;2.83;13253430;13.99;9.14;11.57
Mike Bantom;9;1987;29;10;MIL;PF;36;1477;3.58;16250917;23.5;4.89;14.2
Mike Bantom;10;1987;29;10;DEN;PF;69;2795;3.19;14692224;22.52;5.06;13.79
Mike Bantom;11;1988;30;11;DEN;PF;25;45;3.59;16290884;-14.82;10.35;12.7
Mike Bantom;12;1989;31;12;DAL;PF;19;836;4.56;20167634;18.46;4.66;11.56
Mike Bantom;13;1989;31;12;WAS;PF;65;1416;4.99;21886194;22.85;3.76;13.31
Mike Bantom;14;1989;31;12;DET;PF;36;1097;2.70;12733865;17.68;8.11;12.9
Mike Bantom;15;1990;32;13;DET;SF;14;286;1.49;7897919;12.71;4.5;8.61
Mike Bantom;16;1990;32;13;PHI;SG;19;263;1.24;6898756;19.04;9.62;14.33
Mike Bantom;17;1991;33;14;PHI;SG;3;213;0.59;4300934;5.27;5.97;6.55
Mike Bantom;18;1992;34;15;PHI;SG;27;59;1.43;7658120;9.27;5.27;7.27
Mike Bantom;19;1993;35;16;PHI;SG;17;504;0.39;3501604;7.49;5.68;6.59
Mike Bantom;20;1994;36;17;MIN;SF;70;2030;1.09;6299259;15.42;6.71;11.07
Mike Bantom;21;1995;37;15;ATL;PF;62;711;0.29;3101939;18.55;12.53;15.54
Mike Bantom;22;1996;38;19;ATL;PF;67;2226;1.32;7218488;19.18;10.52;14.85
Mike Bantom;23;1997;39;16;ATL;PF;39;1332;-0.33;624015;25.36;10.91;18.14
Mike Bantom;24;1998;40;21;ATL;PF;56;1859;0.43;3661470;26.78;10.53;18.66
Mike Bantom;25;1999;41;22;ATL;PF;44;1522;1.06;6179359;9.91;13.49;11.7
Mike Bantom;26;1999;41;22;DET;PF;38;730;0.78;5060297;20.04;11.08;15.56
Mike Bantom;27;2000;42;23;BOS;PF;30;1350;0.05;2142743;26.91;12.51;19.71
Mike Bantom;28;2001;43;26;BOS;PF;56;2509;-0.25;943747;24.13;11.37;17.75
Mike Bantom;29;2002;44;25;BOS;SF;50;1478;-0.41;392910;16.12;10.41;13.27
Mike Bantom;30;2003;45;26;BOS;SF;50;2052;-1.01;763756;23.27;2.48;12.88
Mike Bantom;31;2004;46;27;BOS;SF;98;564;-2.20;863362;13.36;9.35;11.36
Mike Bantom;32;2005;47;28;BUF;SF;38;1344;-2.36;723437;16.47;7.6;12.04
Mike Bantom;33;2005;47;28;GSW;SF;83;2986;-1.15;605265;16.96;0.49;8.73
Mike Bantom;34;2006;48;29;GSW;SF;32;1205;-1.25;867688;23.07;3.46;13.27
Mike Bantom;35;2007;51;30;ORL;SF;53;2317;-1.74;637705;6.47;6.68;6.58
Jim Farmer;1;1979;22;2;ORL;SG;23;239;1.13;6459125;10.77;1.49;6.13
Jim Farmer;2;1980;23;3;PHO;SG;48;895;0.51;3981202;8.61;4.19;6.4
Jim Farmer;3;1981;24;4;PHO;PG;79;1122;17.91;4021168;4.99;1.61;3.3
Jim Farmer;4;1982;25;5;ATL;PG;17;87;0.58;4260967;11.33;-9.86;6.65
Jim Farmer;5;1982;25;5;MIA;PG;40;37;0.52;4021168;7.41;1.64;3.74
Jim Farmer;6;1983;26;6;GSW;PG;36;152;-0.44;184384;6.76;2.51;4.64
Jim Farmer;7;1984;24;7;GSW;PG;2;35;-0.86;832397;7.39;2.17;4.98
Jim Farmer;8;1984;27;7;ATL;PG;35;132;-0.38;424183;5.03;0.14;2.59
Jim Farmer;9;1985;28;8;ATL;PG;66;7558;-2.30;968878;5.21;4.38;4.8
Jim Farmer;10;1986;29;9;ATL;PG;4;182;-3.00;1474624;10.15;2.81;6.48
Jim Farmer;11;1987;30;10;ATL;PF;73;2154;-3.00;859717;11.76;1.68;6.72
Jim Farmer;12;1987;30;10;MIL;PG;14;332;-3.00;821775;11.68;2.52;7.1
Jim Farmer;13;1988;31;11;NYK;PG;65;1095;-2.97;637561;10.13;3.33;6.73
Jim Farmer;14;1988;31;11;ORL;PG;70;2376;-2.62;859224;34.63;2.7;8.53
Jim Farmer;15;1988;30;11;SAC;PG;27;857;-3.00;680732;9.73;0.76;5.25
Jim Farmer;16;1989;32;12;SEA;PG;7;480;-2.22;931136;9.03;1.91;5.47
Jim Farmer;17;1990;33;13;SEA;SG;23;840;-2.72;984124;15.03;1.92;8.48
Jim Farmer;18;1991;34;16;MIL;SG;54;1815;-19.85;867761;9.04;1.04;5.04
Jim Farmer;19;1992;35;15;LAC;SG;68;1417;-3.00;977539;13.76;4.85;8.53
Jim Farmer;20;1992;35;15;WAS;SG;45;810;-3.00;816973;5.52;4.46;4.99
Jim Farmer;21;1993;36;16;WAS;SG;51;829;-3.00;774855;8.64;24.67;6.07
Jim Farmer;22;1994;37;17;WAS;SG;68;1183;-3.00;919273;6.63;44.82;6.22
Jim Farmer;23;1995;38;18;ORL;SG;49;1351;19.71;910275;7.09;3.41;5.25
Jim Farmer;24;1996;39;19;ORL;SG;49;2299;-3.00;674524;4.25;6.52;5.39
Jim Farmer;25;1996;39;19;DET;SG;70;1820;-3.00;747681;-2.53;1.74;5.38
Jim Farmer;26;1997;40;20;DET;SG;42;1435;-26.50;767769;10.49;0.27;5.38
Jim Farmer;27;1998;41;21;MEM;SG;58;2220;-2.98;748906;6.42;2.87;4.65
Jim Farmer;28;1999;42;22;CHA;SG;43;727;-2.99;916585;6.96;-26.91;7.0
Jim Farmer;29;2000;43;23;WAS;SG;56;569;-2.79;799581;13.11;6.28;9.7
Jim Farmer;30;2001;44;24;WAS;SG;53;2298;-2.66;942495;13.8;0.57;7.19
Jim Farmer;31;2002;48;25;WAS;SG;87;504;-2.68;603145;11.76;4.86;8.31
Jim Farmer;32;2002;45;29;WAS;SG;2;11;-1.58;659266;8.51;9.68;9.1
Jim Farmer;33;2003;46;26;BRK;SG;18;311;-1.25;662248;6.36;7.44;6.9
Jim Farmer;34;2004;47;27;WAS;SG;44;1198;-2.02;965052;7.52;5.51;6.52
Jim Farmer;35;2005;48;28;WAS;SG;45;1750;-0.16;1303446;11.0;6.57;8.79
Charles Bradley;1;1979;17;3;WAS;SG;15;243;0.77;5020331;8.59;3.19;5.89
Charles Bradley;2;1980;18;4;ATL;SG;23;363;1.70;8737215;9.12;7.65;8.39
Charles Bradley;3;1981;19;5;MIL;SG;10;120;1.03;6059460;6.07;-14.47;7.35
Charles Bradley;4;1981;19;5;CHI;SG;22;754;1.66;8577349;10.39;6.58;8.49
Charles Bradley;5;1982;20;6;CHI;SG;62;2331;2.03;10056109;12.85;2.66;7.76
Charles Bradley;6;1983;21;7;MIA;SG;76;1716;1.54;8097751;7.62;1.49;4.56
Charles Bradley;7;1984;22;8;CHI;SG;32;1353;2.53;12054435;8.73;5.32;7.03
Charles Bradley;8;1985;23;9;CHI;SG;48;257;3.94;17689711;9.95;2.77;6.93
Charles Bradley;9;1985;23;9;PHI;SG;89;1530;4.57;20207601;7.46;2.33;4.9
Charles Bradley;10;1986;24;10;MIN;SF;19;753;3.88;17449912;16.04;4.57;10.31
Charles Bradley;11;1987;25;11;MIN;SF;22;661;3.00;13932860;12.32;4.24;8.28
Charles Bradley;12;1988;26;12;MIN;SF;15;443;4.38;19448237;13.33;9.14;11.24
Charles Bradley;13;1988;26;12;HOU;PF;15;641;3.42;15611453;16.33;6.59;11.46
Charles Bradley;14;1989;27;13;HOU;SG;29;96;4.65;20527333;13.62;14.71;14.17
Charles Bradley;15;1990;28;14;HOU;SF;40;905;3.42;15611453;7.48;4.29;5.89
Charles Bradley;16;1991;29;15;VAN;SF;24;416;2.03;10056109;-8.81;8.79;9.6
Charles Bradley;17;1992;30;18;SEA;SF;48;1087;1.24;6898756;13.17;4.82;9.0
Charles Bradley;18;1993;31;17;DEN;SF;22;133;1.86;9376679;15.04;10.83;12.94
Charles Bradley;19;1994;32;18;DEN;SF;12;167;1.42;7618153;10.37;2.78;5.66
Charles Bradley;20;1994;32;18;OKC;SF;57;1066;1.94;9696411;9.99;7.98;8.99
Charles Bradley;21;1995;33;19;OKC;SF;57;1;2.23;10855440;10.26;10.93;10.6
Charles Bradley;22;1996;34;20;MIN;SF;2;58;1.12;6419158;14.78;42.45;10.15
Charles Bradley;23;1996;34;20;CHI;SF;18;730;1.42;7618153;12.37;7.09;9.73
Charles Bradley;24;1996;34;20;SAC;PF;8;705;2.32;11215138;13.6;9.17;11.39
Charles Bradley;25;1997;35;24;SAC;PG;10;235;1.46;7778019;31.3;25.07;28.19
Charles Bradley;26;1998;36;22;SAC;C;73;1982;1.65;8537383;25.3;16.2;20.75
Charles Bradley;27;1999;37;23;SAC;C;14;477;26.30;11854602;31.95;8.56;20.26
Charles Bradley;28;2000;38;24;CHA;PG;12;289;2.03;10056109;19.7;7.1;13.4
Charles Bradley;29;2001;39;25;CHA;C;78;-4155;2.16;10575674;19.34;12.64;15.99
Charles Bradley;30;2002;40;26;PHI;PF;3;84;1.54;8097751;21.47;11.19;16.33
Charles Bradley;31;2003;41;27;NOP;PF;56;1426;-0.53;733725;23.7;13.8;18.75
Charles Bradley;32;2004;42;28;BOS;PF;59;231;-0.73;905282;14.44;2.6;8.52
Charles Bradley;33;2005;43;29;BOS;PF;2;95;-2.09;836553;19.55;4.62;12.09
Charles Bradley;34;2006;44;30;BOS;SF;60;2060;-2.72;851293;16.97;5.18;11.08
Charles Bradley;35;2007;45;31;BOS;SF;2;35;-2.37;756839;10.73;7.13;8.93
James Young;1;1979;22;1;BOS;C;7;286;-0.95;812124;19.79;7.37;13.58
James Young;2;1980;23;2;KCK;PF;29;689;-2.07;707135;20.96;15.1;18.03
James Young;3;1981;24;3;LAL;PF;47;1041;-1.71;673420;15.96;2.92;9.44
James Young;4;1982;25;4;LAL;PF;63;23;-2.53;749735;13.61;8.69;11.15
James Young;5;1983;26;5;LAL;PF;4;43;-3.00;865581;25.65;7.89;16.77
James Young;6;1984;27;6;LAL;PF;5;52;-3.00;908236;16.27;7.1;11.69
James Young;7;1985;28;9;LAL;PF;46;112;-2.77;659393;18.57;14.62;16.6
James Young;8;1985;28;7;SAS;C;26;798;-1.89;860189;32.22;10.73;21.48
James Young;9;1986;29;8;SAS;PF;74;2306;-2.24;741109;14.36;13.24;13.8
James Young;10;1987;30;9;CHI;PF;74;1858;-2.43;708864;14.97;4.82;9.9
James Young;11;1988;31;10;CHI;PF;74;376;-0.99;812430;55.78;9.88;13.8
James Young;12;1989;32;11;CHI;SF;45;1627;-0.92;968668;23.39;3.96;13.68
James Young;13;1990;33;12;CHI;SF;10;407;-1.37;735572;12.8;9.73;11.27
James Young;14;1990;33;12;CHA;PF;6;248;-1.71;928491;16.09;9.05;12.57
James Young;15;1991;34;13;CHA;PF;63;152;-7.53;780918;11.19;6.42;8.81
James Young;16;1992;35;14;CHA;PF;65;2738;-2.00;914113;16.24;8.64;12.44
James Young;17;1993;36;15;CHA;PF;64;733;-1.85;691838;57.59;14.75;18.87
James Young;18;1994;38;16;POR;PF;81;2067;-1.74;984373;18.67;17.03;17.85
James Young;19;1995;38;17;BUF;PF;98;1409;-0.30;743915;14.56;8.57;11.57
James Young;20;1996;39;18;CHA;PF;71;2194;-1.11;619052;11.9;12.0;11.95
James Young;21;1997;40;19;DEN;PF;43;1295;-1.91;643147;17.05;10.28;13.67
James Young;22;1998;41;20;CHI;PF;49;672;-1.00;841606;55.35;9.64;10.23
James Young;23;1999;42;21;CHI;SF;16;-783;-0.75;806699;18.45;2.81;10.63
James Young;24;1999;42;21;BOS;SF;37;1453;0.20;2742240;10.01;6.06;8.04
James Young;25;2000;43;22;IND;SF;64;336;-0.75;651584;16.9;-3.89;8.77
James Young;26;2001;44;23;IND;SF;79;438;-1.18;80726;16.66;9.68;13.17
James Young;27;2002;45;24;IND;SF;2;27;-1.39;882426;13.39;10.84;12.12
James Young;28;2003;46;25;IND;SF;44;615;-2.34;737347;17.93;13.94;15.94
James Young;29;2004;47;26;IND;SF;22;216;-2.70;751784;14.18;6.21;10.2
James Young;30;2005;48;27;PHO;PF;78;1806;-2.13;621107;-19.28;6.01;13.53
James Young;31;2005;48;27;MIL;C;74;559;-1.93;1092543;24.14;10.94;17.54
James Young;32;2006;49;28;MIL;C;41;238;-2.95;713481;25.34;8.21;16.78
James Young;33;2007;50;31;MIL;C;2;31;-3.00;647226;18.55;18.91;18.73
James Young;34;2008;51;30;MIL;C;15;327;-2.84;668398;13.67;7.49;10.58
James Young;35;2009;52;31;VAN;PF;29;-511;-2.97;888454;17.07;5.02;11.05
Dwight Jones;1;1979;20;2;WSB;SF;30;1136;2.34;11295071;12.44;6.51;9.48
Dwight Jones;2;1980;21;3;NJN;SF;37;1207;2.01;9976176;14.22;6.75;10.49
Dwight Jones;3;1981;22;4;NJN;SF;44;1854;0.77;5020331;13.37;5.51;9.44
Dwight Jones;4;1982;23;5;NJN;SF;46;700;-0.37;464149;11.89;8.49;9.58
Dwight Jones;5;1983;24;6;NJN;SF;42;1251;-1.18;605789;12.25;8.47;10.36
Dwight Jones;6;1983;24;6;PHI;PF;60;1935;-1.09;628156;12.99;5.38;9.19
Dwight Jones;7;1984;25;7;ATL;PF;23;907;-0.85;929714;15.32;9.34;12.33
Dwight Jones;8;1985;26;8;PHO;PF;68;1200;-0.81;892251;18.65;71.22;12.4
Dwight Jones;9;1986;27;9;PHO;PF;13;-376;-1.30;934072;19.66;6.7;13.18
Dwight Jones;10;1987;28;10;BUF;PF;75;1388;35.77;1799775;13.83;14.29;14.06
Dwight Jones;11;1987;31;10;PHI;PF;46;2009;-0.73;644376;17.22;17.44;17.33
Dwight Jones;12;1988;29;11;PHI;SF;40;1771;-1.09;821080;16.28;8.27;12.28
Dwight Jones;13;1989;30;12;SDC;SF;2;9;-0.65;720806;11.69;4.2;7.95
Dwight Jones;14;1990;31;13;LAC;SF;19;1506;-1.18;834921;13.24;5.11;8.62
Dwight Jones;15;1991;32;14;LAC;SG;70;3243;-1.41;733477;12.73;5.61;9.17
Dwight Jones;16;1992;33;15;LAC;SG;10;365;-1.72;700318;8.64;6.07;7.36
Dwight Jones;17;1993;35;16;LAC;SG;55;1088;-1.72;825175;4.17;7.86;6.02
Dwight Jones;18;1994;35;17;LAC;SF;47;1463;-1.55;916659;13.4;27.68;10.69
Dwight Jones;19;1995;36;18;LAC;SF;69;1819;-1.68;925821;11.61;5.35;8.48
Dwight Jones;20;1995;38;18;CHI;SF;48;796;-3.00;810026;13.55;5.06;9.31
Dwight Jones;21;1996;37;19;CHI;SF;51;1092;-2.31;984571;17.78;4.98;21.00
Dwight Jones;22;1996;37;19;SAC;PG;49;181;-3.00;821140;14.1;5.09;9.6
Dwight Jones;23;1997;38;20;DAL;PF;48;1257;-3.00;616280;13.15;11.67;12.41
Dwight Jones;24;1998;39;21;DAL;PG;25;364;-3.00;-72698;15.51;8.62;12.07
Dwight Jones;25;1999;40;22;PHI;PF;10;152;-3.00;1233011;17.8;5.72;11.76
Dwight Jones;26;2000;41;23;PHI;SF;53;1038;-2.09;637625;12.17;0.37;6.27
Dwight Jones;27;2001;42;24;PHI;SG;21;858;-3.00;977219;7.37;2.21;4.79
Dwight Jones;28;2002;43;25;PHI;SG;43;2023;-3.00;747385;9.07;4.91;6.99
Dwight Jones;29;2003;44;26;PHI;SG;61;1596;-3.00;674884;9.47;-4.89;6.02
Dwight Jones;30;2004;45;28;PHI;SG;10;26;-2.91;869085;9.01;6.49;7.75
Dwight Jones;31;2005;46;28;NYK;SG;55;1080;-3.00;703095;17.55;4.26;10.91
Dwight Jones;32;2006;47;29;PHI;SG;57;1844;-1.28;690906;8.95;2.93;5.94
Dwight Jones;33;2006;47;29;UTA;SF;58;63;-1.54;962249;12.88;6.54;9.71
Dwight Jones;34;2007;48;30;UTA;SF;45;1086;-2.68;910816;8.51;11.55;10.03
Dwight Jones;35;2008;49;31;UTA;SF;79;1123;-3.00;708847;10.67;4.68;7.68
Kasib Powell;1;1979;20;2;UTA;PG;58;1025;0.73;4860465;7.23;3.08;5.16
Kasib Powell;2;1980;21;3;UTA;PG;66;1087;2.38;11454937;9.88;0.45;5.17
Kasib Powell;3;1981;22;4;UTA;PG;17;109;2.22;10815473;3.38;2.46;2.92
Kasib Powell;4;1982;23;5;UTA;PG;89;638;1.68;8657282;6.63;2.09;4.36
Kasib Powell;5;1983;24;6;PHI;PG;3;125;22.87;15411621;7.97;2.9;5.44
Kasib Powell;6;1984;25;7;PHI;PG;67;1400;2.90;13533195;5.18;0.97;3.08
Kasib Powell;7;1985;26;8;PHI;PG;45;1141;1.59;8297584;4.28;1.07;2.68
Kasib Powell;8;1986;27;9;PHI;PG;74;3382;2.11;10375842;6.41;3.69;5.05
Kasib Powell;9;1987;28;10;PHI;PG;12;148;3.36;15371654;6.12;3.37;4.75
Kasib Powell;10;1987;28;10;DET;PG;19;210;2.28;11055272;11.42;0.94;6.18
Kasib Powell;11;1988;29;11;DEN;PG;68;269;1.52;8017818;8.85;1.61;5.45
Kasib Powell;12;1989;30;12;DEN;PG;60;1466;1.15;7457506;8.77;4.31;6.54
Kasib Powell;13;1990;31;13;DEN;PF;10;287;0.50;3941235;3.82;6.25;5.04
Kasib Powell;14;1990;31;13;DAL;PG;15;2057;0.39;3501604;2.63;2.02;2.33
Kasib Powell;15;1990;31;13;GSW;PG;52;897;0.04;2102776;4.12;4.55;4.34
Kasib Powell;16;1991;32;14;GSW;PG;2;15;-0.57;892959;8.69;1.88;5.29
Kasib Powell;17;1992;33;15;GSW;PG;54;2121;-0.56;756793;9.66;3.83;6.75
Kasib Powell;18;1993;34;16;GSW;PG;34;791;-0.60;604938;5.58;2.46;4.02
Kasib Powell;19;1994;35;17;HOU;PG;59;455;-0.08;1623178;10.53;4.3;7.42
Kasib Powell;20;1995;36;18;MIN;PG;44;1872;-0.39;384216;10.64;3.03;6.84
Kasib Powell;21;1996;37;19;MIN;PG;56;210;-0.08;1623178;9.19;0.51;4.85
Kasib Powell;22;1997;34;20;MIN;PG;27;132;-2.02;748452;7.94;2.69;5.32
Kasib Powell;23;1998;39;21;MIN;PG;80;2047;-2.58;639904;8.0;0.41;4.21
Kasib Powell;24;1999;40;22;MIN;PF;25;870;-2.60;987378;8.53;3.91;6.22
Kasib Powell;25;2000;41;23;ATL;PG;36;1596;-2.70;1607878;7.71;3.69;5.7
Kasib Powell;26;2001;42;24;NJN;PG;6;268;-2.66;562270;20.31;2.09;4.59
Kasib Powell;27;2002;43;25;NJN;PG;77;2913;-2.96;933618;7.15;0.05;3.6
Kasib Powell;28;2003;44;26;NJN;PG;89;1843;-2.63;935400;5.22;2.42;3.82
Kasib Powell;29;2003;44;26;HOU;PG;4;59;-2.47;995987;5.69;4.83;5.26
Kasib Powell;30;2004;45;27;KCK;SG;31;643;-3.00;1478410;5.94;6.03;5.99
Kasib Powell;31;2005;46;29;MIL;SG;27;1276;-8.09;881479;7.97;1.82;4.9
Kasib Powell;32;2005;46;28;LAC;SF;44;969;-2.55;796162;12.28;6.09;9.19
Kasib Powell;33;2006;47;29;LAC;SF;32;94;-1.17;935380;16.48;5.07;10.78
Kasib Powell;34;2007;48;30;LAC;SF;14;482;-1.40;779680;17.7;-37.58;12.11
Kasib Powell;35;2007;48;30;BOS;PF;24;418;-1.43;1570372;22.69;8.42;15.56
Jerome Jordan;1;1979;22;2;ORL;SG;17;286;1.42;7618153;8.26;4.0;6.13
Jerome Jordan;2;1980;23;3;ORL;SG;96;507;0.70;4740565;9.09;0.08;4.59
Jerome Jordan;3;1981;24;4;WSB;SG;47;2093;0.22;2822173;12.81;26.17;8.09
Jerome Jordan;4;1981;24;4;ATL;SG;46;1413;0.63;4460800;6.63;3.12;4.00
Jerome Jordan;5;1982;25;5;ATL;SG;29;1155;0.61;4380867;12.01;2.77;7.39
Jerome Jordan;6;1983;26;6;ATL;SG;42;1475;1.88;9456612;-36.82;4.04;10.42
Jerome Jordan;7;1984;27;7;NYK;SG;6;142;1.62;8417483;15.91;3.73;9.82
Jerome Jordan;8;1985;25;8;LAC;SG;14;593;2.26;10975339;16.47;8.54;12.51
Jerome Jordan;9;1986;29;11;LAC;PF;49;-1610;1.73;8857115;17.47;7.01;12.24
Jerome Jordan;10;1987;30;10;ATL;SG;31;1175;1.93;9656445;10.82;2.99;6.91
Jerome Jordan;11;1988;31;11;ATL;SG;20;469;2.46;11774669;4.69;3.47;4.08
Jerome Jordan;12;1989;32;12;ATL;PG;23;17;3.43;15651420;9.1;2.78;5.94
Jerome Jordan;13;1990;33;13;ATL;PG;1;14;3.43;15651420;2.39;22.31;1.97
Jerome Jordan;14;1991;34;14;ATL;SG;70;1784;3.85;17330013;13.01;6.1;9.56
Jerome Jordan;15;1992;35;15;ATL;SG;43;775;3.08;14252592;8.12;6.49;7.31
Jerome Jordan;16;1993;36;16;ATL;SG;37;840;3.24;14892056;14.53;6.78;1.92
Jerome Jordan;17;1994;37;17;ATL;SG;53;898;2.26;10975339;15.71;3.29;9.5
Jerome Jordan;18;1994;37;17;ORL;SF;45;628;1.91;9576512;12.36;8.44;10.4
Jerome Jordan;19;1995;38;18;ORL;SF;4;189;1.81;9176847;16.73;2.65;9.69
Jerome Jordan;20;1996;39;19;ORL;SF;40;144;1.24;6898756;16.54;16.17;16.36
Jerome Jordan;21;1997;40;20;CHA;SF;67;1984;1.51;7977852;11.32;4.78;8.05
Jerome Jordan;22;1998;42;21;CHA;SF;79;1559;2.01;9976176;14.59;4.89;9.74
Jerome Jordan;23;1998;41;21;DAL;SF;32;750;2.71;12773832;12.97;9.85;11.10
Jerome Jordan;24;1999;42;22;DAL;SF;34;1457;0.68;4660632;11.56;3.37;7.01
Jerome Jordan;25;2000;43;23;GSW;SF;49;377;1.55;8137718;10.24;8.78;9.51
Jerome Jordan;26;2001;44;24;GSW;SF;27;1185;2.73;12853765;15.94;4.48;10.21
Jerome Jordan;27;2002;45;25;ORL;SF;6;125;1.42;7618153;18.01;5.71;11.86
Jerome Jordan;28;2003;46;26;ORL;SF;14;331;2.99;13892894;14.6;8.85;11.73
Jerome Jordan;29;2003;46;26;ORL;SF;5;189;1.76;8977014;19.71;5.78;12.75
Jerome Jordan;30;2004;47;27;CHH;SF;24;63;0.24;2902106;12.44;2.32;7.38
Jerome Jordan;31;2005;48;28;CHH;SF;69;90;0.31;3181872;11.33;9.38;10.36
Jerome Jordan;32;2005;48;28;SAS;SF;33;587;0.99;5899594;8.7;6.47;7.59
Jerome Jordan;33;2006;49;29;SAS;SF;80;799;-0.03;1823010;17.18;2.44;9.81
Jerome Jordan;34;2007;50;30;LAC;SF;52;2024;0.30;3141905;76.89;9.67;13.25
Jerome Jordan;35;2008;51;31;LAC;SF;21;966;-0.34;584049;14.78;5.72;10.25
Mike Davis;1;1979;17;2;ATL;SF;6;18;0.24;2902106;15.32;9.61;12.47
Mike Davis;2;1980;18;3;ATL;SF;42;227;0.99;5899594;14.39;8.1;11.25
Mike Davis;3;1981;19;4;ATL;SF;44;269;2.00;9936210;20.67;-29.88;11.84
Mike Davis;4;1982;22;5;WSB;SF;75;2042;2.74;12893731;12.61;5.86;9.24
Mike Davis;5;1983;21;6;CLE;SF;47;333;2.99;13892894;13.24;9.34;11.29
Mike Davis;6;1984;22;7;CLE;SF;84;1024;3.89;17489879;10.52;7.05;8.79
Mike Davis;7;1985;23;8;BOS;SF;61;1134;4.66;20567299;21.89;5.57;8.93
Mike Davis;8;1986;24;9;BOS;SF;39;1198;5.73;24843715;22.03;11.3;16.67
Mike Davis;9;1987;25;10;BOS;SF;38;1506;6.37;27401571;16.69;8.8;12.75
Mike Davis;10;1988;26;14;BOS;PF;34;820;5.42;23604753;11.92;6.82;9.37
Mike Davis;11;1989;27;12;BOS;PF;39;1825;3.91;22462405;24.91;7.56;16.24
Mike Davis;12;1990;31;13;BOS;PF;63;1401;4.42;19608103;14.0;13.56;13.78
Mike Davis;13;1991;29;14;GSW;PF;52;845;4.95;21726328;17.28;6.9;12.09
Mike Davis;14;1992;33;15;GSW;C;11;450;5.24;22885356;13.31;25.26;19.29
Mike Davis;15;1993;31;16;IND;C;80;3756;4.63;20447400;24.88;24.43;24.66
Mike Davis;16;1994;32;17;IND;C;65;2623;5.54;24084351;24.87;16.33;20.6
Mike Davis;17;1994;32;17;CLE;C;33;1519;5.07;22205926;26.81;2.72;7.21
Mike Davis;18;1995;33;18;SEA;PF;78;2887;4.55;20127668;31.33;8.94;20.14
Mike Davis;19;1995;33;18;GSW;PF;26;478;4.42;19608103;20.22;5.28;12.75
Mike Davis;20;1996;34;19;GSW;PF;24;323;-28.18;19448237;16.08;6.99;11.54
Mike Davis;21;1997;35;20;ORL;PF;21;115;3.22;14812123;-42.17;10.05;11.35
Mike Davis;22;1997;35;20;SAS;C;78;2391;3.94;17689711;23.0;14.89;18.95
Mike Davis;23;1997;35;20;WAS;C;38;391;4.38;19448237;30.48;20.59;25.54
Mike Davis;24;1998;36;21;MEM;C;1;38;5.44;23684686;27.4;18.54;22.97
Mike Davis;25;1999;37;22;MEM;C;41;309;4.46;19767969;28.31;8.86;18.59
Mike Davis;26;2000;38;23;MEM;C;45;1617;4.58;20247567;27.07;23.3;33.32
Mike Davis;27;2001;37;24;SEA;C;19;723;5.09;22285859;27.87;16.15;22.01
Mike Davis;28;2002;40;25;SEA;C;1;43;6.14;26482341;16.7;14.08;15.39
Mike Davis;29;2003;41;26;NOP;C;56;1835;5.62;24404083;15.22;23.44;19.33
Mike Davis;30;2004;42;27;MEM;C;31;984;5.02;22006093;13.47;5.61;9.54
Mike Davis;31;2005;43;26;MEM;PF;73;3165;4.93;21646395;17.39;12.46;14.93
Mike Davis;32;2006;44;29;UTA;PG;51;2209;5.42;23604753;14.38;7.28;10.83
Mike Davis;33;2007;45;30;UTA;SF;25;623;6.52;28001068;12.45;5.67;9.80
Mike Davis;34;2007;45;30;NJN;PF;2;88;5.32;23205088;29.09;10.3;19.7
Mike Davis;35;2008;46;31;ATL;PF;81;2652;6.74;28880331;19.38;8.94;14.16
Michael Ansley;1;1979;21;2;ATL;SG;41;1674;2.31;11175172;9.76;3.36;6.56
Michael Ansley;2;1980;22;3;ATL;SG;16;15;1.40;7538220;9.57;3.9;6.74
Michael Ansley;3;1980;22;3;KCK;SG;17;495;2.61;16565845;4.55;3.96;4.26
Michael Ansley;4;1981;23;4;SAC;SG;4;136;2.59;12294234;8.36;4.15;6.26
Michael Ansley;5;1981;25;4;WSB;SG;21;227;2.50;11934535;12.81;5.4;9.11
Michael Ansley;6;1982;24;5;WSB;SG;5;236;3.48;15851252;8.49;3.34;5.54
Michael Ansley;7;1983;25;6;WSB;SG;41;694;4.62;20407433;7.84;1.07;4.46
Michael Ansley;8;1984;26;7;WSB;SG;69;422;5.18;22645557;11.63;7.37;8.80
Michael Ansley;9;1985;27;8;WSB;SG;34;1415;4.91;21566462;13.21;1.51;7.36
Michael Ansley;10;1986;28;9;SAS;SG;26;134;3.40;15531520;-20.71;8.97;8.8
Michael Ansley;11;1987;29;10;CHI;SG;30;541;3.45;15731353;17.92;3.84;10.88
Michael Ansley;12;1988;30;11;BUF;SG;59;813;3.69;16690549;14.75;3.92;9.34
Michael Ansley;13;1989;31;12;GSW;PG;99;1609;5.01;21966127;6.6;3.3;4.95
Michael Ansley;14;1990;32;13;GSW;PG;19;467;6.08;26242542;6.6;11.99;4.77
Michael Ansley;15;1991;33;14;TOR;PG;51;1761;4.56;20167634;10.65;2.88;6.77
Michael Ansley;16;1991;33;14;DAL;PG;35;944;4.52;11273560;33.88;2.73;4.49
Michael Ansley;17;1992;34;15;DAL;SG;39;948;4.83;21246730;15.78;3.9;9.84
Michael Ansley;18;1993;35;16;DAL;SG;73;1556;4.52;20007768;9.91;2.77;6.34
Michael Ansley;19;1994;36;17;ORL;SG;14;498;-28.63;21366629;9.66;1.27;5.47
Michael Ansley;20;1995;37;18;ORL;SF;36;1555;3.66;16570649;19.29;4.73;12.01
Michael Ansley;21;1996;40;19;ORL;SF;26;611;2.96;13772994;7.49;4.85;6.17
Michael Ansley;22;1997;39;20;ORL;SF;79;1898;2.67;12613966;16.88;5.74;11.31
Michael Ansley;23;1998;36;21;ORL;PF;36;125;2.99;13892894;21.72;12.84;17.28
Michael Ansley;24;1999;41;22;ORL;PF;30;266;2.89;13493229;19.96;16.77;18.37
Michael Ansley;25;2000;42;24;ORL;PF;22;550;2.88;13453262;12.11;11.82;11.97
Michael Ansley;26;2001;43;24;DAL;PF;12;98;3.23;14852090;16.83;4.86;10.85
Michael Ansley;27;2002;44;25;DAL;PF;78;57;3.46;15771319;52.15;6.12;9.9
Michael Ansley;28;2003;45;26;DAL;PF;26;1205;3.59;16290884;17.17;6.07;11.62
Michael Ansley;29;2004;46;27;SAS;C;64;957;3.81;17170147;25.97;23.7;24.84
Michael Ansley;30;2005;47;28;SAS;C;47;1033;2.86;13373329;-46.38;12.0;21.53
Michael Ansley;31;2006;44;29;SAS;C;69;216;3.31;15171822;19.66;6.89;13.28
Michael Ansley;32;2006;48;29;POR;C;22;184;2.64;12494066;32.21;17.33;24.77
Michael Ansley;33;2007;49;33;NOK;C;79;349;2.30;11135205;18.32;18.37;18.35
Michael Ansley;34;2008;50;31;POR;PF;36;1330;0.61;4380867;19.32;4.99;12.16
Michael Ansley;35;2009;51;32;POR;PF;54;2494;0.04;2102776;15.29;7.41;11.35
Rusty LaRue;1;1979;18;1;NJN;SF;68;1185;0.75;4940398;17.37;4.05;10.71
Rusty LaRue;2;1980;19;2;NJN;SF;52;888;0.93;5659795;18.34;8.91;13.63
Rusty LaRue;3;1981;20;3;MIL;SF;63;2508;3.29;15091889;10.18;6.53;8.36
Rusty LaRue;4;1982;21;4;PHI;SG;73;9;-9.96;22365792;9.26;4.16;7.11
Rusty LaRue;5;1982;21;4;PHI;SG;75;977;4.88;21446562;8.61;8.5;8.56
Rusty LaRue;6;1983;22;5;NJN;SG;28;107;5.75;24923648;9.87;1.88;5.88
Rusty LaRue;7;1984;23;6;NJN;SG;28;534;7.12;30399058;9.51;5.97;7.74
Rusty LaRue;8;1985;24;7;IND;SF;3;102;7.30;31118455;7.64;5.4;6.52
Rusty LaRue;9;1986;25;8;LAL;SF;27;957;7.98;33836177;13.59;12.4;13.0
Rusty LaRue;10;1987;26;9;LAL;SF;92;2257;7.51;31957752;7.86;7.46;7.66
Rusty LaRue;11;1987;26;9;NOH;SF;9;345;8.33;35235005;15.77;3.52;9.65
Rusty LaRue;12;1988;27;10;NOH;SF;36;361;8.96;37752894;10.99;6.27;8.63
Rusty LaRue;13;1989;28;11;NOH;SF;85;644;7.73;32837015;7.52;5.34;6.43
Rusty LaRue;14;1990;29;12;NOK;PF;36;473;9.85;41309913;10.54;5.62;8.08
Rusty LaRue;15;1991;30;13;NOK;PF;61;2550;10.60;44307400;17.53;14.69;16.11
Rusty LaRue;16;1992;31;14;NOK;PF;90;33;9.92;41589678;25.06;9.5;17.28
Rusty LaRue;17;1993;32;15;NOH;PF;97;538;10.06;42149209;23.25;5.65;14.45
Rusty LaRue;18;1994;33;16;SAC;SG;63;1855;10.79;45066764;24.01;12.35;18.18
Rusty LaRue;19;1995;36;17;SAC;PF;56;2668;9.90;41509745;16.95;4.45;10.7
Rusty LaRue;20;1996;35;18;SAC;PF;29;122;10.12;42389008;19.29;13.12;16.21
Rusty LaRue;21;1997;36;19;POR;SF;74;365;10.80;42173500;19.22;5.32;12.27
Rusty LaRue;22;1997;36;19;DAL;PG;53;17;12.95;47194526;9.62;6.2;7.91
Rusty LaRue;23;1998;37;20;TOR;SF;50;914;14.07;58175776;-23.85;2.84;10.27
Rusty LaRue;24;1999;38;21;TOR;PF;12;473;15.00;61892660;23.36;7.6;15.48
Rusty LaRue;25;2000;39;22;MIA;PF;59;1690;14.92;61572928;13.56;14.31;13.94
Rusty LaRue;26;2001;40;23;MIA;PF;18;619;14.55;60094168;-34.92;11.87;13.99
Rusty LaRue;27;2002;41;24;NOP;PF;95;1529;14.76;60933464;16.89;8.36;12.63
Rusty LaRue;28;2003;42;25;LAC;PF;35;697;14.42;59574603;18.92;25.32;10.28
Rusty LaRue;29;2004;43;26;ATL;PF;16;1076;14.18;58615407;14.75;51.65;11.97
Rusty LaRue;30;2005;44;27;ATL;PF;34;-3197;13.34;55258221;15.22;5.37;10.3
Rusty LaRue;31;2006;45;28;ATL;PF;9;828;12.97;53779461;23.43;9.94;16.69
Rusty LaRue;32;2007;46;29;ORL;SF;71;3302;12.53;52020935;10.32;12.32;11.32
Rusty LaRue;33;2008;47;30;LAC;SG;81;1546;12.85;58292753;12.4;3.47;7.94
Rusty LaRue;34;2008;47;30;WAS;SG;75;2424;12.73;52820265;13.01;5.03;9.02
Rusty LaRue;35;2009;48;31;SAS;SG;65;1924;13.02;53979293;13.15;0.74;6.95
Scott Williams;1;1979;17;2;SAS;PF;29;53;0.05;2142743;25.1;12.39;18.75
Scott Williams;2;1980;18;3;SAS;SF;48;1151;-0.28;823848;44.43;4.56;8.0
Scott Williams;3;1981;19;4;SAS;SF;28;8;0.01;1982877;17.24;4.43;16.50
Scott Williams;4;1982;16;5;SAS;PG;92;2066;1.24;7333408;9.1;0.71;4.91
Scott Williams;5;1982;20;5;HOU;SG;53;2289;1.25;6938723;7.52;5.7;6.61
Scott Williams;6;1983;21;6;SEA;SG;32;579;0.25;2942073;51.39;7.01;6.95
Scott Williams;7;1984;22;7;LAL;SG;62;827;0.19;2702274;9.45;2.5;5.98
Scott Williams;8;1985;23;8;CHH;SG;51;1204;0.42;3621503;4.12;4.83;4.48
Scott Williams;9;1986;24;9;MIL;SG;56;2486;-0.32;663982;12.68;4.39;8.54
Scott Williams;10;1987;25;10;PHI;SG;46;288;0.15;2542408;10.27;4.66;7.47
Scott Williams;11;1988;22;11;DEN;SG;55;1448;0.79;5100264;11.82;3.78;7.8
Scott Williams;12;1989;27;12;PHO;PF;7;145;0.42;3621503;1.93;2.89;6.68
Scott Williams;13;1990;28;12;PHO;SG;76;1011;0.27;3022006;11.6;2.7;7.15
Scott Williams;14;1991;29;14;NYK;SG;54;1447;1.27;7018656;13.82;5.19;9.51
Scott Williams;15;1991;29;14;ORL;SG;28;690;-0.15;1343412;5.43;4.68;5.06
Scott Williams;16;1991;29;14;SAS;SG;10;437;0.87;5419996;16.33;8.73;12.53
Scott Williams;17;1992;32;15;SAS;SG;40;1547;0.70;4740565;16.44;1.17;8.81
Scott Williams;18;1993;31;16;SAS;SG;25;498;0.75;4940398;12.98;6.37;9.68
Scott Williams;19;1994;32;17;SAS;SG;59;-2529;1.74;8897081;9.05;-14.36;6.95
Scott Williams;20;1994;32;17;CHI;SG;17;60;2.51;11974502;7.75;0.62;4.19
Scott Williams;21;1995;33;18;CHI;PG;68;203;0.31;3181872;9.05;3.52;6.29
Scott Williams;22;1996;34;19;CHI;PG;67;1535;-0.75;775690;5.18;4.51;4.85
Scott Williams;23;1997;35;20;CHI;PG;79;2023;-1.07;910356;10.83;2.13;6.48
Scott Williams;24;1997;35;20;NOH;PG;40;1094;-1.50;944023;5.26;4.93;5.1
Scott Williams;25;1998;36;21;NOH;PG;78;3237;-1.24;652586;35.54;28.62;7.05
Scott Williams;26;1998;36;21;TOR;PG;86;2234;-0.83;876828;9.65;0.37;5.01
Scott Williams;27;1999;37;22;NYK;PG;36;1457;-0.70;628980;3.97;3.1;3.54
Scott Williams;28;2000;38;23;SAS;PG;54;71;-0.86;778901;8.8;1.53;5.17
Scott Williams;29;2000;38;23;POR;PG;21;139;-1.53;828925;9.79;4.89;7.34
Scott Williams;30;2001;39;24;POR;PG;25;1092;-1.94;855121;5.44;0.56;3.0
Scott Williams;31;2002;40;25;NYK;PG;68;1148;-3.00;979320;8.65;16.36;4.78
Scott Williams;32;2002;40;25;BOS;PG;15;268;-3.00;838874;34.48;0.79;4.29
Scott Williams;33;2003;41;26;SEA;PG;63;2844;-3.00;881615;37.72;3.75;6.89
Scott Williams;34;2003;41;26;PHO;C;38;1483;-3.00;961189;6.88;4.56;5.72
Scott Williams;35;2004;42;27;PHO;PG;77;160;-2.88;680487;10.07;2.53;6.3
LaBradford Smith;1;1979;19;4;PHO;PF;57;45;1.29;7098589;20.55;3.38;11.97
LaBradford Smith;2;1980;20;5;PHO;PF;33;1330;1.98;9856277;12.65;2.21;7.43
LaBradford Smith;3;1981;21;6;PHO;PF;66;2711;3.19;14692224;15.98;6.52;14.24
LaBradford Smith;4;1982;22;7;PHO;PF;39;576;4.13;18449075;19.74;11.19;15.47
LaBradford Smith;5;1982;22;7;NJN;PF;64;2725;4.30;19128505;15.28;10.91;13.1
LaBradford Smith;6;1983;23;8;NJN;PF;44;848;43.77;21926160;22.02;11.66;16.84
LaBradford Smith;7;1983;23;8;DEN;C;13;377;5.81;25163447;32.41;9.68;21.05
LaBradford Smith;8;1984;24;9;DEN;C;22;494;44.09;28400733;28.43;10.08;19.26
LaBradford Smith;9;1985;25;10;DEN;C;49;1296;7.51;31957752;14.92;6.64;10.78
LaBradford Smith;10;1986;26;11;DET;C;31;1021;7.91;33556412;15.43;14.32;14.88
LaBradford Smith;11;1987;27;12;DET;C;40;123;7.67;32597216;29.55;13.69;21.62
LaBradford Smith;12;1988;28;13;DET;C;15;638;7.10;30319125;10.17;67.13;5.16
LaBradford Smith;13;1989;29;14;MIN;PF;58;2135;7.93;33636345;25.11;12.17;18.64
LaBradford Smith;14;1990;30;15;MIN;PF;98;512;7.14;30478991;16.31;6.81;11.56
LaBradford Smith;15;1991;31;16;HOU;PF;63;1809;6.78;31507582;15.78;6.89;11.34
LaBradford Smith;16;1992;33;17;PHO;PF;47;1251;6.71;28760432;20.1;10.08;15.09
LaBradford Smith;17;1993;33;18;ATL;PF;38;1661;6.08;26242542;17.11;7.49;12.3
LaBradford Smith;18;1994;34;19;ATL;PF;56;169;5.38;23444887;21.58;1.27;11.43
LaBradford Smith;19;1995;35;20;ATL;PF;7;256;5.47;23804586;15.4;6.84;11.12
LaBradford Smith;20;1996;36;21;ATL;PF;65;1830;4.49;19887869;13.72;6.78;10.25
LaBradford Smith;21;1997;37;22;ATL;PF;41;1906;4.51;19967802;27.81;4.78;16.3
LaBradford Smith;22;1998;38;23;DAL;PF;35;829;4.28;19048572;16.73;9.64;13.19
LaBradford Smith;23;1999;39;24;CLE;PF;32;1117;5.15;22525658;21.08;1.26;11.17
LaBradford Smith;24;2000;40;25;CLE;SF;57;1930;5.00;21926160;15.15;7.04;11.1
LaBradford Smith;25;2001;41;26;CLE;PG;44;-2703;5.61;24364117;16.4;3.52;9.96
LaBradford Smith;26;2002;42;27;NJN;SG;8;97;4.54;20087701;6.23;4.63;5.82
LaBradford Smith;27;2003;43;28;DEN;SG;71;684;4.12;18409108;17.72;5.77;11.75
LaBradford Smith;28;2004;44;29;DEN;SG;99;1485;4.74;20887031;7.29;5.66;6.48
LaBradford Smith;29;2005;45;30;DEN;SG;70;3246;5.34;23285021;7.92;3.55;5.74
LaBradford Smith;30;2006;46;31;DEN;SG;7;204;4.39;27673816;14.24;3.39;8.82
LaBradford Smith;31;2007;47;32;HOU;SG;15;540;4.12;18409108;5.34;2.62;3.98
LaBradford Smith;32;2008;48;33;IND;SG;35;921;3.71;16770482;11.6;1.03;6.32
LaBradford Smith;33;2009;49;34;IND;SG;63;1853;3.40;15531520;13.63;0.47;7.05
LaBradford Smith;34;2010;50;35;IND;SG;83;872;3.40;15531520;9.48;2.18;5.83
LaBradford Smith;35;2011;51;36;BOS;SG;48;1156;3.04;19223623;6.21;2.49;4.35
Donny Marshall;1;1979;21;3;BOS;PG;69;2910;2.89;13493229;10.06;4.44;7.25
Donny Marshall;2;1980;22;4;BOS;SG;51;1011;50.81;17689711;10.13;3.38;6.76
Donny Marshall;3;1980;22;4;PHO;SG;78;1278;4.26;18968639;5.55;2.41;3.98
Donny Marshall;4;1981;23;5;PHO;SG;35;977;4.01;17969477;5.67;4.66;5.17
Donny Marshall;5;1982;24;6;MIL;SG;53;1417;2.75;12933698;8.23;1.99;5.11
Donny Marshall;6;1983;25;7;BRK;SG;72;404;3.58;16250917;18.66;1.99;10.33
Donny Marshall;7;1984;26;8;MIL;SG;61;4798;2.66;12573999;-34.62;10.67;8.43
Donny Marshall;8;1985;27;9;TOR;SF;25;734;-7.36;8697249;6.75;7.54;7.15
Donny Marshall;9;1986;28;10;DAL;SF;28;540;-0.41;304283;8.31;47.72;8.71
Donny Marshall;10;1986;28;10;IND;SF;57;1990;-0.18;1223513;16.05;27.26;10.91
Donny Marshall;11;1987;29;11;UTA;SF;56;878;1.32;7218488;13.72;8.33;11.03
Donny Marshall;12;1988;30;12;UTA;SF;58;1870;2.81;13173497;10.69;5.42;8.06
Donny Marshall;13;1989;31;13;UTA;SF;28;1277;2.47;11814636;9.06;7.33;8.2
Donny Marshall;14;1990;32;14;UTA;SF;59;1761;1.97;9816311;12.09;0.55;6.32
Donny Marshall;15;1991;33;15;UTA;SF;26;60;2.01;9976176;18.8;9.24;14.02
Donny Marshall;16;1992;34;16;UTA;SF;57;2519;1.27;7018656;21.81;10.1;15.96
Donny Marshall;17;1993;35;17;UTA;SF;10;226;17.66;13613128;16.69;9.49;13.09
Donny Marshall;18;1994;36;18;UTA;SF;48;1859;3.46;15771319;-25.00;8.14;7.12
Donny Marshall;19;1995;37;19;MIL;SF;3;30;4.13;18449075;10.68;6.88;8.78
Donny Marshall;20;1995;37;19;GSW;PG;40;664;4.42;19608103;15.41;7.95;11.68
Donny Marshall;21;1996;38;20;HOU;SF;43;1375;4.95;21726328;16.24;14.29;15.27
Donny Marshall;22;1997;39;21;HOU;SF;1;44;2.90;13533195;7.93;9.33;8.63
Donny Marshall;23;1998;40;22;LAC;SF;94;1269;3.22;14812123;19.87;2.19;11.03
Donny Marshall;24;1999;41;23;LAC;SF;8;343;2.57;12214301;11.99;4.15;8.07
Donny Marshall;25;2000;42;24;MIA;SG;63;2596;3.27;15011956;9.58;6.05;7.82
Donny Marshall;26;2001;43;25;MIA;SG;62;1629;3.41;15571487;12.93;2.96;7.95
Donny Marshall;27;2002;44;26;MIA;SG;5;11;4.26;18968639;12.34;10.94;11.64
Donny Marshall;28;2003;45;27;MIA;SG;2;89;4.09;18289209;6.96;6.22;6.59
Donny Marshall;29;2004;46;28;TOR;SG;78;7209;1.94;9696411;8.65;2.25;5.45
Donny Marshall;30;2005;47;29;CHI;SG;68;2584;2.48;11854602;17.11;1.06;9.09
Donny Marshall;31;2006;48;33;CHI;C;32;118;2.96;13772994;10.98;5.0;7.99
Donny Marshall;32;2007;49;31;CHI;SF;70;3026;46.75;18347056;14.82;8.43;11.63
Donny Marshall;33;2008;50;31;CHI;PF;28;254;-34.21;13613128;24.71;11.83;18.27
Donny Marshall;34;2009;51;33;MIN;SF;88;733;4.04;18089376;11.1;11.19;11.15
Donny Marshall;35;2009;51;33;MEM;PF;92;3493;4.02;18009443;10.57;13.05;11.81
Rudy Tomjanovich;1;1979;17;4;MIN;SF;14;179;0.57;4221001;9.5;3.64;6.57
Rudy Tomjanovich;2;1980;18;5;MIN;SF;55;1099;1.38;7458287;11.19;10.65;10.92
Rudy Tomjanovich;3;1981;19;6;MIN;SF;18;783;0.84;5300096;13.59;11.1;12.35
Rudy Tomjanovich;4;1982;20;7;MIN;SF;3;56;1.14;6499091;6.81;1.73;4.27
Rudy Tomjanovich;5;1983;24;8;OKC;SF;9;31;1.25;6938723;7.57;-8.55;8.34
Rudy Tomjanovich;6;1984;22;9;CHI;SF;59;1775;1.12;6419158;17.66;5.94;11.8
Rudy Tomjanovich;7;1985;23;10;CHI;SF;60;1110;1.19;6698924;18.34;9.12;13.73
Rudy Tomjanovich;8;1986;24;6;CHI;SF;98;2318;-0.99;793538;15.77;8.81;12.29
Rudy Tomjanovich;9;1987;25;12;CHI;PG;38;1042;-1.58;953097;6.68;8.47;7.58
Rudy Tomjanovich;10;1988;26;13;CHI;SG;18;832;-1.74;920970;4.92;1.23;3.08
Rudy Tomjanovich;11;1989;27;14;CHI;SG;61;707;-0.72;847274;16.12;6.03;11.08
Rudy Tomjanovich;12;1990;28;15;CHI;SG;54;492;-1.13;1044635;12.87;6.61;9.74
Rudy Tomjanovich;13;1991;29;16;CHI;SG;54;381;-1.73;872982;13.77;8.62;11.2
Rudy Tomjanovich;14;1992;30;17;CHI;SG;75;1655;-1.04;933756;10.73;6.61;8.67
Rudy Tomjanovich;15;1993;31;18;CHI;PG;25;835;23.74;917936;10.65;1.6;6.13
Rudy Tomjanovich;16;1994;32;19;CHI;PG;96;156;-1.13;637957;6.34;3.41;4.88
Rudy Tomjanovich;17;1995;33;20;CHI;PG;32;1431;-1.44;751858;6.68;13.05;4.96
Rudy Tomjanovich;18;1996;34;21;CHI;PG;79;251;-0.70;655783;8.42;2.4;5.41
Rudy Tomjanovich;19;1997;35;22;LAL;PG;12;46;-1.02;859499;4.97;1.46;3.22
Rudy Tomjanovich;20;1998;36;23;LAL;PG;8;347;-1.03;1686780;12.13;1.57;6.85
Rudy Tomjanovich;21;1999;37;24;MIA;SG;16;690;-1.13;781930;9.68;8.27;9.19
Rudy Tomjanovich;22;2000;38;25;PHO;SG;60;2216;0.63;4460800;12.72;7.69;10.21
Rudy Tomjanovich;23;2001;39;26;PHO;SG;6;52;0.67;4620666;4.64;7.36;6.0
Rudy Tomjanovich;24;2002;40;27;PHO;SG;27;504;-0.46;104451;12.99;5.02;9.01
Rudy Tomjanovich;25;2003;41;28;PHO;SG;39;597;-0.92;867479;44.97;3.74;5.74
Rudy Tomjanovich;26;2004;42;29;MIN;SG;89;517;-0.57;900924;8.37;10.75;9.56
Rudy Tomjanovich;27;2005;43;30;IND;SG;25;304;0.33;3261805;14.19;4.36;9.28
Rudy Tomjanovich;28;2006;44;31;IND;SG;30;42;-0.48;24518;12.99;2.37;7.68
Rudy Tomjanovich;29;2007;45;32;IND;SG;70;52;-1.07;1157571;6.88;1.49;4.33
Rudy Tomjanovich;30;2008;46;33;IND;SG;99;2892;0.43;3661470;10.04;4.02;7.03
Rudy Tomjanovich;31;2009;47;34;PHO;SG;7;34;-0.36;504116;6.42;2.5;4.46
Rudy Tomjanovich;32;2010;48;35;PHO;SG;42;435;0.17;2622341;12.2;4.45;8.33
Rudy Tomjanovich;33;2011;49;36;PHO;SG;3;111;-1.96;663928;14.42;3.94;9.18
Rudy Tomjanovich;34;2012;50;37;LAL;SG;49;705;-2.38;930648;10.72;0.96;5.84
Rudy Tomjanovich;35;2013;51;38;LAL;SF;68;1845;-2.05;-91400;13.02;1.43;7.23
Bimbo Coles;1;1979;20;1;TOR;SG;37;299;-0.52;774274;16.24;4.11;10.18
Bimbo Coles;2;1980;21;2;TOR;SF;78;1263;-0.48;24518;-25.37;1.91;9.89
Bimbo Coles;3;1981;22;3;TOR;PF;53;676;1.50;7937885;14.29;7.34;10.82
Bimbo Coles;4;1982;23;4;TOR;C;13;454;2.97;13812961;14.43;15.1;14.77
Bimbo Coles;5;1982;23;4;POR;C;7;229;3.90;17529845;21.15;10.56;15.86
Bimbo Coles;6;1983;24;5;POR;C;40;1264;3.54;16091051;33.89;-64.88;13.25
Bimbo Coles;7;1984;25;6;POR;C;46;1553;4.82;21206763;14.62;8.94;11.78
Bimbo Coles;8;1985;26;7;LAC;C;81;2590;3.76;16970314;18.73;5.96;12.35
Bimbo Coles;9;1986;27;8;LAC;C;58;1729;5.69;24683849;36.29;23.31;29.8
Bimbo Coles;10;1987;28;10;LAC;C;74;576;4.34;19288371;20.25;11.94;16.1
Bimbo Coles;11;1988;29;10;LAC;C;99;49;3.09;14292559;16.6;11.1;13.85
Bimbo Coles;12;1989;30;14;NJN;C;68;958;3.70;16730515;32.39;9.86;21.13
Bimbo Coles;13;1990;33;12;MIN;C;37;1420;28.71;15611453;15.96;10.29;13.13
Bimbo Coles;14;1991;32;13;DET;C;59;2819;2.97;13812961;25.38;17.17;21.28
Bimbo Coles;15;1992;33;14;DET;C;49;432;-35.42;9256780;22.19;18.85;20.52
Bimbo Coles;16;1993;34;15;DET;C;34;605;0.41;3581537;21.26;5.73;13.5
Bimbo Coles;17;1994;35;16;DET;PF;77;48;0.79;5100264;17.59;7.04;12.32
Bimbo Coles;18;1995;36;17;VAN;PF;7;94;0.49;3901269;23.78;9.23;16.51
Bimbo Coles;19;1996;37;18;MIA;PF;10;369;-0.96;678161;25.57;10.87;18.22
Bimbo Coles;20;1997;38;19;MIA;PF;76;2231;-2.06;931702;13.91;15.1;14.51
Bimbo Coles;21;1998;39;20;CHH;PF;72;1679;-2.57;831700;20.44;8.76;14.6
Bimbo Coles;22;1999;40;21;CHH;PF;9;427;-1.74;672097;16.6;5.85;11.23
Bimbo Coles;23;2000;38;22;CHH;PF;71;439;-0.22;1063647;14.18;10.06;12.12
Bimbo Coles;24;2001;42;23;SEA;PF;60;467;0.44;3701436;22.25;5.68;20.38
Bimbo Coles;25;2002;43;24;SEA;PF;1;37;-0.65;913559;23.89;11.44;17.67
Bimbo Coles;26;2003;40;27;HOU;PF;69;3096;-0.44;184384;15.88;5.02;10.45
Bimbo Coles;27;2004;45;26;MIL;PF;81;674;-0.40;344250;20.73;10.4;15.57
Bimbo Coles;28;2005;46;27;MIL;PF;78;690;-0.14;1383379;13.61;12.79;13.2
Bimbo Coles;29;2006;47;28;MIL;PF;40;1202;-0.36;504116;14.12;3.93;9.03
Bimbo Coles;30;2007;48;29;DEN;SF;72;2591;0.63;4460800;11.64;1.95;6.8
Bimbo Coles;31;2008;49;30;DEN;SF;14;213;0.61;4380867;17.57;28.77;11.81
Bimbo Coles;32;2009;50;31;DEN;SF;65;1010;0.95;5739728;18.67;9.27;13.97
Bimbo Coles;33;2010;51;32;DEN;SF;27;1159;1.96;9776344;16.82;-11.32;10.61
Bimbo Coles;34;2011;53;33;NYK;PG;22;47;2.40;11534870;13.98;-1.92;8.42
Bimbo Coles;35;2012;53;34;NYK;SG;9;15;2.86;13373329;8.26;6.06;7.16
Micheal Williams;1;1979;21;1;SAS;C;30;1122;1.98;9856277;31.42;1.81;16.62
Micheal Williams;2;1979;21;1;DAL;C;36;1233;0.80;5380754;29.46;2.43;15.95
Micheal Williams;3;1980;22;4;DAL;C;54;429;0.87;5419996;24.05;15.8;19.93
Micheal Williams;4;1981;23;3;HOU;C;21;883;0.93;5659795;15.63;4.4;10.02
Micheal Williams;5;1982;24;4;GSW;C;38;990;1.08;6259292;27.99;16.87;22.43
Micheal Williams;6;1983;25;5;GSW;SG;5;217;0.95;5739728;8.22;5.78;7.0
Micheal Williams;7;1983;25;5;SAS;C;8;158;2.19;10695574;15.84;3.83;9.96
Micheal Williams;8;1984;26;6;SAS;SG;75;2391;2.58;12254267;12.93;7.56;10.25
Micheal Williams;9;1985;27;7;GSW;SG;74;3179;2.54;12094401;9.37;4.33;6.85
Micheal Williams;10;1985;27;7;CHI;SG;17;605;0.79;4628738;12.0;7.94;9.97
Micheal Williams;11;1986;28;8;CHI;SG;14;28;0.05;2142743;12.24;2.1;7.17
Micheal Williams;12;1987;29;9;MIN;SG;65;829;-0.77;830900;6.32;4.37;5.35
Micheal Williams;13;1988;30;10;MIN;SG;12;405;-0.44;184384;7.8;6.77;7.29
Micheal Williams;14;1989;31;11;MIN;SG;59;737;0.13;2462475;13.76;5.96;9.86
Micheal Williams;15;1990;32;12;MIA;SG;47;109;-1.85;697012;9.32;5.5;7.41
Micheal Williams;16;1991;33;13;PHO;SG;3;124;-2.76;889389;15.25;1.76;8.51
Micheal Williams;17;1992;34;14;NOJ;SG;31;1007;-3.00;944632;10.68;9.13;9.91
Micheal Williams;18;1993;35;15;MIL;SG;28;422;-3.00;916916;6.34;1.63;3.99
Micheal Williams;19;1994;36;16;SEA;C;53;1935;-2.34;-82265;-30.24;1.41;4.53
Micheal Williams;20;1995;37;19;TOR;PG;34;232;-36.20;697544;7.28;1.47;4.38
Micheal Williams;21;1995;37;17;POR;PG;68;1530;-2.07;711113;10.32;0.64;5.48
Micheal Williams;22;1996;38;18;POR;PG;25;149;-1.68;953590;4.4;1.65;3.03
Micheal Williams;23;1997;39;19;POR;PG;14;533;-3.00;927903;9.57;2.13;5.85
Micheal Williams;24;1998;40;20;POR;PG;7;310;-3.00;783387;8.71;2.46;5.59
Micheal Williams;25;1999;41;21;POR;PG;29;408;-2.53;649605;4.05;2.8;3.43
Micheal Williams;26;2000;42;22;POR;PG;43;427;-2.82;984004;12.42;2.4;7.41
Micheal Williams;27;2000;42;22;DET;PG;81;3286;-3.00;698427;10.99;3.09;7.04
Micheal Williams;28;2000;42;22;MIL;PG;17;440;-3.00;696153;5.35;5.09;5.22
Micheal Williams;29;2001;43;23;MIL;PG;43;3830;-2.26;863490;5.15;2.15;3.65
Micheal Williams;30;2002;44;24;NJN;PG;14;60;-2.32;773162;11.0;2.34;6.67
Micheal Williams;31;2003;45;25;CLE;PG;43;1669;-2.25;710442;8.03;4.05;6.04
Micheal Williams;32;2003;45;25;PHI;PG;16;430;-2.52;733011;8.65;-7.56;5.19
Micheal Williams;33;2004;46;24;PHI;PG;20;851;-2.11;965629;6.96;2.82;4.89
Micheal Williams;34;2005;47;27;PHI;PG;17;345;-0.03;1823010;7.2;0.89;4.05
Micheal Williams;35;2006;48;28;PHO;PG;5;185;-0.55;688942;7.98;3.85;5.92
Mark Crow;1;1979;20;4;PHO;PF;71;984;2.81;13173497;22.05;11.76;16.91
Mark Crow;2;1980;21;5;PHO;C;34;1281;2.73;12853765;13.08;8.92;11.0
Mark Crow;3;1981;22;6;DET;C;28;2481;3.38;15451587;-46.99;5.89;12.35
Mark Crow;4;1982;23;7;ATL;PF;97;263;2.97;13812961;24.44;17.35;20.9
Mark Crow;5;1983;24;8;ATL;C;68;4419;3.45;15731353;29.6;18.11;23.86
Mark Crow;6;1984;25;9;HOU;C;74;2778;3.65;16530683;18.47;0.57;9.52
Mark Crow;7;1985;26;10;HOU;PF;29;278;4.49;19887869;21.44;8.83;15.14
Mark Crow;8;1985;26;10;SAC;PF;56;2243;5.51;23964452;17.33;7.8;12.57
Mark Crow;9;1986;27;11;MIN;PF;53;126;4.85;21326663;17.14;5.64;7.31
Mark Crow;10;1987;28;12;MIN;PF;57;2468;4.32;19208438;23.09;9.86;16.48
Mark Crow;11;1988;29;13;MIN;SF;18;722;5.36;23364954;11.43;4.28;7.86
Mark Crow;12;1989;30;14;MIN;SF;87;258;4.66;20567299;14.71;3.79;9.25
Mark Crow;13;1990;31;15;MIN;SF;31;338;3.78;17050247;10.5;8.28;9.39
Mark Crow;14;1991;32;16;DAL;SF;43;1440;4.16;18568974;11.17;4.51;7.84
Mark Crow;15;1991;32;16;NJN;SG;11;983;3.85;17330013;9.08;1.81;5.45
Mark Crow;16;1992;33;17;BOS;SG;9;380;2.93;13653095;9.78;5.06;7.42
Mark Crow;17;1993;34;18;MIL;SG;31;659;2.39;11494904;13.17;4.06;8.62
Mark Crow;18;1994;35;19;BRK;SG;90;785;2.47;11814636;10.33;4.9;7.62
Mark Crow;19;1995;36;20;MIL;SG;33;374;3.36;15371654;8.37;4.58;6.48
Mark Crow;20;1996;37;21;CHO;SG;66;2480;3.61;16370817;6.63;5.37;6.0
Mark Crow;21;1997;38;22;MIL;SG;57;2551;23.69;11974502;8.2;5.56;6.88
Mark Crow;22;1998;39;23;PHI;SG;16;539;2.29;11095239;10.94;3.73;7.34
Mark Crow;23;1999;40;24;NJN;SG;28;1196;3.07;14212626;9.72;8.45;9.09
Mark Crow;24;2000;41;25;NJN;SG;32;257;2.73;12853765;9.77;6.21;7.99
Mark Crow;25;2001;42;29;NJN;SG;31;520;2.23;10855440;10.34;0.79;5.57
Mark Crow;26;2002;43;27;IND;SG;70;2987;2.22;18756089;8.69;1.99;5.34
Mark Crow;27;2002;43;27;DAL;SG;18;469;1.46;7778019;8.84;2.4;5.62
Mark Crow;28;2003;44;28;MIN;SG;38;144;0.60;4340900;8.3;6.62;7.46
Mark Crow;29;2004;45;29;MIN;SG;37;914;50.63;2902106;9.32;2.51;5.92
Mark Crow;30;2005;46;30;DEN;SG;92;165;0.31;3181872;15.49;2.73;9.11
Mark Crow;31;2006;47;31;DEN;SG;75;3146;-0.23;1023680;14.65;1.29;7.97
Mark Crow;32;2007;48;32;DEN;SG;30;990;0.55;4141068;7.58;2.83;5.21
Mark Crow;33;2008;49;33;MIN;SG;87;817;-0.60;882747;8.72;2.45;5.35
Mark Crow;34;2009;50;34;MIN;C;62;40;-1.56;774049;13.28;3.79;8.54
Mark Crow;35;2010;51;35;MIN;PG;63;2483;-1.76;830527;9.34;0.84;5.09
Damion James;1;1979;17;3;BOS;SG;76;3358;-0.35;544082;11.98;2.96;7.47
Damion James;2;1980;18;4;WSB;SG;3;69;0.46;3781369;6.83;0.26;3.55
Damion James;3;1980;18;4;WAS;SG;18;287;22.69;4300934;-23.20;5.99;8.73
Damion James;4;1981;19;5;NOH;SF;65;735;0.74;4900431;16.71;8.7;12.71
Damion James;5;1982;22;4;NOH;SF;39;1794;0.67;4620666;15.62;4.68;10.15
Damion James;6;1983;21;7;POR;SG;45;1318;0.70;4740565;9.71;7.64;8.68
Damion James;7;1984;22;8;POR;SG;20;181;0.97;5819661;4.32;2.84;3.58
Damion James;8;1985;23;9;POR;SG;17;293;0.74;4900431;13.67;4.75;9.21
Damion James;9;1986;24;10;POR;C;17;467;1.34;7298421;9.49;1.93;5.71
Damion James;10;1986;24;10;HOU;SG;86;350;0.75;4940398;8.43;4.94;6.69
Damion James;11;1987;25;11;CHA;SG;41;1465;2.80;13133530;7.56;3.36;5.46
Damion James;12;1988;26;12;CHA;SG;69;2838;4.72;20807098;6.43;7.77;7.1
Damion James;13;1989;27;13;CHA;SG;96;258;3.81;17170147;10.44;3.85;7.15
Damion James;14;1990;28;14;CHA;PG;76;2684;2.34;11295071;7.99;3.81;5.9
Damion James;15;1991;29;15;CHO;PG;43;2016;2.97;13812961;27.07;2.49;4.0
Damion James;16;1992;30;16;CHO;PG;25;418;17.20;8297584;7.19;1.12;4.16
Damion James;17;1993;31;17;CHO;PG;41;1355;1.45;7738053;9.47;0.8;5.14
Damion James;18;1994;32;18;CHO;PG;31;467;3.75;16930348;7.56;3.9;5.73
Damion James;19;1995;36;19;POR;PF;3;45;2.71;12773832;4.34;3.03;3.69
Damion James;20;1996;34;20;NYK;PG;10;19;2.63;12454100;6.86;1.34;4.1
Damion James;21;1996;34;20;NYK;PG;89;380;3.41;15571487;5.2;2.51;3.86
Damion James;22;1996;34;20;NJN;PG;24;297;2.00;9936210;9.81;2.22;6.02
Damion James;23;1997;35;21;NJN;PG;91;204;2.41;1632172;10.52;0.17;5.35
Damion James;24;1998;36;22;SAC;PG;58;632;3.11;14372492;7.07;2.87;4.97
Damion James;25;1999;37;23;SAC;PG;3;70;2.61;12374167;6.26;1.0;3.63
Damion James;26;2000;39;24;SAC;PG;15;311;2.81;13173497;14.99;2.04;8.52
Damion James;27;2000;38;23;HOU;PG;29;924;3.40;15531520;5.58;1.25;3.42
Damion James;28;2001;39;25;KCK;PG;16;388;4.57;20207601;12.33;2.35;7.34
Damion James;29;2001;39;23;SAC;PG;10;117;3.89;17489879;7.71;5.16;6.44
Damion James;30;2002;40;26;SAC;PG;40;718;2.60;12334200;4.17;3.99;4.08
Damion James;31;2003;41;27;SAC;PG;42;1147;2.44;11694736;-15.49;2.03;5.28
Damion James;32;2004;42;28;SAC;PG;50;2106;1.13;6459125;8.59;1.56;5.08
Damion James;33;2005;43;29;SAC;PG;60;1015;0.32;3221838;8.79;3.26;6.03
Damion James;34;2006;44;30;SAC;PG;40;1882;-0.06;1703111;10.23;1.92;6.08
Damion James;35;2007;45;31;SAC;PG;96;2537;-0.06;1703111;6.33;4.26;5.3
Ticky Burden;1;1979;18;1;SAC;C;62;1186;1.14;6499091;20.71;12.11;16.41
Ticky Burden;2;1980;21;2;NOK;C;70;810;1.69;8697249;26.36;13.97;20.17
Ticky Burden;3;1981;20;3;BOS;C;39;1433;1.58;8257617;28.92;11.02;19.97
Ticky Burden;4;1982;21;4;TOR;C;21;593;4.13;18449075;30.4;6.17;18.29
Ticky Burden;5;1983;22;5;SAC;C;58;196;5.94;25683011;22.23;92.37;17.52
Ticky Burden;6;1983;22;5;IND;C;88;2016;5.57;24204251;-45.49;24.06;20.94
Ticky Burden;7;1984;23;6;LAL;C;53;906;5.63;24444050;11.31;14.79;13.05
Ticky Burden;8;1985;24;7;WSB;PF;75;-2802;5.67;24603916;17.1;4.56;10.83
Ticky Burden;9;1986;25;8;WSB;C;61;2860;7.55;32117618;20.92;12.6;16.76
Ticky Burden;10;1987;26;9;WAS;SF;51;781;7.46;31757919;12.17;4.81;8.49
Ticky Burden;11;1988;27;10;WAS;SF;17;801;7.75;32916948;12.65;3.75;8.2
Ticky Burden;12;1989;28;11;LAC;SF;62;78;7.50;31917785;13.83;4.85;9.34
Ticky Burden;13;1989;28;11;LAC;SF;16;764;8.03;34036009;15.18;0.91;8.05
Ticky Burden;14;1990;29;12;DEN;SG;61;2225;7.80;33116780;10.83;8.89;9.86
Ticky Burden;15;1991;30;13;DEN;SG;19;1922;8.00;33916110;13.79;3.71;8.75
Ticky Burden;16;1992;31;14;NJN;PF;28;1117;9.00;37912760;11.45;3.68;7.57
Ticky Burden;17;1993;32;17;MIA;SG;80;2841;9.02;37992693;14.59;6.73;10.66
Ticky Burden;18;1994;33;16;PHI;SG;35;1674;8.35;35314938;9.28;9.77;9.53
Ticky Burden;19;1995;29;17;LAL;SG;48;1849;30.08;34515608;6.41;1.9;4.16
Ticky Burden;20;1996;35;18;HOU;SG;70;2253;6.78;29040197;8.13;5.09;6.02
Ticky Burden;21;1997;36;19;HOU;SG;37;1296;5.89;25483179;12.62;5.26;8.94
Ticky Burden;22;1998;37;20;HOU;SF;26;847;5.26;22965289;14.47;9.72;12.1
Ticky Burden;23;1999;38;21;HOU;SF;31;1410;5.40;23524820;9.13;9.63;9.38
Ticky Burden;24;2000;39;22;IND;SF;12;413;5.25;22925323;10.3;8.18;9.24
Ticky Burden;25;2001;40;23;VAN;SF;60;1332;20.56;23085189;14.68;6.69;10.69
Ticky Burden;26;2002;41;22;IND;SF;40;144;5.09;22285859;11.59;7.88;9.74
Ticky Burden;27;2003;42;25;IND;SG;11;513;4.87;21406596;4.87;8.34;6.80
Ticky Burden;28;2004;43;26;IND;SG;56;586;5.24;22885356;12.4;2.94;7.67
Ticky Burden;29;2005;44;23;IND;SG;8;191;5.07;22205926;9.38;4.37;6.88
Ticky Burden;30;2006;45;28;IND;SG;27;1086;6.21;26762107;16.36;2.24;9.3
Ticky Burden;31;2007;46;29;IND;SG;23;612;5.61;24364117;9.96;8.33;9.15
Ticky Burden;32;2008;47;30;IND;SG;91;887;5.90;25523145;8.13;1.34;4.74
Ticky Burden;33;2009;48;31;IND;SG;3;72;5.59;24284184;6.46;1.52;3.99
Ticky Burden;34;2009;48;31;HOU;SG;28;186;-24.12;21966127;4.65;5.4;5.03
Ticky Burden;35;2010;49;32;ATL;SG;38;312;5.09;22285859;7.78;5.32;6.55
Ivan Johnson;1;1979;22;4;ATL;C;73;3000;-0.46;104451;17.15;8.89;13.02
Ivan Johnson;2;1980;23;5;ATL;C;23;244;-1.61;873569;11.25;12.54;11.9
Ivan Johnson;3;1981;24;5;ATL;C;2;25;0.80;5140230;11.5;-74.41;11.4
Ivan Johnson;4;1982;25;5;ATL;C;31;641;0.90;5539895;19.58;94.72;21.04
Ivan Johnson;5;1983;26;8;ATL;C;4;211;1.26;6978689;20.95;9.16;15.06
Ivan Johnson;6;1984;27;9;BOS;PF;10;-212;2.04;10096076;75.06;8.67;14.55
Ivan Johnson;7;1985;28;10;IND;PF;34;1418;3.58;16250917;17.23;8.76;13.0
Ivan Johnson;8;1986;29;11;SAC;PF;29;421;4.92;21606428;11.14;16.44;13.79
Ivan Johnson;9;1987;30;12;SAC;PF;24;948;5.82;25203413;13.27;-4.26;10.58
Ivan Johnson;10;1988;31;13;CLE;PF;27;100;4.26;18968639;21.55;9.36;15.46
Ivan Johnson;11;1989;32;16;NJN;PF;20;608;5.22;22805423;15.21;9.13;12.17
Ivan Johnson;12;1990;33;15;NJN;PF;88;2702;5.18;30626532;20.91;7.34;14.13
Ivan Johnson;13;1991;34;16;UTA;PF;8;364;6.54;28081001;19.7;9.48;14.59
Ivan Johnson;14;1992;35;17;UTA;PF;69;2232;5.62;24404083;14.07;9.73;11.9
Ivan Johnson;15;1993;36;18;UTA;PF;34;-245;5.84;25283346;21.78;6.7;14.24
Ivan Johnson;16;1994;37;19;UTA;PF;92;2878;5.28;23045222;17.6;7.28;12.44
Ivan Johnson;17;1995;38;20;UTA;PF;32;-2567;3.85;17330013;19.5;17.33;18.42
Ivan Johnson;18;1996;39;21;DAL;PF;49;2261;3.41;15571487;18.43;6.44;12.44
Ivan Johnson;19;1997;40;22;DAL;PF;63;2530;3.16;14572324;26.87;4.36;15.62
Ivan Johnson;20;1998;41;23;DAL;PF;70;2450;4.10;18329175;2.41;10.79;13.89
Ivan Johnson;21;1999;42;22;PHI;PF;25;762;4.86;21366629;24.97;3.82;14.4
Ivan Johnson;22;2000;43;25;PHI;PF;22;994;5.12;22405758;18.21;0.54;9.38
Ivan Johnson;23;2001;44;26;SAC;PF;7;283;6.01;25962777;27.32;4.72;16.02
Ivan Johnson;24;2002;45;27;NJN;PF;44;1149;6.74;28880331;13.45;17.39;15.42
Ivan Johnson;25;2003;46;28;NYK;PF;8;270;7.07;30199226;24.95;8.88;16.92
Ivan Johnson;26;2004;47;29;NYK;PF;48;1366;6.48;27841202;14.69;9.2;11.95
Ivan Johnson;27;2005;48;30;NYK;PF;63;2103;7.34;31278321;24.21;14.05;28.35
Ivan Johnson;28;2006;49;31;DEN;PF;90;120;6.44;27681336;17.3;7.47;12.39
Ivan Johnson;29;2007;50;32;DEN;SF;77;1953;-30.08;29120130;7.76;7.43;7.6
Ivan Johnson;30;2008;53;33;DEN;SF;54;439;5.95;25722978;16.88;50.70;10.73
Ivan Johnson;31;2009;52;34;DAL;SG;7;148;5.79;25083514;15.47;5.84;10.66
Ivan Johnson;32;2010;53;35;DAL;SG;7;260;6.10;26322475;11.85;5.51;8.68
Ivan Johnson;33;2011;54;36;DAL;SF;19;62;6.28;27041872;15.58;-16.42;8.94
Ivan Johnson;34;2012;55;39;DAL;SF;56;1820;6.07;26202576;7.14;7.41;7.28
Ivan Johnson;35;2013;56;38;DAL;SF;20;367;6.23;26842040;45.72;8.26;10.86
Chubby Cox;1;1979;17;3;DAL;PF;1;30;0.69;4700599;12.45;7.95;10.2
Chubby Cox;2;1980;15;4;SAC;PF;9;385;1.51;7977852;20.21;16.0;18.11
Chubby Cox;3;1981;19;5;PHO;PF;84;1779;2.08;10255942;24.73;3.51;6.74
Chubby Cox;4;1981;19;5;CHA;PF;51;414;2.29;11095239;13.1;5.59;9.35
Chubby Cox;5;1982;20;6;CHA;PF;62;842;0.64;4500766;32.56;8.03;20.3
Chubby Cox;6;1983;21;7;CHA;PF;24;691;1.59;8297584;15.08;12.3;13.69
Chubby Cox;7;1984;22;8;PHO;PF;94;432;2.26;10975339;16.21;12.8;14.51
Chubby Cox;8;1984;22;8;DAL;PF;39;1611;3.44;15691386;16.53;7.16;11.85
Chubby Cox;9;1985;23;9;DAL;PF;20;236;2.90;13533195;11.43;16.49;13.96
Chubby Cox;10;1986;24;10;DAL;PF;62;1425;2.91;13573162;29.4;17.32;23.36
Chubby Cox;11;1986;24;10;WAS;PF;92;311;2.15;10535708;25.54;9.24;17.39
Chubby Cox;12;1987;24;11;WAS;PF;76;3147;2.40;11534870;16.74;48.72;13.63
Chubby Cox;13;1987;25;11;DEN;PF;51;269;2.99;13892894;21.01;9.41;15.21
Chubby Cox;14;1988;26;12;HOU;PF;8;258;1.92;9616478;17.74;11.3;14.52
Chubby Cox;15;1989;27;13;NOH;PF;81;2211;26.91;3381704;23.46;9.23;16.35
Chubby Cox;16;1989;27;13;WAS;PF;54;2061;0.30;3141905;24.36;11.1;17.73
Chubby Cox;17;1990;28;14;WAS;SG;19;131;0.71;4780532;26.87;15.47;21.17
Chubby Cox;18;1990;28;14;GSW;SF;64;1166;2.61;12374167;17.04;3.48;10.26
Chubby Cox;19;1991;29;15;MEM;SF;14;268;4.26;18968639;37.91;1.94;5.23
Chubby Cox;20;1992;30;16;VAN;SF;58;494;4.01;17969477;11.32;11.63;11.48
Chubby Cox;21;1992;30;16;MIL;SF;9;114;2.72;12813798;8.56;-17.92;5.81
Chubby Cox;22;1993;31;17;MEM;SF;58;4;1.16;6579024;12.38;4.94;8.66
Chubby Cox;23;1994;32;18;UTA;SF;2;39;0.54;4101101;18.0;6.51;12.26
Chubby Cox;24;1995;30;19;IND;SF;36;1587;1.16;6579024;14.3;11.27;12.79
Chubby Cox;25;1996;34;20;IND;SF;95;2377;1.35;7338388;7.75;5.56;6.66
Chubby Cox;26;1997;35;21;IND;SF;55;2114;2.28;11055272;14.13;5.23;9.97
Chubby Cox;27;1998;36;22;IND;SF;21;530;2.31;11175172;-10.38;7.79;12.72
Chubby Cox;28;1999;37;23;CHH;SF;28;508;2.56;12174334;14.36;6.63;10.5
Chubby Cox;29;2000;38;24;IND;SF;39;1690;1.80;9136880;11.52;4.73;8.13
Chubby Cox;30;2001;39;25;IND;SG;37;1195;1.72;8817148;17.11;3.32;10.22
Chubby Cox;31;2002;40;26;IND;SF;43;604;1.27;7018656;9.51;9.85;9.68
Chubby Cox;32;2002;40;26;NYK;SF;22;201;2.08;10255942;12.75;2.29;7.52
Chubby Cox;33;2002;40;26;HOU;SF;4;122;2.00;10497159;16.66;14.8;15.73
Chubby Cox;34;2002;40;29;GSW;SF;89;2216;0.64;4500766;7.69;4.38;6.04
Chubby Cox;35;2003;41;25;GSW;PF;74;1642;0.95;5739728;22.01;2.59;12.3
Paul Millsap;1;1979;18;2;GSW;PF;29;767;1.50;7937885;14.52;5.69;10.11
Paul Millsap;2;1979;18;2;ORL;PF;50;423;1.74;8897081;22.33;9.28;15.81
Paul Millsap;3;1979;18;2;MIL;PF;10;376;1.40;7538220;23.49;12.03;17.76
Paul Millsap;4;1980;19;3;MIL;PF;9;153;2.88;13453262;19.47;7.79;13.63
Paul Millsap;5;1981;20;4;MIL;PF;4;131;4.41;19568137;10.96;11.59;11.28
Paul Millsap;6;1982;21;5;MIL;SF;59;1528;4.93;21646395;8.37;2.84;5.61
Paul Millsap;7;1983;22;6;MIL;SF;6;148;3.58;12300526;10.7;5.23;7.97
Paul Millsap;8;1984;23;7;DET;SF;54;1398;4.07;18209276;21.83;4.62;13.23
Paul Millsap;9;1985;24;8;WAS;SF;48;1527;4.27;19008606;8.81;3.65;6.23
Paul Millsap;10;1985;24;8;BOS;SF;17;288;-33.39;20567299;17.15;9.89;13.52
Paul Millsap;11;1986;25;9;BOS;SF;58;213;4.10;11116296;12.96;10.44;11.7
Paul Millsap;12;1987;26;10;BOS;SG;48;3319;4.02;18009443;10.86;0.33;5.6
Paul Millsap;13;1988;27;11;DEN;SG;42;300;2.26;10975339;10.45;5.02;7.74
Paul Millsap;14;1989;28;12;DEN;SG;43;601;1.27;7018656;9.0;2.59;5.8
Paul Millsap;15;1989;28;12;DAL;SG;31;1414;0.63;4460800;6.99;9.31;8.15
Paul Millsap;16;1990;29;13;DAL;C;75;1334;0.69;4700599;4.27;5.94;5.11
Paul Millsap;17;1991;30;14;WAS;SG;33;882;-0.97;768711;14.93;2.82;8.88
Paul Millsap;18;1992;31;15;POR;SG;55;1015;-0.81;844741;12.8;19.75;8.8
Paul Millsap;19;1993;32;16;POR;C;6;190;-1.25;828142;13.76;7.18;10.47
Paul Millsap;20;1994;33;17;POR;SG;3;28;-1.35;622195;4.0;1.33;2.67
Paul Millsap;21;1995;34;18;POR;SG;20;201;-0.37;464149;14.16;3.83;9.0
Paul Millsap;22;1996;35;19;POR;SG;68;1472;0.73;4860465;6.69;5.83;6.26
Paul Millsap;23;1997;36;20;MIA;SG;5;8;0.05;1675896;7.32;4.62;5.97
Paul Millsap;24;1998;37;21;MIA;PF;37;824;-0.33;624015;9.76;4.99;7.38
Paul Millsap;25;1999;38;23;PHO;PF;6;4;-0.50;835008;17.89;3.88;10.89
Paul Millsap;26;2000;39;23;PHO;SG;28;863;-0.06;1703111;12.55;2.95;7.75
Paul Millsap;27;2001;40;24;NOK;PG;32;1530;-1.33;732695;10.95;3.17;6.46
Paul Millsap;28;2002;41;25;PHO;C;90;425;-3.78;670955;7.33;4.7;6.02
Paul Millsap;29;2003;42;21;PHO;PG;49;6116;-2.22;673087;7.05;3.6;5.33
Paul Millsap;30;2004;43;27;SDC;PG;74;1880;-1.00;602490;6.57;2.16;4.37
Paul Millsap;31;2005;44;28;MIL;PG;6;178;-1.44;618233;9.92;2.77;6.35
Paul Millsap;32;2006;45;29;MIL;SG;45;1487;-0.21;1103613;10.79;0.0;5.4
Paul Millsap;33;2007;46;30;PHO;SG;9;401;-38.10;943747;7.26;3.56;5.41
Paul Millsap;34;2008;47;31;PHO;SG;35;72;-0.48;24518;4.14;8.6;6.37
Paul Millsap;35;2009;48;32;PHO;SF;66;-2989;0.71;4780532;15.18;7.68;11.43
Kelvin Cato;1;1978;17;1;HOU;SG;29;1251;-1.64;708156;6.98;4.19;5.59
Kelvin Cato;2;1979;18;2;HOU;SG;62;2758;-0.58;754810;7.64;0.69;4.17
Kelvin Cato;3;1980;19;3;HOU;SG;6;8;1.07;6219326;10.96;5.81;8.39
Kelvin Cato;4;1980;19;3;GSW;SG;52;422;1.06;6179359;11.75;28.73;8.14
Kelvin Cato;5;1981;20;4;SAC;SG;29;1123;2.08;10255942;9.03;8.91;8.97
Kelvin Cato;6;1981;20;4;MIN;SG;26;110;3.18;14652257;8.55;2.51;5.53
Kelvin Cato;7;1982;21;5;MIN;SG;36;666;3.74;16890381;10.65;6.51;8.58
Kelvin Cato;8;1983;22;6;MIN;C;79;2289;4.27;19008606;-6.61;0.22;4.0
Kelvin Cato;9;1984;23;7;MIN;SF;54;1497;5.25;22925323;17.03;8.28;12.66
Kelvin Cato;10;1985;24;8;MIN;PF;44;1950;5.52;24004418;11.77;7.96;9.87
Kelvin Cato;11;1986;25;9;MIN;SG;34;85;4.55;20127668;15.95;13.65;14.8
Kelvin Cato;12;1987;26;10;UTA;PF;37;238;4.28;19776404;16.98;4.97;10.98
Kelvin Cato;13;1988;27;11;IND;PF;67;839;4.70;20727165;20.29;7.91;14.1
Kelvin Cato;14;1989;28;12;GSW;PF;60;136;5.31;23165122;21.63;13.75;17.69
Kelvin Cato;15;1990;29;13;NOH;PF;10;807;5.28;23045222;26.09;9.44;17.77
Kelvin Cato;16;1991;30;14;DEN;SF;86;1456;30.47;19688036;12.74;1.97;7.36
Kelvin Cato;17;1992;31;15;DEN;SF;68;1219;35.87;21246730;12.97;6.14;9.56
Kelvin Cato;18;1993;32;16;DEN;SF;67;-4413;3.53;16051085;10.0;6.2;8.1
Kelvin Cato;19;1993;32;16;MIL;SF;49;1759;4.88;21446562;17.78;-10.35;11.26
Kelvin Cato;20;1994;35;17;KCK;SF;39;894;5.55;24124318;13.67;6.94;10.31
Kelvin Cato;21;1994;33;17;CLE;SF;31;50;5.06;22165959;13.14;6.52;9.83
Kelvin Cato;22;1994;33;17;WAS;SF;18;538;4.86;21366629;9.39;8.18;9.53
Kelvin Cato;23;1995;34;18;WAS;SF;27;212;3.08;14252592;9.15;2.33;5.74
Kelvin Cato;24;1996;35;19;ORL;SF;17;502;2.29;11095239;10.91;53.63;7.53
Kelvin Cato;25;1996;35;19;LAL;PF;13;308;1.31;7178522;24.6;3.44;14.02
Kelvin Cato;26;1997;36;20;LAL;C;67;2793;1.03;6059460;18.13;20.43;19.28
Kelvin Cato;27;1998;37;21;ATL;C;79;1490;0.36;3381704;16.88;12.05;14.47
Kelvin Cato;28;1999;38;22;ATL;PF;27;890;1.26;6978689;18.43;3.3;10.87
Kelvin Cato;29;2000;39;23;ATL;PF;14;646;0.85;5845283;25.66;12.33;19.0
Kelvin Cato;30;2001;40;24;SAS;PF;43;1565;-12.64;5273130;20.33;3.09;6.90
Kelvin Cato;31;2002;41;25;SAS;PF;41;204;1.23;6858790;25.43;6.32;24.89
Kelvin Cato;32;2003;42;26;SAS;SF;53;1292;1.67;8617316;14.67;1.41;8.04
Kelvin Cato;33;2004;43;27;SAS;SF;21;707;1.11;6379192;15.54;6.12;10.83
Kelvin Cato;34;2005;44;28;UTA;SF;31;4018;2.49;11894569;10.81;6.46;8.64
Kelvin Cato;35;2006;45;29;LAC;SF;27;649;2.43;11654770;14.9;10.96;12.93
Gerald Wilkins;1;1979;18;4;UTA;C;77;2592;1.72;8817148;20.73;6.82;13.78
Gerald Wilkins;2;1980;19;5;CLE;C;70;1870;3.59;16290884;18.27;4.56;11.42
Gerald Wilkins;3;1981;20;6;MIN;C;22;582;41.64;18169309;26.55;7.59;17.07
Gerald Wilkins;4;1982;21;7;MIN;C;31;278;3.92;17609778;32.14;18.97;25.56
Gerald Wilkins;5;1983;22;8;GSW;C;20;425;3.40;15531520;29.13;10.35;19.74
Gerald Wilkins;6;1984;23;9;DAL;C;71;1633;3.02;14012793;33.38;6.74;20.06
Gerald Wilkins;7;1985;24;10;CLE;C;17;372;2.78;13053597;10.47;108.51;12.8
Gerald Wilkins;8;1985;24;7;TOR;C;43;546;3.14;14492391;26.74;0.92;13.83
Gerald Wilkins;9;1986;25;11;WAS;SF;43;1073;2.18;10655607;19.02;6.88;12.95
Gerald Wilkins;10;1987;28;12;MIA;SF;74;2288;4.83;21246730;10.77;11.35;11.06
Gerald Wilkins;11;1988;27;13;MIA;SF;54;1345;5.06;22165959;13.83;8.97;11.4
Gerald Wilkins;12;1989;28;14;NJN;SF;34;1221;4.84;21286696;15.38;8.93;12.16
Gerald Wilkins;13;1990;29;15;NJN;SF;79;2152;2.45;11734703;19.06;7.28;13.17
Gerald Wilkins;14;1991;30;16;NJN;SF;60;2671;1.84;9296746;-7.42;6.05;12.4
Gerald Wilkins;15;1992;31;17;NJN;SF;62;638;-28.13;4420833;20.28;0.23;10.26
Gerald Wilkins;16;1993;32;18;NJN;SF;45;2070;1.16;6579024;14.84;34.52;11.79
Gerald Wilkins;17;1994;33;19;NJN;SF;50;1786;1.32;7218488;14.15;1.23;7.69
Gerald Wilkins;18;1995;34;20;NJN;SF;44;1330;0.94;6315410;17.85;3.01;10.43
Gerald Wilkins;19;1995;34;20;NOK;PG;68;2157;-0.11;1503278;6.97;0.98;3.98
Gerald Wilkins;20;1996;35;21;NOK;SG;38;860;-1.20;822582;9.59;4.14;6.87
Gerald Wilkins;21;1997;36;22;NYK;SG;63;1883;-0.80;622470;7.67;2.77;5.22
Gerald Wilkins;22;1998;37;23;DEN;SG;27;349;-1.37;955897;11.23;5.06;8.15
Gerald Wilkins;23;1998;37;23;NYK;SG;47;424;-2.16;745865;14.55;4.32;9.44
Gerald Wilkins;24;1999;38;24;NYK;SG;12;115;21.07;976730;3.68;8.05;10.2
Gerald Wilkins;25;2000;39;25;NYK;SG;28;641;-2.84;681117;14.4;5.24;9.82
Gerald Wilkins;26;2001;40;26;GSW;SG;60;8135;-1.54;611340;11.51;5.83;8.67
Gerald Wilkins;27;2002;41;27;GSW;PG;20;425;-1.64;1511306;8.53;1.19;4.86
Gerald Wilkins;28;2003;42;28;CLE;PG;39;640;-3.00;612749;12.53;1.96;7.25
Gerald Wilkins;29;2004;43;29;IND;PG;24;974;-3.00;889099;5.7;0.22;2.96
Gerald Wilkins;30;2005;44;30;IND;SG;65;2931;-2.87;941661;13.59;7.83;13.91
Gerald Wilkins;31;2005;44;30;CHI;PG;45;584;-3.00;839805;4.65;2.07;3.36
Gerald Wilkins;32;2006;45;31;CHI;PG;80;2641;-3.00;907790;8.77;4.94;6.86
Gerald Wilkins;33;2007;46;32;CHI;PG;37;1594;-2.99;1395446;7.18;1.3;4.24
Gerald Wilkins;34;2008;47;33;CHI;PG;26;100;-2.50;722695;11.41;1.45;6.43
Gerald Wilkins;35;2009;48;34;SAS;PG;9;135;-1.84;938998;5.76;3.48;4.62
Lorenzo Williams;1;1979;18;4;SAS;PG;9;238;1.37;7418321;10.94;3.37;7.16
Lorenzo Williams;2;1980;15;5;SAS;PG;2;68;2.12;10415808;9.69;3.58;6.64
Lorenzo Williams;3;1981;20;6;SAS;PF;4;170;1.99;8920124;8.32;2.5;5.41
Lorenzo Williams;4;1982;21;7;SAS;PG;70;2215;2.95;13733028;14.8;4.62;9.71
Lorenzo Williams;5;1983;22;8;SAS;PG;2;83;2.49;11894569;13.23;3.08;8.16
Lorenzo Williams;6;1983;22;8;WAS;PG;26;563;1.92;9616478;7.13;1.08;4.11
Lorenzo Williams;7;1984;26;9;WAS;PG;9;179;3.42;15611453;10.75;4.42;7.59
Lorenzo Williams;8;1985;24;10;POR;PG;34;168;3.36;15371654;7.3;0.02;3.66
Lorenzo Williams;9;1986;25;11;POR;PG;57;1126;2.79;13093564;11.25;3.16;7.21
Lorenzo Williams;10;1987;26;12;BOS;PG;16;618;1.89;9496579;6.75;3.5;5.13
Lorenzo Williams;11;1988;27;13;BOS;PG;27;5;-32.38;13373329;8.66;1.62;5.14
Lorenzo Williams;12;1989;28;14;BOS;PG;30;1193;4.29;19088539;5.89;-1.71;3.43
Lorenzo Williams;13;1990;29;15;BOS;PG;49;587;6.04;26082676;4.33;0.72;2.53
Lorenzo Williams;14;1991;30;16;BOS;PG;1;15;5.37;15002293;7.52;4.55;6.04
Lorenzo Williams;15;1992;31;17;DAL;PG;75;1379;15.71;22445725;5.84;3.48;4.66
Lorenzo Williams;16;1992;31;17;DEN;PG;33;715;5.11;22365792;9.97;0.02;5.0
Lorenzo Williams;17;1993;32;18;DAL;PG;60;278;4.80;21126830;12.09;2.46;7.28
Lorenzo Williams;18;1994;33;19;DAL;PG;50;92;4.31;19168472;5.53;4.28;4.91
Lorenzo Williams;19;1994;33;19;NJN;PG;21;831;4.36;19368304;6.68;0.13;3.41
Lorenzo Williams;20;1995;34;20;PHI;PG;14;172;4.31;19168472;5.9;2.36;4.13
Lorenzo Williams;21;1996;35;21;PHI;PG;35;247;3.33;15251755;10.16;3.48;6.82
Lorenzo Williams;22;1997;33;22;LAC;PG;72;2243;2.05;10136042;10.13;3.92;7.03
Lorenzo Williams;23;1998;37;23;LAL;PG;30;1279;1.85;9336713;5.32;3.11;4.22
Lorenzo Williams;24;1999;38;24;LAL;PG;36;74;1.29;7098589;10.33;3.14;6.74
Lorenzo Williams;25;2000;34;25;LAL;PG;32;488;0.23;2862140;7.73;2.86;5.3
Lorenzo Williams;26;2001;40;26;LAL;PG;56;1021;-0.09;1583211;5.21;3.2;4.21
Lorenzo Williams;27;2002;41;27;PHO;PG;52;3429;-0.37;464149;9.0;5.27;7.14
Lorenzo Williams;28;2003;42;28;PHO;PG;69;164;0.12;2422508;11.84;1.01;6.43
Lorenzo Williams;29;2004;43;29;CHA;PG;65;894;-1.45;656997;7.28;2.02;4.65
Lorenzo Williams;30;2005;44;30;CHO;PG;24;408;-2.25;812171;6.38;2.72;4.55
Lorenzo Williams;31;2006;45;31;CHO;PG;14;1946;-3.00;887227;14.22;2.25;8.24
Lorenzo Williams;32;2007;46;32;CLE;SG;21;616;-3.00;834535;-12.59;1.18;3.77
Lorenzo Williams;33;2007;46;32;IND;SG;81;1458;-3.00;800452;7.25;4.98;6.12
Lorenzo Williams;34;2008;47;33;IND;SG;62;4933;-3.00;909467;10.18;7.47;8.83
Lorenzo Williams;35;2009;48;34;IND;SG;80;493;-2.99;809612;6.53;7.27;6.9
Vonteego Cummings;1;1979;18;2;IND;C;67;779;1.62;8417483;12.93;14.56;13.75
Vonteego Cummings;2;1980;19;3;IND;C;36;1164;1.51;7977852;26.27;11.82;19.05
Vonteego Cummings;3;1981;20;4;IND;PF;65;1681;43.24;16658787;22.1;9.14;15.62
Vonteego Cummings;4;1982;21;5;IND;PF;11;108;30.44;11135205;17.31;9.09;13.2
Vonteego Cummings;5;1983;22;6;MIA;PF;7;270;1.36;7378354;10.68;5.19;7.94
Vonteego Cummings;6;1984;20;7;PHI;PF;29;1066;0.61;4380867;28.35;8.57;18.46
Vonteego Cummings;7;1985;24;8;GSW;PF;73;291;-0.02;1862977;14.16;5.79;9.98
Vonteego Cummings;8;1986;25;9;HOU;PF;43;1443;1.61;8377517;10.39;9.32;9.86
Vonteego Cummings;9;1987;26;10;MIN;PF;63;2421;2.60;12334200;11.53;5.33;8.43
Vonteego Cummings;10;1988;27;10;LAC;PF;64;33;2.37;11414971;17.62;16.96;17.29
Vonteego Cummings;11;1989;28;9;GSW;PF;49;1578;2.41;11574837;15.71;8.34;2.76
Vonteego Cummings;12;1990;29;13;GSW;PF;32;560;0.83;5260130;10.96;9.38;10.17
Vonteego Cummings;13;1991;30;14;DET;PF;76;1858;0.98;5859627;15.57;10.36;12.97
Vonteego Cummings;14;1992;31;15;BOS;PF;76;857;0.41;3581537;16.66;9.64;13.15
Vonteego Cummings;15;1993;32;16;CLE;PF;17;206;0.31;3181872;23.65;13.16;18.41
Vonteego Cummings;16;1994;33;17;CLE;PF;68;2879;0.73;4860465;-21.67;12.71;15.33
Vonteego Cummings;17;1995;34;18;PHI;PF;14;656;0.82;5220163;19.2;14.99;14.59
Vonteego Cummings;18;1996;35;19;DET;PF;28;265;2.19;14408942;23.86;10.16;17.01
Vonteego Cummings;19;1997;31;20;DET;PF;43;413;2.57;12214301;22.69;10.42;16.56
Vonteego Cummings;20;1997;36;20;TOR;PF;21;819;3.27;15011956;18.64;8.72;13.68
Vonteego Cummings;21;1998;37;21;TOR;PF;23;338;3.36;15371654;23.08;10.18;16.63
Vonteego Cummings;22;1999;38;22;TOR;PF;41;1611;3.82;17210113;18.11;15.6;16.86
Vonteego Cummings;23;1999;37;22;NJN;PF;44;1860;2.60;12334200;18.4;7.79;13.1
Vonteego Cummings;24;2000;39;23;CLE;PF;85;622;3.29;15091889;17.74;11.39;14.57
Vonteego Cummings;25;2001;40;24;CLE;C;32;463;3.70;16730515;23.05;10.89;16.97
Vonteego Cummings;26;2002;41;25;PHI;C;25;131;-5.63;12613966;26.15;11.81;18.98
Vonteego Cummings;27;2003;42;26;PHI;C;10;72;1.97;9816311;32.95;0.61;16.78
Vonteego Cummings;28;2004;43;27;PHI;C;39;1197;1.41;6608887;32.04;17.72;24.88
Vonteego Cummings;29;2005;44;28;PHI;C;44;1296;1.68;8657282;28.91;1.6;15.26
Vonteego Cummings;30;2006;45;29;KCK;C;75;1276;2.46;11774669;22.53;12.27;17.4
Vonteego Cummings;31;2006;45;29;MIN;C;87;314;2.69;12693899;28.89;17.0;22.95
Vonteego Cummings;32;2007;46;30;MIN;C;17;765;1.48;7857952;20.73;1.7;11.22
Vonteego Cummings;33;2008;48;31;MIN;PF;53;2271;1.40;7538220;10.69;10.59;10.64
Vonteego Cummings;34;2009;48;32;MIN;PF;50;119;0.68;4660632;16.89;14.99;15.94
Vonteego Cummings;35;2010;49;34;MIN;C;63;1826;-0.12;1463312;23.55;21.74;22.65
Von Wafer;1;1979;19;1;MIN;SF;80;3363;2.30;11135205;6.27;2.7;4.49
Von Wafer;2;1980;20;2;DET;SF;79;1751;3.23;14852090;18.47;6.82;12.65
Von Wafer;3;1981;21;3;DET;SF;50;143;4.82;21206763;12.23;4.26;8.25
Von Wafer;4;1982;22;4;BRK;PG;86;892;5.69;24683849;17.33;4.49;10.91
Von Wafer;5;1983;23;5;SAS;SF;3;79;6.63;28440700;17.98;1.17;9.58
Von Wafer;6;1984;24;6;SDC;SF;27;1039;6.60;28320800;9.7;3.92;6.81
Von Wafer;7;1984;24;6;DEN;SF;38;557;7.27;30998556;15.33;10.93;13.13
Von Wafer;8;1985;25;7;DEN;SG;31;21;7.65;32517283;8.57;1.59;5.08
Von Wafer;9;1986;26;8;DEN;SG;5;114;5.92;25603078;10.33;3.97;7.15
Von Wafer;10;1987;27;9;DEN;SF;7;145;6.29;27081839;18.45;10.02;14.24
Von Wafer;11;1987;27;9;DEN;SF;28;246;6.68;28640532;19.96;4.54;12.25
Von Wafer;12;1988;28;10;SEA;SF;32;633;6.50;27921135;19.48;-36.91;15.15
Von Wafer;13;1989;29;11;SEA;SF;23;424;4.66;20567299;12.23;4.78;8.51
Von Wafer;14;1990;30;12;MEM;SF;23;508;5.87;25403246;10.86;5.69;8.28
Von Wafer;15;1990;30;12;NJN;SF;17;361;6.44;27681336;63.55;9.7;11.17
Von Wafer;16;1991;31;13;NJN;SF;4;61;6.26;26961939;12.63;11.46;12.05
Von Wafer;17;1992;32;14;SAC;SF;5;20;6.33;18181473;9.09;4.56;6.83
Von Wafer;18;1993;33;15;UTA;SG;45;121;47.78;14647617;7.63;2.52;5.08
Von Wafer;19;1994;34;17;ATL;SF;78;1938;5.29;23085189;18.98;1.83;10.41
Von Wafer;20;1995;35;17;ATL;SF;35;4;4.21;18768807;8.33;-26.32;7.64
Von Wafer;21;1996;36;18;ATL;SF;47;115;3.79;17090214;6.71;5.75;6.62
Von Wafer;22;1997;37;19;ATL;PF;6;252;5.64;24484016;16.81;14.26;15.54
Von Wafer;23;1998;38;20;ATL;PF;15;718;3.92;17609778;15.32;9.19;12.26
Von Wafer;24;1998;38;21;NYK;PF;2;64;5.56;24164284;17.2;6.36;11.78
Von Wafer;25;1999;39;21;NYK;PF;45;750;4.54;19335970;21.8;8.93;15.37
Von Wafer;26;2000;40;22;NYK;PF;40;975;17.41;22445725;20.64;9.68;15.16
Von Wafer;27;2001;44;23;NYK;PF;55;1632;4.78;21046897;15.21;6.92;11.07
Von Wafer;28;2002;42;24;NYK;PF;21;661;3.78;17050247;10.19;9.66;9.93
Von Wafer;29;2003;42;25;NYK;PF;91;285;3.63;16450750;21.98;10.69;16.34
Von Wafer;30;2004;47;26;NYK;PF;7;257;-18.47;7458287;21.37;1.95;11.66
Von Wafer;31;2005;44;27;NYK;PF;78;1350;0.49;3901269;16.76;5.59;11.18
Von Wafer;32;2006;46;28;NOH;PF;6;-180;0.05;2142743;12.0;8.87;10.44
Von Wafer;33;2006;46;28;DAL;PF;8;347;0.05;2142743;10.59;-11.62;10.26
Von Wafer;34;2007;47;29;DAL;PF;8;224;-0.28;823848;25.98;6.59;16.29
Von Wafer;35;2008;48;30;DAL;PF;23;648;0.33;3261805;23.69;6.23;14.96
Jerome James;1;1979;19;1;DAL;SF;2;87;-0.01;1902943;9.96;5.17;7.57
Jerome James;2;1980;20;2;DAL;SF;62;2072;-0.47;64484;15.97;8.17;12.07
Jerome James;3;1981;21;3;DAL;SF;39;103;-0.97;637107;15.03;3.02;8.64
Jerome James;4;1981;21;3;PHO;PF;7;1;-0.95;965382;15.83;13.86;14.85
Jerome James;5;1982;22;6;PHO;PF;31;1429;1.15;6539058;17.63;4.41;11.02
Jerome James;6;1982;22;4;DAL;C;94;1923;1.09;6299259;27.94;10.23;19.09
Jerome James;7;1982;22;4;NOH;C;42;35;2.54;12094401;16.87;5.24;11.06
Jerome James;8;1983;23;5;NOH;PF;24;60;37.05;19208438;20.42;5.03;12.73
Jerome James;9;1984;24;6;NOH;PF;25;1038;5.47;23804586;14.46;4.13;9.3
Jerome James;10;1985;25;7;NOH;PF;45;1394;4.88;21446562;14.65;17.14;21.89
Jerome James;11;1986;27;8;PHI;PF;29;970;4.26;18968639;20.9;4.35;12.63
Jerome James;12;1987;27;9;SAC;PF;74;2199;4.43;19648070;15.91;11.59;13.75
Jerome James;13;1987;27;9;CHI;PF;8;324;3.88;12009670;31.36;9.86;20.61
Jerome James;14;1988;28;10;CHI;PF;47;1983;4.24;18888706;19.14;4.66;11.9
Jerome James;15;1989;32;11;CHI;PF;24;1036;-27.03;18608941;17.62;10.07;13.85
Jerome James;16;1990;30;12;CHI;PF;32;1393;18.91;19927835;14.93;7.97;6.27
Jerome James;17;1991;31;13;IND;PF;28;636;4.58;20247567;15.78;4.48;10.13
Jerome James;18;1992;32;14;IND;PF;80;2564;4.41;19568137;12.49;7.42;9.96
Jerome James;19;1992;32;14;MIL;PF;72;1246;5.99;25882844;20.53;12.73;16.63
Jerome James;20;1993;33;16;VAN;PF;10;414;6.35;27321638;21.67;5.66;13.67
Jerome James;21;1994;34;16;CHH;PF;30;969;6.10;26322475;16.06;3.75;9.91
Jerome James;22;1995;35;17;ORL;PF;47;394;6.55;28120968;15.31;10.32;12.82
Jerome James;23;1996;36;18;ORL;PF;5;52;6.05;26122643;14.65;11.14;12.9
Jerome James;24;1997;37;19;IND;PF;53;745;5.19;22685524;18.4;14.04;16.22
Jerome James;25;1998;36;20;BOS;PF;30;1174;4.33;19248405;14.43;16.61;15.52
Jerome James;26;1999;39;21;BOS;PF;44;1092;3.03;14052760;14.78;11.75;13.27
Jerome James;27;2000;40;22;BRK;SF;51;2021;2.69;12693899;13.95;2.57;8.26
Jerome James;28;2001;41;23;BRK;SF;91;86;1.66;8577349;13.22;10.41;11.82
Jerome James;29;2001;41;21;MIN;SF;71;2797;1.72;8817148;8.12;4.73;6.43
Jerome James;30;2002;42;24;MIN;SF;76;242;1.30;7138555;15.54;4.38;9.96
Jerome James;31;2003;43;25;DEN;SF;30;1275;1.00;5939560;10.88;-21.92;6.9
Jerome James;32;2004;44;26;DEN;SF;45;913;1.31;7178522;16.98;8.45;12.72
Jerome James;33;2005;45;27;DEN;SG;8;85;2.19;7793919;10.42;3.92;7.17
Jerome James;34;2006;46;28;DEN;PF;18;688;2.31;11175172;4.87;1.72;3.3
Jerome James;35;2006;46;28;POR;SG;36;311;2.34;11295071;7.34;9.12;8.23
Kalin Lucas;1;1979;17;3;POR;SF;65;621;-2.15;868041;23.09;7.08;15.09
Kalin Lucas;2;1980;18;4;MIL;SF;40;1721;-2.25;976238;13.65;6.57;10.11
Kalin Lucas;3;1981;19;5;MIL;SF;79;708;-2.27;618644;16.87;4.53;10.7
Kalin Lucas;4;1981;19;5;ORL;SF;67;75;-2.47;754373;12.68;32.20;7.57
Kalin Lucas;5;1982;20;6;LAL;SF;21;339;-1.67;629708;10.22;1.92;6.07
Kalin Lucas;6;1983;21;7;LAL;SF;58;1985;-1.97;612617;20.67;9.04;10.99
Kalin Lucas;7;1984;22;8;LAL;SF;62;652;-1.74;636976;21.18;11.26;16.22
Kalin Lucas;8;1985;23;9;CHA;SF;79;1724;-3.00;691558;11.56;4.4;7.98
Kalin Lucas;9;1986;24;10;CHA;SF;32;1420;-2.17;636370;19.35;3.58;11.47
Kalin Lucas;10;1987;25;11;CHA;PG;36;1130;-2.32;728103;11.05;11.28;11.17
Kalin Lucas;11;1987;25;12;PHO;SF;26;119;-2.28;739537;9.63;3.83;6.73
Kalin Lucas;12;1988;26;12;PHO;SF;11;487;-3.00;971557;9.24;4.77;7.01
Kalin Lucas;13;1989;27;13;PHO;SF;28;455;-3.00;997281;10.81;12.61;11.71
Kalin Lucas;14;1990;28;14;PHO;SF;70;2530;-3.00;925370;12.94;8.88;10.91
Kalin Lucas;15;1990;28;14;CLE;PG;6;69;-3.00;676379;8.9;9.57;9.24
Kalin Lucas;16;1991;27;15;MEM;PF;52;1583;-18.91;758504;14.64;4.51;9.58
Kalin Lucas;17;1992;30;16;CLE;PF;55;1858;-2.34;758940;15.84;16.15;16.0
Kalin Lucas;18;1993;31;17;DAL;PF;25;85;-2.71;781057;17.54;9.49;13.52
Kalin Lucas;19;1994;32;18;DAL;PF;57;1080;-2.44;745421;18.69;6.03;12.36
Kalin Lucas;20;1995;34;19;DAL;PF;60;1341;-2.93;646426;23.03;7.5;15.27
Kalin Lucas;21;1996;34;20;DAL;PF;48;262;-2.62;716809;22.33;7.28;14.81
Kalin Lucas;22;1997;35;21;DAL;PF;10;47;19.32;151271;12.38;9.1;10.74
Kalin Lucas;23;1998;36;22;MIL;PF;23;317;-2.49;973004;15.92;4.99;10.46
Kalin Lucas;24;1998;36;22;CHI;PF;67;544;-3.00;247186;9.3;6.9;8.1
Kalin Lucas;25;1999;37;23;HOU;PF;26;1212;-3.00;793247;21.96;5.81;13.89
Kalin Lucas;26;2000;38;24;HOU;PF;22;88;-3.00;734417;21.14;2.8;11.97
Kalin Lucas;27;2001;36;25;HOU;PF;46;1828;36.33;642161;15.38;6.09;8.12
Kalin Lucas;28;2002;40;26;HOU;PF;93;1674;-0.99;627775;16.78;10.1;13.44
Kalin Lucas;29;2003;42;27;HOU;C;40;366;1.38;7458287;22.38;2.05;12.22
Kalin Lucas;30;2004;42;28;BOS;C;75;582;2.59;12294234;29.55;17.72;23.64
Kalin Lucas;31;2005;43;29;LAC;C;61;492;2.40;11534870;16.21;7.79;12.0
Kalin Lucas;32;2006;44;30;SAC;C;60;2592;2.35;11335038;12.18;8.58;10.38
Kalin Lucas;33;2007;45;31;IND;C;36;912;1.99;9896244;25.79;4.66;15.23
Kalin Lucas;34;2008;46;32;IND;C;46;517;2.26;10975339;24.46;20.77;22.62
Kalin Lucas;35;2009;47;33;IND;C;47;1814;2.21;10775507;22.25;19.64;20.95
C.J. Watson;1;1979;21;1;NYK;SF;44;1090;1.19;6698924;17.37;3.33;10.35
C.J. Watson;2;1980;22;2;NYK;SF;10;72;1.78;9056947;15.35;7.48;11.42
C.J. Watson;3;1981;23;3;DEN;SF;28;324;1.68;8657282;12.35;9.29;10.82
C.J. Watson;4;1981;23;3;GSW;SF;56;876;0.71;4780532;14.85;2.85;8.85
C.J. Watson;5;1982;24;4;GSW;SF;80;2227;0.07;2222676;9.4;10.17;9.79
C.J. Watson;6;1983;25;5;CLE;PG;78;1492;0.79;5100264;12.22;10.32;11.27
C.J. Watson;7;1984;26;6;PHI;PF;22;347;-0.46;104451;27.39;35.31;16.09
C.J. Watson;8;1985;27;7;PHI;PF;43;212;-0.08;1623178;8.68;10.88;9.78
C.J. Watson;9;1986;28;8;PHI;PF;65;2368;17.33;4580699;20.21;7.42;13.82
C.J. Watson;10;1987;29;9;SAC;C;22;896;0.59;4300934;25.87;11.7;18.79
C.J. Watson;11;1988;30;10;PHI;C;77;1565;0.70;4740565;13.82;2.67;8.25
C.J. Watson;12;1989;31;11;PHI;C;8;241;0.46;3781369;107.94;12.26;18.98
C.J. Watson;13;1990;32;13;DEN;C;9;9;0.68;4660632;16.57;20.4;18.49
C.J. Watson;14;1991;33;13;DEN;C;63;2478;3.01;13972827;21.09;9.79;15.44
C.J. Watson;15;1992;34;14;TOR;C;67;1407;3.73;16850415;23.36;2.88;13.12
C.J. Watson;16;1993;35;16;SAC;PF;42;857;4.67;20607266;-26.48;7.97;11.33
C.J. Watson;17;1994;36;16;CLE;PF;39;1550;6.34;27281671;30.99;10.73;20.86
C.J. Watson;18;1995;37;17;CLE;C;16;121;5.36;23364954;23.94;0.14;12.04
C.J. Watson;19;1996;38;18;ATL;C;33;1571;4.38;19448237;17.17;-46.38;21.24
C.J. Watson;20;1997;39;19;ATL;C;74;105;4.28;19048572;17.73;16.55;17.14
C.J. Watson;21;1997;39;19;POR;C;12;416;4.37;10922400;20.98;4.16;12.57
C.J. Watson;22;1997;39;19;TOR;C;13;287;4.20;18728840;17.49;15.8;16.65
C.J. Watson;23;1997;39;19;MIA;C;42;1655;3.39;15491554;11.0;27.51;19.26
C.J. Watson;24;1998;40;20;PHO;C;51;521;1.85;9336713;23.86;14.43;10.09
C.J. Watson;25;1999;41;21;PHO;C;6;231;2.14;10495741;20.11;9.11;14.61
C.J. Watson;26;2000;42;22;GSW;C;71;3263;0.92;5619828;44.63;22.02;33.33
C.J. Watson;27;2001;43;23;GSW;C;14;617;0.38;3461637;19.15;22.52;20.84
C.J. Watson;28;2002;44;24;GSW;C;64;2289;-0.13;1423345;32.71;16.01;24.36
C.J. Watson;29;2003;45;25;DET;C;49;579;-2.01;971529;18.36;13.47;15.92
C.J. Watson;30;2004;46;26;DET;C;77;1785;-2.17;977324;22.9;3.78;13.34
C.J. Watson;31;2005;47;27;DET;C;50;-4254;-1.43;747244;14.12;4.18;9.15
C.J. Watson;32;2006;48;28;DET;C;24;2562;-1.84;912564;19.54;6.5;6.47
C.J. Watson;33;2007;49;29;DET;C;56;389;-2.58;624411;87.02;9.08;13.38
C.J. Watson;34;2008;50;30;ORL;C;22;293;-3.00;801599;6.29;19.74;23.3
C.J. Watson;35;2009;51;31;NOJ;SF;46;1884;48.65;875091;6.23;1.55;3.89
Jameer Nelson;1;1979;19;1;UTA;C;44;2015;-0.17;1263479;18.49;13.18;15.84
Jameer Nelson;2;1980;20;2;UTA;SG;51;1460;0.14;2502441;7.23;4.18;5.71
Jameer Nelson;3;1981;21;3;UTA;PG;18;224;0.51;3981202;13.46;1.39;7.43
Jameer Nelson;4;1982;22;4;UTA;SG;44;1926;0.23;2862140;6.37;6.5;6.44
Jameer Nelson;5;1983;23;5;UTA;SG;50;627;1.16;6579024;11.76;5.14;8.45
Jameer Nelson;6;1984;24;6;PHI;SG;43;1653;1.18;6658957;31.62;0.82;4.32
Jameer Nelson;7;1984;24;6;MIN;SG;48;1266;-0.32;663982;15.17;1.01;8.09
Jameer Nelson;8;1985;25;7;MIN;SG;44;1697;-0.07;1663144;11.31;6.85;9.08
Jameer Nelson;9;1986;26;8;SAS;SG;80;1842;0.49;3901269;12.3;2.4;7.35
Jameer Nelson;10;1986;26;10;SAS;SG;31;1309;-0.41;237598;7.31;4.34;5.83
Jameer Nelson;11;1987;27;9;NYK;SG;13;442;-0.97;622537;12.84;4.0;8.42
Jameer Nelson;12;1988;28;10;NYK;SG;4;177;-2.69;881018;12.42;5.36;8.89
Jameer Nelson;13;1989;29;11;SEA;SF;61;752;-3.00;931151;11.97;8.53;10.25
Jameer Nelson;14;1990;30;12;SEA;SF;6;112;-2.34;722011;15.83;6.54;11.19
Jameer Nelson;15;1991;31;13;SEA;SF;12;-88;-3.00;721597;9.54;3.95;6.75
Jameer Nelson;16;1992;32;14;NOK;SF;41;599;-3.00;880387;18.69;6.55;12.62
Jameer Nelson;17;1993;33;15;SEA;PF;37;1496;-3.00;763589;20.88;6.84;13.86
Jameer Nelson;18;1994;34;15;NJN;PF;58;2199;-3.00;808620;10.41;8.34;9.38
Jameer Nelson;19;1995;35;17;NJN;PF;44;539;-2.68;627884;13.92;13.0;13.46
Jameer Nelson;20;1996;36;18;NJN;PF;61;332;-1.52;837910;25.53;4.02;14.78
Jameer Nelson;21;1997;37;19;MIA;PF;39;2;-2.32;634999;15.38;8.73;12.06
Jameer Nelson;22;1998;38;20;MIA;PF;60;132;-0.88;616102;21.09;8.78;14.94
Jameer Nelson;23;1998;38;20;LAC;PF;25;989;-1.71;626018;23.74;6.51;15.13
Jameer Nelson;24;1999;39;21;LAC;PF;22;497;-0.49;119127;21.06;9.48;15.27
Jameer Nelson;25;1999;39;21;PHI;SF;43;858;-1.08;898859;9.84;6.97;8.41
Jameer Nelson;26;2000;40;22;PHI;SF;80;1764;-0.99;905872;10.32;12.82;11.57
Jameer Nelson;27;2001;41;23;PHI;SF;11;393;-1.03;865462;11.3;4.4;7.85
Jameer Nelson;28;2002;42;24;PHI;SF;75;2035;-1.63;941793;16.69;8.91;12.8
Jameer Nelson;29;2002;42;24;PHI;SF;44;1058;-1.58;733191;14.18;4.29;9.24
Jameer Nelson;30;2003;43;25;DET;SF;14;310;-3.00;603942;16.8;10.99;13.9
Jameer Nelson;31;2004;43;26;MIL;PG;81;1112;-3.00;922688;11.38;0.36;5.87
Jameer Nelson;32;2005;45;27;MIL;SF;18;255;19.36;686009;8.66;7.29;7.98
Jameer Nelson;33;2006;46;28;MIL;SF;44;696;-1.86;-89097;8.61;10.24;9.43
Jameer Nelson;34;2007;47;29;MIL;SF;63;755;20.39;718414;9.44;8.51;8.98
Jameer Nelson;35;2008;48;30;MIL;SF;28;427;-2.63;883506;17.13;7.43;12.28
Andre Turner;1;1979;19;2;MIL;PG;40;1365;1.45;7738053;9.96;0.85;5.41
Andre Turner;2;1980;20;3;MIL;PG;52;1840;1.61;8377517;13.95;-1.26;8.28
Andre Turner;3;1981;21;4;MIL;PG;59;2211;1.26;6978689;8.94;4.24;6.59
Andre Turner;4;1982;22;5;PHI;PG;66;571;2.77;13013631;9.92;1.67;5.8
Andre Turner;5;1982;22;5;PHI;PG;75;2823;24.86;21686361;9.04;2.69;5.87
Andre Turner;6;1982;18;5;MIA;PG;63;696;6.92;29599728;9.2;0.65;4.93
Andre Turner;7;1983;23;6;UTA;PG;42;366;7.72;32797048;6.17;2.23;4.2
Andre Turner;8;1984;24;7;ATL;SG;18;379;8.18;34635507;10.8;5.17;7.99
Andre Turner;9;1985;25;8;ATL;SG;72;1822;8.87;37393196;11.56;7.71;9.64
Andre Turner;10;1986;26;9;ATL;SG;72;3060;10.18;42628807;10.22;4.11;7.17
Andre Turner;11;1987;27;10;ATL;SG;28;1335;8.10;34315775;59.20;2.62;9.11
Andre Turner;12;1988;28;11;ATL;SG;57;2161;8.20;34715440;11.69;3.09;7.39
Andre Turner;13;1989;29;12;DAL;SG;32;345;8.43;35634670;8.54;2.96;5.75
Andre Turner;14;1990;30;15;DAL;SF;4;44;9.00;37912760;11.85;12.21;12.03
Andre Turner;15;1991;31;14;BUF;SF;3;29;7.97;33796211;9.15;8.69;8.92
Andre Turner;16;1992;32;15;LAC;SF;42;1228;7.03;30039360;20.61;-14.61;14.93
Andre Turner;17;1993;33;16;LAC;SF;32;1193;5.96;25762944;13.53;7.6;10.57
Andre Turner;18;1993;33;16;UTA;SF;86;1676;5.89;25955051;20.76;0.94;10.85
Andre Turner;19;1994;34;17;UTA;SG;54;251;32.92;19767969;8.07;8.89;8.48
Andre Turner;20;1995;35;18;DEN;C;45;736;3.82;8645593;13.9;4.99;9.45
Andre Turner;21;1996;36;19;ATL;SF;78;4849;4.18;18648907;6.3;11.31;8.81
Andre Turner;22;1996;36;19;DET;PF;76;1219;3.70;16730515;58.26;6.54;12.29
Andre Turner;23;1997;37;20;DET;PF;54;1498;3.95;17729678;20.26;15.24;17.75
Andre Turner;24;1997;37;20;SAS;PF;43;1823;3.78;17050247;17.63;7.55;9.53
Andre Turner;25;1998;38;21;SAS;PF;44;563;4.69;20687199;18.11;9.18;13.65
Andre Turner;26;1999;39;22;SAS;PF;31;1384;3.75;16930348;15.96;8.74;12.35
Andre Turner;27;2000;40;23;DEN;SF;8;104;4.83;21246730;11.14;6.08;8.61
Andre Turner;28;2001;41;24;DEN;SF;38;-566;6.04;26082676;16.54;22.02;10.42
Andre Turner;29;2002;38;25;DEN;SF;20;572;6.17;26602241;8.42;4.42;6.42
Andre Turner;30;2002;42;25;VAN;SF;62;1804;5.97;25802911;15.71;6.97;11.34
Andre Turner;31;2003;43;26;WAS;PF;54;3474;4.03;18049410;15.99;1.7;8.85
Andre Turner;32;2003;43;26;HOU;SF;54;-3362;4.09;18289209;10.24;7.75;9.0
Andre Turner;33;2004;44;30;HOU;PF;4;45;4.24;18888706;8.37;5.9;7.14
Andre Turner;34;2005;41;28;HOU;PG;72;368;5.94;25683011;28.9;52.71;19.70
Andre Turner;35;2005;45;28;CHI;PF;16;97;5.18;22645557;14.3;10.0;12.15
Jerry Eaves;1;1979;22;4;CHI;PG;21;821;1.83;9256780;4.51;3.57;4.04
Jerry Eaves;2;1980;23;5;CHI;SG;67;2916;1.67;8617316;13.76;8.07;10.92
Jerry Eaves;3;1981;24;6;CHI;SG;75;2055;1.21;6778857;9.96;3.58;6.77
Jerry Eaves;4;1982;25;7;CHI;SG;62;1302;1.78;9056947;8.41;7.78;8.1
Jerry Eaves;5;1983;26;8;WAS;PF;36;1027;2.45;11734703;9.61;3.42;6.52
Jerry Eaves;6;1984;30;9;WAS;SG;9;23;1.21;6778857;5.46;1.26;3.36
Jerry Eaves;7;1985;28;10;WAS;SG;48;1241;0.15;2542408;9.69;5.58;7.64
Jerry Eaves;8;1986;29;11;WAS;SG;55;935;1.16;6579024;8.59;0.27;4.43
Jerry Eaves;9;1987;30;12;WAS;SG;16;624;1.43;7658120;11.9;0.8;6.35
Jerry Eaves;10;1987;30;12;PHO;SG;77;1748;2.36;11375004;16.55;7.41;11.98
Jerry Eaves;11;1988;31;13;PHO;SF;32;1040;1.65;8537383;20.81;6.66;13.74
Jerry Eaves;12;1989;32;14;DAL;SF;41;80;1.19;6698924;10.32;5.59;7.96
Jerry Eaves;13;1990;33;15;DAL;PF;61;2447;0.80;5793976;26.75;5.75;16.25
Jerry Eaves;14;1991;34;16;DAL;PF;86;94;1.03;6059460;20.91;8.53;14.72
Jerry Eaves;15;1992;35;17;DAL;PF;38;637;1.50;7937885;21.83;-5.31;17.92
Jerry Eaves;16;1993;31;18;DAL;PF;20;552;1.99;9896244;10.06;6.68;8.37
Jerry Eaves;17;1994;37;19;DAL;PF;31;269;0.73;4860465;10.49;11.59;20.57
Jerry Eaves;18;1995;38;20;MIN;SF;91;916;1.57;8217651;13.86;1.0;7.43
Jerry Eaves;19;1996;39;21;MIN;SF;9;211;1.29;7098589;9.99;8.02;9.01
Jerry Eaves;20;1997;40;22;MIA;SF;60;1369;1.41;7578187;13.74;6.58;10.16
Jerry Eaves;21;1998;43;23;MIA;SF;79;3461;0.73;4860465;16.26;13.37;14.82
Jerry Eaves;22;1999;37;24;MIA;SF;33;1019;0.58;4260967;11.87;1.89;6.88
Jerry Eaves;23;2000;43;25;NJN;SF;68;1470;-0.04;1783044;16.11;13.0;14.56
Jerry Eaves;24;2000;43;25;CHI;SG;54;654;-0.53;741930;9.73;0.5;5.12
Jerry Eaves;25;2001;40;26;CHI;SF;29;497;-1.01;915192;12.02;8.3;10.16
Jerry Eaves;26;2002;45;27;CHI;SF;9;194;-1.30;719182;13.39;6.52;9.99
Jerry Eaves;27;2003;46;28;CHI;SF;13;284;-2.28;720084;13.76;9.46;11.61
Jerry Eaves;28;2004;47;29;CHI;SF;66;1552;-2.25;916310;15.14;7.45;11.3
Jerry Eaves;29;2005;48;31;DEN;SF;65;2180;-3.00;930971;18.55;7.56;13.06
Jerry Eaves;30;2006;49;31;DEN;PF;63;2533;-3.00;873482;16.31;15.87;16.09
Jerry Eaves;31;2007;50;32;DEN;SG;12;158;-3.00;915272;20.75;8.39;14.57
Jerry Eaves;32;2008;51;33;DEN;C;14;192;-2.25;162470;13.52;16.11;24.37
Jerry Eaves;33;2009;52;34;SAC;C;55;1386;-3.00;675999;-34.79;12.84;14.46
Jerry Eaves;34;2009;52;38;UTA;C;1;13;-3.00;785534;13.5;4.4;8.95
Jerry Eaves;35;2010;53;35;UTA;PG;69;652;-3.00;871327;22.76;4.28;13.52
Taj Gibson;1;1979;20;1;UTA;PF;21;929;-0.83;905460;21.55;13.4;17.48
Taj Gibson;2;1980;21;2;BOS;PF;4;24;-0.06;1703111;15.99;12.66;14.33
Taj Gibson;3;1981;22;3;CLE;PF;4;3;-0.58;925884;25.68;55.67;15.44
Taj Gibson;4;1982;23;4;CLE;SG;6;48;0.93;5659795;13.54;11.66;12.6
Taj Gibson;5;1983;24;5;IND;PF;29;713;1.42;7618153;21.24;-38.86;14.62
Taj Gibson;6;1984;25;6;IND;PF;27;1076;2.55;12134368;19.26;9.65;14.46
Taj Gibson;7;1985;26;7;IND;PF;15;109;2.86;13373329;9.37;11.91;10.64
Taj Gibson;8;1986;27;8;IND;PF;20;703;3.81;17170147;11.71;3.04;7.38
Taj Gibson;9;1987;28;9;IND;PF;75;1961;5.13;22445725;15.52;12.96;14.24
Taj Gibson;10;1988;29;10;GSW;PF;16;497;5.17;22605591;23.66;4.68;14.17
Taj Gibson;11;1989;30;11;SAS;C;71;178;4.51;19967802;21.76;15.96;18.86
Taj Gibson;12;1990;31;8;SAS;C;1;2;3.63;16450750;20.09;3.63;11.86
Taj Gibson;13;1991;32;13;SAS;C;62;929;2.54;13030964;26.57;28.69;27.63
Taj Gibson;14;1992;33;14;SAS;C;7;217;2.44;11694736;20.75;23.85;22.3
Taj Gibson;15;1993;34;15;SAS;C;40;1008;3.31;15171822;25.37;18.8;22.09
Taj Gibson;16;1994;35;16;SAS;C;2;71;2.77;13013631;16.63;13.54;15.09
Taj Gibson;17;1995;36;17;SAS;C;23;45;3.45;15731353;23.24;14.9;19.07
Taj Gibson;18;1996;37;18;SAS;C;20;464;3.42;15611453;15.01;14.37;14.69
Taj Gibson;19;1997;38;19;POR;C;16;684;3.90;17529845;23.64;17.15;20.4
Taj Gibson;20;1998;39;20;POR;C;28;767;2.86;13373329;20.85;6.5;13.68
Taj Gibson;21;1999;40;21;TOR;C;17;337;2.99;13812127;21.98;6.7;14.34
Taj Gibson;22;2000;41;22;TOR;C;49;505;1.98;9856277;19.7;6.99;13.35
Taj Gibson;23;2001;42;23;UTA;C;52;1408;1.91;9576512;18.02;6.64;12.33
Taj Gibson;24;2002;41;24;UTA;PF;20;894;2.44;11694736;12.33;7.19;9.76
Taj Gibson;25;2003;44;25;PHI;PF;14;325;-4.09;12054435;10.37;5.13;7.75
Taj Gibson;26;2004;45;26;MIN;PF;33;207;2.58;12254267;24.27;9.12;16.7
Taj Gibson;27;2005;46;27;MIN;PF;77;3402;1.96;9776344;24.56;12.0;18.28
Taj Gibson;28;2006;47;28;MIN;PF;66;633;1.63;8457450;15.5;10.24;12.87
Taj Gibson;29;2007;48;29;PHI;PF;47;461;2.39;11494904;15.13;9.25;12.19
Taj Gibson;30;2008;49;30;PHI;PF;9;154;1.51;7977852;27.82;4.3;16.06
Taj Gibson;31;2008;49;30;DET;PF;1;-45;2.18;10655607;12.98;3.81;8.4
Taj Gibson;32;2009;50;31;SAS;PF;56;1704;3.40;15531520;12.5;16.89;14.7
Taj Gibson;33;2010;51;32;POR;PF;22;21;4.79;21086864;10.97;8.11;9.54
Taj Gibson;34;2011;52;33;POR;PF;42;778;5.08;22245892;15.15;17.12;16.14
Taj Gibson;35;2012;53;34;CHI;PF;48;1147;-4.99;17409946;29.06;9.71;19.39
Luis Montero;1;1979;18;2;CHI;C;16;625;0.84;5300096;20.39;20.75;20.57
Luis Montero;2;1980;19;3;CHI;C;51;736;1.35;7338388;16.02;13.22;14.62
Luis Montero;3;1981;20;4;ATL;C;53;1452;1.77;9016981;29.69;22.83;26.26
Luis Montero;4;1982;21;5;ATL;PF;41;1814;2.34;11295071;23.04;5.38;14.21
Luis Montero;5;1983;22;6;NYK;PF;52;2190;0.70;4740565;19.12;9.29;14.21
Luis Montero;6;1984;23;7;NYK;PF;89;130;1.15;6539058;9.55;11.11;10.33
Luis Montero;7;1985;24;8;CLE;PF;57;923;0.61;4380867;16.79;5.63;11.21
Luis Montero;8;1986;25;9;NOJ;PF;28;513;1.20;6738890;18.52;6.75;8.97
Luis Montero;9;1987;26;10;CLE;PF;61;1302;-0.50;920192;16.78;5.64;11.21
Luis Montero;10;1988;27;11;CHH;PF;45;55;0.77;5020331;13.55;9.27;11.41
Luis Montero;11;1989;28;12;DEN;PG;15;570;0.50;3941235;13.76;6.12;9.94
Luis Montero;12;1990;29;13;ORL;SF;73;271;-23.02;1463312;12.71;8.57;10.64
Luis Montero;13;1990;29;13;NJN;SF;50;1983;-1.45;974037;6.24;3.48;4.86
Luis Montero;14;1991;30;14;WAS;PG;34;3044;33.30;683850;11.6;7.5;9.55
Luis Montero;15;1992;31;12;WAS;SG;8;237;-1.43;831396;12.66;3.0;7.83
Luis Montero;16;1993;32;16;DAL;SG;32;220;-0.06;1703111;7.14;2.06;4.6
Luis Montero;17;1994;33;18;DAL;SG;92;405;0.51;3981202;8.35;4.71;6.53
Luis Montero;18;1995;34;18;DAL;SG;18;1;1.01;5979527;11.54;7.35;9.45
Luis Montero;19;1996;35;19;DAL;SG;88;191;-0.73;51479;15.04;2.21;8.63
Luis Montero;20;1997;36;20;DAL;SG;84;804;-1.31;852019;7.5;37.00;5.99
Luis Montero;21;1998;37;21;ATL;SG;28;-1378;-0.93;775116;48.61;1.16;9.21
Luis Montero;22;1999;38;22;ATL;SG;5;1;0.09;2302609;4.22;2.97;3.6
Luis Montero;23;2000;39;23;ATL;SG;78;3265;0.15;2542408;11.33;4.93;8.13
Luis Montero;24;2001;40;24;ATL;SG;12;177;-0.08;1623178;9.78;1.28;5.53
Luis Montero;25;2002;41;25;ATL;SG;4;11;-0.76;961151;10.79;2.86;6.83
Luis Montero;26;2003;42;26;ATL;SG;28;284;-2.75;860669;12.94;3.35;8.15
Luis Montero;27;2004;43;27;NYK;SG;14;448;-3.00;795963;12.57;9.08;10.83
Luis Montero;28;2005;44;28;NYK;SG;60;1336;-3.00;659867;7.37;2.36;4.87
Luis Montero;29;2006;45;29;PHO;SG;15;450;-3.00;980417;7.85;7.31;7.58
Luis Montero;30;2007;46;30;PHO;SG;66;1569;-3.00;764088;49.89;-12.38;7.12
Luis Montero;31;2008;47;31;PHO;SG;7;76;-3.00;828116;9.3;7.55;8.43
Luis Montero;32;2009;48;32;PHO;SG;44;1141;-3.00;855382;11.9;4.83;8.37
Luis Montero;33;2010;49;33;PHO;SG;33;13;-2.75;953786;6.12;4.9;5.51
Luis Montero;34;2011;46;34;PHO;SG;74;1601;-2.99;606389;6.13;5.37;5.75
Luis Montero;35;2012;51;35;DEN;SG;15;524;-3.00;813336;12.26;6.77;9.52
Mengke Bateer;1;1979;17;1;WAS;SG;21;62;0.35;3341738;11.0;2.85;6.93
Mengke Bateer;2;1980;18;2;OKC;SG;65;1620;0.12;2422508;7.35;1.4;4.38
Mengke Bateer;3;1980;18;2;PHI;SG;43;1453;0.57;4221001;16.21;2.61;9.41
Mengke Bateer;4;1981;19;3;UTA;SG;12;339;0.66;4580699;12.94;9.43;11.19
Mengke Bateer;5;1982;20;4;LAC;SG;34;729;1.91;9576512;9.51;0.52;5.02
Mengke Bateer;6;1983;21;5;LAC;SG;37;1687;1.16;6579024;13.41;-6.20;7.6
Mengke Bateer;7;1984;22;6;UTA;PG;29;1195;-0.66;616106;8.65;0.57;4.61
Mengke Bateer;8;1985;23;7;DAL;PG;24;273;0.20;2742240;8.13;2.91;5.52
Mengke Bateer;9;1986;24;8;CHI;PG;87;2574;0.28;3061972;7.79;1.68;4.74
Mengke Bateer;10;1987;25;9;SAS;PG;71;1489;1.07;6219326;5.18;1.66;3.42
Mengke Bateer;11;1988;26;10;NOP;PG;78;2099;1.26;6978689;-26.28;3.26;6.63
Mengke Bateer;12;1989;27;11;SDC;PG;5;144;1.00;5939560;4.35;1.96;3.16
Mengke Bateer;13;1990;28;12;ATL;PG;31;923;-0.17;1263479;7.29;2.89;5.09
Mengke Bateer;14;1991;29;13;ATL;PG;56;1384;46.65;983714;6.26;3.38;4.82
Mengke Bateer;15;1991;29;13;KCK;PG;34;241;-0.24;912661;10.81;4.17;7.49
Mengke Bateer;16;1992;30;14;SAC;PG;79;538;0.14;2502441;7.68;3.3;5.49
Mengke Bateer;17;1992;30;15;DEN;PG;62;371;-0.46;104451;5.09;2.5;3.8
Mengke Bateer;18;1992;30;14;GSW;PG;58;-1360;-26.51;1065541;5.9;1.12;3.51
Mengke Bateer;19;1993;31;15;GSW;PG;3;126;-2.98;630673;8.09;1.88;4.99
Mengke Bateer;20;1994;32;16;SEA;PG;63;668;-3.00;826099;13.18;2.13;7.66
Mengke Bateer;21;1995;33;17;SEA;PG;85;2055;-3.00;640275;7.42;2.65;5.04
Mengke Bateer;22;1996;34;18;SEA;PG;28;853;-3.00;690991;14.3;0.53;7.42
Mengke Bateer;23;1997;35;19;MIL;PG;47;1296;-3.00;944782;7.36;3.89;5.63
Mengke Bateer;24;1998;36;20;MIL;PG;14;600;-3.00;918628;3.38;3.6;3.49
Mengke Bateer;25;1998;36;20;BOS;PG;53;2008;-3.00;972815;15.16;2.19;8.68
Mengke Bateer;26;1999;37;21;BOS;PG;36;277;-13.18;809784;7.62;1.03;4.33
Mengke Bateer;27;2000;38;22;SEA;PG;88;375;-2.37;635420;7.98;1.66;4.82
Mengke Bateer;28;2000;38;22;MIL;PG;10;1336;-3.00;898429;12.38;2.41;7.4
Mengke Bateer;29;2001;39;23;MIL;SG;73;1688;-3.00;926330;12.02;4.24;8.13
Mengke Bateer;30;2002;40;24;MIL;SF;25;1016;-2.60;887562;11.04;7.38;9.21
Mengke Bateer;31;2003;41;25;MIL;PF;28;817;-2.03;796471;10.52;13.99;12.26
Mengke Bateer;32;2004;42;26;PHO;SF;49;1443;-2.45;905464;8.51;1.58;5.05
Mengke Bateer;33;2004;42;26;MIL;SF;73;1580;38.68;802603;16.98;6.35;17.37
Mengke Bateer;34;2005;43;27;MIL;SF;67;1419;-2.71;826019;12.27;6.28;9.28
Mengke Bateer;35;2006;44;28;UTA;SF;86;318;-26.47;913001;17.06;4.71;10.89
Henry Turner;1;1979;21;3;UTA;C;1;1;0.22;2822173;12.48;10.25;11.37
Henry Turner;2;1980;22;4;HOU;C;70;2526;0.84;5300096;22.29;15.23;18.76
Henry Turner;3;1981;23;5;SAS;PG;73;1470;1.95;9736378;35.41;11.22;23.32
Henry Turner;4;1982;24;6;SAS;PG;25;999;2.70;12733865;29.56;8.25;18.91
Henry Turner;5;1983;25;8;MIL;C;66;1898;3.12;14412458;27.47;15.79;21.63
Henry Turner;6;1984;26;8;MIL;C;5;123;2.98;13852927;21.94;6.49;14.22
Henry Turner;7;1985;27;9;MIL;C;5;117;2.43;11654770;24.74;18.91;21.83
Henry Turner;8;1986;28;10;MIL;C;68;3019;0.77;5020331;20.99;3.28;12.14
Henry Turner;9;1987;24;11;MIL;PF;85;71;-1.60;843670;21.59;7.74;14.67
Henry Turner;10;1988;30;12;MIL;PF;14;455;-2.26;951568;18.3;9.18;13.74
Henry Turner;11;1989;31;13;DAL;PF;6;16;-3.00;786916;20.08;4.46;12.27
Henry Turner;12;1990;32;14;LAL;PF;81;3836;-1.62;963063;19.82;8.18;14.0
Henry Turner;13;1991;33;13;DAL;C;49;1943;-0.99;741753;25.75;24.33;25.04
Henry Turner;14;1992;34;16;CHA;C;62;2515;-0.52;729641;26.13;26.16;26.15
Henry Turner;15;1992;34;16;OKC;C;53;655;-2.17;945808;19.11;13.77;16.44
Henry Turner;16;1993;35;17;OKC;C;39;1487;-2.61;994211;-45.30;23.08;26.58
Henry Turner;17;1994;36;18;OKC;C;76;105;-2.71;628468;16.66;1.14;8.9
Henry Turner;18;1994;36;18;NYK;C;3;142;-2.43;886600;21.58;24.75;23.17
Henry Turner;19;1995;39;20;NYK;C;78;3230;-2.57;601455;20.69;6.85;13.77
Henry Turner;20;1996;38;20;WSB;C;11;392;-1.65;436206;10.66;2.87;6.77
Henry Turner;21;1997;39;21;WSB;C;46;1514;-3.00;658774;32.19;6.72;19.46
Henry Turner;22;1997;39;21;ATL;C;26;236;-3.00;606050;16.54;5.06;10.8
Henry Turner;23;1998;40;22;DET;C;53;225;-3.00;730443;19.44;8.97;14.21
Henry Turner;24;1998;40;22;SDC;C;61;2466;-2.79;943069;17.17;23.72;20.45
Henry Turner;25;1999;41;23;PHI;PF;21;936;-3.00;756258;20.59;11.12;15.86
Henry Turner;26;2000;42;24;IND;PF;77;2759;-2.85;715883;25.9;11.6;18.75
Henry Turner;27;2001;43;25;IND;C;81;3025;-3.00;945317;14.61;13.69;14.15
Henry Turner;28;2002;44;26;IND;C;47;1900;-3.00;812450;26.09;11.87;18.98
Henry Turner;29;2002;44;26;NJN;C;36;1676;-2.85;736232;23.37;15.65;19.51
Henry Turner;30;2003;45;27;KCK;C;54;1157;-3.00;984156;13.94;15.9;14.92
Henry Turner;31;2004;46;28;DEN;C;36;1647;-2.11;669788;27.02;3.78;15.4
Henry Turner;32;2005;47;30;DET;C;4;111;-3.00;848928;20.74;13.65;25.72
Henry Turner;33;2005;47;29;SAS;C;4;148;-2.43;851777;28.01;7.71;17.86
Henry Turner;34;2006;48;30;SAS;PF;51;13;-1.97;897696;10.86;6.69;8.78
Henry Turner;35;2007;49;31;SAS;C;1;16;-1.79;790147;19.14;6.07;12.61
Terry Teagle;1;1979;17;1;SAS;PG;58;2600;0.97;5819661;4.21;1.95;3.08
Terry Teagle;2;1980;18;2;ORL;PG;10;10;1.47;7817986;5.69;0.75;3.22
Terry Teagle;3;1981;19;3;BRK;PG;65;1228;1.69;8697249;8.84;2.7;5.77
Terry Teagle;4;1982;20;4;ORL;SG;63;1865;1.18;6658957;8.48;3.87;6.18
Terry Teagle;5;1983;21;7;ORL;SG;50;637;1.30;7138555;14.8;6.09;10.45
Terry Teagle;6;1984;22;6;ORL;SG;5;233;1.59;8297584;8.12;5.23;6.68
Terry Teagle;7;1985;23;7;VAN;SG;36;420;1.74;8897081;12.23;3.18;7.71
Terry Teagle;8;1986;24;8;MEM;SG;31;600;2.05;10136042;11.43;3.95;7.69
Terry Teagle;9;1987;25;9;IND;SF;53;430;3.32;14093207;16.61;4.53;10.57
Terry Teagle;10;1988;26;10;WAS;SF;85;129;4.09;18289209;14.27;11.81;13.04
Terry Teagle;11;1989;27;11;MEM;SF;35;834;4.81;21166797;17.09;3.85;10.47
Terry Teagle;12;1990;28;12;MEM;SF;39;1284;4.35;19328338;13.38;9.29;11.34
Terry Teagle;13;1991;29;13;MEM;SF;61;66;3.97;17809611;16.38;4.53;10.46
Terry Teagle;14;1992;30;17;MEM;SG;47;53;2.78;13053597;11.27;4.57;7.92
Terry Teagle;15;1993;31;15;MEM;SG;70;823;1.43;7658120;6.76;7.76;7.26
Terry Teagle;16;1994;32;16;DAL;SG;2;18;0.57;4221001;14.13;5.27;9.7
Terry Teagle;17;1995;33;17;DAL;SF;75;1547;-0.89;1746747;11.09;3.48;7.29
Terry Teagle;18;1996;34;18;DAL;SG;33;640;-0.52;812876;12.9;4.62;8.76
Terry Teagle;19;1997;35;19;DAL;SG;12;67;-0.42;264317;12.37;3.66;8.02
Terry Teagle;20;1998;36;20;DAL;SG;35;1450;42.08;649340;7.82;20.44;4.37
Terry Teagle;21;1999;37;21;DAL;SG;5;-265;-1.15;684566;15.06;-24.71;10.73
Terry Teagle;22;1999;37;21;NYK;SG;37;-3403;-1.59;943977;8.93;2.67;5.8
Terry Teagle;23;2000;39;22;NYK;SG;31;748;-2.52;864371;7.82;5.22;6.52
Terry Teagle;24;2001;39;23;CHI;SG;11;308;-3.00;842504;13.2;6.6;9.9
Terry Teagle;25;2002;40;24;CHI;SG;77;3602;-3.00;840648;18.53;5.64;12.09
Terry Teagle;26;2003;41;25;CHI;SG;68;2983;-3.00;859978;11.79;2.09;6.94
Terry Teagle;27;2004;42;26;CHI;SG;52;898;-2.92;802929;14.06;1.72;7.89
Terry Teagle;28;2005;43;27;CHI;SG;22;554;-3.00;719882;4.72;2.3;3.51
Terry Teagle;29;2006;44;28;CHI;SG;60;443;-3.00;694872;11.06;0.93;6.0
Terry Teagle;30;2006;44;28;SAC;SF;44;1013;-3.00;1315459;18.1;5.39;11.75
Terry Teagle;31;2007;45;29;SAC;SF;20;705;-3.00;871311;11.0;7.83;9.42
Terry Teagle;32;2008;46;30;SAC;SF;21;307;-3.00;1478034;11.9;5.84;8.87
Terry Teagle;33;2009;47;31;SAC;SF;12;335;-3.00;607813;10.01;2.81;6.41
Terry Teagle;34;2010;48;32;SAC;SG;41;869;-3.00;663739;5.08;4.29;4.69
Terry Teagle;35;2011;49;33;BRK;SG;35;1292;-2.87;764014;62.48;0.85;3.95
Bird Averitt;1;1979;18;3;PHI;PF;8;129;1.06;6179359;13.61;6.83;10.22
Bird Averitt;2;1979;18;3;KCK;PF;50;2359;1.94;9696411;22.58;12.51;17.55
Bird Averitt;3;1980;19;4;KCK;PF;49;60;1.63;8457450;10.26;7.21;8.74
Bird Averitt;4;1981;20;5;KCK;PF;50;2328;2.50;11934535;18.17;61.63;11.91
Bird Averitt;5;1982;21;6;LAL;PF;54;1217;2.35;11335038;10.44;4.3;7.37
Bird Averitt;6;1983;22;7;IND;PF;18;556;1.14;6499091;20.38;6.48;6.99
Bird Averitt;7;1984;23;8;IND;C;54;253;0.81;5180197;31.78;12.55;22.17
Bird Averitt;8;1985;24;9;ATL;PF;86;2720;1.38;7458287;13.29;6.65;9.97
Bird Averitt;9;1986;25;10;ATL;SF;58;2496;0.64;4500766;17.32;3.08;10.2
Bird Averitt;10;1987;26;11;ATL;SF;14;313;-0.34;584049;16.81;9.19;13.0
Bird Averitt;11;1988;27;12;ATL;SF;7;-316;-0.29;783881;24.42;-36.51;12.82
Bird Averitt;12;1989;28;13;IND;SF;37;1263;27.38;996030;15.22;10.54;12.88
Bird Averitt;13;1990;29;14;PHO;SG;61;2856;-0.93;653696;9.09;3.57;6.33
Bird Averitt;14;1991;30;15;PHO;SF;44;-3758;-0.86;986472;6.44;-27.11;6.73
Bird Averitt;15;1992;31;16;PHO;SF;32;1275;-1.43;860124;7.36;33.99;6.64
Bird Averitt;16;1993;32;20;PHO;SF;21;770;-1.94;710268;-38.36;2.76;7.69
Bird Averitt;17;1993;32;17;DET;SF;27;1160;-2.29;602192;-26.55;8.65;11.93
Bird Averitt;18;1994;33;18;CLE;SF;11;826;-32.77;601537;10.81;11.45;11.13
Bird Averitt;19;1994;33;18;NOH;SF;27;334;-1.89;807177;8.08;9.13;8.61
Bird Averitt;20;1995;34;19;ATL;SF;55;3930;-1.38;982716;11.66;5.28;8.47
Bird Averitt;21;1995;34;19;MIA;PF;18;46;-2.63;972007;22.53;11.21;16.87
Bird Averitt;22;1996;35;20;MIA;PF;60;4559;-1.99;952797;13.54;13.27;13.41
Bird Averitt;23;1997;36;21;MIA;PF;73;1448;-2.89;844213;12.14;8.29;10.22
Bird Averitt;24;1998;37;22;TOR;PF;30;1123;-1.51;817302;81.20;8.38;12.94
Bird Averitt;25;1999;38;23;UTA;PF;80;1616;-2.13;600181;17.86;12.99;15.43
Bird Averitt;26;2000;39;24;BOS;PF;67;1379;-1.30;849166;14.26;4.21;9.24
Bird Averitt;27;2001;38;25;UTA;PF;43;1507;-0.77;759619;9.5;10.29;9.9
Bird Averitt;28;2002;41;26;UTA;PF;42;703;-0.58;900736;18.65;4.64;11.65
Bird Averitt;29;2003;42;27;UTA;PF;1;42;42.05;-57630;22.42;4.42;13.42
Bird Averitt;30;2004;43;28;UTA;PF;73;62;-2.09;736281;20.87;10.66;15.77
Bird Averitt;31;2005;44;29;UTA;SF;64;232;-2.53;758869;13.9;6.79;10.35
Bird Averitt;32;2006;45;30;UTA;SF;40;1291;-2.99;715091;7.91;17.52;12.72
Bird Averitt;33;2007;46;31;UTA;SF;7;145;-2.21;719009;4.57;8.46;11.68
Bird Averitt;34;2008;47;32;UTA;SF;75;2885;-2.03;799431;16.38;6.04;11.21
Bird Averitt;35;2008;47;32;ORL;SF;73;3400;-1.27;784250;17.49;9.41;13.45
Salim Stoudamire;1;1979;22;4;ORL;C;42;1795;1.28;7058622;23.25;22.36;22.81
Salim Stoudamire;2;1980;23;5;ORL;C;12;24;0.82;5220163;14.33;23.01;18.67
Salim Stoudamire;3;1981;24;6;ORL;C;33;895;0.54;4101101;16.9;19.18;18.04
Salim Stoudamire;4;1982;25;7;LAC;C;11;41;40.98;809605;20.86;15.87;18.37
Salim Stoudamire;5;1983;26;8;LAC;C;48;2062;-2.41;983607;22.62;25.25;23.94
Salim Stoudamire;6;1984;27;9;LAC;PF;32;1000;-3.00;662308;16.95;11.23;23.36
Salim Stoudamire;7;1985;28;13;MIL;SF;29;1128;-3.00;927124;13.28;4.58;8.93
Salim Stoudamire;8;1986;29;11;CLE;SF;42;1252;-2.81;882251;11.86;7.18;9.52
Salim Stoudamire;9;1987;30;12;CLE;SF;41;780;-3.00;609708;17.16;7.45;12.31
Salim Stoudamire;10;1988;31;13;POR;SF;73;1142;-3.00;925302;9.82;4.94;7.38
Salim Stoudamire;11;1989;35;14;POR;SF;19;1045;-2.73;644111;13.04;10.0;11.52
Salim Stoudamire;12;1990;33;15;POR;PF;35;1460;-3.00;953910;23.76;25.78;6.29
Salim Stoudamire;13;1990;33;15;HOU;PF;68;2481;-2.82;693140;14.96;6.55;10.76
Salim Stoudamire;14;1990;33;15;SAC;PF;75;2539;-2.37;910669;21.39;14.83;18.11
Salim Stoudamire;15;1991;34;16;CLE;SF;68;2484;-2.18;812890;9.32;4.78;7.05
Salim Stoudamire;16;1992;35;17;CHA;SF;42;780;-3.00;675199;13.67;3.89;8.78
Salim Stoudamire;17;1993;36;18;CHA;SG;45;869;-3.00;656128;9.22;1.22;5.22
Salim Stoudamire;18;1994;37;19;PHI;SG;8;135;-3.00;664324;13.44;5.16;9.61
Salim Stoudamire;19;1994;37;19;SAS;SG;16;50;-3.00;698095;12.02;5.58;8.8
Salim Stoudamire;20;1995;38;20;NOK;SG;8;-594;-3.00;765411;11.11;5.67;8.39
Salim Stoudamire;21;1996;39;21;LAL;SG;76;1558;-2.67;910582;5.96;1.53;3.75
Salim Stoudamire;22;1996;39;21;IND;SG;18;31;-3.00;759645;10.89;8.91;9.9
Salim Stoudamire;23;1997;40;22;ATL;PG;52;1186;-2.79;904344;7.69;4.04;5.87
Salim Stoudamire;24;1998;41;23;ATL;SG;17;276;-2.88;874012;6.38;0.85;3.62
Salim Stoudamire;25;1998;41;23;CHI;PG;55;1175;-3.00;982947;9.43;1.43;5.43
Salim Stoudamire;26;1998;41;23;KCK;PG;78;397;-3.00;-184342;12.71;1.99;7.35
Salim Stoudamire;27;1999;42;24;KCK;PG;1;-60;-2.98;673170;9.32;19.51;5.12
Salim Stoudamire;28;2000;43;25;KCK;PG;49;1768;-3.00;859849;6.5;2.56;4.53
Salim Stoudamire;29;2001;44;26;DEN;PG;41;161;-3.00;784907;7.73;2.33;5.03
Salim Stoudamire;30;2002;45;27;DEN;PG;98;2094;-2.75;870627;8.56;3.38;5.97
Salim Stoudamire;31;2003;46;28;DEN;PG;21;914;-2.10;673502;6.48;4.66;5.57
Salim Stoudamire;32;2004;49;29;DEN;PG;44;4354;-3.00;856917;11.01;3.55;7.28
Salim Stoudamire;33;2005;48;30;DEN;PG;43;1507;-3.00;751266;6.78;1.48;4.13
Salim Stoudamire;34;2006;49;31;DEN;PG;60;1883;-2.85;646681;7.56;13.18;5.31
Salim Stoudamire;35;2007;50;32;POR;PG;28;1135;-3.00;689810;6.81;2.42;4.62
Dirk Nowitzki;1;1979;20;3;POR;SF;60;1405;-0.34;584049;17.61;7.1;12.36
Dirk Nowitzki;2;1980;21;4;DEN;SF;74;1347;1.50;7937885;8.52;9.59;9.06
Dirk Nowitzki;3;1981;22;5;DEN;PG;2;82;1.35;7338388;12.92;57.22;10.74
Dirk Nowitzki;4;1982;23;6;DEN;SF;81;3411;1.56;8177684;18.6;5.78;8.63
Dirk Nowitzki;5;1982;23;6;DET;SF;71;2149;1.22;6818823;10.93;8.97;9.95
Dirk Nowitzki;6;1983;24;7;DET;SF;3;122;1.59;8297584;16.98;8.34;12.66
Dirk Nowitzki;7;1984;25;8;DET;SF;4;139;2.16;10575674;17.47;2.34;9.43
Dirk Nowitzki;8;1985;26;9;DET;SF;52;346;45.55;8617316;9.31;8.22;8.77
Dirk Nowitzki;9;1986;27;10;DET;PF;11;421;2.69;12693899;18.87;5.86;12.37
Dirk Nowitzki;10;1987;28;11;HOU;SF;9;49;1.85;9336713;16.82;20.81;8.65
Dirk Nowitzki;11;1988;29;12;HOU;SG;57;1709;2.28;11055272;8.43;5.44;6.94
Dirk Nowitzki;12;1989;30;13;HOU;SG;28;867;2.08;10255942;11.25;6.12;8.69
Dirk Nowitzki;13;1990;31;14;NJN;PF;35;606;-31.83;8377517;16.63;3.51;10.07
Dirk Nowitzki;14;1991;32;10;SAS;SG;64;2715;1.47;7817986;16.74;7.18;11.96
Dirk Nowitzki;15;1992;33;16;SAS;SG;78;3277;1.82;9216813;5.47;7.01;6.24
Dirk Nowitzki;16;1993;34;17;LAC;SG;15;557;2.60;12334200;8.67;4.12;6.4
Dirk Nowitzki;17;1994;35;18;PHO;SG;75;536;2.44;11694736;14.06;3.11;8.59
Dirk Nowitzki;18;1995;36;19;MEM;SG;28;514;2.92;13613128;9.49;2.89;6.19
Dirk Nowitzki;19;1996;37;20;MEM;PF;41;1159;3.11;14372492;7.69;3.91;5.8
Dirk Nowitzki;20;1997;38;21;MEM;SG;15;120;-37.71;14092726;7.86;4.41;6.14
Dirk Nowitzki;21;1998;39;22;MEM;SG;18;787;3.02;14012793;10.17;4.24;7.21
Dirk Nowitzki;22;1998;39;22;BOS;SG;68;2297;2.79;13093564;12.91;4.88;8.9
Dirk Nowitzki;23;1999;40;23;BOS;PF;58;1294;2.59;12294234;9.4;2.14;5.21
Dirk Nowitzki;24;2000;41;24;BOS;SG;81;2328;3.08;14252592;7.4;7.2;7.3
Dirk Nowitzki;25;2001;42;25;SEA;SG;3;86;2.95;13733028;11.03;5.55;8.29
Dirk Nowitzki;26;2002;43;26;SEA;SG;84;2446;1.37;7418321;14.09;0.73;7.41
Dirk Nowitzki;27;2002;43;26;GSW;SG;38;295;1.63;8457450;5.85;3.25;4.55
Dirk Nowitzki;28;2003;44;27;GSW;SG;77;2052;0.74;4900431;17.38;9.06;13.22
Dirk Nowitzki;29;2004;45;28;MIA;C;51;225;-0.50;897689;56.33;6.09;6.11
Dirk Nowitzki;30;2005;46;29;GSW;PG;6;282;-1.18;804452;7.51;3.8;5.66
Dirk Nowitzki;31;2005;46;29;IND;PG;35;854;-1.81;847835;6.96;2.37;4.67
Dirk Nowitzki;32;2006;47;30;IND;PG;54;2325;-2.82;381190;10.7;-12.35;7.13
Dirk Nowitzki;33;2007;48;31;IND;PG;60;2154;-2.44;992662;7.93;3.78;5.86
Dirk Nowitzki;34;2007;48;31;SAS;PG;31;363;-3.00;488148;6.43;4.82;5.63
Dirk Nowitzki;35;2008;49;32;SAS;PG;36;598;-1.97;761074;6.77;0.19;3.48
Phil Jackson;1;1979;21;4;HOU;C;34;172;-0.48;24518;14.01;11.96;12.99
Phil Jackson;2;1979;21;4;MIA;C;15;664;1.85;9336713;19.0;11.89;15.45
Phil Jackson;3;1980;19;5;CLE;C;14;122;1.98;9856277;78.76;15.52;19.01
Phil Jackson;4;1981;23;6;ATL;C;25;166;1.98;9856277;30.05;13.01;21.53
Phil Jackson;5;1982;24;7;ATL;C;68;2848;2.42;11614803;16.38;9.1;12.74
Phil Jackson;6;1982;24;7;BOS;C;57;1241;1.72;8817148;15.28;6.68;10.98
Phil Jackson;7;1983;25;8;LAL;C;20;226;2.03;10056109;27.04;13.94;20.49
Phil Jackson;8;1984;26;9;LAL;C;1;60;0.96;5779694;39.19;9.61;33.53
Phil Jackson;9;1985;27;10;LAL;C;55;2438;1.97;9816311;21.92;10.29;16.11
Phil Jackson;10;1986;28;11;ATL;C;29;954;0.97;5819661;59.42;15.87;22.0
Phil Jackson;11;1987;29;12;ATL;C;63;2640;0.39;3501604;22.97;-11.31;16.74
Phil Jackson;12;1988;30;13;ATL;C;2;41;-0.17;1263479;76.85;6.46;17.26
Phil Jackson;13;1989;31;14;CHH;C;70;3190;-1.26;658270;27.73;12.3;20.02
Phil Jackson;14;1990;32;15;CHH;C;80;863;-1.91;992323;22.58;3.49;13.04
Phil Jackson;15;1990;32;15;PHI;C;64;1385;-2.90;719087;19.29;21.32;20.31
Phil Jackson;16;1991;33;16;PHI;PF;35;892;-2.83;875168;28.44;12.58;20.51
Phil Jackson;17;1992;34;17;CHH;PF;52;1248;-2.27;791344;17.91;2.33;10.12
Phil Jackson;18;1993;35;18;CHH;PF;67;1386;-3.00;896132;21.76;4.04;12.9
Phil Jackson;19;1993;35;18;ORL;PF;24;93;42.50;810687;22.24;4.43;13.34
Phil Jackson;20;1994;36;19;BOS;PF;10;376;-3.00;602718;14.32;11.31;12.82
Phil Jackson;21;1995;34;20;BOS;PF;62;2529;-3.00;176153;16.1;5.57;10.84
Phil Jackson;22;1995;37;20;LAL;C;47;1840;-3.00;943175;21.49;10.43;15.96
Phil Jackson;23;1996;38;21;LAL;C;14;105;-3.00;648878;22.63;5.87;14.25
Phil Jackson;24;1997;35;22;LAL;C;61;1089;-3.00;683840;18.04;12.1;15.07
Phil Jackson;25;1998;40;23;LAL;C;1;33;-36.07;700731;20.77;22.77;21.77
Phil Jackson;26;1998;40;23;NJN;C;5;40;-1.01;931358;21.59;5.74;13.67
Phil Jackson;27;1999;41;24;NJN;PG;37;1131;-1.18;883109;32.28;22.02;27.15
Phil Jackson;28;2000;42;25;NJN;C;4;188;-2.27;688548;26.37;17.93;22.15
Phil Jackson;29;2001;43;26;NJN;C;36;1383;-0.70;785112;17.79;21.47;19.63
Phil Jackson;30;2002;44;27;MIN;C;28;1994;-0.14;1383379;15.06;11.84;13.45
Phil Jackson;31;2003;45;28;MIN;C;89;1772;0.51;3981202;-11.11;100.57;20.2
Phil Jackson;32;2004;46;29;MIN;C;51;106;-0.01;1902943;23.06;19.27;21.17
Phil Jackson;33;2005;47;30;DEN;C;44;1134;-0.19;1183546;16.76;18.19;17.48
Phil Jackson;34;2006;48;31;NOP;C;58;9;-1.41;702648;32.26;7.49;19.88
Phil Jackson;35;2006;48;31;DET;C;15;1587;-1.36;643276;20.15;66.42;12.14
Dave Popson;1;1979;17;3;POR;PF;44;1072;0.47;3821336;23.76;15.35;19.56
Dave Popson;2;1980;18;4;DET;PF;49;1708;1.13;6459125;15.89;6.59;11.24
Dave Popson;3;1981;19;2;NOP;PF;99;488;0.05;2142743;24.06;8.83;16.45
Dave Popson;4;1982;20;6;DET;PF;34;1141;0.57;4221001;17.37;8.74;13.06
Dave Popson;5;1983;20;7;DET;C;13;593;-0.23;1023680;-19.52;19.31;18.01
Dave Popson;6;1984;22;8;DET;C;45;264;-0.81;820920;23.72;15.79;19.76
Dave Popson;7;1985;23;9;GSW;C;34;781;-0.34;584049;30.12;9.5;19.81
Dave Popson;8;1985;23;9;SAC;PF;88;62;-0.06;1703111;14.2;2.89;8.55
Dave Popson;9;1985;23;9;SAC;PF;56;2235;2.18;10655607;16.42;10.19;13.31
Dave Popson;10;1986;24;10;CHI;PF;33;89;2.26;10975339;15.79;6.48;11.14
Dave Popson;11;1987;25;11;CHI;PF;66;8388;1.97;9816311;19.58;15.2;17.39
Dave Popson;12;1988;26;12;DEN;PF;27;861;-9.80;9816311;16.65;8.05;12.35
Dave Popson;13;1989;27;13;DEN;PF;47;1468;0.83;5260130;22.35;7.99;15.17
Dave Popson;14;1990;28;14;MEM;PF;90;816;0.73;4860465;22.58;7.9;15.24
Dave Popson;15;1991;29;15;MIL;PF;44;385;-0.44;184384;18.71;9.14;13.93
Dave Popson;16;1992;30;11;UTA;PF;42;1633;-2.23;807590;23.44;0.32;11.88
Dave Popson;17;1993;31;17;UTA;PF;62;1263;-1.78;839477;12.14;12.92;12.53
Dave Popson;18;1994;32;18;UTA;PF;56;2255;-2.24;995612;18.01;5.23;11.62
Dave Popson;19;1995;33;22;UTA;PF;1;13;-2.16;722610;14.79;7.79;11.29
Dave Popson;20;1996;34;20;UTA;PF;5;237;-2.85;943577;9.38;5.08;7.23
Dave Popson;21;1997;32;21;UTA;PF;8;304;-3.00;923192;24.49;16.97;20.73
Dave Popson;22;1998;36;22;UTA;PF;38;1352;-3.00;978598;16.95;9.14;13.05
Dave Popson;23;1999;37;23;PHO;PF;32;1218;-3.00;856137;16.46;12.84;14.65
Dave Popson;24;2000;38;24;CLE;PF;26;818;-3.00;993612;23.89;5.55;14.72
Dave Popson;25;2000;38;24;BOS;PF;97;1692;-3.00;735959;17.31;8.57;12.94
Dave Popson;26;2001;39;25;BOS;PF;10;75;-3.00;616319;18.23;8.46;13.35
Dave Popson;27;2002;40;26;BOS;PF;9;311;-2.96;535824;18.9;11.9;15.4
Dave Popson;28;2003;41;27;BOS;PF;14;194;-1.79;832013;13.79;6.32;10.06
Dave Popson;29;2003;41;27;OKC;PF;31;1104;-2.40;752795;18.1;6.87;12.49
Dave Popson;30;2004;42;28;OKC;PF;6;20;-1.71;973893;26.13;13.26;19.7
Dave Popson;31;2004;42;27;DET;SG;27;889;-2.51;613457;20.59;10.38;15.49
Dave Popson;32;2005;43;29;SAS;PF;10;302;-2.09;634999;21.37;6.49;13.93
Dave Popson;33;2006;44;30;SAS;PF;39;1381;-2.83;1578809;16.4;8.31;12.36
Dave Popson;34;2007;45;31;SAS;PF;25;570;-3.00;997716;13.64;8.76;11.2
Dave Popson;35;2008;46;32;SAS;PF;7;78;-3.00;755131;19.91;8.0;13.96
Horace Grant;1;1979;19;1;SAS;SF;55;357;1.22;6818823;15.94;2.57;9.26
Horace Grant;2;1980;20;2;SAS;SF;74;453;1.02;6019493;16.43;7.01;11.72
Horace Grant;3;1981;21;3;LAC;SF;75;2300;0.73;4860465;12.75;15.23;13.99
Horace Grant;4;1982;22;4;MIN;PF;20;186;1.04;6099426;15.65;16.64;16.15
Horace Grant;5;1983;23;5;MIN;PF;19;17;1.20;6738890;12.24;5.85;9.05
Horace Grant;6;1984;24;6;MIN;PF;77;2442;22.21;966121;18.64;9.86;14.25
Horace Grant;7;1985;25;7;MIN;PF;55;-1972;-26.01;638336;14.08;9.19;11.64
Horace Grant;8;1986;26;8;MIN;PF;65;1246;-3.00;813168;17.22;3.78;10.5
Horace Grant;9;1987;27;9;SAC;PF;94;830;-2.72;996612;29.76;2.13;15.95
Horace Grant;10;1988;28;10;GSW;PF;74;2916;-3.00;641878;20.82;14.3;17.56
Horace Grant;11;1989;32;11;GSW;PG;54;1402;-2.74;802626;13.63;7.85;10.74
Horace Grant;12;1990;30;12;GSW;SG;30;1180;-3.00;614673;5.43;3.32;4.38
Horace Grant;13;1991;31;13;GSW;SG;33;1474;-3.00;699122;9.34;7.1;8.22
Horace Grant;14;1992;32;14;GSW;SG;85;115;-3.00;867830;11.98;17.19;6.62
Horace Grant;15;1993;34;15;NYK;SG;5;238;-2.64;980311;12.8;4.22;8.51
Horace Grant;16;1993;33;15;SAS;SG;71;2121;-2.15;898966;12.44;1.79;7.12
Horace Grant;17;1993;33;15;DEN;SG;35;3730;-22.77;723323;17.72;1.62;9.67
Horace Grant;18;1994;34;16;MIL;SG;9;54;-0.61;66545;10.93;3.21;7.07
Horace Grant;19;1995;35;17;MIL;SG;39;1400;-1.52;915408;5.79;7.13;6.46
Horace Grant;20;1995;35;17;WSB;SG;44;1031;-1.01;998248;15.03;0.5;7.77
Horace Grant;21;1996;36;18;WSB;SG;35;601;-2.18;658361;10.02;6.23;8.13
Horace Grant;22;1997;37;20;LAC;SG;61;509;-1.72;923969;-31.71;6.33;5.63
Horace Grant;23;1998;38;23;PHI;PG;35;1127;-1.06;847311;-18.56;1.38;5.14
Horace Grant;24;1999;39;21;LAC;SG;38;604;-1.35;692519;6.16;3.99;5.08
Horace Grant;25;1999;39;21;CLE;C;56;192;-1.24;832030;14.38;4.94;9.66
Horace Grant;26;2000;40;22;IND;SG;40;283;-2.06;869374;10.52;5.14;7.83
Horace Grant;27;2001;41;23;MIL;SG;18;696;21.88;544082;4.09;4.76;4.43
Horace Grant;28;2002;42;24;MIL;SF;79;851;-1.24;944870;9.64;1.65;5.65
Horace Grant;29;2003;43;25;MIL;SF;78;2293;-0.79;769144;11.26;6.21;8.74
Horace Grant;30;2004;44;26;MIL;SF;22;893;-0.77;764867;20.6;6.06;13.33
Horace Grant;31;2005;45;27;DEN;SF;4;149;0.24;2356387;19.83;6.95;13.39
Horace Grant;32;2006;46;28;DEN;SF;44;804;1.28;7058622;17.9;9.12;13.51
Horace Grant;33;2007;47;29;HOU;PG;67;1100;1.98;9856277;12.83;2.99;7.91
Horace Grant;34;2008;48;30;HOU;SF;43;1298;1.96;10364240;19.8;4.6;12.2
Horace Grant;35;2009;44;31;WAS;SF;10;180;1.51;7977852;17.55;3.84;10.7
Rock Lee;1;1979;18;2;IND;C;11;149;1.27;7018656;22.64;23.77;23.21
Rock Lee;2;1980;19;3;IND;C;69;3060;2.23;10855440;33.0;13.57;19.16
Rock Lee;3;1981;20;4;CHI;C;31;244;1.65;8537383;28.1;16.93;22.52
Rock Lee;4;1981;20;4;CHA;C;79;2403;2.25;10935373;20.71;96.31;17.2
Rock Lee;5;1982;21;5;CHA;C;56;1403;2.40;11534870;29.03;7.56;18.3
Rock Lee;6;1983;22;6;CHA;PF;53;23;3.68;16650582;21.34;3.78;12.56
Rock Lee;7;1984;22;7;CHA;PF;9;399;3.33;15251755;10.92;10.24;10.58
Rock Lee;8;1985;24;8;NYK;PF;11;141;3.24;14892056;17.08;14.71;15.9
Rock Lee;9;1986;25;9;LAC;PF;48;240;2.56;12174334;17.05;10.46;13.76
Rock Lee;10;1987;26;10;WAS;PF;68;2720;0.58;4260967;22.79;6.15;14.47
Rock Lee;11;1988;27;11;WAS;PF;4;80;0.79;5100264;24.29;8.01;16.15
Rock Lee;12;1989;28;12;WAS;PF;96;802;0.83;5260130;29.14;9.41;19.28
Rock Lee;13;1990;29;13;WAS;PF;33;632;-0.08;1623178;18.04;9.83;13.94
Rock Lee;14;1991;30;14;MEM;PF;37;982;-1.19;661180;17.16;11.46;14.31
Rock Lee;15;1992;31;15;ORL;PF;28;432;-0.98;677853;19.84;7.51;13.68
Rock Lee;16;1993;32;16;HOU;PF;81;3723;-2.03;763031;11.53;7.43;9.48
Rock Lee;17;1994;33;17;HOU;PF;99;405;-3.00;710995;20.69;11.8;16.25
Rock Lee;18;1995;34;18;HOU;PF;50;93;-3.00;910265;21.44;9.49;15.47
Rock Lee;19;1996;35;19;HOU;C;25;1052;-2.18;937272;23.62;14.35;18.99
Rock Lee;20;1997;36;20;NOH;C;58;2772;-1.27;879517;39.56;9.87;24.72
Rock Lee;21;1998;37;21;DAL;C;60;560;-1.81;1689833;25.8;21.56;23.68
Rock Lee;22;1998;37;21;MIA;PF;49;1458;-1.75;919344;17.46;7.68;12.57
Rock Lee;23;1999;38;22;MIA;PF;20;701;-1.64;706980;17.18;3.85;10.52
Rock Lee;24;2000;39;23;MIA;PF;92;834;-2.46;825095;15.86;14.75;15.31
Rock Lee;25;2001;40;24;MIA;C;29;963;-2.25;762572;29.46;21.74;25.6
Rock Lee;26;2002;41;25;LAC;C;95;310;-3.00;784512;20.61;9.01;14.81
Rock Lee;27;2003;42;26;CHA;C;69;1444;-3.00;811298;23.1;12.79;17.95
Rock Lee;28;2004;43;27;LAC;C;69;1204;-3.00;997591;15.61;6.75;11.18
Rock Lee;29;2005;44;28;LAC;C;50;1314;-1.98;721352;27.47;20.47;23.97
Rock Lee;30;2005;44;28;HOU;C;91;1480;-1.96;911359;12.28;3.61;7.95
Rock Lee;31;2006;45;29;NOJ;PF;74;2044;-1.57;750859;13.02;3.8;8.41
Rock Lee;32;2007;46;30;LAC;PG;80;2264;-1.69;883320;12.48;3.33;7.91
Rock Lee;33;2008;47;31;LAC;SG;44;227;-2.97;1279291;15.43;2.45;8.94
Rock Lee;34;2009;48;33;SEA;SG;16;692;-3.00;692294;11.55;1.8;6.68
Rock Lee;35;2010;49;33;LAL;SG;73;2301;-0.91;675270;6.49;2.02;4.26
Marko Jaric;1;1978;16;0;MEM;SF;78;642;0.91;5579862;13.41;7.4;10.41
Marko Jaric;2;1979;17;1;MEM;SF;49;1976;0.36;3381704;7.28;9.32;8.3
Marko Jaric;3;1979;17;1;MEM;PF;76;1676;-0.54;784414;21.74;6.71;14.23
Marko Jaric;4;1979;17;1;OKC;PF;30;1001;-0.03;1823010;14.48;1.06;7.77
Marko Jaric;5;1980;18;2;HOU;PF;41;995;-25.87;1383379;21.66;2.55;12.11
Marko Jaric;6;1981;19;3;HOU;SG;32;1463;1.15;6539058;15.07;5.6;10.34
Marko Jaric;7;1982;20;4;LAL;PF;21;855;1.53;8057785;19.82;3.94;11.88
Marko Jaric;8;1983;21;5;LAL;PG;52;1634;2.22;10921672;23.01;3.25;13.13
Marko Jaric;9;1984;22;6;MIL;PF;33;148;37.59;11694736;16.95;7.4;12.18
Marko Jaric;10;1985;23;7;MIL;SG;67;447;3.27;15011956;24.89;9.24;17.07
Marko Jaric;11;1986;24;8;MIL;PF;61;343;1.90;9536545;16.14;10.45;13.3
Marko Jaric;12;1987;25;9;MIL;PF;67;518;0.33;3261805;17.59;11.87;14.73
Marko Jaric;13;1988;26;10;MIL;SF;14;527;-0.09;1583211;13.92;3.87;8.9
Marko Jaric;14;1989;27;11;MIL;SF;22;273;0.01;1982877;10.01;4.09;7.05
Marko Jaric;15;1989;27;11;SAS;SF;11;375;-0.44;184384;11.42;6.87;9.15
Marko Jaric;16;1989;27;11;POR;SF;72;887;-0.66;630407;24.15;3.84;14.0
Marko Jaric;17;1990;28;12;BOS;SF;54;2097;-0.68;805440;14.76;8.59;11.68
Marko Jaric;18;1991;29;13;NYK;PF;28;710;-0.78;947659;19.9;4.12;12.01
Marko Jaric;19;1992;30;14;NYK;C;14;231;0.32;3221838;28.48;9.29;18.89
Marko Jaric;20;1992;30;14;NYK;C;11;277;1.20;6738890;18.46;21.51;19.99
Marko Jaric;21;1993;31;15;TOR;C;23;460;-0.28;823848;24.53;7.25;15.89
Marko Jaric;22;1993;31;15;NOH;C;40;-1037;-0.91;917002;10.61;18.97;14.79
Marko Jaric;23;1994;32;16;NOH;C;45;859;-0.79;303545;23.89;21.92;22.91
Marko Jaric;24;1995;33;17;NOH;PG;80;467;-2.64;646973;19.21;7.02;13.12
Marko Jaric;25;1996;34;18;NOH;PF;42;408;-2.67;781049;20.35;7.79;14.07
Marko Jaric;26;1997;35;19;NOH;PF;56;-3788;-1.64;915656;18.47;9.18;13.83
Marko Jaric;27;1998;36;20;IND;PF;67;199;-1.77;811964;11.51;11.45;11.48
Marko Jaric;28;1999;37;21;UTA;PF;17;811;-2.73;785649;14.37;10.17;12.27
Marko Jaric;29;2000;38;22;CLE;PF;42;834;-2.18;942005;14.94;5.83;10.39
Marko Jaric;30;2001;39;23;CLE;PF;7;20;-2.25;854039;16.99;7.81;12.4
Marko Jaric;31;2002;40;24;CLE;PG;52;1108;-2.52;693314;24.49;10.05;17.27
Marko Jaric;32;2003;41;25;CLE;PF;36;476;-3.00;601903;17.68;12.23;14.96
Marko Jaric;33;2004;42;26;NYK;SF;55;3598;-2.48;638185;15.91;7.38;11.65
Marko Jaric;34;2005;43;27;NYK;SF;71;2269;-8.38;673799;15.82;3.38;9.6
Marko Jaric;35;2005;43;27;TOR;SF;70;1639;-3.00;913018;60.62;9.48;10.49
Dale Ellis;1;1979;17;1;PHO;C;32;1313;-0.05;1743077;18.71;8.96;13.84
Dale Ellis;2;1980;18;2;GSW;C;72;804;-0.18;1223513;23.67;9.56;16.62
Dale Ellis;3;1981;19;3;UTA;C;38;523;1.31;7178522;22.22;4.8;7.42
Dale Ellis;4;1982;20;4;UTA;C;32;862;1.44;7698086;23.06;15.18;19.12
Dale Ellis;5;1983;21;5;UTA;C;81;1759;-26.18;10269928;32.67;4.98;18.83
Dale Ellis;6;1984;22;6;UTA;C;25;980;2.23;10855440;25.15;3.53;14.34
Dale Ellis;7;1984;22;6;SAS;C;18;278;2.64;12494066;11.12;5.26;8.19
Dale Ellis;8;1985;23;8;SAS;C;57;2528;1.86;9376679;19.84;10.87;15.36
Dale Ellis;9;1985;23;7;LAC;C;20;391;0.35;3341738;35.21;14.42;24.82
Dale Ellis;10;1986;24;8;LAC;C;9;50;0.72;4820498;21.24;14.52;17.88
Dale Ellis;11;1987;25;9;PHO;PG;13;194;0.30;3141905;31.45;8.48;19.97
Dale Ellis;12;1988;26;10;MIN;C;76;437;0.61;4380867;18.59;10.05;14.32
Dale Ellis;13;1989;27;11;MIN;C;41;1457;0.56;4181034;21.38;11.15;16.27
Dale Ellis;14;1990;28;12;MIN;C;67;2628;0.05;2142743;15.75;17.37;16.56
Dale Ellis;15;1991;29;13;UTA;C;19;699;-0.08;1623178;20.03;24.98;22.51
Dale Ellis;16;1992;30;14;UTA;C;51;2369;-0.35;544082;15.36;13.09;14.23
Dale Ellis;17;1993;31;15;UTA;PG;14;244;-0.38;424183;13.61;16.28;14.95
Dale Ellis;18;1994;32;16;UTA;C;43;591;-1.64;618712;23.5;21.45;22.48
Dale Ellis;19;1995;33;17;KCK;C;75;2164;-1.91;877323;29.88;4.62;17.25
Dale Ellis;20;1995;33;17;PHI;C;32;865;-3.00;722787;31.32;11.85;21.59
Dale Ellis;21;1996;34;18;PHI;C;9;111;-3.00;681332;20.86;22.78;21.82
Dale Ellis;22;1997;35;19;PHI;PF;7;264;-3.00;753383;11.5;8.67;10.09
Dale Ellis;23;1998;36;20;PHI;PF;59;-4137;-3.00;553900;14.46;9.52;11.99
Dale Ellis;24;1999;37;21;IND;PF;20;691;-2.64;743735;18.08;4.36;11.22
Dale Ellis;25;2000;38;22;IND;PF;75;355;-3.00;857672;11.23;4.01;7.62
Dale Ellis;26;2001;39;23;IND;PF;71;619;-3.00;931585;22.22;5.33;13.78
Dale Ellis;27;2002;40;24;MEM;PF;62;2382;-2.95;657711;12.33;8.78;10.56
Dale Ellis;28;2003;41;25;NYK;PF;54;2490;-3.00;685709;19.5;10.06;14.78
Dale Ellis;29;2004;42;26;NYK;C;75;334;-2.64;625745;18.55;1.02;9.79
Dale Ellis;30;2005;43;27;NYK;SG;37;170;-2.62;741255;14.64;2.67;8.66
Dale Ellis;31;2006;44;28;NYK;SG;16;507;-3.00;714995;8.14;2.17;5.16
Dale Ellis;32;2007;45;29;BOS;SG;30;486;-3.00;855155;8.58;1.8;5.19
Dale Ellis;33;2008;46;30;BOS;SG;71;63;-3.00;635697;6.68;3.34;5.01
Dale Ellis;34;2009;47;31;BOS;SG;75;3353;-2.55;-155279;4.68;1.7;3.19
Dale Ellis;35;2010;48;30;MIA;SG;81;444;-2.82;987912;11.85;4.96;8.41
Melvin Newbern;1;1978;21;3;WSB;SF;61;1772;-0.24;983714;20.73;8.37;14.55
Melvin Newbern;2;1979;22;4;WSB;SF;79;2189;38.67;2542408;12.63;11.0;11.82
Melvin Newbern;3;1980;23;5;WSB;SF;71;2313;1.06;6179359;17.8;8.14;18.03
Melvin Newbern;4;1981;24;6;WSB;SF;2;17;1.29;7098589;9.51;6.5;8.01
Melvin Newbern;5;1982;25;7;IND;SG;58;467;2.55;12134368;10.85;4.72;7.79
Melvin Newbern;6;1983;26;8;IND;SG;74;3193;3.89;17489879;13.69;0.15;6.92
Melvin Newbern;7;1984;27;9;PHI;SG;78;829;3.79;17090214;6.85;0.38;3.62
Melvin Newbern;8;1985;28;10;PHI;SG;32;112;39.01;15251755;10.55;0.85;5.7
Melvin Newbern;9;1986;29;14;NJN;SG;54;1079;3.95;17729678;10.28;3.17;6.73
Melvin Newbern;10;1987;30;12;CLE;SG;20;700;3.17;13825935;6.85;7.97;7.41
Melvin Newbern;11;1988;31;13;CLE;PG;43;6072;3.21;14772157;4.67;2.27;3.47
Melvin Newbern;12;1988;31;13;BOS;PG;9;-612;2.64;12494066;7.96;4.44;6.2
Melvin Newbern;13;1989;32;14;CHH;PG;57;607;2.97;13812961;3.92;1.97;2.95
Melvin Newbern;14;1990;33;15;MIA;PG;17;56;2.75;12933698;6.46;1.55;4.01
Melvin Newbern;15;1991;34;16;CLE;PG;83;1252;2.75;12933698;8.27;1.68;4.98
Melvin Newbern;16;1992;35;17;LAL;PG;73;3301;0.68;4660632;10.79;2.69;6.74
Melvin Newbern;17;1992;35;17;IND;SG;55;1492;-0.73;972874;15.85;1.8;8.83
Melvin Newbern;18;1993;36;18;PHI;SG;56;2671;-0.41;304283;7.63;4.1;5.87
Melvin Newbern;19;1994;37;19;PHI;PG;11;447;-1.03;836964;5.14;5.13;5.14
Melvin Newbern;20;1995;38;20;PHI;PG;34;129;-1.03;797335;7.61;1.49;4.55
Melvin Newbern;21;1996;39;21;PHI;PG;31;820;-1.22;898349;5.17;4.57;4.87
Melvin Newbern;22;1997;40;22;PHI;C;24;959;-1.87;681330;9.83;3.41;7.61
Melvin Newbern;23;1998;41;23;PHI;PG;2;18;-1.39;788948;2.82;2.18;2.5
Melvin Newbern;24;1999;42;24;LAC;PG;46;-96;-2.03;655453;6.95;-2.11;5.55
Melvin Newbern;25;1999;42;24;SEA;PG;27;280;-1.80;871545;10.22;0.13;5.18
Melvin Newbern;26;2000;43;25;SEA;PG;33;1555;-2.02;686262;8.63;1.55;5.09
Melvin Newbern;27;2001;44;26;BOS;PG;14;420;-3.00;923221;8.6;0.12;4.36
Melvin Newbern;28;2002;45;27;BOS;PG;65;1024;-2.89;978793;13.14;1.3;7.22
Melvin Newbern;29;2002;45;27;SAC;PG;84;2145;-2.90;787388;5.0;4.09;4.55
Melvin Newbern;30;2003;46;28;WAS;PG;8;-124;-2.83;758160;23.59;2.26;5.01
Melvin Newbern;31;2004;47;29;WAS;PG;8;114;-3.00;913457;7.08;2.49;4.79
Melvin Newbern;32;2005;50;25;DAL;PG;70;564;-2.57;939735;8.08;1.32;4.7
Melvin Newbern;33;2006;49;31;DEN;PG;43;1693;-2.73;656747;6.24;1.55;3.84
Melvin Newbern;34;2007;50;32;DET;PG;14;186;-3.00;719173;4.32;3.97;4.15
Melvin Newbern;35;2008;51;33;DET;SG;73;2983;-2.81;931565;4.18;6.9;5.54
Bill Curley;1;1979;21;3;CLE;SG;1;5;1.76;8977014;10.62;4.04;7.33
Bill Curley;2;1980;22;4;HOU;SG;39;1439;1.34;7298421;15.35;0.93;8.78
Bill Curley;3;1981;23;5;HOU;SG;45;1854;1.65;8537383;6.22;-17.85;5.32
Bill Curley;4;1982;24;6;HOU;PF;77;1475;-0.10;1543245;4.12;4.29;4.21
Bill Curley;5;1983;25;7;HOU;SG;4;38;0.29;3101939;49.91;3.07;6.33
Bill Curley;6;1983;25;7;MIL;SG;37;1300;0.96;5779694;14.89;8.6;11.75
Bill Curley;7;1983;25;7;TOR;SG;52;2107;0.66;4580699;15.48;4.71;10.1
Bill Curley;8;1984;29;8;DAL;SG;38;396;-32.99;786828;6.4;1.38;3.74
Bill Curley;9;1985;27;11;PHO;SF;77;2467;-1.13;873190;13.45;1.71;7.58
Bill Curley;10;1986;28;10;PHO;SF;23;992;44.30;974048;11.08;5.46;8.27
Bill Curley;11;1987;29;11;PHO;SG;1;15;-2.98;840744;9.0;4.23;6.62
Bill Curley;12;1988;30;12;PHO;SG;77;1038;-3.00;771582;63.40;7.65;9.77
Bill Curley;13;1989;31;13;PHO;SG;73;313;-3.00;677107;7.79;6.11;6.95
Bill Curley;14;1990;32;14;PHO;C;28;738;-3.00;869736;7.9;-22.76;5.11
Bill Curley;15;1991;33;15;BOS;SG;55;768;-3.00;928506;11.6;5.89;8.75
Bill Curley;16;1992;34;16;BOS;SG;14;161;-3.00;985800;10.4;5.83;8.12
Bill Curley;17;1993;35;17;CHI;SG;27;707;-3.00;860094;10.61;4.23;7.42
Bill Curley;18;1994;37;18;CHI;SG;98;1974;-3.00;805434;15.37;5.22;10.3
Bill Curley;19;1995;37;19;CHI;SG;78;1370;-2.66;949631;10.38;2.24;6.31
Bill Curley;20;1996;38;20;GSW;SF;56;1418;-1.43;774589;19.69;4.81;12.25
Bill Curley;21;1997;39;21;GSW;SF;56;2156;-2.01;937612;13.91;4.47;9.19
Bill Curley;22;1997;39;21;GSW;SF;7;193;-3.00;641686;21.5;10.31;15.91
Bill Curley;23;1998;40;22;DEN;SF;1;40;-3.00;964067;16.13;6.84;11.49
Bill Curley;24;1998;40;22;NYK;SG;20;118;-2.26;880506;8.94;6.07;7.51
Bill Curley;25;1999;41;23;PHO;SG;3;47;-2.76;864021;9.38;2.61;6.0
Bill Curley;26;2000;42;24;NOK;PG;43;748;-2.50;607582;9.37;2.75;6.06
Bill Curley;27;2001;43;25;MIL;PG;17;237;-1.78;695414;11.65;14.41;7.93
Bill Curley;28;2002;44;26;PHO;PG;54;315;-2.35;1444359;4.53;2.69;3.61
Bill Curley;29;2003;45;27;LAC;PG;37;929;-1.97;828980;10.32;2.57;6.45
Bill Curley;30;2004;46;28;LAC;PG;38;13;-2.32;612318;11.3;4.24;7.77
Bill Curley;31;2005;47;32;NYK;PG;21;516;-1.69;899239;9.22;3.52;6.37
Bill Curley;32;2006;48;30;DEN;SG;44;1108;-3.00;681779;4.07;1.87;2.97
Bill Curley;33;2007;49;31;DEN;SF;39;1831;-3.00;862044;11.73;4.42;8.08
Bill Curley;34;2007;49;31;GSW;SF;12;215;-3.00;743328;9.65;9.29;9.47
Bill Curley;35;2008;50;31;MEM;SF;62;1683;-3.00;649684;16.24;4.87;10.56
Al Fleming;1;1979;18;3;GSW;C;19;788;0.91;5579862;17.08;15.81;16.45
Al Fleming;2;1980;19;4;GSW;C;41;336;1.07;6219326;28.14;1.49;14.82
Al Fleming;3;1981;20;5;GSW;C;13;113;0.64;4500766;21.58;8.09;14.84
Al Fleming;4;1982;21;6;ORL;C;57;1987;-1.02;956427;19.5;20.42;19.96
Al Fleming;5;1983;22;7;MIL;C;16;94;-1.20;766497;26.66;13.44;20.05
Al Fleming;6;1983;22;7;DET;PF;21;292;0.83;5260130;19.03;13.59;16.31
Al Fleming;7;1984;23;7;DEN;PF;34;12;0.41;3581537;24.36;7.26;15.81
Al Fleming;8;1985;24;9;CHO;PF;17;503;0.39;3501604;15.0;-29.49;15.83
Al Fleming;9;1986;25;10;PHO;PF;29;1171;0.63;4460800;12.95;14.11;13.53
Al Fleming;10;1987;26;11;PHO;C;31;1154;-0.52;620021;20.15;7.7;13.93
Al Fleming;11;1988;27;12;PHO;C;23;223;-1.11;796296;14.68;6.81;10.75
Al Fleming;12;1989;28;13;GSW;C;48;1571;-0.07;1663144;29.44;0.69;15.07
Al Fleming;13;1990;29;14;CLE;C;81;495;-1.41;739590;24.24;8.01;16.13
Al Fleming;14;1991;30;15;CLE;SF;31;403;-33.28;865865;9.18;1.69;6.10
Al Fleming;15;1991;30;15;CHH;PG;37;1594;-32.85;781258;10.67;10.06;10.37
Al Fleming;16;1992;31;16;CHH;SF;2;68;-34.32;767038;19.39;3.22;11.31
Al Fleming;17;1993;32;17;ATL;SF;47;2192;-2.31;744119;7.77;8.81;8.29
Al Fleming;18;1993;32;17;HOU;SF;62;458;-3.00;876376;16.19;0.87;8.53
Al Fleming;19;1994;28;18;HOU;SF;87;1490;-2.63;662662;-36.22;6.83;12.49
Al Fleming;20;1995;37;19;DET;PG;9;430;-3.00;656902;16.41;5.11;10.76
Al Fleming;21;1996;35;20;MEM;PG;8;77;-3.00;-95964;6.76;1.27;4.02
Al Fleming;22;1997;36;21;UTA;PG;41;620;-3.00;766392;6.28;3.72;4.94
Al Fleming;23;1998;37;22;UTA;PG;63;1649;-3.00;630056;9.76;5.55;7.66
Al Fleming;24;1999;38;23;UTA;PG;22;-1059;-3.00;645085;7.0;1.73;4.37
Al Fleming;25;1999;38;23;DET;PG;67;1589;-3.00;996873;8.58;0.85;4.72
Al Fleming;26;1999;38;23;KCK;PG;19;881;-2.99;748051;7.75;0.87;3.40
Al Fleming;27;2000;39;24;KCK;PG;70;917;-3.00;877657;8.21;2.26;5.24
Al Fleming;28;2001;40;25;WSB;PG;12;57;27.64;1493819;8.97;2.2;5.59
Al Fleming;29;2001;40;25;ATL;PG;38;1553;-1.43;931335;8.54;2.5;5.52
Al Fleming;30;2001;38;25;WAS;PG;1;39;-1.38;668096;-1.10;0.48;5.22
Al Fleming;31;2001;40;25;DET;PG;54;548;-1.89;912011;13.34;3.11;8.23
Al Fleming;32;2002;41;26;POR;PG;71;1213;-1.84;815142;10.16;3.62;6.89
Al Fleming;33;2003;39;27;ATL;PG;45;568;-1.80;894066;8.77;3.97;6.37
Al Fleming;34;2004;43;28;GSW;PG;25;504;-2.06;816993;12.47;1.65;7.06
Al Fleming;35;2005;44;29;GSW;PF;22;667;-2.88;708321;8.6;0.53;4.57
Tom Gugliotta;1;1979;22;3;ORL;PG;71;1577;-0.08;1623178;9.84;2.08;5.96
Tom Gugliotta;2;1980;23;4;LAL;PG;65;7550;-0.62;626328;8.78;3.03;5.91
Tom Gugliotta;3;1981;24;5;IND;PG;60;1786;-1.59;774724;6.53;4.91;5.72
Tom Gugliotta;4;1982;25;6;IND;PG;75;22;-2.01;847731;8.12;3.17;5.65
Tom Gugliotta;5;1983;26;7;IND;PG;31;849;-3.00;897489;13.58;4.11;8.85
Tom Gugliotta;6;1984;27;8;CHH;PG;67;630;-1.63;739602;6.98;2.43;4.71
Tom Gugliotta;7;1985;28;9;IND;SG;41;1674;-0.82;803304;8.32;22.64;6.26
Tom Gugliotta;8;1986;29;10;IND;SG;10;137;-1.16;375284;9.71;4.14;6.93
Tom Gugliotta;9;1987;30;11;CHA;SG;52;824;-1.98;829286;13.23;5.14;9.19
Tom Gugliotta;10;1988;31;12;IND;PG;67;991;-2.78;922297;14.44;4.32;9.38
Tom Gugliotta;11;1989;32;13;DET;PG;72;20;-3.00;628072;9.62;3.23;6.43
Tom Gugliotta;12;1990;33;14;SAC;SG;8;111;-2.63;778575;9.4;2.53;5.97
Tom Gugliotta;13;1991;34;15;SAC;SG;41;1347;-2.56;679754;10.99;1.53;6.26
Tom Gugliotta;14;1992;35;16;SAC;SG;19;199;-3.00;1672545;8.6;1.42;5.01
Tom Gugliotta;15;1993;36;17;WAS;SG;26;295;-2.84;765666;9.89;4.46;7.18
Tom Gugliotta;16;1993;36;17;DET;SG;61;2636;-3.00;750109;8.23;4.87;6.55
Tom Gugliotta;17;1994;37;18;PHI;SG;30;601;-3.00;943176;5.1;2.62;3.86
Tom Gugliotta;18;1995;38;19;PHO;SG;77;2775;-3.00;838739;15.03;3.81;9.42
Tom Gugliotta;19;1996;40;20;PHO;SG;2;15;-3.00;951793;10.33;0.08;5.21
Tom Gugliotta;20;1996;39;20;MIL;SG;45;689;-3.00;905672;10.55;5.48;8.02
Tom Gugliotta;21;1997;40;21;IND;SG;15;1;-2.95;-4093;9.23;5.28;7.26
Tom Gugliotta;22;1998;41;22;IND;C;13;483;-3.00;867801;13.58;1.82;7.7
Tom Gugliotta;23;1999;42;23;IND;SG;45;1164;-3.00;861129;7.33;2.37;4.85
Tom Gugliotta;24;2000;43;24;IND;SG;78;3412;-2.18;938550;8.07;7.19;7.63
Tom Gugliotta;25;2001;44;25;IND;SG;24;425;-2.51;849571;11.77;2.22;7.0
Tom Gugliotta;26;2002;45;26;NOP;SG;52;385;-2.14;616285;4.48;4.02;4.25
Tom Gugliotta;27;2003;46;27;IND;SG;31;899;-1.24;709649;10.14;4.0;7.07
Tom Gugliotta;28;2004;47;28;IND;SG;77;10563;-2.09;852187;6.08;4.09;5.09
Tom Gugliotta;29;2005;48;29;IND;SF;34;636;-1.56;747923;19.1;7.11;13.11
Tom Gugliotta;30;2006;49;30;IND;SF;79;2397;-0.86;684822;18.35;9.2;13.78
Tom Gugliotta;31;2007;50;31;IND;SF;64;2770;-1.10;816319;16.07;3.15;9.05
Tom Gugliotta;32;2007;50;31;IND;SF;69;3200;0.17;2622341;8.62;5.52;7.07
Tom Gugliotta;33;2008;51;32;NYK;SF;65;2652;-2.05;873050;8.29;0.7;4.5
Tom Gugliotta;34;2009;52;33;SAC;SF;46;1258;28.79;747588;-22.46;9.64;16.84
Tom Gugliotta;35;2010;53;34;LAC;PF;44;1284;-3.00;899048;16.47;10.76;13.62
Paul Thompson;1;1979;20;2;GSW;SF;20;292;0.49;3901269;13.27;10.33;11.8
Paul Thompson;2;1980;21;3;HOU;SF;41;1191;-1.23;831463;11.15;7.94;9.55
Paul Thompson;3;1981;22;4;HOU;SF;56;1674;-2.65;737970;13.48;9.63;11.56
Paul Thompson;4;1982;23;5;POR;SF;64;535;-2.18;696552;16.32;4.5;10.41
Paul Thompson;5;1983;24;6;SAS;SF;76;540;-1.40;891227;17.09;4.01;10.55
Paul Thompson;6;1983;24;6;DEN;SF;23;62;-1.14;867889;61.43;0.18;5.96
Paul Thompson;7;1984;25;7;DEN;SF;40;1170;-1.94;921278;20.75;57.17;13.49
Paul Thompson;8;1985;26;8;ORL;SF;30;32;-2.89;788324;13.84;2.44;8.14
Paul Thompson;9;1985;28;8;HOU;SG;67;1942;-3.00;846681;7.83;0.14;3.99
Paul Thompson;10;1986;27;9;HOU;SG;62;228;-3.00;890080;8.38;5.58;6.98
Paul Thompson;11;1987;28;10;HOU;SG;43;1658;-3.00;739522;12.2;6.92;9.56
Paul Thompson;12;1988;29;10;HOU;SG;13;123;-1.95;967322;15.38;9.43;12.41
Paul Thompson;13;1989;30;12;HOU;SG;68;4867;-1.76;747719;11.19;6.54;8.87
Paul Thompson;14;1990;31;13;ORL;SG;58;998;-2.49;857123;15.47;3.07;9.27
Paul Thompson;15;1991;32;14;OKC;SG;78;3549;-1.82;885656;6.54;1.17;3.86
Paul Thompson;16;1991;32;14;CHI;PF;49;2073;-2.57;907412;6.8;1.96;4.38
Paul Thompson;17;1992;34;15;CHI;SG;66;432;-2.11;762104;7.5;7.75;7.63
Paul Thompson;18;1993;34;16;CHI;SF;53;673;-1.58;601927;14.02;6.52;10.27
Paul Thompson;19;1994;35;17;CHI;SF;65;388;-2.32;848227;9.7;6.67;8.19
Paul Thompson;20;1995;36;18;CHI;SF;77;3486;-3.00;984540;12.86;5.19;9.03
Paul Thompson;21;1996;37;19;ATL;PF;64;1682;-37.23;654078;19.36;7.92;13.64
Paul Thompson;22;1997;38;20;CHH;C;19;107;-3.00;854080;17.71;12.3;15.01
Paul Thompson;23;1997;38;20;BOS;C;35;1145;-2.10;783676;13.73;1.99;7.86
Paul Thompson;24;1998;39;21;BOS;C;49;1649;-2.08;752976;25.04;12.81;18.93
Paul Thompson;25;1999;40;22;BOS;C;25;274;-2.17;626616;28.5;6.55;17.53
Paul Thompson;26;2000;41;23;BOS;PF;51;1004;-1.95;994589;15.7;12.11;13.91
Paul Thompson;27;2001;42;24;BOS;PF;13;298;-2.30;887191;18.94;8.21;13.58
Paul Thompson;28;2002;43;25;BOS;C;7;47;-0.74;855456;17.09;10.5;13.8
Paul Thompson;29;2002;43;25;LAC;C;56;6669;-0.72;614864;19.73;14.95;17.34
Paul Thompson;30;2003;44;26;CHA;C;15;83;-1.34;733577;25.68;18.32;22.0
Paul Thompson;31;2003;44;26;DAL;C;18;191;-0.74;935302;22.88;7.33;15.11
Paul Thompson;32;2004;45;27;DAL;PF;62;458;-1.55;980466;20.24;10.59;15.42
Paul Thompson;33;2005;46;28;DAL;C;29;570;-1.57;675192;29.7;8.26;21.86
Paul Thompson;34;2006;47;32;DAL;C;17;381;-0.86;719945;24.82;9.83;25.62
Paul Thompson;35;2007;48;30;DAL;C;65;1193;-0.64;892326;-10.10;14.61;19.9
A.C. Green;1;1979;17;4;DAL;SF;28;56;1.38;7458287;15.96;7.24;11.6
A.C. Green;2;1980;18;5;WAS;SF;16;682;2.05;10136042;13.7;1.44;7.57
A.C. Green;3;1981;19;6;IND;SG;38;347;1.27;7018656;9.68;4.3;6.99
A.C. Green;4;1982;20;7;WAS;PG;3;126;1.20;6738890;6.84;5.53;6.19
A.C. Green;5;1983;21;8;DET;PG;22;125;1.50;7937885;10.49;1.2;5.85
A.C. Green;6;1984;22;9;DET;PG;67;135;1.53;8057785;8.94;2.21;5.58
A.C. Green;7;1985;23;10;DET;PG;7;274;1.54;8097751;-6.01;0.67;4.09
A.C. Green;8;1986;24;11;UTA;PG;63;2670;1.60;8337550;7.95;1.23;4.59
A.C. Green;9;1987;25;12;UTA;PG;16;536;2.43;11654770;4.67;3.39;4.03
A.C. Green;10;1988;26;13;UTA;PG;31;338;1.25;6938723;7.63;1.0;4.32
A.C. Green;11;1989;27;14;UTA;PG;75;2044;0.47;3821336;5.52;4.46;4.99
A.C. Green;12;1990;28;15;UTA;PG;24;156;-0.48;24518;9.33;3.02;6.18
A.C. Green;13;1991;29;16;UTA;PG;44;1020;-0.04;2166670;5.88;4.35;5.12
A.C. Green;14;1992;30;17;UTA;SG;14;637;-0.56;785577;-25.20;6.45;9.32
A.C. Green;15;1993;31;18;UTA;C;46;1006;-0.02;1862977;17.59;2.04;9.82
A.C. Green;16;1994;32;19;UTA;SG;74;3274;0.32;3221838;9.38;1.41;5.4
A.C. Green;17;1995;33;20;UTA;C;40;276;0.48;3861302;11.69;2.37;7.03
A.C. Green;18;1996;34;21;WSB;SG;52;1038;0.80;5140230;9.75;0.32;5.04
A.C. Green;19;1997;35;22;WSB;SG;25;350;1.00;5939560;12.55;3.0;7.78
A.C. Green;20;1997;35;22;SAS;SG;50;448;-0.46;104451;10.21;2.89;6.55
A.C. Green;21;1997;35;22;SAS;SG;24;-1757;0.54;4101101;9.1;-11.85;7.67
A.C. Green;22;1998;36;18;NJN;C;18;762;2.04;10096076;6.41;1.27;3.84
A.C. Green;23;1999;37;24;NJN;SG;32;1414;2.47;11814636;8.46;8.03;8.25
A.C. Green;24;2000;40;25;NJN;SG;53;1646;2.49;11894569;15.25;1.06;8.16
A.C. Green;25;2001;39;26;NJN;SG;37;543;1.57;8217651;14.58;3.98;9.28
A.C. Green;26;2002;40;27;CLE;SG;54;1444;2.34;11295071;9.5;4.09;6.8
A.C. Green;27;2003;41;28;CLE;SG;60;1636;2.71;12773832;42.49;2.05;6.71
A.C. Green;28;2004;42;29;CLE;SG;53;907;1.53;8057785;8.32;6.08;7.2
A.C. Green;29;2005;43;30;POR;PG;58;1578;1.91;9576512;12.39;1.29;6.84
A.C. Green;30;2006;44;31;POR;PG;4;105;2.03;10056109;44.11;3.89;8.41
A.C. Green;31;2007;45;32;POR;PG;34;1413;3.92;17609778;7.57;0.57;4.07
A.C. Green;32;2008;46;33;POR;PG;73;1889;4.25;18928673;7.25;1.41;4.33
A.C. Green;33;2009;47;34;POR;PG;20;762;3.52;16011118;8.32;1.72;5.02
A.C. Green;34;2010;44;35;DET;PG;65;1447;3.17;14612291;5.01;3.03;4.02
A.C. Green;35;2010;48;35;OKC;PG;94;1080;3.74;16890381;4.82;0.27;2.55
Aaron Williams;1;1978;17;2;DAL;SG;36;334;2.57;12214301;17.34;0.45;8.9
Aaron Williams;2;1979;18;6;DAL;SG;66;2011;1.53;8828440;17.71;9.67;13.69
Aaron Williams;3;1980;19;4;MIA;PF;49;710;2.63;12454100;6.0;3.69;4.85
Aaron Williams;4;1981;20;5;MIA;SG;10;27;3.36;24817615;5.0;7.86;6.43
Aaron Williams;5;1981;20;5;GSW;SF;20;228;2.83;13253430;17.7;7.06;12.38
Aaron Williams;6;1982;21;6;DET;SF;80;3565;3.70;16730515;13.77;5.79;9.78
Aaron Williams;7;1983;22;7;DET;PF;28;3939;4.78;21046897;12.59;11.86;12.23
Aaron Williams;8;1984;23;8;CHI;PF;11;231;3.11;14372492;25.02;4.24;14.63
Aaron Williams;9;1985;24;9;CHI;PF;88;1318;4.15;18529008;16.07;6.42;11.25
Aaron Williams;10;1986;25;10;CHI;PF;41;1708;3.20;14732190;12.66;5.33;9.0
Aaron Williams;11;1986;25;14;CLE;SG;56;1616;2.09;10295908;24.0;11.47;17.74
Aaron Williams;12;1987;26;11;DAL;PF;63;2507;1.53;8057785;19.46;7.08;13.27
Aaron Williams;13;1988;27;12;DAL;PF;32;728;0.20;2742240;13.83;7.57;10.7
Aaron Williams;14;1988;27;12;PHI;PF;14;657;0.20;2742240;14.24;13.59;13.92
Aaron Williams;15;1989;28;13;MIL;PF;21;230;-1.36;948839;27.27;6.43;16.85
Aaron Williams;16;1989;28;13;ORL;PF;84;1138;45.02;826666;15.02;67.11;13.42
Aaron Williams;17;1990;29;14;ORL;PF;21;253;-2.51;1003652;27.57;13.44;20.51
Aaron Williams;18;1991;30;15;ORL;PF;60;2816;-2.36;692954;14.74;6.09;10.42
Aaron Williams;19;1991;30;15;CHH;SG;23;244;-3.00;863386;22.61;10.32;16.47
Aaron Williams;20;1992;31;16;CHH;SF;55;1566;-3.00;-153971;17.44;4.88;11.16
Aaron Williams;21;1993;32;17;CHH;SF;4;71;-3.00;882221;16.04;6.87;11.46
Aaron Williams;22;1994;33;18;HOU;SF;5;165;-2.44;1140702;9.59;7.43;8.51
Aaron Williams;23;1995;34;19;HOU;SG;94;549;-1.59;728861;7.47;4.76;6.12
Aaron Williams;24;1996;35;20;IND;SG;8;131;-3.00;742229;12.85;7.21;14.20
Aaron Williams;25;1997;36;21;ATL;PG;44;677;-3.00;633818;6.22;2.18;4.2
Aaron Williams;26;1998;37;22;ORL;PG;32;1205;21.56;999915;-10.61;1.54;5.77
Aaron Williams;27;1999;38;23;ORL;PG;28;134;-3.00;772874;8.51;3.69;6.28
Aaron Williams;28;2000;39;24;PHI;PG;39;3958;-2.12;715222;4.76;2.91;3.84
Aaron Williams;29;2001;40;25;LAL;PG;59;2643;-2.93;856098;4.93;0.17;2.55
Aaron Williams;30;2001;40;25;IND;PG;34;709;-3.00;965007;11.41;0.2;5.81
Aaron Williams;31;2002;41;26;IND;PG;8;347;-2.73;792853;4.71;0.71;2.71
Aaron Williams;32;2002;41;26;UTA;PG;90;190;-3.00;651013;5.32;4.16;4.74
Aaron Williams;33;2003;42;27;UTA;PG;42;1661;-3.00;915282;9.32;2.91;6.12
Aaron Williams;34;2004;43;31;LAC;PG;8;199;-2.93;953450;11.31;1.82;6.57
Aaron Williams;35;2004;43;28;WAS;PG;37;395;-3.00;762587;-8.70;3.19;4.37
Lewis Lloyd;1;1979;20;1;NOH;SG;62;535;0.64;4500766;10.93;5.78;8.36
Lewis Lloyd;2;1980;21;2;NOH;SF;46;309;1.48;7857952;13.52;8.92;11.22
Lewis Lloyd;3;1981;22;3;SAC;SF;71;-2989;2.17;10615641;15.53;6.11;10.82
Lewis Lloyd;4;1982;23;4;TOR;SF;19;438;2.15;10535708;11.15;5.6;8.38
Lewis Lloyd;5;1983;21;5;IND;PG;37;1304;2.47;11814636;10.32;14.48;12.4
Lewis Lloyd;6;1984;25;6;IND;SF;80;2768;1.92;9616478;20.19;2.73;11.46
Lewis Lloyd;7;1985;26;7;IND;SF;80;3305;1.47;7817986;22.49;4.69;13.59
Lewis Lloyd;8;1986;27;9;IND;PF;58;1222;2.22;10815473;16.25;3.31;9.78
Lewis Lloyd;9;1987;28;9;IND;PF;21;220;4.46;19767969;25.85;9.61;17.73
Lewis Lloyd;10;1988;29;10;IND;PG;26;180;5.09;22285859;25.04;13.93;19.49
Lewis Lloyd;11;1989;30;11;IND;PF;63;2207;4.59;20287534;19.93;5.8;12.87
Lewis Lloyd;12;1990;31;12;IND;PF;43;290;4.82;21206763;13.63;9.58;11.61
Lewis Lloyd;13;1991;32;13;IND;PF;6;19;4.04;15811752;23.66;5.75;14.71
Lewis Lloyd;14;1992;33;14;IND;PF;54;284;2.58;12254267;19.24;9.55;14.4
Lewis Lloyd;15;1993;34;15;IND;PF;16;758;3.54;16091051;20.77;3.9;14.13
Lewis Lloyd;16;1994;35;16;SAS;PF;32;1495;3.27;15011956;31.82;18.15;24.99
Lewis Lloyd;17;1995;36;17;NJN;PF;7;180;2.10;10335875;26.59;15.23;20.91
Lewis Lloyd;18;1995;36;17;CHH;PF;13;289;2.12;10415808;18.45;8.71;13.58
Lewis Lloyd;19;1995;36;17;LAC;PF;48;37;1.83;9256780;16.26;12.62;14.44
Lewis Lloyd;20;1996;37;18;LAC;PF;58;1493;-37.62;2222676;11.53;5.97;8.75
Lewis Lloyd;21;1997;38;19;POR;C;44;1127;0.07;2222676;103.33;9.88;20.62
Lewis Lloyd;22;1998;39;20;SAS;C;67;1111;-0.51;862970;18.68;20.86;19.77
Lewis Lloyd;23;1999;40;21;SAS;C;19;552;-1.61;871762;22.79;6.09;14.44
Lewis Lloyd;24;2000;41;22;GSW;C;61;1966;-1.12;932088;16.57;12.22;14.4
Lewis Lloyd;25;2001;42;23;GSW;C;10;178;-0.72;729607;16.98;4.02;10.5
Lewis Lloyd;26;2002;43;24;MIA;C;32;235;-1.33;799297;18.05;12.77;15.41
Lewis Lloyd;27;2003;44;25;MIA;C;26;594;-1.88;816760;23.3;23.89;23.6
Lewis Lloyd;28;2004;45;26;ATL;C;54;1430;-2.50;641517;22.42;12.49;17.46
Lewis Lloyd;29;2005;46;27;ATL;C;29;654;-1.96;813432;26.15;16.83;21.49
Lewis Lloyd;30;2006;47;28;ATL;C;73;1513;-1.28;612875;23.48;12.29;17.89
Lewis Lloyd;31;2006;47;28;WAS;C;55;790;-0.62;729589;19.08;12.36;15.72
Lewis Lloyd;32;2007;48;29;MIN;C;24;266;-0.82;744584;11.52;4.9;8.21
Lewis Lloyd;33;2008;49;30;VAN;PF;57;560;-1.03;738464;26.11;13.17;19.64
Lewis Lloyd;34;2009;50;31;MEM;PF;76;493;-1.81;900911;17.92;8.17;13.05
Lewis Lloyd;35;2010;51;32;MEM;PF;31;305;-2.27;966657;17.85;11.99;14.92
Xavier McDaniel;1;1978;16;3;CLE;SF;24;1087;1.51;7977852;12.53;6.13;9.33
Xavier McDaniel;2;1979;17;4;CLE;SF;91;223;-34.79;2422508;13.47;4.12;8.8
Xavier McDaniel;3;1980;18;5;CLE;SF;75;1303;1.14;6499091;9.72;0.42;5.07
Xavier McDaniel;4;1981;19;2;CLE;SG;7;242;2.27;11015306;13.89;6.79;10.34
Xavier McDaniel;5;1982;20;7;WAS;SG;68;1937;2.98;13852927;13.86;5.36;9.61
Xavier McDaniel;6;1982;20;7;KCK;SG;40;1686;3.53;16051085;15.37;3.79;10.03
Xavier McDaniel;7;1983;21;8;DEN;SG;77;3560;4.61;20367467;7.14;7.89;7.52
Xavier McDaniel;8;1984;22;9;NJN;SG;19;593;5.16;22565624;4.27;3.25;3.76
Xavier McDaniel;9;1985;23;10;CLE;SG;8;76;5.34;23285021;6.1;5.13;5.62
Xavier McDaniel;10;1986;24;11;CLE;SG;52;1106;5.53;24044385;10.05;2.06;6.06
Xavier McDaniel;11;1987;25;12;NYK;SG;39;1739;7.29;31078489;11.89;2.44;6.22
Xavier McDaniel;12;1988;26;13;NYK;PG;64;2932;6.96;29759594;7.01;1.9;4.46
Xavier McDaniel;13;1989;27;14;NYK;PG;52;485;7.13;30439025;8.38;3.63;6.01
Xavier McDaniel;14;1990;28;15;ORL;PG;13;-891;5.53;24044385;6.26;3.66;4.96
Xavier McDaniel;15;1991;29;16;ORL;PG;38;1625;4.85;21326663;7.71;3.98;6.27
Xavier McDaniel;16;1992;30;17;GSW;PG;21;464;4.80;21126830;8.39;0.9;4.65
Xavier McDaniel;17;1992;30;17;PHI;PG;80;985;5.17;22605591;9.25;3.32;6.29
Xavier McDaniel;18;1993;31;15;POR;PG;68;-4013;5.13;22445725;6.08;3.33;3.82
Xavier McDaniel;19;1994;29;19;HOU;PG;20;882;4.16;18568974;7.67;2.97;5.32
Xavier McDaniel;20;1994;32;19;ATL;PG;68;2640;4.65;20527333;5.15;2.41;3.78
Xavier McDaniel;21;1995;33;20;ATL;PG;27;1077;4.19;18688874;9.36;0.46;4.91
Xavier McDaniel;22;1996;34;21;ATL;PG;2;41;3.66;16570649;2.68;3.53;3.11
Xavier McDaniel;23;1996;34;21;WAS;PG;58;1695;4.85;21326663;8.25;2.44;5.35
Xavier McDaniel;24;1997;35;22;WAS;PF;10;73;5.75;24923648;5.34;2.0;3.67
Xavier McDaniel;25;1998;36;23;WAS;PG;38;127;6.62;28400733;8.32;0.34;4.33
Xavier McDaniel;26;1999;37;24;WAS;PG;28;311;6.05;26122643;35.25;3.29;5.87
Xavier McDaniel;27;1999;37;24;DAL;PG;32;1532;5.34;23285021;7.19;3.01;5.1
Xavier McDaniel;28;2000;38;25;DAL;PG;20;413;4.34;19288371;-0.29;1.27;5.51
Xavier McDaniel;29;2000;38;27;NJN;PG;11;369;3.36;15371654;6.4;2.24;4.32
Xavier McDaniel;30;2001;39;26;NJN;PG;4;70;-34.06;12813798;5.34;2.84;4.09
Xavier McDaniel;31;2002;40;27;NJN;PG;57;844;3.27;15011956;8.46;4.66;6.56
Xavier McDaniel;32;2003;41;28;NJN;PG;81;833;3.85;17330013;6.88;0.9;3.89
Xavier McDaniel;33;2004;42;29;DET;PG;81;690;3.64;16490716;10.44;1.62;7.00
Xavier McDaniel;34;2005;43;30;DET;PG;44;618;3.91;17569812;7.8;3.5;5.65
Xavier McDaniel;35;2005;43;30;SAS;PG;4;128;4.93;21646395;11.37;1.23;6.3
Chris Whitney;1;1979;22;4;SAS;C;35;668;-0.57;896363;21.62;3.17;12.4
Chris Whitney;2;1980;23;7;SAS;PF;17;283;-1.14;932106;19.08;5.35;12.22
Chris Whitney;3;1981;24;6;SAS;PG;39;473;-2.78;862000;8.97;2.76;5.87
Chris Whitney;4;1982;25;9;NJN;SG;38;430;-2.33;902562;9.75;4.51;7.13
Chris Whitney;5;1983;26;10;NJN;PG;30;1103;-1.64;968937;7.5;5.28;6.39
Chris Whitney;6;1984;27;9;NJN;PF;10;54;-1.42;930601;7.8;6.46;7.13
Chris Whitney;7;1985;28;10;NJN;PG;64;1901;0.42;3621503;11.06;2.22;6.64
Chris Whitney;8;1986;29;11;HOU;PG;53;2470;-0.01;1902943;6.27;0.93;3.09
Chris Whitney;9;1987;30;12;HOU;PG;53;667;-0.24;983714;9.19;1.2;5.2
Chris Whitney;10;1987;30;12;POR;PG;61;2671;0.23;2862140;5.66;3.29;4.48
Chris Whitney;11;1988;31;13;POR;PG;73;1050;0.04;2102776;12.09;3.9;8.0
Chris Whitney;12;1989;32;15;POR;PG;69;1380;-0.73;877318;6.65;2.78;4.72
Chris Whitney;13;1990;33;15;CLE;PG;74;2330;-1.56;1054471;10.74;2.68;6.71
Chris Whitney;14;1991;34;16;POR;SG;16;458;-3.00;876725;-14.42;7.81;7.88
Chris Whitney;15;1992;35;17;MIN;SG;40;1180;-2.13;781267;7.1;1.78;4.44
Chris Whitney;16;1993;36;18;PHO;SG;60;1678;-1.55;1445359;10.78;4.87;7.83
Chris Whitney;17;1993;36;18;MEM;SG;44;1346;-1.52;991776;5.2;6.63;5.92
Chris Whitney;18;1994;37;19;MEM;SG;30;464;-18.25;699173;11.59;6.07;8.83
Chris Whitney;19;1995;36;20;MEM;SG;50;2128;-1.90;955890;13.64;9.1;11.37
Chris Whitney;20;1996;39;21;MEM;PG;11;-397;-2.36;886922;3.58;2.52;3.59
Chris Whitney;21;1997;40;22;MEM;PG;4;158;-2.79;725510;8.48;2.99;5.74
Chris Whitney;22;1998;41;23;MEM;PG;73;2729;-3.00;772183;9.95;0.87;5.41
Chris Whitney;23;1999;42;24;WSB;PG;34;466;-2.62;925630;10.48;5.07;7.78
Chris Whitney;24;2000;43;25;NOH;PG;13;82;-3.00;821002;7.74;1.97;4.86
Chris Whitney;25;2001;44;26;NOH;PG;32;505;-3.00;816506;5.09;3.84;4.47
Chris Whitney;26;2001;44;26;LAC;PG;52;1125;-3.00;663702;7.85;3.5;5.68
Chris Whitney;27;2002;45;27;VAN;PG;15;96;-3.00;662550;6.24;1.57;3.91
Chris Whitney;28;2003;46;28;LAC;PG;42;1334;-3.00;934398;7.28;2.6;4.94
Chris Whitney;29;2004;47;29;SAC;PG;48;639;-3.00;807294;7.56;3.87;5.72
Chris Whitney;30;2004;47;29;VAN;PF;54;828;-3.00;758142;10.92;5.84;8.38
Chris Whitney;31;2005;48;30;ATL;PG;73;1525;-3.00;996708;6.12;4.49;5.31
Chris Whitney;32;2006;49;31;DET;PG;72;1813;-2.76;658331;12.19;3.88;8.04
Chris Whitney;33;2007;50;32;DET;PG;78;1036;-2.92;634212;9.35;0.9;5.13
Chris Whitney;34;2008;51;33;DET;PG;30;-1465;-2.49;780657;53.44;2.61;5.31
Chris Whitney;35;2008;51;33;MIN;SG;12;486;-2.37;811192;15.61;4.51;10.06
Kent Bazemore;1;1979;20;3;MIA;C;59;930;0.93;5659795;19.83;19.26;19.55
Kent Bazemore;2;1980;21;4;MIA;PF;39;1737;1.60;8337550;22.59;1.95;12.27
Kent Bazemore;3;1981;22;5;NJN;PF;93;179;-37.31;7778019;24.0;13.85;18.93
Kent Bazemore;4;1982;23;6;NJN;PF;9;27;1.75;8937048;18.02;5.76;11.89
Kent Bazemore;5;1983;24;7;ORL;SF;23;517;2.94;13693061;15.93;8.75;12.34
Kent Bazemore;6;1984;25;8;ORL;SF;62;854;1.68;8657282;8.42;2.22;5.32
Kent Bazemore;7;1984;25;8;PHO;SF;11;511;1.68;8657282;-39.08;6.51;7.14
Kent Bazemore;8;1985;26;11;PHO;SF;56;651;3.30;15131855;18.23;10.2;14.22
Kent Bazemore;9;1985;26;9;NJN;PG;50;2231;3.02;14012793;12.49;9.27;10.88
Kent Bazemore;10;1986;27;10;LAL;SF;61;488;3.31;15171822;14.85;6.37;10.61
Kent Bazemore;11;1987;28;14;SAS;SF;13;398;2.79;13093564;9.71;3.07;6.39
Kent Bazemore;12;1988;29;12;IND;SF;8;275;2.62;12414133;7.36;6.19;6.78
Kent Bazemore;13;1989;30;13;DAL;PG;11;116;2.62;12414133;15.11;6.17;10.64
Kent Bazemore;14;1990;31;14;DAL;SF;61;428;2.25;10935373;11.59;5.82;8.71
Kent Bazemore;15;1990;31;14;MIN;SF;60;2153;2.48;11854602;11.43;2.82;7.13
Kent Bazemore;16;1991;32;15;MIN;SF;81;1006;1.52;8017818;14.87;15.01;14.94
Kent Bazemore;17;1992;33;16;NJN;SF;15;296;1.08;6259292;15.65;4.95;10.3
Kent Bazemore;18;1993;34;17;NJN;SF;74;787;1.47;7817986;19.75;5.88;12.82
Kent Bazemore;19;1994;35;18;NOH;SF;36;857;2.32;11215138;18.01;7.69;16.35
Kent Bazemore;20;1995;36;19;MIL;SF;20;87;2.03;10056109;10.84;4.04;7.44
Kent Bazemore;21;1996;37;22;TOR;SF;9;19;1.77;9016981;9.56;5.4;7.48
Kent Bazemore;22;1997;38;21;TOR;SF;34;629;2.22;10815473;10.64;4.85;7.75
Kent Bazemore;23;1998;39;22;TOR;SF;12;562;1.94;9696411;13.29;8.48;10.89
Kent Bazemore;24;1999;40;23;HOU;SF;29;663;1.50;7937885;8.55;15.2;11.88
Kent Bazemore;25;2000;42;24;HOU;SG;61;2288;1.92;9616478;5.37;1.2;3.29
Kent Bazemore;26;2001;42;25;PHO;SG;20;187;2.27;11015306;5.04;3.45;3.51
Kent Bazemore;27;2002;43;26;PHO;SG;92;-4159;1.79;9096914;9.1;5.64;7.37
Kent Bazemore;28;2003;44;27;POR;SG;44;1412;0.73;4860465;15.28;1.46;8.37
Kent Bazemore;29;2003;44;27;CHI;SG;28;255;-0.05;1743077;7.31;3.12;5.22
Kent Bazemore;30;2004;45;28;POR;SG;74;1640;-0.93;605397;12.49;0.41;6.45
Kent Bazemore;31;2004;45;28;MIN;SG;12;46;-1.05;-156943;15.44;2.74;9.09
Kent Bazemore;32;2005;46;29;POR;SF;59;1302;-0.99;617101;7.06;2.77;4.92
Kent Bazemore;33;2006;47;30;POR;SF;41;45;-0.42;207903;17.74;7.15;12.45
Kent Bazemore;34;2007;48;31;POR;SF;53;174;-0.18;1223513;11.51;5.45;8.48
Kent Bazemore;35;2008;49;32;BUF;PG;48;1933;0.04;2102776;18.26;4.91;11.59
Dikembe Mutombo;1;1979;18;3;POR;SG;2;92;1.53;8057785;10.29;8.78;9.54
Dikembe Mutombo;2;1980;19;4;POR;SG;29;1222;2.43;11654770;9.88;10.65;10.27
Dikembe Mutombo;3;1981;20;5;SEA;SG;40;1057;1.92;9616478;66.24;1.98;5.37
Dikembe Mutombo;4;1981;20;5;SAC;SG;45;545;2.18;10655607;9.19;3.3;6.98
Dikembe Mutombo;5;1982;21;6;LAL;SG;51;1257;1.87;9416646;13.79;2.57;8.18
Dikembe Mutombo;6;1983;22;7;LAC;SG;14;423;1.99;9896244;20.54;5.89;13.22
Dikembe Mutombo;7;1983;22;7;HOU;SG;5;150;2.03;10056109;6.57;8.61;7.59
Dikembe Mutombo;8;1984;23;8;HOU;SG;24;1059;2.59;12294234;9.61;2.11;5.86
Dikembe Mutombo;9;1985;24;9;HOU;SG;14;236;2.69;12693899;13.97;5.25;9.61
Dikembe Mutombo;10;1985;24;9;MIL;SG;54;1061;0.81;5180197;11.64;5.61;8.63
Dikembe Mutombo;11;1986;25;10;PHO;SG;74;737;1.18;6658957;10.15;2.34;6.25
Dikembe Mutombo;12;1987;26;11;LAL;SF;46;1955;0.96;5779694;9.97;10.29;10.13
Dikembe Mutombo;13;1988;27;12;MIA;PG;28;763;1.75;8937048;12.88;3.16;8.02
Dikembe Mutombo;14;1989;28;13;TOR;SG;8;353;2.85;13333363;12.11;9.95;11.03
Dikembe Mutombo;15;1990;29;14;CHI;SG;9;16;1.57;8217651;7.29;8.83;8.06
Dikembe Mutombo;16;1991;30;15;ORL;SG;45;965;2.07;10215975;7.28;6.01;6.65
Dikembe Mutombo;17;1992;31;16;ORL;SG;22;775;1.58;8257617;8.43;1.89;5.16
Dikembe Mutombo;18;1993;32;17;ORL;SG;73;379;2.97;13812961;5.77;2.41;4.09
Dikembe Mutombo;19;1994;28;18;ORL;SG;54;396;3.49;15891219;5.66;5.82;5.74
Dikembe Mutombo;20;1995;34;19;PHO;SG;80;2909;3.62;16410783;7.32;7.24;7.28
Dikembe Mutombo;21;1996;37;20;PHO;SG;21;565;4.32;19208438;8.89;5.1;7.0
Dikembe Mutombo;22;1997;37;21;PHI;SG;85;1395;2.94;13693061;14.64;3.28;8.96
Dikembe Mutombo;23;1998;37;22;MIA;SG;61;1352;3.18;14652257;7.16;5.34;6.25
Dikembe Mutombo;24;1999;38;23;SEA;SG;45;1830;3.30;15131855;-29.88;0.5;4.47
Dikembe Mutombo;25;2000;39;24;SAS;SG;61;2872;1.67;8617316;11.16;7.26;9.21
Dikembe Mutombo;26;2001;40;25;UTA;SG;48;1660;1.28;7058622;11.1;3.36;7.23
Dikembe Mutombo;27;2002;41;26;UTA;SG;76;2473;0.97;5819661;10.02;1.51;5.77
Dikembe Mutombo;28;2003;42;27;UTA;SG;74;-1493;0.78;5060297;13.77;7.44;17.40
Dikembe Mutombo;29;2004;43;28;UTA;SG;69;454;0.96;5779694;21.28;5.41;13.35
Dikembe Mutombo;30;2004;43;28;BOS;SG;46;191;1.45;7738053;12.4;3.99;8.2
Dikembe Mutombo;31;2005;44;29;BOS;SG;12;182;2.36;11375004;8.11;8.49;8.3
Dikembe Mutombo;32;2006;45;30;BOS;SG;71;2808;1.95;9736378;14.73;1.0;7.87
Dikembe Mutombo;33;2007;46;31;BOS;SG;3;14;0.74;4900431;9.55;3.81;6.68
Dikembe Mutombo;34;2008;47;32;BOS;SG;50;1750;-0.30;743915;6.16;0.09;3.13
Dikembe Mutombo;35;2009;48;28;MIN;SG;27;598;0.49;3901269;16.6;2.73;9.87
Donald Hodge;1;1979;21;1;ATL;SF;19;134;0.80;5140230;13.99;4.06;9.03
Donald Hodge;2;1980;22;2;ATL;SF;36;1616;1.70;8737215;13.28;3.64;8.46
Donald Hodge;3;1981;23;3;ATL;SF;37;1343;1.69;8697249;10.97;10.41;10.69
Donald Hodge;4;1982;24;4;NOK;SF;49;491;0.95;5739728;16.48;36.48;11.74
Donald Hodge;5;1983;25;5;DEN;SF;31;1473;0.10;2342575;13.22;10.19;11.71
Donald Hodge;6;1983;25;5;SAS;SF;96;183;2.40;11534870;9.96;2.62;6.29
Donald Hodge;7;1984;26;6;SAS;SF;52;612;2.89;13493229;11.99;2.45;7.22
Donald Hodge;8;1985;27;7;NJN;SF;64;1869;3.75;16930348;15.12;8.75;11.94
Donald Hodge;9;1986;28;8;NJN;PG;90;2078;4.62;20407433;13.48;10.3;11.89
Donald Hodge;10;1987;29;9;NJN;PF;54;491;3.49;15891219;12.76;5.93;9.35
Donald Hodge;11;1988;30;10;HOU;SF;78;2686;3.34;15291721;13.09;8.96;11.03
Donald Hodge;12;1989;31;11;HOU;SF;35;348;2.65;12534033;8.72;6.81;7.77
Donald Hodge;13;1990;32;12;HOU;SF;10;255;2.85;13333363;14.35;17.89;16.12
Donald Hodge;14;1991;33;13;CHI;SF;13;552;3.83;17250080;6.52;10.34;8.43
Donald Hodge;15;1992;34;14;BUF;SF;19;786;3.08;14252592;9.25;9.6;9.43
Donald Hodge;16;1993;35;15;CHI;SF;15;370;1.48;7857952;14.56;6.81;10.69
Donald Hodge;17;1994;36;16;MIN;SF;60;1732;0.54;4101101;17.22;5.04;11.13
Donald Hodge;18;1995;37;17;MIN;PG;34;798;50.55;9496579;24.25;7.46;15.86
Donald Hodge;19;1996;38;14;MIN;PF;39;1147;2.36;11375004;-30.06;7.06;15.57
Donald Hodge;20;1997;39;19;MIN;PF;69;107;2.86;13373329;23.76;22.35;23.06
Donald Hodge;21;1997;39;19;DET;SF;36;1695;2.14;10495741;10.12;5.33;7.73
Donald Hodge;22;1997;39;19;SEA;SF;21;1003;1.99;9896244;8.08;4.13;6.11
Donald Hodge;23;1997;39;19;SAC;SF;51;4161;1.03;6059460;9.48;2.98;6.23
Donald Hodge;24;1998;40;20;SAC;SF;31;593;-0.13;513274;14.21;7.52;10.87
Donald Hodge;25;1999;41;21;SAC;SF;26;1121;0.19;2702274;19.21;6.61;12.91
Donald Hodge;26;2000;42;22;DAL;SF;66;907;0.75;4940398;11.02;10.26;10.64
Donald Hodge;27;2001;43;26;DAL;SF;62;178;0.15;1932402;19.67;6.23;12.95
Donald Hodge;28;2002;44;24;DAL;SF;59;1806;0.24;2902106;13.52;4.49;9.01
Donald Hodge;29;2003;45;25;DAL;SF;29;852;2.00;9936210;11.88;6.37;9.13
Donald Hodge;30;2004;46;26;MIL;SF;28;769;2.05;10136042;10.54;5.08;7.81
Donald Hodge;31;2005;47;27;MIL;SF;24;466;3.22;14812123;17.87;8.09;12.98
Donald Hodge;32;2005;47;27;GSW;SF;74;1694;2.84;7332407;12.91;10.53;11.72
Donald Hodge;33;2005;47;27;POR;SF;37;1699;2.76;12973664;19.46;6.24;12.85
Donald Hodge;34;2006;48;28;POR;PF;5;462;3.46;15771319;20.54;3.2;11.87
Donald Hodge;35;2007;49;29;HOU;SF;12;397;2.75;12933698;9.8;9.62;9.71
Jud Buechler;1;1978;21;2;NYK;PF;27;130;1.86;9376679;25.18;5.67;15.43
Jud Buechler;2;1979;22;3;SDC;PF;21;75;2.10;10335875;14.16;9.63;11.9
Jud Buechler;3;1980;23;4;NYK;SF;71;2055;2.91;13573162;13.25;8.09;10.67
Jud Buechler;4;1980;23;4;CLE;SG;6;56;3.52;16011118;14.25;1.93;8.09
Jud Buechler;5;1981;24;5;LAL;SG;55;-790;3.99;23592389;5.73;5.28;5.51
Jud Buechler;6;1981;24;5;CLE;SG;66;2360;2.85;13333363;6.83;4.59;5.71
Jud Buechler;7;1982;25;6;CLE;PF;66;322;3.19;14692224;8.95;2.77;5.86
Jud Buechler;8;1983;26;7;DEN;SG;5;218;2.84;13293396;9.59;1.59;5.59
Jud Buechler;9;1984;27;8;DEN;SG;78;3424;2.80;13133530;14.06;8.5;11.28
Jud Buechler;10;1985;28;9;DEN;SG;49;997;2.32;11215138;-6.35;6.02;6.97
Jud Buechler;11;1985;28;9;POR;PG;41;1873;3.46;15771319;5.75;4.22;4.99
Jud Buechler;12;1986;29;10;POR;PG;10;256;3.06;14172659;31.97;0.77;2.15
Jud Buechler;13;1987;30;11;POR;PG;27;510;4.53;20047735;10.89;1.72;6.31
Jud Buechler;14;1988;31;12;ATL;PG;14;568;25.20;14732190;11.52;0.19;5.86
Jud Buechler;15;1989;32;13;ATL;PG;14;214;3.47;15811286;6.02;-12.41;3.92
Jud Buechler;16;1990;33;14;NYK;PG;63;-827;21.83;15451587;3.74;0.84;2.29
Jud Buechler;17;1991;34;15;HOU;PG;79;1494;2.13;10455775;9.58;3.82;6.7
Jud Buechler;18;1992;35;16;HOU;PG;61;1115;1.70;8737215;9.86;2.62;6.24
Jud Buechler;19;1993;36;17;MIN;PG;76;3226;2.45;11734703;3.09;4.19;3.64
Jud Buechler;20;1994;37;18;MIN;PG;21;494;1.75;8937048;15.01;2.16;8.59
Jud Buechler;21;1995;38;19;MIN;PG;75;2502;1.53;8057785;5.46;0.77;3.12
Jud Buechler;22;1996;39;20;MIN;PG;57;7848;1.39;7498254;7.39;0.42;3.91
Jud Buechler;23;1997;40;21;MIN;PG;51;880;1.25;6938723;26.41;0.32;5.56
Jud Buechler;24;1997;40;21;CHI;PG;76;1672;-0.81;953843;-21.11;4.07;6.28
Jud Buechler;25;1997;40;21;CLE;PG;88;5085;-0.96;653105;12.19;3.12;7.66
Jud Buechler;26;1998;41;22;SAC;PG;58;1295;-1.77;991800;9.08;3.55;6.32
Jud Buechler;27;1999;42;23;DEN;PG;29;1109;-2.31;836587;9.06;2.57;5.82
Jud Buechler;28;2000;43;24;PHI;PG;9;388;-3.00;704613;13.54;3.11;8.33
Jud Buechler;29;2001;44;25;NJN;PG;46;1037;-3.00;993515;9.79;2.07;5.93
Jud Buechler;30;2002;45;26;NJN;PG;33;123;-3.00;746263;4.84;1.45;3.15
Jud Buechler;31;2002;45;26;BOS;PG;67;2425;49.55;917928;-16.48;3.0;6.04
Jud Buechler;32;2003;46;30;ORL;PG;34;1498;-3.00;929188;5.42;3.55;4.49
Jud Buechler;33;2004;47;28;ORL;PG;55;1625;-3.00;757282;7.67;5.59;6.63
Jud Buechler;34;2005;48;29;ORL;PG;7;8;-3.00;700643;8.54;2.61;5.58
Jud Buechler;35;2006;49;30;BRK;PG;78;2184;-2.68;799852;3.14;2.84;2.99
Tom Scheffler;1;1979;17;1;CHH;SF;4;30;-1.48;697349;22.0;7.09;14.55
Tom Scheffler;2;1980;18;2;GSW;SF;26;932;-1.19;809771;18.64;8.94;13.79
Tom Scheffler;3;1980;18;2;TOR;SF;58;2360;-0.53;866863;50.86;12.55;12.84
Tom Scheffler;4;1981;19;3;TOR;SF;37;663;0.93;5659795;18.07;4.58;11.33
Tom Scheffler;5;1982;20;4;NJN;SF;63;-270;1.75;8937048;10.03;12.84;11.44
Tom Scheffler;6;1983;21;5;NJN;SF;66;586;3.62;16410783;9.18;2.23;5.71
Tom Scheffler;7;1984;22;6;NJN;SF;32;1265;4.68;20647232;16.0;3.68;9.84
Tom Scheffler;8;1985;23;7;NJN;SF;49;1002;4.08;18249242;7.53;8.68;8.11
Tom Scheffler;9;1985;23;7;UTA;SF;23;639;3.52;16011118;17.74;58.43;9.47
Tom Scheffler;10;1986;24;8;UTA;SF;31;351;2.76;12973664;11.42;-7.10;10.51
Tom Scheffler;11;1987;25;9;UTA;SF;75;2722;3.39;15491554;18.42;30.35;14.95
Tom Scheffler;12;1988;26;10;UTA;SF;62;102;3.01;13972827;10.84;3.25;7.05
Tom Scheffler;13;1989;27;11;UTA;SF;3;60;4.71;20767132;11.67;6.79;9.23
Tom Scheffler;14;1990;28;12;UTA;SG;76;3472;5.14;22485691;8.61;5.66;7.14
Tom Scheffler;15;1991;29;13;UTA;SG;53;2336;46.37;28280834;12.93;5.76;9.35
Tom Scheffler;16;1992;30;14;UTA;SG;99;1974;6.87;29399896;10.44;3.95;7.2
Tom Scheffler;17;1993;31;15;MIL;SG;79;3196;5.99;25882844;11.46;2.31;6.89
Tom Scheffler;18;1994;32;16;CLE;C;53;1291;6.18;26642207;11.1;6.64;8.87
Tom Scheffler;19;1995;33;17;HOU;SG;73;2714;4.78;21046897;7.82;5.43;6.63
Tom Scheffler;20;1996;34;21;HOU;SG;59;430;4.48;19847902;7.09;1.7;4.4
Tom Scheffler;21;1997;35;17;HOU;SF;65;574;3.56;16170984;18.36;2.66;10.51
Tom Scheffler;22;1998;36;20;HOU;PF;23;-1361;4.33;19248405;11.71;3.46;7.59
Tom Scheffler;23;1999;37;21;IND;PF;71;120;3.09;14292559;12.39;5.1;8.75
Tom Scheffler;24;2000;38;22;MIL;PF;51;131;1.27;7018656;16.98;5.19;11.09
Tom Scheffler;25;2001;39;23;UTA;PF;2;31;1.25;6938723;22.6;4.34;13.47
Tom Scheffler;26;2002;40;24;NOP;C;20;70;1.19;6698924;17.24;8.73;12.99
Tom Scheffler;27;2003;36;25;WSB;C;56;1253;-4.03;8577349;24.79;18.04;21.42
Tom Scheffler;28;2004;42;26;WSB;PF;53;1327;0.68;4660632;14.82;11.2;13.01
Tom Scheffler;29;2004;42;26;PHI;PF;80;1307;0.31;2378313;-9.70;10.04;18.23
Tom Scheffler;30;2005;43;27;PHI;PF;35;172;-1.28;674794;16.76;11.02;13.89
Tom Scheffler;31;2006;44;28;PHI;PF;3;51;-2.56;773769;-3.65;11.94;10.81
Tom Scheffler;32;2007;45;29;PHI;SF;72;3287;-2.34;680830;10.06;8.05;9.06
Tom Scheffler;33;2008;46;30;UTA;PF;75;3429;-2.63;880550;14.9;8.07;11.49
Tom Scheffler;34;2008;46;30;PHI;PF;76;1924;-2.47;817265;14.86;7.12;10.99
Tom Scheffler;35;2009;47;31;PHO;PF;4;166;-2.13;814062;25.51;9.0;17.26
Jeff Sanders;1;1979;19;1;CLE;C;16;645;-0.65;681746;22.25;4.07;13.16
Jeff Sanders;2;1980;20;2;CLE;C;30;42;1.08;6592556;21.22;13.01;17.12
Jeff Sanders;3;1981;21;3;CLE;C;43;1504;2.78;13053597;16.98;-10.48;10.11
Jeff Sanders;4;1982;22;4;HOU;C;78;2814;31.45;13253430;21.46;15.3;18.38
Jeff Sanders;5;1983;23;5;SDC;C;98;56;3.20;14732190;16.9;10.35;13.63
Jeff Sanders;6;1984;24;6;NOH;SF;23;506;3.52;16011118;-32.02;10.66;13.03
Jeff Sanders;7;1985;25;7;NOH;SF;49;377;2.43;11654770;18.94;10.26;14.6
Jeff Sanders;8;1986;26;10;CHA;SG;22;471;3.74;16890381;4.65;2.71;3.68
Jeff Sanders;9;1987;27;9;SAC;SG;68;184;-28.43;13493229;13.91;8.21;11.06
Jeff Sanders;10;1988;28;10;SAC;SG;41;477;3.25;14932023;5.57;3.45;4.51
Jeff Sanders;11;1989;29;11;SAC;SG;39;223;2.76;12973664;9.58;33.27;6.94
Jeff Sanders;12;1990;31;12;SDC;SG;39;709;1.71;8777182;16.58;0.53;8.56
Jeff Sanders;13;1991;31;13;MIL;SG;39;154;2.41;11574837;12.3;4.01;8.16
Jeff Sanders;14;1992;32;14;TOR;SF;39;299;1.44;7698086;10.41;4.0;6.45
Jeff Sanders;15;1993;33;15;TOR;SF;75;-2615;0.76;4980364;8.29;4.51;6.4
Jeff Sanders;16;1994;34;16;MIA;SF;55;1521;30.85;8777182;6.65;6.18;6.42
Jeff Sanders;17;1995;35;17;MIA;SF;78;1187;1.67;8617316;12.14;9.4;10.77
Jeff Sanders;18;1996;36;18;MIA;SF;52;1865;0.10;2342575;17.34;5.05;11.2
Jeff Sanders;19;1997;37;19;MIA;SF;65;375;0.33;3261805;18.46;8.5;13.48
Jeff Sanders;20;1998;38;20;BRK;SF;89;572;-0.03;1823010;17.08;5.01;11.05
Jeff Sanders;21;1999;39;21;MIA;SF;25;595;0.07;2222676;16.9;1.91;9.41
Jeff Sanders;22;1999;39;21;SAC;SF;19;317;-0.81;624430;15.61;0.25;7.93
Jeff Sanders;23;2000;43;22;CLE;SF;29;419;-1.31;675188;16.64;7.18;11.91
Jeff Sanders;24;2001;41;23;BOS;SF;72;2967;-0.59;943633;11.63;2.44;7.04
Jeff Sanders;25;2002;42;24;BOS;SF;44;1872;-1.99;607572;21.43;38.07;15.14
Jeff Sanders;26;2003;43;25;CHH;SF;12;277;-1.96;915670;16.95;-12.77;10.36
Jeff Sanders;27;2004;44;26;CHH;SF;51;-738;-2.27;690570;12.29;6.91;9.6
Jeff Sanders;28;2005;45;27;CHH;PF;79;3202;-12.85;623434;20.95;8.35;14.65
Jeff Sanders;29;2006;46;28;CHH;PF;18;624;-2.56;670957;16.65;10.38;13.52
Jeff Sanders;30;2007;47;29;NOK;PF;71;2932;-2.11;881930;15.85;6.19;11.02
Jeff Sanders;31;2008;48;30;SEA;PF;9;67;-2.49;709723;22.25;7.26;14.76
Jeff Sanders;32;2009;49;31;DAL;PF;20;924;-2.99;801352;23.55;10.18;16.87
Jeff Sanders;33;2010;50;32;DAL;PF;70;3096;-3.00;718388;21.0;10.49;15.75
Jeff Sanders;34;2010;50;32;WAS;PF;67;116;49.70;844649;27.21;10.97;19.09
Jeff Sanders;35;2011;51;33;WAS;PF;49;574;-3.00;972055;21.71;15.29;18.5
Monti Davis;1;1979;20;1;PHO;C;55;547;0.43;3661470;13.86;2.95;8.41
Monti Davis;2;1980;21;2;PHO;PF;71;1735;-0.81;770251;15.3;4.63;9.97
Monti Davis;3;1980;21;2;CHA;PF;71;1428;45.54;917996;23.49;5.5;14.5
Monti Davis;4;1981;22;3;MIL;PF;17;547;-1.23;649543;24.11;13.55;18.83
Monti Davis;5;1982;23;6;SAS;PF;67;2530;-1.09;912092;12.83;33.72;10.43
Monti Davis;6;1983;24;5;SAS;PF;66;2008;-0.57;725804;13.5;2.53;8.02
Monti Davis;7;1984;25;6;SAS;PF;12;275;1.37;7418321;-14.50;11.54;15.67
Monti Davis;8;1985;26;7;SAS;PF;7;199;1.97;9816311;17.03;7.43;12.23
Monti Davis;9;1986;27;8;SAS;PF;37;1473;1.11;6379192;20.48;8.86;17.50
Monti Davis;10;1987;28;9;SAS;PF;42;590;2.73;12853765;21.77;15.82;18.8
Monti Davis;11;1988;29;10;SAS;SF;11;349;3.05;14132693;12.27;6.04;9.16
Monti Davis;12;1988;29;10;MIL;SF;59;1931;3.26;14971989;16.35;0.24;8.3
Monti Davis;13;1989;30;11;UTA;SF;73;3170;2.73;12853765;22.04;-23.64;11.1
Monti Davis;14;1990;31;12;UTA;SF;64;3052;4.17;18608941;6.06;6.36;5.91
Monti Davis;15;1991;29;13;UTA;SF;18;102;41.25;21446562;14.87;6.22;10.55
Monti Davis;16;1991;32;13;PHO;SG;31;3886;4.96;21766294;8.87;5.67;7.27
Monti Davis;17;1992;33;14;PHO;SG;43;84;5.10;22325825;12.58;3.94;8.26
Monti Davis;18;1993;34;15;BOS;SG;20;602;4.94;18740307;4.07;2.42;3.25
Monti Davis;19;1994;35;16;NOJ;SG;60;704;3.75;16930348;-20.71;17.93;4.67
Monti Davis;20;1995;36;17;MIN;SF;59;1176;3.48;15851252;18.75;3.03;10.89
Monti Davis;21;1996;37;18;MIN;SF;1;29;3.60;16330850;18.6;9.26;13.93
Monti Davis;22;1997;38;19;SAC;PG;47;2111;2.35;11335038;15.15;4.2;9.68
Monti Davis;23;1998;39;20;SAC;SF;34;1027;1.30;7138555;12.75;5.67;9.21
Monti Davis;24;1999;40;21;SAC;SF;44;974;0.25;2942073;12.02;7.46;9.74
Monti Davis;25;2000;41;22;SAC;SF;79;3409;0.30;3141905;15.86;5.8;10.83
Monti Davis;26;2001;40;23;SAC;SG;50;1086;-0.86;696614;7.46;17.23;6.8
Monti Davis;27;2002;43;24;SAC;SG;44;1042;-0.03;1823010;4.56;3.71;4.14
Monti Davis;28;2003;44;25;SDC;SG;71;1354;-0.32;663982;12.43;5.64;9.04
Monti Davis;29;2003;44;25;TOR;SG;23;608;0.72;4820498;10.7;1.57;6.14
Monti Davis;30;2004;45;26;WAS;SG;66;1160;0.24;2902106;6.72;2.41;4.57
Monti Davis;31;2005;46;27;WAS;SG;63;178;-1.38;753014;8.03;1.14;4.59
Monti Davis;32;2006;47;28;DEN;SG;37;-2300;-1.63;886964;5.07;1.34;3.21
Monti Davis;33;2007;48;29;IND;SG;16;477;-1.88;640881;10.59;3.83;7.21
Monti Davis;34;2008;49;30;BOS;SG;34;707;-2.69;947667;6.86;6.11;6.49
Monti Davis;35;2009;50;34;BOS;SG;66;1783;-0.92;630621;8.45;3.0;5.73
Phil Bond;1;1979;17;2;BOS;C;74;3051;0.44;3701436;36.05;6.94;21.5
Phil Bond;2;1980;18;3;BOS;C;11;244;1.29;7098589;14.6;3.23;8.92
Phil Bond;3;1981;19;4;DEN;C;35;311;2.82;13213463;17.8;17.33;17.57
Phil Bond;4;1982;20;5;CLE;C;66;8603;3.93;17649745;27.91;13.21;20.56
Phil Bond;5;1983;21;6;CLE;PF;57;1735;3.53;16051085;19.71;13.77;16.74
Phil Bond;6;1984;22;7;LAL;PF;79;3655;2.56;12174334;14.21;1.66;7.94
Phil Bond;7;1985;23;8;GSW;C;53;486;2.45;11734703;17.17;7.8;12.49
Phil Bond;8;1986;24;9;GSW;PF;43;1442;2.68;12653932;24.05;12.33;18.19
Phil Bond;9;1987;25;10;CHA;PF;80;2151;0.77;5020331;14.61;9.27;11.94
Phil Bond;10;1988;26;11;BOS;PF;3;65;0.15;2542408;22.62;10.73;16.68
Phil Bond;11;1988;26;11;POR;PF;15;2029;0.01;1982877;9.81;6.21;8.01
Phil Bond;12;1989;27;14;NYK;PF;59;7;-35.95;5819661;72.83;1.96;8.85
Phil Bond;13;1990;28;13;DEN;PF;34;1052;1.62;8417483;10.94;5.06;8.0
Phil Bond;14;1990;28;13;POR;PF;22;436;1.89;9496579;22.45;10.74;16.6
Phil Bond;15;1990;28;13;LAC;PF;31;1440;2.84;13293396;14.64;7.35;17.93
Phil Bond;16;1991;29;14;CLE;PF;1;21;3.90;17529845;22.53;11.1;16.82
Phil Bond;17;1992;30;15;CLE;PF;83;2115;3.71;16770482;13.24;14.62;13.93
Phil Bond;18;1993;31;16;CLE;PF;64;1682;2.97;13812961;9.41;18.35;22.67
Phil Bond;19;1994;32;17;CHO;PF;85;336;1.52;8017818;23.6;11.88;17.74
Phil Bond;20;1995;33;18;SAC;PF;64;3018;2.26;10975339;25.6;9.69;17.65
Phil Bond;21;1996;34;19;SAC;PF;23;496;0.84;5300096;9.2;8.24;8.72
Phil Bond;22;1997;35;20;UTA;PF;27;234;0.29;3101939;10.74;16.59;13.67
Phil Bond;23;1998;36;21;UTA;PF;41;532;16.64;1583211;21.55;7.21;14.38
Phil Bond;24;1999;37;22;UTA;PF;34;90;-1.03;805170;21.57;3.23;12.4
Phil Bond;25;1999;37;22;SAS;C;14;502;-2.37;725114;26.89;21.56;24.23
Phil Bond;26;2000;38;23;SAS;C;45;1868;-18.74;758728;24.05;23.94;24.0
Phil Bond;27;2001;39;24;SAS;PF;30;42;-2.68;646193;28.4;3.18;15.79
Phil Bond;28;2002;40;25;ORL;PF;35;1109;-2.44;649788;18.19;9.29;13.74
Phil Bond;29;2002;40;25;DEN;PF;9;911;-2.89;848253;19.58;14.5;17.04
Phil Bond;30;2003;41;26;DEN;PF;27;416;-2.45;639304;12.91;6.85;9.88
Phil Bond;31;2004;42;27;NYK;PF;76;2665;-3.00;888395;18.8;12.88;15.84
Phil Bond;32;2005;44;28;NYK;PF;66;3113;-3.00;1200511;18.44;8.61;13.53
Phil Bond;33;2006;44;29;NYK;PF;57;764;-3.00;312192;-15.87;9.76;17.38
Phil Bond;34;2006;44;32;OKC;PF;64;1969;-3.00;620013;70.24;3.35;9.98
Phil Bond;35;2007;45;30;OKC;PF;1;45;-3.00;866723;23.37;9.98;16.68
Tim Legler;1;1979;19;4;OKC;C;30;715;1.27;7018656;25.05;12.6;18.83
Tim Legler;2;1980;20;5;OKC;PF;47;275;23.73;11215138;20.38;11.34;15.86
Tim Legler;3;1981;21;6;OKC;PF;68;1188;1.67;8617316;21.12;11.89;16.51
Tim Legler;4;1982;22;7;OKC;PF;51;1150;0.48;3861302;23.37;10.58;16.98
Tim Legler;5;1983;23;8;OKC;PF;17;815;1.08;6259292;17.6;9.38;13.49
Tim Legler;6;1984;24;9;UTA;SF;32;907;1.64;8497416;13.52;11.89;12.71
Tim Legler;7;1985;25;10;PHO;SF;58;1297;0.94;5699761;19.83;9.71;14.77
Tim Legler;8;1986;26;11;PHO;SF;30;761;1.06;6179359;11.74;9.44;10.59
Tim Legler;9;1986;26;11;DAL;SF;18;-842;1.71;8777182;13.05;9.72;11.39
Tim Legler;10;1987;27;12;POR;SF;16;217;0.91;5579862;14.11;6.72;10.42
Tim Legler;11;1988;28;13;DAL;PG;63;2503;0.25;2942073;13.39;-14.69;9.79
Tim Legler;12;1989;25;14;GSW;SF;48;2221;-0.12;967366;22.51;7.3;14.91
Tim Legler;13;1990;30;15;GSW;SF;67;1322;-0.13;516908;9.51;0.86;5.19
Tim Legler;14;1990;30;15;CHA;SF;99;1197;0.17;2622341;8.51;9.7;9.11
Tim Legler;15;1991;28;16;CHA;SF;63;2176;-0.03;1823010;11.41;2.85;7.13
Tim Legler;16;1992;32;17;CHA;SF;47;965;-1.07;609176;11.31;8.42;9.87
Tim Legler;17;1993;33;18;CHA;SF;66;277;-1.10;964404;12.88;8.64;10.76
Tim Legler;18;1994;34;19;CHA;SF;79;10451;-0.82;604571;10.69;8.97;9.83
Tim Legler;19;1994;34;19;LAL;SF;87;2440;-1.30;873181;16.68;9.83;13.26
Tim Legler;20;1995;35;20;LAL;SF;64;2793;-0.94;677710;11.96;4.16;8.06
Tim Legler;21;1996;36;21;WSB;SF;77;7832;46.31;693387;13.29;3.44;8.37
Tim Legler;22;1997;37;22;WAS;SF;52;1225;-3.00;903253;11.77;4.44;8.11
Tim Legler;23;1998;38;26;WAS;SF;53;413;-3.00;616507;18.12;4.3;11.21
Tim Legler;24;1999;41;24;POR;SF;47;1061;-2.82;669387;11.49;7.94;9.74
Tim Legler;25;2000;40;25;DEN;SF;47;788;-2.48;928257;15.45;3.38;9.42
Tim Legler;26;2001;41;26;POR;SF;74;1996;-2.68;944525;13.3;5.96;9.63
Tim Legler;27;2002;42;27;ATL;SF;9;249;-2.73;681659;12.04;4.05;8.05
Tim Legler;28;2003;43;28;ATL;SF;11;325;-3.00;775003;15.87;6.63;11.25
Tim Legler;29;2004;44;29;ATL;SF;29;1126;-3.00;906314;19.15;2.09;10.62
Tim Legler;30;2004;44;29;WAS;SF;49;323;-3.00;992627;8.41;4.69;6.55
Tim Legler;31;2004;44;29;DAL;PF;70;1148;-3.00;925401;19.41;12.77;16.09
Tim Legler;32;2005;45;30;DAL;PF;18;182;-3.00;777080;16.68;7.62;12.15
Tim Legler;33;2006;46;31;ATL;PF;95;150;-3.00;648844;16.08;6.73;11.41
Tim Legler;34;2006;46;31;MIL;PF;58;2415;-3.00;831257;15.03;14.55;14.79
Tim Legler;35;2007;47;32;MIL;PF;8;166;-3.00;820967;15.45;5.97;10.71
Isaiah Thomas;1;1979;22;1;MIA;PG;16;54;-0.43;224350;4.69;0.15;2.42
Isaiah Thomas;2;1980;23;2;MIA;PG;69;1217;-2.01;600981;9.54;1.75;5.65
Isaiah Thomas;3;1981;24;3;MIA;PG;78;1304;-1.44;626526;5.19;3.15;4.17
Isaiah Thomas;4;1981;21;3;PHI;PG;72;2309;-1.53;890306;8.12;3.16;5.64
Isaiah Thomas;5;1982;25;4;PHI;PG;13;1;-1.47;968852;8.8;1.32;5.06
Isaiah Thomas;6;1982;25;4;UTA;PG;54;745;-3.00;663369;8.72;2.17;5.45
Isaiah Thomas;7;1983;26;5;UTA;SG;18;610;-3.00;968992;10.29;5.5;7.9
Isaiah Thomas;8;1984;27;6;NOH;SG;41;1107;-2.61;875603;16.23;5.55;10.89
Isaiah Thomas;9;1985;28;7;ORL;PG;5;171;-2.31;1235852;9.61;2.2;5.91
Isaiah Thomas;10;1985;31;7;SAC;PG;31;617;-2.25;655398;5.7;0.52;3.11
Isaiah Thomas;11;1986;29;8;IND;PG;45;910;-2.98;676767;6.49;0.23;3.36
Isaiah Thomas;12;1986;29;8;SAC;SG;25;1397;-2.80;927721;10.62;1.47;6.05
Isaiah Thomas;13;1986;29;8;TOR;SG;64;2298;-3.00;960876;14.6;8.89;11.75
Isaiah Thomas;14;1987;30;9;NOH;SG;59;1265;-3.00;987164;18.64;4.82;11.73
Isaiah Thomas;15;1988;31;10;NOP;SF;8;143;-3.00;707065;14.03;1.6;7.82
Isaiah Thomas;16;1989;32;11;SDC;SF;27;803;-2.28;679811;16.24;7.49;6.68
Isaiah Thomas;17;1990;33;12;NOP;SG;70;2325;-2.80;823046;8.1;4.05;6.08
Isaiah Thomas;18;1991;30;13;NOP;SG;31;1271;-3.00;678396;11.05;6.61;8.83
Isaiah Thomas;19;1992;35;14;NOP;SG;10;138;-3.00;347589;10.48;6.22;8.35
Isaiah Thomas;20;1993;36;11;NOP;SG;10;174;-2.20;869818;10.66;2.79;6.73
Isaiah Thomas;21;1993;36;15;MIA;SG;36;438;-2.91;675012;13.28;4.43;8.86
Isaiah Thomas;22;1994;37;16;MIA;PG;70;2747;-3.00;957850;8.95;3.37;6.16
Isaiah Thomas;23;1995;38;17;MIA;PG;14;284;-2.26;902108;4.51;3.81;4.16
Isaiah Thomas;24;1996;39;18;ATL;PG;89;1084;-0.94;728771;42.29;1.15;3.63
Isaiah Thomas;25;1997;40;19;CHI;PG;10;32;-1.27;714025;6.32;4.83;5.58
Isaiah Thomas;26;1998;41;20;LAL;SG;53;1301;-1.75;753492;6.77;3.01;4.89
Isaiah Thomas;27;1998;41;20;BOS;SG;63;1919;-2.65;809503;-8.85;2.41;6.01
Isaiah Thomas;28;1999;42;21;BOS;PG;34;65;-2.75;618621;-5.04;3.74;5.53
Isaiah Thomas;29;1999;42;21;MIA;PG;27;1231;-2.40;751478;9.0;2.65;5.83
Isaiah Thomas;30;2000;43;24;PHI;PG;37;972;-2.51;661757;10.16;4.04;7.1
Isaiah Thomas;31;2001;44;23;PHI;PG;7;119;-2.05;842875;10.15;3.09;6.62
Isaiah Thomas;32;2002;45;24;PHI;PG;22;98;-2.47;860462;8.31;1.69;5.0
Isaiah Thomas;33;2003;46;25;UTA;PG;14;283;-2.03;1623555;3.98;2.65;3.32
Isaiah Thomas;34;2004;47;26;UTA;SG;16;522;-2.04;878268;11.91;2.01;6.96
Isaiah Thomas;35;2005;43;27;LAL;SG;35;555;-3.00;946947;12.61;2.98;7.8
Ollie Mack;1;1979;21;4;UTA;SG;62;1713;-0.61;834347;11.06;8.28;9.67
Ollie Mack;2;1980;20;5;DAL;SG;65;108;0.68;4660632;7.01;2.27;4.64
Ollie Mack;3;1981;23;6;DAL;SF;10;119;1.16;6579024;14.72;6.07;15.75
Ollie Mack;4;1982;24;7;DAL;PF;61;445;3.08;14252592;13.58;9.96;11.77
Ollie Mack;5;1983;25;8;GSW;PF;47;551;1.66;8577349;23.54;16.91;20.23
Ollie Mack;6;1984;26;9;GSW;PF;43;288;-0.23;1023680;14.56;13.93;14.25
Ollie Mack;7;1985;27;10;GSW;PF;31;719;-0.29;783881;19.23;9.07;14.15
Ollie Mack;8;1986;28;7;GSW;PF;59;2094;-0.36;504116;18.88;6.48;12.68
Ollie Mack;9;1987;29;12;PHI;SF;16;759;1.14;6499091;14.13;4.59;9.36
Ollie Mack;10;1988;30;13;ORL;PG;48;-3534;1.48;7857952;17.72;7.69;12.71
Ollie Mack;11;1989;31;14;IND;SF;34;229;1.30;7138555;10.92;6.96;8.94
Ollie Mack;12;1990;32;15;IND;SF;74;4;1.86;9376679;14.98;10.28;12.63
Ollie Mack;13;1991;32;16;IND;SF;57;2540;2.58;12254267;14.99;7.01;11.0
Ollie Mack;14;1991;30;16;HOU;SF;51;2124;1.99;9896244;13.79;7.87;10.83
Ollie Mack;15;1992;34;18;HOU;SF;58;2677;1.73;8857115;12.81;4.42;8.62
Ollie Mack;16;1993;35;18;MIN;SF;17;554;0.94;5699761;15.4;4.4;9.9
Ollie Mack;17;1994;36;19;UTA;SF;37;558;1.21;6778857;15.17;4.91;10.04
Ollie Mack;18;1995;37;20;UTA;SF;40;1800;1.64;8497416;6.11;10.55;8.33
Ollie Mack;19;1996;38;21;UTA;SG;43;-287;-0.06;1703111;7.51;0.7;4.11
Ollie Mack;20;1997;39;22;UTA;SG;37;530;-2.14;705839;10.92;2.33;6.63
Ollie Mack;21;1998;40;23;UTA;SG;70;3197;-2.35;806516;12.29;1.03;6.66
Ollie Mack;22;1999;41;24;UTA;SG;65;126;-2.50;717694;8.58;4.46;6.52
Ollie Mack;23;2000;42;28;KCK;PF;78;3151;-2.40;725485;9.41;1.23;5.32
Ollie Mack;24;2001;43;26;UTA;SG;37;464;-2.30;782952;10.93;0.32;5.63
Ollie Mack;25;2002;44;27;POR;SG;32;138;-1.87;1346689;10.83;4.07;7.13
Ollie Mack;26;2003;45;28;POR;SG;66;8184;-2.75;674164;15.0;6.0;10.5
Ollie Mack;27;2004;46;29;NOH;SG;68;1965;-3.00;791816;9.78;6.02;7.9
Ollie Mack;28;2004;46;29;CLE;SG;99;2556;-3.00;977121;11.66;2.67;7.17
Ollie Mack;29;2005;47;30;CLE;PF;36;1174;-2.51;889762;7.54;3.34;5.44
Ollie Mack;30;2006;48;31;CHI;SG;28;587;-1.40;957234;8.48;5.38;6.93
Ollie Mack;31;2007;49;32;CHI;SG;8;281;-2.75;859912;8.32;7.38;7.85
Ollie Mack;32;2008;50;33;CHI;SG;12;58;-2.73;697600;9.39;0.97;5.18
Ollie Mack;33;2009;51;34;WSB;SG;24;14;-2.67;938020;6.2;3.3;4.75
Ollie Mack;34;2010;52;35;WSB;SG;58;607;-3.00;738698;9.59;8.65;9.12
Ollie Mack;35;2011;53;36;WSB;SG;18;266;-2.28;1620880;13.12;5.8;9.46
Zarko Cabarkapa;1;1979;18;2;NJN;PG;41;1422;0.83;5260130;4.71;5.42;5.07
Zarko Cabarkapa;2;1980;19;3;PHI;PG;38;277;1.21;6778857;6.88;5.64;6.26
Zarko Cabarkapa;3;1981;20;4;SAC;PG;38;1522;2.31;11175172;10.17;2.94;6.56
Zarko Cabarkapa;4;1982;21;5;NOJ;PG;1;1;3.35;15331688;7.23;1.78;4.51
Zarko Cabarkapa;5;1983;22;6;PHO;PG;29;1032;3.39;15491554;5.04;2.4;3.72
Zarko Cabarkapa;6;1984;23;7;MIN;PG;35;42;2.41;11574837;4.35;2.28;3.32
Zarko Cabarkapa;7;1985;24;8;DEN;PG;10;243;2.22;10815473;6.01;1.69;3.85
Zarko Cabarkapa;8;1986;25;9;DEN;PG;14;606;2.43;11654770;8.52;3.31;5.92
Zarko Cabarkapa;9;1987;26;10;DEN;PG;17;113;1.92;9616478;6.55;4.17;5.36
Zarko Cabarkapa;10;1988;27;11;HOU;PG;66;2376;1.60;8337550;6.27;1.99;4.13
Zarko Cabarkapa;11;1989;28;12;HOU;PG;7;15;0.96;5779694;4.14;-4.50;3.36
Zarko Cabarkapa;12;1990;29;13;DET;PG;87;963;0.49;3901269;6.48;2.57;4.53
Zarko Cabarkapa;13;1991;30;14;DET;PG;35;166;0.42;3621503;8.7;0.33;4.52
Zarko Cabarkapa;14;1992;31;15;ORL;PG;36;481;-1.33;953052;12.47;4.11;9.03
Zarko Cabarkapa;15;1993;32;16;ORL;PG;14;158;-1.93;833160;9.64;0.58;5.11
Zarko Cabarkapa;16;1994;33;17;ORL;PG;42;735;-3.00;700256;9.78;0.97;5.38
Zarko Cabarkapa;17;1994;33;17;PHO;PG;62;1582;-2.18;844281;11.72;2.79;7.26
Zarko Cabarkapa;18;1995;34;18;POR;PG;72;864;-0.94;791216;7.66;2.56;5.11
Zarko Cabarkapa;19;1996;35;19;POR;PG;5;162;-0.84;694250;9.58;0.17;4.88
Zarko Cabarkapa;20;1997;36;20;CHH;PG;22;606;-0.44;184384;9.2;7.45;8.33
Zarko Cabarkapa;21;1997;36;20;WSB;PG;14;602;-0.11;1503278;6.69;2.17;4.43
Zarko Cabarkapa;22;1998;37;21;WSB;PG;77;2061;0.51;3981202;7.84;2.87;5.36
Zarko Cabarkapa;23;1998;37;21;NYK;PG;1;25;-0.60;991915;9.16;2.59;5.88
Zarko Cabarkapa;24;1999;38;22;NYK;PG;5;29;-1.77;881688;8.62;1.87;5.25
Zarko Cabarkapa;25;2000;39;23;NYK;PG;61;1318;-2.14;747798;9.91;4.98;7.45
Zarko Cabarkapa;26;2001;40;24;NYK;PG;36;20;-1.44;767656;8.83;3.61;6.22
Zarko Cabarkapa;27;2002;41;25;NYK;PG;41;5;-2.41;750513;5.31;1.5;3.41
Zarko Cabarkapa;28;2003;42;26;PHO;PG;58;1947;-3.00;717818;10.99;4.39;7.69
Zarko Cabarkapa;29;2004;43;27;PHO;PG;30;108;-2.92;1540475;8.7;1.78;5.24
Zarko Cabarkapa;30;2005;44;28;PHI;PG;61;22;-2.45;768891;9.18;1.0;5.09
Zarko Cabarkapa;31;2006;45;29;PHI;PG;47;619;-3.00;772654;16.34;3.77;10.06
Zarko Cabarkapa;32;2007;46;30;PHI;PG;16;200;-3.00;768564;6.99;2.59;4.79
Zarko Cabarkapa;33;2007;46;30;SAC;PG;75;2323;-2.95;930103;6.77;3.46;5.12
Zarko Cabarkapa;34;2007;46;33;WAS;PG;8;31;-3.00;773653;6.2;1.68;3.94
Zarko Cabarkapa;35;2008;47;31;WAS;PG;80;2861;-2.71;984091;5.09;1.45;3.27
Mike Holton;1;1979;17;2;WAS;SG;18;432;1.27;7018656;9.03;4.02;6.53
Mike Holton;2;1980;18;3;POR;SF;53;817;1.09;6299259;10.51;5.63;8.07
Mike Holton;3;1981;19;4;DEN;SF;55;180;1.88;9456612;12.23;7.41;9.82
Mike Holton;4;1981;19;4;BOS;SF;5;146;1.56;8177684;10.8;3.76;7.28
Mike Holton;5;1982;20;5;BOS;SF;15;532;2.32;11215138;9.95;5.98;7.97
Mike Holton;6;1983;21;6;BOS;SF;15;699;1.18;6658957;15.57;1.18;8.38
Mike Holton;7;1984;22;7;BOS;SF;4;103;-16.23;7618153;15.04;7.01;11.03
Mike Holton;8;1984;22;7;LAC;SF;50;284;0.60;3690357;19.12;5.85;12.49
Mike Holton;9;1985;23;8;LAC;SG;28;23;1.52;8017818;11.14;4.44;7.79
Mike Holton;10;1986;24;9;LAC;SF;59;1270;1.12;6419158;16.34;4.2;10.27
Mike Holton;11;1987;25;10;LAC;SF;76;18;-34.26;2142743;14.02;5.54;9.78
Mike Holton;12;1988;26;11;LAC;SF;24;2430;0.90;5539895;10.13;0.23;5.18
Mike Holton;13;1989;27;12;LAC;SG;50;2113;0.54;4101101;13.26;3.42;8.34
Mike Holton;14;1990;31;13;ORL;SG;32;377;0.49;3901269;9.2;1.71;5.46
Mike Holton;15;1991;29;14;CHH;SG;59;1858;34.41;1623178;15.56;6.09;10.83
Mike Holton;16;1992;33;15;CHH;SG;12;182;-0.55;656021;12.63;0.85;6.74
Mike Holton;17;1992;30;15;ORL;SG;2;54;-0.22;1063647;8.84;0.41;4.63
Mike Holton;18;1993;31;16;ORL;C;28;174;-8.94;3541570;7.82;5.86;6.84
Mike Holton;19;1994;32;17;PHO;PG;60;-2015;-0.70;681275;3.8;1.79;3.58
Mike Holton;20;1995;33;18;POR;PG;14;180;-0.57;989944;10.02;3.55;6.79
Mike Holton;21;1995;33;18;SEA;SG;49;2235;18.44;2302609;6.94;5.84;6.39
Mike Holton;22;1996;34;19;ORL;SG;5;18;0.12;2422508;7.11;4.13;5.62
Mike Holton;23;1997;35;21;NYK;SG;61;2228;0.61;4380867;5.64;5.23;5.44
Mike Holton;24;1998;36;21;NYK;C;18;-973;0.40;3541570;7.53;6.37;6.95
Mike Holton;25;1999;37;22;NYK;SG;56;220;0.96;5779694;8.79;2.0;5.4
Mike Holton;26;2000;38;23;SDC;SF;54;1438;1.33;7258455;8.99;3.49;6.24
Mike Holton;27;2001;39;24;MIL;SF;31;1271;0.49;3901269;14.7;4.32;9.51
Mike Holton;28;2001;39;24;ORL;SF;57;2026;-25.15;5779694;17.57;10.97;14.27
Mike Holton;29;2002;40;25;ORL;SF;56;2565;0.91;5579862;13.63;-36.84;9.7
Mike Holton;30;2003;41;26;ORL;PG;78;842;1.72;8817148;14.47;4.73;9.6
Mike Holton;31;2003;41;26;GSW;SF;8;66;2.05;10136042;21.63;7.87;14.75
Mike Holton;32;2004;42;27;GSW;SF;13;23;2.27;11015306;11.42;4.18;7.8
Mike Holton;33;2005;43;28;GSW;SF;22;14;1.77;9016981;16.28;-23.39;12.11
Mike Holton;34;2006;44;29;SAC;PF;14;623;1.81;9176847;13.39;8.83;11.11
Mike Holton;35;2007;45;30;POR;PF;49;836;1.35;8146026;-0.78;18.84;15.29
Roy Hamilton;1;1979;17;2;POR;SG;20;618;1.74;8897081;7.97;3.3;5.64
Roy Hamilton;2;1980;18;3;POR;SG;65;1581;2.12;10415808;4.42;7.43;5.93
Roy Hamilton;3;1981;19;4;MEM;SG;37;24;2.20;10735540;13.93;0.08;7.01
Roy Hamilton;4;1982;20;5;MEM;C;27;107;3.08;14252592;21.75;2.26;12.01
Roy Hamilton;5;1982;20;5;NOP;SF;11;348;-7.79;9816311;11.78;11.53;11.66
Roy Hamilton;6;1983;21;6;TOR;PG;51;1889;2.43;11654770;10.17;8.49;9.33
Roy Hamilton;7;1984;22;7;LAC;SF;23;238;2.99;13892894;20.19;5.22;12.71
Roy Hamilton;8;1985;23;3;LAC;SF;70;1821;2.81;13173497;11.57;8.59;16.84
Roy Hamilton;9;1986;24;9;LAC;SG;14;386;3.40;15531520;6.84;4.89;5.87
Roy Hamilton;10;1987;25;10;DAL;SG;52;1848;2.36;11375004;12.68;2.37;7.53
Roy Hamilton;11;1988;26;11;DAL;SG;72;487;4.02;8038252;7.32;4.45;5.89
Roy Hamilton;12;1989;27;12;MIA;SG;42;813;4.57;20207601;5.16;6.07;5.62
Roy Hamilton;13;1990;28;13;MIA;SG;20;807;2.19;10695574;-21.44;4.52;8.34
Roy Hamilton;14;1991;29;16;MEM;SG;48;1075;2.03;10056109;10.24;4.28;7.26
Roy Hamilton;15;1992;30;15;MEM;SG;34;101;1.14;6499091;5.31;8.26;6.79
Roy Hamilton;16;1993;31;16;MEM;PG;38;1238;0.94;5699761;7.3;3.3;5.3
Roy Hamilton;17;1994;29;17;MEM;PG;41;1926;0.20;2540238;6.72;4.34;5.53
Roy Hamilton;18;1995;33;18;MIA;PG;89;27;-0.92;964129;3.63;2.66;3.15
Roy Hamilton;19;1996;34;19;MIA;PG;37;-2980;-0.77;947953;9.06;4.24;7.01
Roy Hamilton;20;1997;35;20;ORL;PG;71;1082;-0.14;2255856;-21.34;1.97;4.01
Roy Hamilton;21;1998;36;21;ORL;PF;72;3338;0.07;2222676;3.77;4.56;4.17
Roy Hamilton;22;1999;40;21;ORL;PG;48;1002;-1.05;832557;5.23;1.29;3.26
Roy Hamilton;23;2000;41;23;ORL;PG;12;119;-2.42;841055;9.4;2.72;6.06
Roy Hamilton;24;2001;39;24;ORL;PG;72;458;-3.00;863685;10.22;4.27;7.05
Roy Hamilton;25;2002;40;25;ORL;PG;43;1624;-2.81;925782;1.64;5.59;6.58
Roy Hamilton;26;2003;41;26;ORL;PG;39;1094;-1.82;650534;6.13;2.28;4.21
Roy Hamilton;27;2003;41;26;BOS;PG;40;438;-2.12;796774;6.02;3.06;4.54
Roy Hamilton;28;2004;42;27;BOS;PG;5;86;-1.68;612097;4.94;2.37;3.66
Roy Hamilton;29;2005;43;28;TOR;SG;62;8799;-3.00;873226;11.89;2.37;7.13
Roy Hamilton;30;2006;44;29;ATL;SG;46;872;-3.00;903350;8.32;1.45;4.89
Roy Hamilton;31;2007;45;30;SEA;SG;23;1000;-2.40;705603;14.08;5.64;10.78
Roy Hamilton;32;2007;45;30;SEA;PG;64;1333;-2.19;861317;5.14;2.62;3.88
Roy Hamilton;33;2008;46;31;POR;PG;52;726;-3.00;633234;9.3;1.43;5.37
Roy Hamilton;34;2009;49;32;SEA;PG;23;814;-3.00;671990;8.86;1.85;5.47
Roy Hamilton;35;2010;48;33;MIL;PG;36;375;-3.00;879026;8.21;3.38;5.8
Nick Collison;1;1979;22;2;ATL;SF;38;162;-0.56;914022;7.18;12.58;9.88
Nick Collison;2;1980;23;3;ATL;SF;28;421;-1.39;711164;14.58;-34.20;11.15
Nick Collison;3;1980;23;3;SAC;SF;52;1900;-0.26;903781;11.12;12.6;11.86
Nick Collison;4;1981;24;6;SAC;SG;68;2291;0.32;3221838;7.28;2.0;4.64
Nick Collison;5;1981;24;4;SAS;SG;63;3010;1.28;7058622;7.21;0.98;4.1
Nick Collison;6;1982;25;6;SAS;SG;73;2223;-0.13;1423345;7.23;5.02;6.13
Nick Collison;7;1983;26;6;SAS;SG;66;2656;-0.54;652663;8.92;6.87;7.9
Nick Collison;8;1984;27;7;LAL;SG;51;2294;-0.74;871018;10.1;3.25;7.42
Nick Collison;9;1985;28;8;IND;SG;42;702;0.13;2462475;15.01;2.09;8.55
Nick Collison;10;1986;29;11;IND;SG;56;1957;-25.42;9096914;4.17;5.22;4.7
Nick Collison;11;1987;30;10;IND;SG;87;41;0.52;4021168;13.37;2.69;8.03
Nick Collison;12;1988;31;11;HOU;SF;81;3675;0.32;3221838;12.85;1.78;7.32
Nick Collison;13;1989;32;12;ATL;SF;4;90;0.30;3141905;9.36;7.9;8.63
Nick Collison;14;1990;33;13;ATL;SF;41;357;0.09;2302609;19.31;1.93;10.62
Nick Collison;15;1991;34;14;POR;PG;52;2058;0.08;2262642;12.18;4.9;8.54
Nick Collison;16;1992;35;15;POR;SG;26;1022;0.51;3981202;9.48;4.84;7.16
Nick Collison;17;1993;36;16;POR;SG;37;485;0.31;3181872;6.93;3.58;5.26
Nick Collison;18;1994;39;17;POR;SG;42;1559;0.40;3541570;9.75;1.15;5.45
Nick Collison;19;1995;38;18;POR;SG;58;477;0.55;4141068;10.77;0.9;5.84
Nick Collison;20;1996;39;19;IND;SG;77;1760;0.70;4740565;9.75;7.04;8.4
Nick Collison;21;1997;40;20;DAL;PG;76;1934;1.35;7338388;8.83;2.37;5.6
Nick Collison;22;1998;41;21;IND;PG;24;294;1.98;9856277;6.63;6.35;6.49
Nick Collison;23;1999;42;22;POR;PG;22;614;3.09;14292559;-0.20;2.91;6.29
Nick Collison;24;2000;43;23;POR;SG;8;347;2.95;13733028;13.55;1.95;7.75
Nick Collison;25;2001;44;24;HOU;SG;59;1300;2.88;13453262;9.81;6.06;7.94
Nick Collison;26;2002;45;25;HOU;SG;25;804;3.88;17449912;12.28;4.21;8.25
Nick Collison;27;2003;46;26;NOH;SG;67;2549;3.11;14372492;6.01;3.64;4.83
Nick Collison;28;2003;46;26;HOU;SG;11;495;1.99;9896244;7.54;4.28;5.91
Nick Collison;29;2004;47;27;HOU;SG;42;1859;1.04;6099426;8.1;-29.40;5.47
Nick Collison;30;2005;48;28;HOU;SG;77;1948;0.15;2542408;-34.63;2.93;5.9
Nick Collison;31;2006;49;29;HOU;SG;79;3644;-0.39;384216;8.05;2.93;5.49
Nick Collison;32;2007;50;30;VAN;SG;23;1089;-0.19;1183546;6.23;4.98;5.61
Nick Collison;33;2008;51;31;DET;SG;22;1025;1.12;6419158;5.71;5.3;5.51
Nick Collison;34;2009;52;32;DET;SG;74;268;-0.02;1862977;14.31;6.31;10.31
Nick Collison;35;2009;52;32;CLE;SG;55;1527;0.48;3861302;10.48;2.24;6.36
Ruben Nembhard;1;1979;21;3;CLE;SF;39;222;0.49;3901269;16.36;11.91;14.14
Ruben Nembhard;2;1980;22;4;DEN;SG;68;1143;0.38;3461637;12.51;6.37;9.44
Ruben Nembhard;3;1981;23;5;DEN;SG;7;-284;-0.59;927758;12.14;5.98;9.06
Ruben Nembhard;4;1982;24;6;MIL;SG;29;1123;0.22;2822173;8.74;1.35;5.05
Ruben Nembhard;5;1982;24;6;PHO;SG;78;2955;0.35;3341738;6.54;0.6;3.01
Ruben Nembhard;6;1982;24;6;PHO;SF;42;649;-0.29;783881;12.76;6.1;9.43
Ruben Nembhard;7;1983;25;7;WAS;SF;70;179;1.08;6259292;15.77;0.86;8.32
Ruben Nembhard;8;1983;25;7;PHO;SF;71;2726;3.25;14932023;12.74;6.14;9.44
Ruben Nembhard;9;1984;26;8;PHO;SF;18;547;4.15;18529008;11.63;8.3;9.97
Ruben Nembhard;10;1984;26;8;NOJ;SF;27;1225;4.41;19568137;8.05;2.23;5.14
Ruben Nembhard;11;1985;27;9;NOJ;SF;79;3611;5.61;24364117;17.43;4.6;11.02
Ruben Nembhard;12;1986;28;10;UTA;SF;41;91;6.21;26762107;26.24;4.78;13.05
Ruben Nembhard;13;1987;30;11;UTA;SF;14;648;5.16;22565624;15.61;3.39;9.5
Ruben Nembhard;14;1988;30;12;SAS;SF;3;14;3.90;17529845;22.84;5.53;11.91
Ruben Nembhard;15;1989;31;13;DET;SF;22;639;3.28;15051922;66.29;1.78;6.08
Ruben Nembhard;16;1989;31;13;KCK;SF;8;-462;3.45;15731353;6.14;12.9;9.52
Ruben Nembhard;17;1989;31;13;ATL;PG;17;788;2.99;13892894;11.33;6.82;9.08
Ruben Nembhard;18;1990;32;14;ATL;SF;76;1764;2.14;10495741;7.87;7.8;7.84
Ruben Nembhard;19;1991;33;15;ORL;SF;79;3524;0.78;5060297;14.57;9.53;12.05
Ruben Nembhard;20;1991;33;15;MEM;SG;81;1528;0.29;3101939;11.3;5.79;8.55
Ruben Nembhard;21;1992;34;16;NYK;SF;69;2941;-0.28;823848;9.58;6.13;7.86
Ruben Nembhard;22;1993;35;17;NYK;PG;16;325;-0.44;184384;14.74;6.64;10.69
Ruben Nembhard;23;1994;36;18;NYK;SF;32;-2587;-0.59;857247;13.0;2.6;7.8
Ruben Nembhard;24;1994;36;14;PHO;SF;9;315;-2.40;745136;17.81;2.35;10.08
Ruben Nembhard;25;1995;37;19;PHO;SF;74;-4665;-2.30;857758;11.47;4.67;8.07
Ruben Nembhard;26;1996;38;22;PHO;SF;64;1593;-2.39;854229;8.55;10.97;9.76
Ruben Nembhard;27;1997;39;21;PHO;SF;38;570;-23.03;631610;20.21;7.64;13.93
Ruben Nembhard;28;1998;40;22;PHO;SF;18;561;-2.00;688614;14.53;6.81;10.67
Ruben Nembhard;29;1999;41;18;POR;SF;22;546;-1.60;711145;12.2;5.83;9.02
Ruben Nembhard;30;2000;42;24;NYK;SF;70;822;-1.82;919179;15.39;5.23;10.31
Ruben Nembhard;31;2001;43;25;NYK;SF;12;444;-1.38;664368;13.19;2.24;7.72
Ruben Nembhard;32;2002;44;26;NYK;SF;33;640;-2.08;973540;8.2;0.06;4.13
Ruben Nembhard;33;2002;46;26;SAS;SF;48;1502;-1.98;697262;16.05;6.77;11.41
Ruben Nembhard;34;2003;45;27;KCK;SF;20;26;-1.75;901594;16.09;58.97;10.56
Ruben Nembhard;35;2004;46;28;DEN;PG;59;2746;-3.00;964900;13.69;6.85;10.27
Bobby Jackson;1;1979;19;2;DEN;C;33;1573;1.63;8457450;16.07;15.91;15.99
Bobby Jackson;2;1980;20;3;DEN;C;44;1637;2.10;10335875;24.98;4.0;14.49
Bobby Jackson;3;1981;21;4;DEN;C;78;2220;3.44;15691386;27.33;12.13;19.73
Bobby Jackson;4;1982;22;5;NYK;C;4;53;3.71;16770482;28.27;20.82;24.55
Bobby Jackson;5;1983;23;6;HOU;C;62;1743;3.41;15571487;17.61;20.38;24.19
Bobby Jackson;6;1984;24;7;MEM;PG;49;1527;3.72;16810448;22.46;10.15;16.31
Bobby Jackson;7;1985;25;8;MEM;C;25;305;2.80;13133530;27.1;9.63;18.37
Bobby Jackson;8;1986;26;9;MEM;PF;90;502;2.33;11255105;14.34;13.37;5.60
Bobby Jackson;9;1987;27;10;MEM;PF;67;1286;-10.93;15651420;-9.19;7.99;17.95
Bobby Jackson;10;1988;28;11;MEM;PF;67;797;2.62;12414133;16.04;10.41;13.23
Bobby Jackson;11;1989;29;12;MEM;PF;79;1130;2.13;10455775;22.68;15.86;19.27
Bobby Jackson;12;1990;30;13;MEM;PF;49;541;2.92;13613128;15.42;15.63;15.53
Bobby Jackson;13;1991;34;14;MEM;PF;55;1616;2.81;13173497;15.61;12.35;13.98
Bobby Jackson;14;1992;32;15;MEM;PF;55;1959;3.99;27496762;16.43;-4.52;9.77
Bobby Jackson;15;1993;33;16;CLE;PF;15;240;4.75;20926998;16.25;13.98;15.12
Bobby Jackson;16;1994;34;13;CLE;PG;23;660;5.20;22725490;12.86;2.27;7.57
Bobby Jackson;17;1995;35;18;CHI;SF;4;35;5.11;22365792;10.16;5.95;8.06
Bobby Jackson;18;1996;36;19;CHI;SF;73;975;3.72;16810448;9.3;2.23;5.77
Bobby Jackson;19;1997;37;20;CHI;SF;38;1578;3.67;16610616;19.62;4.83;12.23
Bobby Jackson;20;1998;38;21;CHI;PG;43;1573;2.81;21071411;12.66;-12.10;9.3
Bobby Jackson;21;1998;38;21;GSW;SF;47;2140;1.05;6139393;18.32;1.94;10.13
Bobby Jackson;22;1999;39;22;GSW;PF;44;547;0.18;2662307;8.3;9.36;8.83
Bobby Jackson;23;2000;40;23;GSW;PG;41;719;-0.79;981615;12.16;6.36;9.26
Bobby Jackson;24;2001;41;24;BOS;PF;45;1922;-2.30;672398;20.8;10.05;15.43
Bobby Jackson;25;2001;41;24;MEM;PF;42;115;-2.44;965660;22.75;8.68;15.72
Bobby Jackson;26;2002;42;26;MEM;PF;6;120;-1.55;786882;27.45;3.16;15.31
Bobby Jackson;27;2003;43;26;ORL;PF;39;1054;-2.46;600710;18.19;14.46;16.33
Bobby Jackson;28;2003;43;26;DEN;PF;24;179;-2.15;996667;28.81;12.25;20.53
Bobby Jackson;29;2004;44;27;DEN;PG;31;383;-2.34;1760706;-29.71;-9.73;11.28
Bobby Jackson;30;2005;45;28;DEN;SF;6;196;-2.83;702262;6.49;7.11;6.8
Bobby Jackson;31;2006;46;29;PHI;PG;46;1615;-2.87;909158;18.37;11.19;14.78
Bobby Jackson;32;2006;46;29;MIL;PF;33;643;-3.00;875611;-6.96;10.18;12.69
Bobby Jackson;33;2007;47;30;MIL;PF;47;469;-3.00;706269;15.31;3.98;9.65
Bobby Jackson;34;2008;48;31;GSW;PF;5;237;-3.00;701194;10.43;8.43;9.43
Bobby Jackson;35;2009;49;32;GSW;SF;46;897;-2.69;819365;6.98;3.02;5.0
Kevin Edwards;1;1979;19;3;ORL;SG;54;922;1.27;7018656;5.59;2.16;3.88
Kevin Edwards;2;1980;20;4;WAS;SG;25;537;49.04;6299259;7.84;4.21;6.03
Kevin Edwards;3;1981;21;5;MIL;SG;66;2612;1.52;8017818;12.31;2.77;7.54
Kevin Edwards;4;1982;22;6;MIL;SF;5;213;1.79;9096914;11.71;11.72;11.72
Kevin Edwards;5;1983;23;7;MIL;SF;20;354;1.45;7738053;14.67;12.47;13.57
Kevin Edwards;6;1983;23;7;PHO;SF;42;-3165;2.18;10655607;11.93;14.41;13.17
Kevin Edwards;7;1984;24;8;PHO;SF;7;40;1.53;8057785;17.62;6.94;12.28
Kevin Edwards;8;1985;25;9;PHO;SF;50;1064;1.99;9896244;16.52;8.6;12.56
Kevin Edwards;9;1986;26;10;PHO;SF;6;155;1.31;7178522;13.56;2.17;7.87
Kevin Edwards;10;1987;27;11;PHO;SF;11;216;1.27;7018656;7.75;5.46;6.61
Kevin Edwards;11;1987;27;11;DAL;SF;48;322;1.81;9176847;17.77;5.98;11.88
Kevin Edwards;12;1988;28;12;DAL;SF;3;90;1.87;9416646;18.36;7.55;12.96
Kevin Edwards;13;1989;29;13;ATL;SF;62;2679;0.70;4740565;11.42;6.53;8.98
Kevin Edwards;14;1990;30;14;ATL;SF;63;694;2.32;13395864;13.63;0.7;7.17
Kevin Edwards;15;1991;31;15;POR;SF;74;649;2.11;10375842;16.42;-4.03;11.87
Kevin Edwards;16;1992;32;16;POR;SF;64;1175;2.54;12094401;13.83;3.61;8.72
Kevin Edwards;17;1993;33;17;DET;PF;5;202;2.76;12973664;23.24;4.98;14.11
Kevin Edwards;18;1994;34;18;MIA;PF;66;1706;1.65;8537383;15.48;9.79;12.64
Kevin Edwards;19;1995;35;19;MIA;C;81;1239;1.47;7817986;35.04;12.4;23.72
Kevin Edwards;20;1996;36;20;MIA;C;14;277;1.15;6539058;27.71;8.13;17.92
Kevin Edwards;21;1997;37;21;MIA;PF;58;1104;1.49;7897919;19.89;11.01;15.45
Kevin Edwards;22;1998;38;22;MIA;SG;28;791;1.81;9176847;13.28;8.24;10.76
Kevin Edwards;23;1999;39;23;MIA;PF;25;1123;-23.13;2182709;21.0;7.33;14.17
Kevin Edwards;24;2000;40;24;MIA;PF;69;400;-0.72;861000;20.33;12.57;16.45
Kevin Edwards;25;2001;41;25;MIA;C;73;2197;-1.24;890066;16.1;4.65;10.38
Kevin Edwards;26;2002;42;26;SAC;C;69;1216;-0.89;841683;13.87;18.03;15.95
Kevin Edwards;27;2003;43;27;VAN;C;6;119;0.49;3901269;27.24;14.25;20.75
Kevin Edwards;28;2004;44;28;VAN;C;46;2172;0.73;4860465;27.57;4.43;19.76
Kevin Edwards;29;2005;45;29;DET;PF;6;190;0.92;5619828;17.87;10.86;14.37
Kevin Edwards;30;2006;46;30;NYK;PF;8;227;1.51;7977852;15.0;9.57;12.29
Kevin Edwards;31;2007;47;31;NYK;PF;56;1164;1.43;7658120;17.11;7.07;12.09
Kevin Edwards;32;2008;48;32;ATL;PF;39;1026;0.66;4580699;18.43;4.94;11.69
Kevin Edwards;33;2009;51;31;DEN;SF;48;2161;0.99;6499967;14.26;1.57;7.92
Kevin Edwards;34;2010;50;34;CHI;SF;92;28;0.67;4620666;19.11;-25.31;12.64
Kevin Edwards;35;2011;51;35;CHI;SF;4;174;0.07;2222676;14.24;1.6;8.80
Bill Mayfield;1;1979;19;3;CHI;SF;79;3193;0.50;3941235;18.33;6.52;12.43
Bill Mayfield;2;1980;20;4;HOU;SF;56;2640;1.60;8337550;8.06;9.33;8.7
Bill Mayfield;3;1981;21;5;HOU;SF;51;472;3.40;15531520;15.94;2.49;9.22
Bill Mayfield;4;1981;21;8;ORL;PF;74;1334;2.72;12813798;18.57;5.57;12.07
Bill Mayfield;5;1982;22;6;HOU;SF;62;2562;2.85;13333363;8.43;4.92;6.68
Bill Mayfield;6;1982;22;6;POR;SF;9;144;3.81;17170147;10.13;5.94;8.04
Bill Mayfield;7;1983;23;9;POR;SG;6;286;28.41;17369979;16.19;1.82;9.01
Bill Mayfield;8;1984;24;8;POR;SG;66;1774;3.88;17449912;11.99;3.15;7.57
Bill Mayfield;9;1985;25;9;NYK;SG;57;2268;3.73;16850415;8.48;3.54;6.01
Bill Mayfield;10;1986;26;10;NOK;SG;34;1624;4.53;20047735;12.69;8.13;10.41
Bill Mayfield;11;1987;27;11;NYK;PF;79;1485;4.81;21166797;8.59;5.25;6.92
Bill Mayfield;12;1988;28;12;MIL;SF;62;367;6.30;17523396;8.97;3.17;6.07
Bill Mayfield;13;1989;29;13;CLE;SF;61;472;5.95;25722978;12.17;8.93;10.55
Bill Mayfield;14;1990;30;14;CLE;SG;29;908;6.36;27361604;13.0;3.74;8.37
Bill Mayfield;15;1990;30;14;MEM;SG;57;241;7.05;30119293;13.07;6.47;9.77
Bill Mayfield;16;1991;31;15;MEM;PG;8;347;8.43;35634670;10.86;3.59;7.23
Bill Mayfield;17;1991;31;15;WAS;PG;32;1475;9.14;38472291;12.34;1.86;7.1
Bill Mayfield;18;1992;32;16;WAS;PG;63;818;9.18;38632157;9.92;4.83;7.38
Bill Mayfield;19;1993;33;17;WAS;PG;26;924;8.27;34995206;10.14;1.91;6.03
Bill Mayfield;20;1994;34;18;WAS;PG;30;951;7.02;29999393;10.42;2.15;6.29
Bill Mayfield;21;1995;35;19;NOH;PG;13;194;6.00;25922810;8.09;2.76;5.43
Bill Mayfield;22;1996;36;20;NOP;PG;21;695;7.30;31118455;4.58;0.32;2.45
Bill Mayfield;23;1997;37;21;NOP;PG;41;359;8.31;35155072;8.41;3.78;6.1
Bill Mayfield;24;1998;38;22;MEM;PG;20;630;7.76;35694078;5.87;1.81;3.84
Bill Mayfield;25;1998;38;22;HOU;C;68;955;8.28;35035172;8.61;3.8;6.21
Bill Mayfield;26;1999;39;23;NOH;PG;11;131;7.95;33716278;2.36;2.5;2.43
Bill Mayfield;27;2000;40;24;PHI;PG;72;3112;7.17;30598891;10.14;4.99;7.57
Bill Mayfield;28;2001;41;25;PHI;PG;89;2685;7.14;25137171;10.02;1.94;5.98
Bill Mayfield;29;2002;42;27;PHI;PG;17;31;-29.93;28240867;9.32;3.86;6.59
Bill Mayfield;30;2003;43;27;PHI;PG;54;978;6.41;27561437;7.23;1.52;4.38
Bill Mayfield;31;2004;44;28;ATL;PG;80;884;5.91;25563112;10.65;1.45;6.05
Bill Mayfield;32;2005;45;29;ATL;PG;80;971;6.18;26642207;6.43;0.96;3.7
Bill Mayfield;33;2006;46;30;UTA;PG;59;678;6.73;28840365;10.24;1.96;6.1
Bill Mayfield;34;2006;46;30;IND;PF;55;1313;6.65;28520633;8.04;2.63;5.34
Bill Mayfield;35;2006;46;30;PHO;PG;54;1926;4.92;21606428;8.87;4.22;6.55
Terry Dehere;1;1979;20;2;PHO;PF;10;68;1.29;7098589;17.89;10.37;14.13
Terry Dehere;2;1980;21;3;PHO;SG;41;1017;3.10;14332525;19.52;8.13;13.83
Terry Dehere;3;1981;22;4;MIN;PG;52;1177;2.03;10056109;23.85;7.1;15.48
Terry Dehere;4;1982;23;6;MIN;C;43;1178;1.86;9376679;17.36;8.43;12.9
Terry Dehere;5;1983;24;6;UTA;PG;50;1068;1.37;7418321;28.91;5.66;17.29
Terry Dehere;6;1984;25;7;UTA;C;59;2786;0.03;2062810;17.31;3.21;10.26
Terry Dehere;7;1985;26;11;UTA;C;77;104;1.66;8577349;22.42;17.01;28.95
Terry Dehere;8;1986;27;9;UTA;C;45;1371;0.89;5499929;29.68;8.38;19.03
Terry Dehere;9;1987;28;10;CLE;C;32;362;0.71;4780532;21.88;10.72;16.3
Terry Dehere;10;1988;29;11;NJN;C;48;1291;0.01;1982877;17.31;8.11;12.71
Terry Dehere;11;1989;30;12;DET;C;26;533;0.00;1942910;18.88;97.97;15.59
Terry Dehere;12;1990;31;13;DET;PF;39;332;-0.17;1263479;14.87;11.34;13.11
Terry Dehere;13;1991;32;14;SAS;PF;53;-2242;0.79;5100264;18.82;11.88;15.35
Terry Dehere;14;1992;33;15;CHA;PF;42;1182;0.82;5220163;16.83;9.45;13.14
Terry Dehere;15;1993;34;16;HOU;C;79;568;0.49;3901269;13.56;14.21;13.89
Terry Dehere;16;1994;35;17;UTA;C;62;104;-1.41;833195;29.08;6.25;17.67
Terry Dehere;17;1995;36;18;PHO;C;44;551;-2.08;764377;26.75;16.58;21.67
Terry Dehere;18;1996;37;19;PHO;C;50;2085;-2.30;960766;11.7;11.55;11.63
Terry Dehere;19;1997;38;15;MEM;C;43;1810;-2.61;872170;22.71;4.86;13.79
Terry Dehere;20;1998;39;21;MEM;PF;6;125;-1.88;629773;18.51;7.23;12.87
Terry Dehere;21;1999;40;22;LAL;PF;18;28;-3.00;712185;15.59;7.85;11.72
Terry Dehere;22;2000;41;23;DEN;PF;58;1314;-3.00;821207;17.43;16.7;17.07
Terry Dehere;23;2001;42;24;DEN;C;9;29;-3.00;708132;29.72;18.1;23.91
Terry Dehere;24;2002;43;25;GSW;PF;58;2524;-2.72;988584;14.35;8.49;11.42
Terry Dehere;25;2003;44;26;POR;PF;60;274;-2.65;613876;18.57;9.54;14.06
Terry Dehere;26;2004;45;27;POR;PF;74;3520;-1.65;614850;17.66;10.54;14.1
Terry Dehere;27;2005;46;28;CLE;PF;76;3345;-0.35;544082;24.82;7.4;16.11
Terry Dehere;28;2006;47;29;POR;PF;33;121;-0.27;863814;22.83;5.56;14.2
Terry Dehere;29;2007;48;30;POR;C;64;1023;-1.59;847335;14.73;7.15;10.94
Terry Dehere;30;2008;49;31;IND;C;75;3300;-0.39;384216;18.98;7.29;13.14
Terry Dehere;31;2009;50;32;SAC;C;15;522;0.56;4181034;23.46;16.17;19.82
Terry Dehere;32;2010;51;33;SAC;C;11;118;-0.47;64484;95.23;6.35;14.77
Terry Dehere;33;2011;52;34;SAC;C;98;1032;-1.42;932979;17.72;-42.54;9.17
Terry Dehere;34;2011;52;34;ATL;C;71;2741;-1.88;738264;30.22;-23.20;20.26
Terry Dehere;35;2012;53;35;ATL;C;5;680;-2.28;612600;-33.31;14.36;24.89
Fred Hoiberg;1;1979;20;2;ATL;PF;17;716;1.17;6618991;17.07;11.14;14.11
Fred Hoiberg;2;1980;21;3;POR;PF;74;-407;3.85;17330013;21.22;13.39;17.31
Fred Hoiberg;3;1981;22;4;POR;PF;24;999;3.88;17449912;35.97;13.15;12.84
Fred Hoiberg;4;1982;23;5;POR;PF;7;679;3.61;16370817;8.72;10.29;9.51
Fred Hoiberg;5;1983;24;6;POR;PF;67;-4309;3.34;15291721;17.24;9.19;13.22
Fred Hoiberg;6;1984;25;7;GSW;PG;56;1739;2.05;10136042;18.67;6.25;12.46
Fred Hoiberg;7;1985;26;8;DEN;PF;19;360;2.12;10415808;13.86;11.3;12.58
Fred Hoiberg;8;1985;26;8;NYK;PF;16;260;1.69;8697249;17.43;8.4;12.92
Fred Hoiberg;9;1986;27;9;NYK;PF;13;542;2.84;13293396;14.79;6.81;10.8
Fred Hoiberg;10;1987;28;9;NYK;C;42;562;-12.07;20607266;18.65;8.42;13.54
Fred Hoiberg;11;1987;28;10;KCK;C;4;161;2.92;13613128;10.06;18.94;14.5
Fred Hoiberg;12;1988;29;11;GSW;C;81;1020;1.49;7897919;30.98;6.24;18.61
Fred Hoiberg;13;1989;30;12;GSW;PG;5;14;0.81;5180197;13.57;4.77;9.17
Fred Hoiberg;14;1990;31;13;GSW;C;37;1719;-0.18;1223513;26.01;16.81;21.41
Fred Hoiberg;15;1991;32;14;GSW;C;51;2142;-0.34;584049;27.31;17.89;22.6
Fred Hoiberg;16;1992;33;15;CHI;C;23;1058;-1.71;840355;37.09;8.03;22.56
Fred Hoiberg;17;1993;34;16;NOK;C;4;160;-2.08;974327;27.82;27.57;27.7
Fred Hoiberg;18;1994;35;17;NOJ;PG;62;727;-2.84;659040;17.52;4.82;11.17
Fred Hoiberg;19;1995;36;18;CHA;C;78;9594;-1.75;702682;14.56;0.35;7.46
Fred Hoiberg;20;1996;37;19;MIL;C;44;2065;-2.67;972583;24.52;15.22;19.87
Fred Hoiberg;21;1997;38;20;MIL;C;57;1810;-3.00;808574;24.79;8.65;16.72
Fred Hoiberg;22;1998;39;21;NJN;C;8;186;-2.61;631023;28.54;21.87;25.21
Fred Hoiberg;23;1999;40;22;NJN;PG;5;19;-3.00;660748;32.09;0.14;16.12
Fred Hoiberg;24;2000;41;23;NJN;C;31;1263;-3.00;880012;26.9;7.6;17.25
Fred Hoiberg;25;2001;42;24;NJN;PF;19;297;-2.96;928155;29.73;13.26;21.5
Fred Hoiberg;26;2002;43;25;HOU;PF;13;134;-3.00;827647;19.23;8.53;13.88
Fred Hoiberg;27;2003;44;26;NOJ;C;57;1791;-3.00;729326;20.88;33.09;26.99
Fred Hoiberg;28;2004;45;27;HOU;C;19;285;-3.00;790236;20.74;19.59;20.17
Fred Hoiberg;29;2005;46;28;ORL;C;40;512;-3.00;720794;21.34;3.58;12.46
Fred Hoiberg;30;2006;47;29;PHO;C;11;311;-3.00;940019;23.02;16.22;19.62
Fred Hoiberg;31;2007;48;30;LAC;C;20;692;-2.16;754222;12.55;88.70;9.2
Fred Hoiberg;32;2008;49;31;LAC;C;56;390;-2.69;713381;25.53;17.5;21.52
Fred Hoiberg;33;2009;50;32;LAC;C;51;2189;-1.80;815670;24.99;15.95;20.47
Fred Hoiberg;34;2010;51;33;PHI;C;50;672;-2.82;609056;35.5;21.84;28.67
Fred Hoiberg;35;2011;52;34;PHI;PG;56;1304;-2.42;736021;23.07;2.83;12.95
Dee Brown;1;1979;22;2;PHI;C;75;36;2.70;12733865;24.6;14.34;19.47
Dee Brown;2;1980;23;3;DEN;C;17;331;2.98;13852927;17.78;21.09;19.44
Dee Brown;3;1981;24;4;DEN;C;47;-986;4.33;19248405;18.5;11.93;15.22
Dee Brown;4;1982;25;5;POR;C;57;1643;4.82;21206763;23.39;1.45;12.42
Dee Brown;5;1983;26;6;POR;C;64;1810;4.06;18169309;27.62;9.45;18.54
Dee Brown;6;1984;27;7;POR;C;18;303;4.67;20607266;28.47;-67.10;18.19
Dee Brown;7;1985;28;8;POR;SG;66;993;5.40;23524820;6.38;5.25;5.82
Dee Brown;8;1986;29;9;BOS;SF;18;809;5.98;25842877;6.62;10.26;8.44
Dee Brown;9;1987;30;10;DEN;SF;76;1037;5.20;30708936;9.97;6.43;8.2
Dee Brown;10;1987;30;10;DET;SF;88;947;5.53;24044385;14.02;23.04;10.93
Dee Brown;11;1988;31;11;MIA;PF;70;123;5.29;23085189;10.79;14.95;12.87
Dee Brown;12;1988;31;11;NJN;PF;33;970;6.15;26522308;19.66;13.32;16.49
Dee Brown;13;1989;32;12;TOR;PF;58;655;5.82;25203413;16.03;5.81;10.92
Dee Brown;14;1989;32;12;NYK;PF;58;1699;4.11;18369142;16.27;8.47;12.37
Dee Brown;15;1990;35;13;POR;PF;96;2;2.67;12613966;15.7;5.38;10.54
Dee Brown;16;1991;34;14;POR;PF;62;380;2.46;11774669;14.44;4.92;9.68
Dee Brown;17;1992;35;15;MIN;PF;45;518;2.02;10016143;14.97;12.75;13.86
Dee Brown;18;1993;36;16;MIN;PF;25;405;1.13;6015945;12.92;-12.38;11.94
Dee Brown;19;1994;37;20;WAS;PF;66;2844;1.62;8417483;13.95;7.83;10.89
Dee Brown;20;1995;38;18;MIN;PF;58;1110;-17.19;8417483;8.89;5.96;7.43
Dee Brown;21;1996;39;17;CHI;PF;54;1490;1.85;9336713;9.25;16.32;12.79
Dee Brown;22;1997;40;20;CHI;PF;67;2708;3.13;14452425;14.06;8.19;11.13
Dee Brown;23;1998;41;21;CHI;PF;54;564;2.86;13373329;13.09;14.07;13.58
Dee Brown;24;1999;42;22;LAL;PF;28;799;3.37;15411621;13.87;7.95;10.91
Dee Brown;25;2000;43;23;LAL;SG;53;804;4.99;21886194;20.8;1.3;11.05
Dee Brown;26;2001;44;24;LAL;SF;46;183;-24.78;22405758;8.73;7.25;7.99
Dee Brown;27;2002;45;25;LAL;SF;37;964;4.75;20926998;24.07;3.85;13.96
Dee Brown;28;2003;46;26;LAL;SF;63;2766;4.37;19408271;10.04;7.22;8.63
Dee Brown;29;2004;47;27;LAC;SF;65;525;3.56;16170984;10.97;2.69;6.83
Dee Brown;30;2005;48;28;LAC;PG;31;1171;2.02;10016143;6.91;0.91;3.91
Dee Brown;31;2006;49;29;LAC;SF;29;1197;1.72;8817148;17.09;6.79;11.94
Dee Brown;32;2007;50;30;UTA;SF;79;646;0.81;5180197;21.03;4.31;12.67
Dee Brown;33;2008;51;31;UTA;SF;46;1015;1.13;6982684;18.4;8.81;13.61
Dee Brown;34;2009;52;32;UTA;SF;73;2309;1.40;7538220;13.43;12.88;13.16
Dee Brown;35;2009;52;32;PHI;SF;4;109;0.77;5020331;14.24;2.18;8.21
Donte Greene;1;1978;21;3;SAC;PG;64;1324;-0.15;1343412;12.62;0.28;6.45
Donte Greene;2;1979;22;4;SAC;PG;40;1693;-1.07;609454;8.24;0.26;4.25
Donte Greene;3;1979;22;4;HOU;PG;47;2175;0.28;3061972;6.55;0.94;3.75
Donte Greene;4;1980;23;5;HOU;PG;69;1220;-0.14;446398;6.57;4.96;5.77
Donte Greene;5;1981;24;6;HOU;PG;73;1551;-0.73;858046;9.38;3.84;6.61
Donte Greene;6;1982;25;7;HOU;PG;79;2974;-1.30;957243;3.93;-18.25;3.55
Donte Greene;7;1983;26;8;BOS;PG;35;1519;-0.68;782679;6.76;0.92;3.84
Donte Greene;8;1984;27;9;NYK;PG;77;197;1.04;6099426;8.14;4.3;6.22
Donte Greene;9;1985;28;10;NYK;SG;69;322;-1.08;955184;10.02;8.44;9.23
Donte Greene;10;1986;29;11;NYK;SG;2;35;0.22;2822173;10.47;3.82;7.15
Donte Greene;11;1987;30;12;NYK;SG;92;3009;0.55;4141068;6.47;1.23;3.85
Donte Greene;12;1987;30;12;MIN;SF;33;1365;-0.33;624015;8.59;2.88;5.74
Donte Greene;13;1988;31;13;MIN;SF;72;2195;-0.13;768365;11.99;0.37;6.18
Donte Greene;14;1989;32;14;KCK;PF;63;550;0.12;2422508;16.14;14.62;15.38
Donte Greene;15;1990;33;15;MIN;SF;45;1154;-0.14;1383379;10.96;6.07;8.52
Donte Greene;16;1991;34;16;SEA;SF;73;1205;0.88;5459962;19.23;0.3;9.77
Donte Greene;17;1992;35;17;MIN;SG;54;813;-0.15;1343412;10.18;5.83;8.01
Donte Greene;18;1993;36;18;MIN;SG;15;1765;-0.52;930345;14.07;8.25;11.16
Donte Greene;19;1994;37;19;MIN;SG;55;2611;-2.73;762026;10.69;3.87;7.28
Donte Greene;20;1995;38;20;MIN;PG;71;1987;-1.86;970861;5.66;29.86;3.95
Donte Greene;21;1996;39;21;MIN;PF;29;1278;-1.46;917494;9.02;3.97;6.5
Donte Greene;22;1996;39;21;CHI;PG;75;1971;-2.32;716000;9.81;4.06;6.94
Donte Greene;23;1997;40;22;SDC;PG;43;1924;-2.20;652509;8.82;0.69;4.76
Donte Greene;24;1998;39;23;BRK;PG;24;80;-1.44;970389;6.44;0.91;3.68
Donte Greene;25;1999;42;24;LAC;PG;8;227;-2.42;918556;7.19;2.03;4.61
Donte Greene;26;1999;42;24;HOU;PG;48;405;-2.56;899100;7.54;1.34;4.44
Donte Greene;27;2000;43;25;HOU;PG;8;356;-2.48;771508;4.37;0.53;2.45
Donte Greene;28;2001;44;26;PHO;PG;43;1854;-2.89;855780;12.53;2.05;7.29
Donte Greene;29;2002;45;27;PHO;PG;2;80;-2.51;764312;3.33;1.99;2.66
Donte Greene;30;2003;46;28;CHI;PG;61;2013;-3.00;738205;5.15;5.45;5.3
Donte Greene;31;2004;47;29;CHI;PG;20;396;-1.87;991129;7.24;2.61;4.93
Donte Greene;32;2005;48;30;CHI;PG;37;154;-2.84;726009;7.22;0.83;4.03
Donte Greene;33;2006;49;31;CLE;PG;77;2434;-3.00;875921;10.46;1.86;6.16
Donte Greene;34;2006;49;31;GSW;PG;42;1746;-2.90;983513;4.79;3.45;4.12
Donte Greene;35;2007;50;32;GSW;PG;45;1008;-2.38;899607;7.12;0.14;3.63
Chris McCray;1;1979;19;3;DAL;SF;21;391;1.61;8377517;13.48;4.4;8.94
Chris McCray;2;1980;20;1;GSW;SG;43;1407;1.49;7897919;5.79;1.83;3.81
Chris McCray;3;1981;21;5;POR;SG;18;14;1.96;9151893;8.19;3.31;5.75
Chris McCray;4;1982;22;6;DEN;SG;4;172;1.44;8365677;8.83;5.35;7.09
Chris McCray;5;1983;23;7;DEN;SG;3;25;1.74;8897081;11.21;2.75;6.98
Chris McCray;6;1983;23;7;HOU;SG;71;1557;2.79;13093564;8.0;5.99;7.0
Chris McCray;7;1984;24;8;CHI;SG;57;590;2.09;10295908;4.84;2.31;3.58
Chris McCray;8;1985;25;9;CHI;SG;30;1331;0.51;3981202;12.24;1.79;7.02
Chris McCray;9;1986;26;10;CHI;SG;42;1069;1.07;6219326;12.12;2.35;7.24
Chris McCray;10;1986;26;10;TOR;SG;77;3334;0.77;5020331;15.65;3.32;9.49
Chris McCray;11;1987;27;11;CLE;PG;33;890;0.70;4740565;10.3;3.39;6.85
Chris McCray;12;1988;28;12;OKC;PG;79;3505;-0.79;798233;6.93;3.21;4.46
Chris McCray;13;1989;29;13;OKC;PG;1;8;-0.16;1303446;9.81;-4.77;5.53
Chris McCray;14;1989;29;13;CLE;PG;65;2312;-0.03;1823010;4.76;1.2;2.98
Chris McCray;15;1989;29;13;NJN;SG;80;2533;-0.44;184384;8.17;3.8;5.99
Chris McCray;16;1990;30;14;NJN;SG;10;456;-0.19;1560046;15.54;44.48;10.05
Chris McCray;17;1990;30;14;PHI;SG;51;1080;-1.46;806383;14.72;2.43;8.58
Chris McCray;18;1991;31;15;PHI;SG;54;127;-1.23;846889;8.96;6.98;7.97
Chris McCray;19;1992;32;16;PHI;PG;39;764;0.36;3381704;6.22;0.66;3.44
Chris McCray;20;1993;33;17;PHI;PG;51;2349;0.37;3421671;13.12;5.3;10.12
Chris McCray;21;1993;33;17;UTA;PG;29;691;0.65;4540733;8.23;-7.45;5.92
Chris McCray;22;1993;33;17;MIN;PG;61;920;0.40;3541570;15.37;3.25;9.31
Chris McCray;23;1993;33;17;GSW;PG;72;62;0.33;3261805;11.92;5.0;8.11
Chris McCray;24;1994;34;18;GSW;PG;61;1110;0.91;5579862;6.5;0.47;3.49
Chris McCray;25;1995;35;18;GSW;PG;15;392;1.03;6059460;4.69;1.15;2.92
Chris McCray;26;1996;36;20;OKC;PG;48;2148;0.32;3221838;9.44;1.41;5.43
Chris McCray;27;1997;37;21;MIA;PG;68;2348;0.46;3781369;-24.72;4.96;6.2
Chris McCray;28;1997;37;21;BOS;PG;15;580;0.79;5100264;8.77;3.42;6.1
Chris McCray;29;1998;38;19;BOS;PG;77;9253;1.63;8457450;8.5;3.6;6.05
Chris McCray;30;1999;39;23;BOS;PG;39;1272;1.44;7698086;10.82;2.02;6.42
Chris McCray;31;2000;40;24;BOS;PG;84;-829;2.88;13453262;9.17;5.53;7.35
Chris McCray;32;2001;41;23;BOS;PG;72;1258;2.73;12853765;8.4;4.87;6.64
Chris McCray;33;2002;42;26;BOS;PG;74;845;2.83;13253430;11.22;6.16;8.69
Chris McCray;34;2003;43;27;BOS;PG;78;10899;3.09;14292559;12.54;2.71;7.63
Chris McCray;35;2004;44;28;BOS;PG;18;815;3.11;14372492;6.84;3.12;4.98
Logan Vander Velden;1;1979;18;4;BOS;PG;75;1624;0.67;4620666;8.5;5.76;7.13
Logan Vander Velden;2;1980;19;7;CLE;PG;53;2253;-0.18;1223513;5.5;3.67;4.59
Logan Vander Velden;3;1981;20;6;CLE;PG;10;145;-0.08;1623178;6.11;1.24;3.68
Logan Vander Velden;4;1981;20;6;LAL;PG;13;243;-0.49;859071;3.61;0.07;1.84
Logan Vander Velden;5;1982;21;5;LAL;PG;75;113;0.72;4820498;3.06;2.0;2.53
Logan Vander Velden;6;1983;22;8;LAL;PG;8;308;2.80;13133530;10.1;1.41;5.76
Logan Vander Velden;7;1984;23;9;PHO;PG;20;760;1.16;6579024;7.25;2.42;4.84
Logan Vander Velden;8;1984;23;9;MIL;PG;97;1335;1.41;7578187;9.31;2.57;5.94
Logan Vander Velden;9;1985;24;10;CLE;SG;23;1958;2.02;10016143;13.09;5.64;9.37
Logan Vander Velden;10;1986;25;11;CLE;SG;3;84;1.06;6179359;10.81;2.8;6.81
Logan Vander Velden;11;1987;26;12;BOS;SG;19;313;2.06;10176009;8.57;4.64;6.61
Logan Vander Velden;12;1988;26;13;BOS;SG;1;44;1.01;5979527;7.25;1.74;4.5
Logan Vander Velden;13;1989;28;14;BOS;SF;18;627;1.05;6139393;14.42;8.73;11.58
Logan Vander Velden;14;1990;29;15;CHH;SF;98;911;0.61;4380867;14.44;5.48;9.96
Logan Vander Velden;15;1991;30;16;NOH;SF;26;704;0.76;4980364;15.72;7.31;11.52
Logan Vander Velden;16;1992;26;17;NOH;SF;25;453;0.61;4380867;10.21;8.35;9.28
Logan Vander Velden;17;1993;32;18;WAS;SF;32;863;1.49;7897919;12.1;26.20;8.96
Logan Vander Velden;18;1994;33;19;WAS;PG;52;746;0.40;3541570;9.07;2.16;5.62
Logan Vander Velden;19;1995;34;20;WAS;SG;16;89;-0.32;668078;4.73;2.45;3.59
Logan Vander Velden;20;1996;35;21;WAS;SG;79;728;-0.70;775756;5.08;2.87;3.98
Logan Vander Velden;21;1997;36;22;GSW;SG;58;46;-1.60;935706;4.22;6.68;5.45
Logan Vander Velden;22;1998;37;23;GSW;SG;78;1410;-1.88;642103;11.33;8.25;9.79
Logan Vander Velden;23;1999;38;24;NJN;SF;1;45;-3.00;915246;76.40;5.07;13.29
Logan Vander Velden;24;2000;39;25;MIL;SF;71;3036;-26.83;717673;12.92;8.68;10.8
Logan Vander Velden;25;2001;40;26;MIL;SF;48;1808;-2.50;910496;11.96;1.3;6.63
Logan Vander Velden;26;2002;41;27;VAN;SF;10;200;-3.00;661526;11.77;4.04;7.91
Logan Vander Velden;27;2003;42;28;VAN;SF;71;3273;-3.00;600695;17.12;8.11;12.62
Logan Vander Velden;28;2004;43;29;DET;SF;80;-82;-2.25;650039;21.07;7.61;14.34
Logan Vander Velden;29;2004;43;29;MIL;PG;47;5834;-31.78;979055;14.2;8.97;11.59
Logan Vander Velden;30;2005;44;30;MIL;SF;13;485;41.40;986550;7.28;7.52;7.4
Logan Vander Velden;31;2006;43;31;MIL;SF;37;1027;-1.90;123863;15.6;1.34;8.47
Logan Vander Velden;32;2007;46;30;MIL;SF;66;631;-2.11;770212;20.04;9.35;14.7
Logan Vander Velden;33;2008;47;33;MIL;SF;54;9;-3.00;1220942;7.97;1.71;4.84
Logan Vander Velden;34;2009;48;34;MIL;SF;83;3522;-3.00;904134;14.58;2.44;8.51
Logan Vander Velden;35;2009;48;34;CLE;SF;99;1693;-3.00;886119;23.67;6.61;15.14
Boris Diaw;1;1979;21;2;CLE;PG;38;538;1.38;7458287;5.34;5.2;5.27
Boris Diaw;2;1980;22;3;NOJ;PG;7;12;1.07;6219326;9.94;2.34;6.14
Boris Diaw;3;1981;23;4;CLE;PG;54;301;1.68;8657282;8.79;3.05;5.92
Boris Diaw;4;1982;24;5;DAL;PG;73;188;1.69;8697249;7.51;3.56;5.54
Boris Diaw;5;1983;25;6;DAL;PG;69;2520;1.92;9616478;8.2;2.64;5.42
Boris Diaw;6;1984;26;7;WAS;PG;23;796;3.80;17130180;-13.22;3.11;3.34
Boris Diaw;7;1985;27;9;WAS;PG;65;1075;3.68;16650582;10.44;1.98;6.21
Boris Diaw;8;1986;28;9;WAS;PG;95;2206;3.01;13972827;7.86;2.57;5.22
Boris Diaw;9;1987;29;10;ATL;SG;54;515;3.49;15891219;6.45;5.35;5.9
Boris Diaw;10;1988;30;11;ATL;SG;28;843;3.07;14212626;10.91;4.31;7.61
Boris Diaw;11;1989;31;12;ATL;SG;2;2;2.70;12733865;7.8;3.12;5.46
Boris Diaw;12;1990;32;13;ATL;SG;67;2552;0.33;3261805;8.36;0.13;4.25
Boris Diaw;13;1991;33;14;ATL;SG;20;546;0.49;3901269;16.83;3.88;10.36
Boris Diaw;14;1992;34;15;ATL;SG;67;1476;0.33;3261805;9.63;-2.18;6.06
Boris Diaw;15;1993;35;16;ATL;SF;32;2371;0.10;2187462;20.03;8.06;14.05
Boris Diaw;16;1994;36;17;DAL;SF;84;371;0.59;4300934;15.52;6.83;9.51
Boris Diaw;17;1995;37;18;DAL;SF;36;1198;0.04;2102776;12.7;-17.01;8.0
Boris Diaw;18;1996;38;19;DAL;PF;16;73;0.90;5539895;12.5;13.32;12.91
Boris Diaw;19;1997;39;20;DAL;PF;71;95;2.31;11175172;27.29;10.92;19.11
Boris Diaw;20;1998;40;21;MIL;PF;72;2352;2.43;11654770;14.31;10.27;12.29
Boris Diaw;21;1998;40;21;GSW;PF;91;52;2.08;10255942;19.83;11.26;15.55
Boris Diaw;22;1999;41;22;DEN;PF;77;1236;1.57;8217651;15.41;12.9;14.16
Boris Diaw;23;2000;42;23;DEN;PF;6;249;0.87;5419996;11.21;13.92;15.40
Boris Diaw;24;2001;43;24;DEN;PF;63;2179;-5.81;5779694;61.84;5.41;14.36
Boris Diaw;25;2002;44;25;DEN;PF;25;10;1.65;8537383;15.1;11.05;13.95
Boris Diaw;26;2003;45;26;CLE;PF;9;67;-3.93;10056109;21.81;14.7;18.26
Boris Diaw;27;2004;46;27;LAL;PF;83;653;28.30;6339225;26.61;16.16;21.39
Boris Diaw;28;2005;47;28;LAC;PF;91;53;29.70;7138555;12.8;5.68;9.36
Boris Diaw;29;2006;48;29;LAC;PF;48;1975;1.83;9256780;21.84;10.5;16.17
Boris Diaw;30;2007;49;30;SAC;PF;9;413;0.07;2222676;12.19;14.27;13.23
Boris Diaw;31;2007;49;26;LAC;PF;32;318;0.06;2182709;17.51;9.82;13.67
Boris Diaw;32;2008;50;26;LAC;PF;57;2404;-0.52;713768;16.29;7.37;11.83
Boris Diaw;33;2009;51;32;LAC;PF;87;239;0.24;2902106;20.29;10.63;15.46
Boris Diaw;34;2009;51;32;CHH;PF;51;236;-1.15;979394;12.17;3.76;7.97
Boris Diaw;35;2009;51;32;PHI;PF;92;2353;-1.77;816740;18.82;4.82;11.82
David Harrison;1;1979;17;3;PHI;SG;13;590;1.19;6698924;6.17;1.01;3.59
David Harrison;2;1979;17;3;CLE;PG;18;19;0.39;3501604;5.6;-16.21;4.88
David Harrison;3;1980;18;4;CLE;PG;36;567;2.17;10615641;3.12;1.82;2.47
David Harrison;4;1981;19;5;IND;PG;2;29;3.37;15411621;7.99;3.89;5.94
David Harrison;5;1982;20;6;IND;SG;16;376;3.86;17369979;11.23;5.79;8.51
David Harrison;6;1983;21;7;BRK;SG;7;300;3.91;17569812;6.36;2.92;4.64
David Harrison;7;1984;22;8;BOS;SG;85;64;3.28;15051922;19.13;8.06;13.6
David Harrison;8;1985;23;9;SEA;SG;54;1233;3.03;14052760;7.33;6.55;6.94
David Harrison;9;1986;24;10;SEA;SG;2;27;2.60;12334200;14.13;7.15;10.64
David Harrison;10;1987;25;11;SEA;SF;5;59;1.79;9096914;17.58;4.3;10.94
David Harrison;11;1988;26;12;SEA;PG;57;198;2.03;10056109;16.1;3.75;9.93
David Harrison;12;1989;27;13;SEA;SG;79;3725;2.26;10975339;9.47;2.55;6.01
David Harrison;13;1990;28;14;MIA;SG;41;384;1.09;6299259;6.83;7.1;6.97
David Harrison;14;1991;29;15;SEA;SF;53;1309;1.06;6125720;11.26;1.99;6.63
David Harrison;15;1992;30;16;POR;SF;18;591;1.70;8737215;14.57;11.19;12.88
David Harrison;16;1992;30;16;TOR;SF;2;18;2.05;10136042;13.56;7.45;10.51
David Harrison;17;1993;31;17;MIN;SF;60;2207;2.68;12653932;16.89;6.69;11.79
David Harrison;18;1994;32;18;MIL;SF;42;968;1.77;9016981;14.06;0.9;7.48
David Harrison;19;1995;33;19;KCK;SF;34;548;2.10;10335875;9.98;-33.51;7.43
David Harrison;20;1996;34;20;DET;SF;37;1567;1.68;8657282;14.09;1.47;7.78
David Harrison;21;1997;35;21;DET;SF;36;1379;0.96;5779694;11.91;8.77;10.34
David Harrison;22;1998;36;22;DET;PG;16;91;0.45;3741403;17.2;7.11;12.16
David Harrison;23;1999;37;23;POR;SF;48;606;-0.04;1783044;14.86;20.06;9.55
David Harrison;24;2000;38;24;POR;SF;71;2654;-0.98;926137;8.18;21.17;8.72
David Harrison;25;2001;39;25;POR;PF;42;314;-2.06;600488;82.19;4.37;8.82
David Harrison;26;2002;40;26;POR;PF;88;405;-3.00;636121;19.91;5.52;12.72
David Harrison;27;2003;41;25;POR;PF;79;3085;-2.76;-78622;14.57;11.64;13.11
David Harrison;28;2004;42;28;BOS;PF;12;296;-3.00;706379;20.2;67.62;15.15
David Harrison;29;2005;43;29;BOS;PF;38;1156;-2.39;959255;22.84;6.14;14.49
David Harrison;30;2006;44;30;MEM;PF;73;2621;-2.53;-101324;16.13;5.16;10.65
David Harrison;31;2007;45;31;DEN;PG;61;822;-2.37;987615;27.7;6.35;17.03
David Harrison;32;2008;46;32;DEN;C;53;2225;-37.40;986260;20.27;10.94;15.61
David Harrison;33;2009;47;33;DEN;C;34;796;-3.00;668732;29.25;16.34;22.8
David Harrison;34;2009;47;33;MIL;C;29;150;-3.00;628839;34.85;17.94;33.54
David Harrison;35;2009;47;33;PHO;C;68;2167;-3.00;820893;21.07;0.97;11.02
Bobby Jones;1;1978;16;2;ORL;PF;21;354;1.16;6579024;18.33;3.45;10.89
Bobby Jones;2;1979;17;3;LAL;PF;71;818;3.08;14252592;16.92;12.81;14.87
Bobby Jones;3;1980;18;4;LAL;PF;68;1219;4.03;18049410;22.69;7.9;15.3
Bobby Jones;4;1981;19;5;LAL;PF;68;1426;3.94;17689711;15.23;5.96;10.6
Bobby Jones;5;1982;20;6;LAL;PF;23;735;4.52;20007768;14.46;11.3;12.88
Bobby Jones;6;1983;21;5;LAL;PG;52;2106;4.93;21646395;11.3;13.96;12.63
Bobby Jones;7;1984;22;8;LAL;SF;61;472;5.26;22965289;13.69;2.37;8.03
Bobby Jones;8;1984;22;8;IND;SF;84;-4202;5.88;25443212;13.38;7.41;10.4
Bobby Jones;9;1985;23;9;IND;SF;38;1414;6.18;26642207;14.69;10.77;12.73
Bobby Jones;10;1986;24;10;IND;SF;78;-7242;7.47;31797886;14.07;5.87;9.97
Bobby Jones;11;1987;25;11;IND;SF;48;103;7.82;33196713;11.15;4.1;7.63
Bobby Jones;12;1988;26;12;IND;SF;40;117;7.33;31238355;8.71;6.77;7.74
Bobby Jones;13;1988;26;12;UTA;SF;69;2690;7.72;32797048;19.6;3.04;11.32
Bobby Jones;14;1989;27;13;UTA;SF;49;2054;7.59;32277484;15.5;3.68;9.59
Bobby Jones;15;1990;28;14;UTA;SF;55;1790;8.34;35274971;18.61;7.84;13.23
Bobby Jones;16;1991;29;15;UTA;SF;33;7;7.35;31318288;7.01;4.81;5.91
Bobby Jones;17;1991;29;15;PHI;SF;25;299;8.97;37792861;14.24;1.16;7.7
Bobby Jones;18;1992;30;16;PHI;SF;7;60;9.68;40630482;15.45;9.02;12.24
Bobby Jones;19;1993;31;17;PHI;SF;62;972;9.20;38712090;-28.28;6.52;10.21
Bobby Jones;20;1994;32;15;PHI;SG;52;1124;9.01;37952727;8.91;5.39;7.15
Bobby Jones;21;1995;30;19;PHI;SG;25;1051;9.38;39431487;5.68;6.27;5.98
Bobby Jones;22;1996;34;20;NJN;SG;30;1120;9.04;38072626;9.18;3.91;6.55
Bobby Jones;23;1997;35;21;NJN;SG;51;322;8.52;35994368;14.69;4.63;9.66
Bobby Jones;24;1998;36;22;ATL;SG;65;1999;7.00;29919460;9.5;3.09;6.3
Bobby Jones;25;1999;37;23;HOU;SG;53;942;7.57;32197551;13.57;1.15;7.36
Bobby Jones;26;1999;37;25;MIL;SG;32;925;7.93;33636345;8.86;6.03;7.45
Bobby Jones;27;2000;38;24;MIL;SG;6;230;6.29;27081839;15.94;4.97;10.46
Bobby Jones;28;2001;39;25;DET;SG;40;744;-31.56;30065723;10.71;0.85;5.78
Bobby Jones;29;2002;40;26;DET;SG;1;34;6.42;27601403;10.72;0.55;5.64
Bobby Jones;30;2003;41;27;DET;SF;17;394;5.79;25083514;12.62;5.91;9.27
Bobby Jones;31;2004;42;28;SAC;SG;5;239;5.92;25603078;6.14;7.71;6.93
Bobby Jones;32;2005;43;29;SAC;SG;30;185;5.52;24004418;9.45;10.26;9.86
Bobby Jones;33;2006;44;30;SAC;SG;63;1667;5.75;24923648;12.14;2.7;7.42
Bobby Jones;34;2007;45;31;SAC;SG;7;112;5.24;22885356;14.66;7.78;11.22
Bobby Jones;35;2008;46;32;SAS;SG;72;388;4.37;19408271;5.83;5.5;5.67
Brandon Davies;1;1979;19;1;SAS;C;41;1450;1.95;9736378;30.14;11.02;20.58
Brandon Davies;2;1979;19;1;CLE;PF;47;2210;2.29;11095239;20.48;7.86;14.17
Brandon Davies;3;1980;20;2;CLE;PF;12;108;2.51;11974502;16.15;9.86;13.01
Brandon Davies;4;1981;21;3;CLE;PF;15;439;1.23;5982431;16.27;11.14;13.71
Brandon Davies;5;1982;22;4;CLE;C;1;23;0.89;5499929;18.17;3.65;10.91
Brandon Davies;6;1983;23;5;CLE;C;18;798;0.60;4340900;31.51;15.42;23.47
Brandon Davies;7;1984;24;6;CLE;C;50;2142;-0.40;344250;19.09;10.05;14.57
Brandon Davies;8;1985;25;7;CLE;C;68;376;0.30;3141905;10.58;8.39;9.49
Brandon Davies;9;1986;26;8;MIN;C;25;584;0.03;2062810;19.08;12.06;15.57
Brandon Davies;10;1987;27;9;MIN;C;77;1622;0.88;5459962;25.68;16.39;21.04
Brandon Davies;11;1987;27;9;DET;PG;48;269;1.71;8777182;36.64;5.92;15.43
Brandon Davies;12;1987;27;9;TOR;C;4;146;1.98;9856277;18.34;21.6;19.97
Brandon Davies;13;1988;28;10;TOR;C;26;871;1.13;6459125;30.28;17.88;24.08
Brandon Davies;14;1989;29;11;TOR;C;24;227;-0.56;721464;24.21;6.39;21.29
Brandon Davies;15;1990;30;12;TOR;C;44;56;-1.99;743020;30.67;66.51;26.76
Brandon Davies;16;1991;30;13;NYK;C;26;226;-3.00;702075;29.07;19.3;24.19
Brandon Davies;17;1991;31;13;BOS;C;95;893;-3.00;866112;24.75;48.46;12.77
Brandon Davies;18;1991;31;13;DEN;C;39;1637;-2.50;633593;-53.59;8.57;18.46
Brandon Davies;19;1992;32;14;DEN;PF;21;368;-34.86;653053;23.93;10.47;17.2
Brandon Davies;20;1992;32;14;NJN;PF;92;2654;-2.20;667610;16.71;13.4;15.06
Brandon Davies;21;1993;33;15;NJN;PF;30;502;-2.92;1092456;16.0;15.44;15.72
Brandon Davies;22;1994;34;16;NJN;PF;18;655;-3.00;611367;17.36;8.72;13.04
Brandon Davies;23;1995;35;17;NJN;SF;78;3079;-3.00;945952;13.27;6.32;9.8
Brandon Davies;24;1996;36;18;NJN;SF;2;1;-3.00;992667;14.74;10.37;12.56
Brandon Davies;25;1997;37;19;NJN;SF;83;733;-3.00;888005;8.22;5.55;6.89
Brandon Davies;26;1998;38;23;NJN;PG;3;30;-3.00;908568;14.08;0.5;7.29
Brandon Davies;27;1999;42;21;NJN;SF;33;260;44.11;797830;14.09;8.6;11.35
Brandon Davies;28;2000;40;22;MIA;SF;71;2195;-3.00;756490;18.15;11.21;14.68
Brandon Davies;29;2000;40;22;ATL;SG;43;702;-2.53;999563;15.24;9.78;12.51
Brandon Davies;30;2001;41;23;DAL;SG;62;641;-2.40;858769;12.49;3.32;7.91
Brandon Davies;31;2002;42;24;DAL;PG;35;730;-1.55;866535;7.03;5.36;6.2
Brandon Davies;32;2002;45;24;ATL;PG;26;1045;-1.84;803976;9.25;1.8;5.53
Brandon Davies;33;2003;43;25;ATL;PG;61;453;-1.08;992724;20.61;19.72;6.17
Brandon Davies;34;2004;44;26;ATL;PG;71;2965;-0.90;971565;8.11;4.86;6.49
Brandon Davies;35;2005;45;27;BUF;PG;80;2670;-0.45;144417;6.06;4.97;4.67
Louis Amundson;1;1979;17;2;CHI;SG;75;2608;-1.18;821201;13.05;2.93;7.99
Louis Amundson;2;1980;14;3;NYK;SG;75;3335;-1.52;895857;10.95;-3.10;7.93
Louis Amundson;3;1981;19;4;HOU;SF;5;126;-0.74;833091;19.24;8.53;13.89
Louis Amundson;4;1982;20;5;HOU;SF;7;90;-0.66;850611;11.37;7.82;9.6
Louis Amundson;5;1983;24;6;SAC;PG;46;52;0.45;3741403;16.28;7.92;12.1
Louis Amundson;6;1983;21;6;NOH;PG;1;20;3.27;15011956;12.93;1.26;7.1
Louis Amundson;7;1983;21;6;LAC;SF;58;2119;3.79;17090214;16.71;4.8;10.76
Louis Amundson;8;1983;21;6;UTA;SF;22;85;3.14;14492391;13.07;10.48;11.78
Louis Amundson;9;1984;22;7;UTA;SF;20;422;2.32;11215138;9.8;7.05;7.53
Louis Amundson;10;1985;23;8;MIN;PF;37;1484;1.91;9576512;69.75;10.26;13.36
Louis Amundson;11;1986;24;9;NJN;PF;77;1958;2.05;10136042;15.11;11.49;13.3
Louis Amundson;12;1987;20;10;NJN;PF;10;177;0.83;5260130;17.95;3.7;10.83
Louis Amundson;13;1988;26;11;NYK;C;76;3539;1.93;9656445;35.03;-37.31;23.88
Louis Amundson;14;1989;27;12;CHI;C;34;382;0.50;3941235;25.25;6.29;15.77
Louis Amundson;15;1990;28;13;NYK;C;38;1529;-0.78;951586;28.91;5.08;17.0
Louis Amundson;16;1991;29;14;PHI;C;8;119;-1.12;875182;30.79;14.34;22.57
Louis Amundson;17;1992;30;15;NJN;C;64;2484;-0.60;804268;28.54;21.64;25.09
Louis Amundson;18;1993;31;16;NJN;C;80;3635;2.27;11015306;27.04;14.66;20.85
Louis Amundson;19;1994;32;17;NJN;C;9;309;2.02;10016143;29.53;11.35;20.44
Louis Amundson;20;1995;33;18;NJN;C;75;1170;1.77;9016981;20.75;24.45;22.6
Louis Amundson;21;1996;34;19;PHO;C;23;578;1.46;7778019;30.72;11.61;21.17
Louis Amundson;22;1996;34;19;HOU;C;38;71;0.32;3221838;16.5;11.19;13.85
Louis Amundson;23;1997;35;20;HOU;C;9;146;1.56;8177684;26.72;1.49;14.11
Louis Amundson;24;1998;36;21;HOU;PF;7;260;0.54;4101101;23.3;71.09;12.45
Louis Amundson;25;1999;37;22;HOU;PF;16;663;-0.50;601404;21.78;12.21;17.0
Louis Amundson;26;2000;38;23;LAL;PF;43;1366;0.28;3061972;24.82;11.94;18.38
Louis Amundson;27;2001;39;24;MEM;PF;57;1228;-1.74;1707146;20.94;7.56;14.25
Louis Amundson;28;2002;40;25;LAL;PF;62;1210;-1.37;800064;20.05;12.47;16.26
Louis Amundson;29;2003;38;26;LAL;PF;31;1199;-1.23;787806;14.4;14.51;14.46
Louis Amundson;30;2004;43;27;LAL;PF;58;3558;-1.41;770009;20.95;9.34;15.15
Louis Amundson;31;2005;43;28;LAL;PF;81;3786;-1.27;799814;15.05;7.65;11.35
Louis Amundson;32;2006;44;29;LAL;SG;34;208;-0.84;601287;23.01;6.42;14.72
Louis Amundson;33;2007;45;30;LAL;SF;67;1715;-0.33;624015;8.08;1.38;4.73
Louis Amundson;34;2008;46;31;LAL;SF;63;571;35.19;723345;19.92;-6.87;11.93
Louis Amundson;35;2009;47;32;PHO;SF;23;773;0.09;2302609;-25.64;10.37;15.35
Dale Davis;1;1979;21;1;PHO;PG;38;1183;-0.40;344250;9.85;5.11;7.48
Dale Davis;2;1980;22;2;IND;PG;55;807;-0.11;1503278;8.34;3.94;6.14
Dale Davis;3;1981;23;3;IND;C;71;595;0.38;3461637;5.17;27.16;3.7
Dale Davis;4;1982;24;4;IND;SG;34;518;1.27;7018656;7.41;7.09;7.25
Dale Davis;5;1983;25;5;IND;SG;12;510;37.94;4021168;10.69;1.17;5.93
Dale Davis;6;1984;26;6;IND;SG;61;1822;1.93;9656445;28.83;5.16;8.85
Dale Davis;7;1985;27;7;IND;SG;58;2347;1.11;6379192;13.68;6.19;9.94
Dale Davis;8;1985;26;7;NJN;SG;54;1957;1.65;9026862;10.63;4.51;7.57
Dale Davis;9;1986;28;8;DET;SG;76;2589;1.30;7138555;9.3;1.4;5.35
Dale Davis;10;1987;29;9;NJN;SG;61;2159;0.24;2902106;10.3;5.52;7.91
Dale Davis;11;1988;30;10;NJN;SG;10;28;0.34;3301771;8.0;6.03;7.02
Dale Davis;12;1988;30;10;CHH;SG;71;1282;-0.59;865805;11.48;0.88;6.18
Dale Davis;13;1989;31;11;MIL;SG;62;240;-0.89;-146628;6.92;2.73;4.83
Dale Davis;14;1990;32;12;MIA;SG;45;1792;-1.13;824808;5.58;2.63;4.11
Dale Davis;15;1991;33;13;MIN;SG;4;39;-3.00;687425;8.1;5.57;6.84
Dale Davis;16;1992;34;14;MIN;SF;21;38;-3.00;739045;7.55;3.98;5.77
Dale Davis;17;1993;35;15;ORL;SF;7;335;-3.00;983475;11.79;3.33;7.56
Dale Davis;18;1994;36;16;NYK;SF;72;2157;-3.00;614542;14.43;5.57;10.0
Dale Davis;19;1995;37;17;NYK;SF;44;663;-2.99;832760;7.02;4.99;6.01
Dale Davis;20;1996;38;18;NYK;SF;2;-62;-3.00;841030;18.91;9.11;14.01
Dale Davis;21;1997;39;20;NYK;SG;32;714;-2.72;670390;10.97;2.54;7.48
Dale Davis;22;1998;40;20;NYK;SG;47;2048;-3.00;680104;12.99;6.7;9.85
Dale Davis;23;1998;40;20;NOJ;SF;65;2970;-3.00;851369;11.42;0.88;6.15
Dale Davis;24;1999;41;21;UTA;SF;37;126;-2.87;785543;13.31;6.87;10.09
Dale Davis;25;2000;42;22;UTA;SF;65;1862;-2.80;936156;-9.60;5.9;10.23
Dale Davis;26;2001;43;23;UTA;SF;31;1312;-2.74;711554;20.19;5.27;12.73
Dale Davis;27;2002;44;24;UTA;PG;19;838;-2.23;738248;15.65;5.77;10.71
Dale Davis;28;2003;45;25;UTA;SF;8;22;-2.32;770350;16.42;6.38;11.4
Dale Davis;29;2004;46;26;UTA;SF;78;3594;-2.40;905205;20.86;2.36;11.61
Dale Davis;30;2004;46;26;PHI;SF;23;29;-2.25;749611;11.06;9.23;10.15
Dale Davis;31;2005;47;27;PHI;SF;63;812;-2.16;967810;12.85;9.76;11.31
Dale Davis;32;2006;48;28;PHI;SF;59;432;-3.00;739842;12.06;6.11;9.09
Dale Davis;33;2007;49;29;PHI;SF;12;17;-2.36;717443;12.9;4.49;8.7
Dale Davis;34;2008;50;30;PHI;SF;18;265;-1.26;970017;14.25;7.2;10.73
Dale Davis;35;2009;51;31;PHI;PF;57;1530;-1.47;619185;-0.23;7.82;12.86
Francisco Elson;1;1979;17;2;PHI;SF;11;53;1.04;6099426;17.73;7.57;12.65
Francisco Elson;2;1980;18;3;PHI;SF;3;127;25.72;7458287;12.2;4.45;7.88
Francisco Elson;3;1981;19;4;PHI;PF;70;628;0.60;4340900;8.91;3.23;6.07
Francisco Elson;4;1982;20;5;PHI;PF;37;813;1.99;9896244;14.26;1.87;8.07
Francisco Elson;5;1983;21;6;NJN;PF;65;749;3.02;14012793;16.72;8.24;12.48
Francisco Elson;6;1984;22;7;NJN;SF;37;1435;3.25;14932023;16.78;3.41;12.90
Francisco Elson;7;1984;22;7;SAS;SF;9;250;3.41;15571487;6.89;4.15;5.52
Francisco Elson;8;1985;23;8;SAS;SF;6;225;3.18;14652257;11.1;8.26;9.68
Francisco Elson;9;1986;24;9;MIL;SF;20;699;5.14;22485691;7.92;9.23;8.58
Francisco Elson;10;1986;24;9;SDC;SF;47;1220;5.42;23604753;14.5;3.39;8.95
Francisco Elson;11;1987;25;10;SDC;SF;25;718;5.20;22725490;12.11;8.83;10.47
Francisco Elson;12;1988;29;11;SDC;SF;57;295;-14.91;24204251;16.69;7.35;12.02
Francisco Elson;13;1989;27;12;LAC;SF;8;19;21.32;26156486;11.08;7.23;9.16
Francisco Elson;14;1990;28;13;DET;SF;71;1713;4.62;20407433;9.31;2.56;5.94
Francisco Elson;15;1991;29;14;DET;SF;64;554;6.12;26402408;10.64;8.62;10.14
Francisco Elson;16;1991;29;14;CLE;SF;64;2459;5.11;22365792;18.74;9.94;14.34
Francisco Elson;17;1992;30;15;OKC;SF;14;325;4.72;20807098;18.26;7.28;12.77
Francisco Elson;18;1992;30;16;NYK;PF;76;2441;4.57;20207601;15.61;5.8;10.71
Francisco Elson;19;1992;30;15;PHO;C;51;636;2.88;13453262;22.86;8.04;15.45
Francisco Elson;20;1993;31;16;PHO;C;53;472;2.71;12773832;111.91;10.36;16.63
Francisco Elson;21;1994;32;17;PHO;C;60;1399;2.25;10935373;22.11;13.67;17.89
Francisco Elson;22;1994;32;17;NJN;C;18;776;1.58;8257617;20.96;16.43;18.7
Francisco Elson;23;1995;33;18;NJN;C;24;505;1.41;7578187;25.63;7.21;16.42
Francisco Elson;24;1996;34;19;IND;C;40;1311;0.20;2742240;22.71;25.13;23.92
Francisco Elson;25;1997;35;20;IND;C;62;65;-0.88;972264;24.07;13.1;18.59
Francisco Elson;26;1997;35;20;SAS;C;26;809;-2.39;945867;28.75;1.72;15.24
Francisco Elson;27;1997;35;20;CHI;C;6;195;-3.00;720875;14.5;5.69;10.1
Francisco Elson;28;1998;36;21;VAN;C;24;873;-2.07;746617;13.01;13.32;13.17
Francisco Elson;29;1999;37;22;CHI;C;26;437;-1.82;957011;22.62;58.35;20.51
Francisco Elson;30;2000;39;23;CHI;C;47;1487;-7.73;1527204;30.57;14.33;22.45
Francisco Elson;31;2001;39;24;CHI;C;5;107;-3.00;695485;13.9;15.54;14.72
Francisco Elson;32;2002;40;25;CHI;C;8;68;-2.44;645403;16.57;2.68;9.63
Francisco Elson;33;2003;41;26;CHI;PG;51;1511;-3.00;814875;27.8;0.79;14.3
Francisco Elson;34;2004;42;27;CHI;C;24;568;-3.00;663151;19.94;1.21;10.58
Francisco Elson;35;2005;43;28;CHI;C;37;78;-2.19;792113;27.01;7.95;17.48
Shammond Williams;1;1979;22;3;DET;PF;28;1258;1.13;6459125;11.83;9.16;10.5
Shammond Williams;2;1979;22;3;WSB;SF;79;-4080;2.62;12414133;9.84;9.8;9.82
Shammond Williams;3;1980;23;4;GSW;SF;3;73;2.99;14245707;12.08;7.84;9.96
Shammond Williams;4;1981;24;5;GSW;SF;68;1247;2.58;12254267;13.53;4.16;8.85
Shammond Williams;5;1982;25;6;GSW;SF;52;5842;33.65;3221838;9.7;2.05;5.88
Shammond Williams;6;1983;26;7;GSW;SF;8;119;26.02;384216;16.68;6.07;11.38
Shammond Williams;7;1984;27;8;LAC;SF;40;1001;-0.99;970581;14.08;4.05;9.07
Shammond Williams;8;1985;28;9;LAC;SF;91;956;-1.57;701965;22.98;3.29;6.16
Shammond Williams;9;1986;29;10;LAC;SF;49;1585;-1.89;994041;18.34;3.26;10.8
Shammond Williams;10;1987;33;11;MIL;PG;40;1061;-2.27;642961;11.17;10.26;10.72
Shammond Williams;11;1988;31;12;MIL;SF;42;-2954;-2.18;797880;9.13;10.48;9.81
Shammond Williams;12;1989;32;13;CLE;SF;21;26;-3.00;904867;12.26;3.49;7.88
Shammond Williams;13;1990;34;14;DEN;SG;28;727;-3.00;835940;11.15;6.79;8.97
Shammond Williams;14;1991;34;15;DEN;SF;69;652;-3.00;938539;9.93;7.32;9.19
Shammond Williams;15;1992;35;16;DEN;SF;20;727;-3.00;665072;12.55;1.88;7.22
Shammond Williams;16;1993;36;17;SAS;SG;35;502;-1.87;970074;9.92;4.59;7.26
Shammond Williams;17;1994;37;18;NYK;SG;38;616;-2.26;668512;9.45;10.68;10.07
Shammond Williams;18;1994;37;18;ORL;SG;23;265;0.39;3501604;7.88;7.12;7.5
Shammond Williams;19;1995;38;19;NJN;SG;15;116;0.71;4780532;8.26;12.98;10.62
Shammond Williams;20;1996;39;20;NJN;SG;49;1184;0.30;3141905;11.43;4.41;8.49
Shammond Williams;21;1997;40;21;NJN;SG;41;148;-7.09;1221847;9.32;4.34;6.83
Shammond Williams;22;1998;41;22;NJN;SG;11;485;-1.23;843717;9.91;1.71;5.81
Shammond Williams;23;1999;42;23;ORL;SF;11;42;-1.09;1287022;16.78;9.59;13.19
Shammond Williams;24;2000;43;24;DEN;SF;67;2590;-2.08;884891;10.65;11.11;10.88
Shammond Williams;25;2001;44;25;DEN;SF;62;2570;-2.76;927485;13.49;5.11;9.3
Shammond Williams;26;2002;45;27;DEN;SF;54;1946;-3.00;623737;13.35;4.67;9.01
Shammond Williams;27;2002;45;26;NJN;SF;3;64;-3.00;736073;11.73;5.3;8.52
Shammond Williams;28;2003;46;27;PHI;SF;17;693;-3.00;899396;10.95;3.78;7.37
Shammond Williams;29;2004;47;28;SAS;SF;67;2153;-3.00;833539;9.26;3.98;6.62
Shammond Williams;30;2005;48;29;BOS;SF;77;2465;24.71;740385;13.77;7.94;10.86
Shammond Williams;31;2006;49;30;POR;PG;5;148;-3.00;777909;11.62;-12.70;10.35
Shammond Williams;32;2006;49;30;WAS;SF;56;2118;-3.00;876643;18.28;8.88;13.58
Shammond Williams;33;2007;50;31;WAS;SF;21;558;-2.95;792474;15.5;10.06;12.78
Shammond Williams;34;2008;51;32;WAS;SF;36;1603;-3.00;883027;15.16;2.18;8.67
Shammond Williams;35;2008;51;32;DAL;SF;4;144;-2.63;772438;9.89;7.06;8.48
Arvid Kramer;1;1979;17;4;SAS;SF;45;1099;0.76;4980364;16.51;5.99;11.25
Arvid Kramer;2;1980;18;5;HOU;PF;12;341;0.35;3341738;16.76;55.89;11.1
Arvid Kramer;3;1980;18;5;PHI;PF;72;648;-0.38;424183;27.64;16.26;21.95
Arvid Kramer;4;1981;19;6;PHI;PF;39;1065;1.25;6938723;72.54;5.98;11.05
Arvid Kramer;5;1982;20;7;PHI;PF;12;20;2.02;10016143;9.13;1.37;5.25
Arvid Kramer;6;1982;20;7;CHH;SF;55;1823;2.05;10136042;9.04;11.5;10.27
Arvid Kramer;7;1983;21;8;CHH;PG;52;1570;2.13;10455775;7.35;0.66;4.01
Arvid Kramer;8;1984;22;9;DET;SF;27;450;2.16;10575674;9.77;7.49;8.63
Arvid Kramer;9;1985;23;10;DET;SF;46;1048;2.22;10815473;-10.85;10.34;14.33
Arvid Kramer;10;1986;24;11;DET;SF;4;-224;0.84;5300096;17.97;6.47;12.22
Arvid Kramer;11;1987;25;12;DET;SF;67;2604;-0.87;895260;17.63;6.3;11.97
Arvid Kramer;12;1988;26;13;DET;SF;72;3141;-0.66;823454;13.91;3.18;8.55
Arvid Kramer;13;1989;27;16;DET;SF;7;15;0.03;2062810;7.22;9.82;8.52
Arvid Kramer;14;1990;28;15;HOU;SF;81;613;-1.00;952241;-39.77;5.38;10.62
Arvid Kramer;15;1991;29;16;HOU;SF;19;347;-0.34;584049;16.03;6.57;11.3
Arvid Kramer;16;1991;33;16;MEM;SF;12;263;-0.70;910675;10.02;10.69;10.36
Arvid Kramer;17;1992;30;17;MEM;SF;65;665;-1.29;725922;15.06;2.91;8.99
Arvid Kramer;18;1993;31;18;MEM;SF;37;29;-0.87;890512;19.05;6.18;19.55
Arvid Kramer;19;1994;32;19;CLE;SF;12;365;0.03;2062810;6.51;1.85;4.72
Arvid Kramer;20;1995;33;20;CLE;SF;6;211;-0.54;640824;7.19;47.23;6.86
Arvid Kramer;21;1996;34;21;CLE;SF;66;599;-0.29;783881;11.84;3.13;7.96
Arvid Kramer;22;1996;34;21;BOS;PF;57;2055;-32.75;3621503;17.65;9.76;13.71
Arvid Kramer;23;1997;35;22;BOS;PF;81;3628;0.41;3581537;13.09;4.99;9.04
Arvid Kramer;24;1998;36;23;BOS;PF;38;569;0.06;2182709;19.49;5.39;12.44
Arvid Kramer;25;1999;37;24;MIN;PF;40;1441;0.40;3541570;20.53;6.54;13.54
Arvid Kramer;26;2000;38;25;MIN;PF;72;687;0.29;3101939;22.58;19.62;21.1
Arvid Kramer;27;2001;39;21;MIN;PF;48;334;-1.38;861682;7.20;4.23;7.05
Arvid Kramer;28;2002;40;27;MIN;PF;49;1380;-2.45;765515;12.91;8.34;10.63
Arvid Kramer;29;2003;41;28;NYK;PF;33;305;-2.75;813936;-41.92;9.79;11.88
Arvid Kramer;30;2004;42;29;NYK;PF;10;409;-2.66;830138;63.13;13.96;18.74
Arvid Kramer;31;2005;43;30;NYK;PF;29;1388;-2.70;629778;47.41;12.42;14.82
Arvid Kramer;32;2006;44;31;NYK;PF;6;143;-3.00;757098;17.65;13.18;15.42
Arvid Kramer;33;2006;44;31;TOR;PF;47;1362;-3.00;847823;10.64;2.53;6.59
Arvid Kramer;34;2007;45;32;TOR;PF;8;98;-3.00;913609;15.52;11.6;13.56
Arvid Kramer;35;2008;41;33;TOR;PF;71;1958;-3.00;688191;14.36;8.18;11.27
Ben Wallace;1;1979;19;3;TOR;SF;53;952;0.67;4620666;15.41;7.97;11.69
Ben Wallace;2;1980;20;4;TOR;PG;2;78;1.27;7018656;21.55;10.6;16.08
Ben Wallace;3;1981;21;5;TOR;C;5;264;1.88;9456612;10.94;24.05;17.5
Ben Wallace;4;1982;22;6;NOH;C;55;2127;45.05;5659795;14.15;0.35;7.25
Ben Wallace;5;1983;23;9;NOH;C;14;160;0.44;3701436;15.78;1.17;8.48
Ben Wallace;6;1984;24;5;MEM;C;38;1065;-0.08;1623178;26.71;14.22;20.47
Ben Wallace;7;1985;25;9;MEM;C;23;633;-0.14;1383379;17.41;12.18;14.8
Ben Wallace;8;1985;25;9;HOU;C;49;1112;0.48;3861302;28.93;10.29;19.61
Ben Wallace;9;1986;26;10;HOU;C;38;235;-1.28;851906;17.82;0.38;9.1
Ben Wallace;10;1987;27;11;HOU;C;48;799;-1.14;49723;14.13;25.07;19.6
Ben Wallace;11;1988;28;12;HOU;PG;17;412;-0.81;958131;16.25;15.43;15.84
Ben Wallace;12;1989;29;13;LAC;C;33;212;-1.75;867086;21.72;15.98;18.85
Ben Wallace;13;1989;29;16;NYK;C;79;2613;-0.69;834162;24.85;10.21;17.53
Ben Wallace;14;1990;30;14;NYK;C;36;1148;-0.84;640545;28.19;11.99;20.09
Ben Wallace;15;1991;31;15;NYK;C;42;1781;-1.12;740205;21.78;11.68;16.73
Ben Wallace;16;1992;32;11;NYK;C;58;761;-0.14;1383379;24.78;8.41;16.6
Ben Wallace;17;1993;33;17;CHI;C;57;1026;1.27;7018656;22.03;17.92;19.98
Ben Wallace;18;1993;33;17;SEA;C;45;594;0.17;2622341;16.21;-40.10;18.64
Ben Wallace;19;1994;34;18;POR;PF;58;1495;0.40;3541570;25.81;9.97;22.61
Ben Wallace;20;1995;35;19;POR;PF;23;507;0.56;4181034;26.3;9.93;18.12
Ben Wallace;21;1996;36;20;POR;PF;21;546;1.83;9256780;21.45;4.89;13.17
Ben Wallace;22;1997;37;21;POR;PF;78;115;1.75;8937048;19.12;7.38;13.25
Ben Wallace;23;1998;38;22;IND;PF;49;70;1.92;9616478;14.73;7.65;11.19
Ben Wallace;24;1999;39;23;IND;PF;18;567;2.42;11614803;50.58;-18.28;13.27
Ben Wallace;25;2000;40;24;MIL;PF;43;1919;2.08;10255942;18.53;9.27;13.9
Ben Wallace;26;2001;41;25;MIL;C;31;1328;1.98;9856277;26.71;10.8;18.76
Ben Wallace;27;2002;38;26;MIL;C;81;3198;1.72;8817148;30.1;9.77;19.94
Ben Wallace;28;2003;43;27;MIL;C;39;360;1.20;6738890;25.21;13.21;19.21
Ben Wallace;29;2004;44;28;MIL;PG;2;76;0.04;2102776;23.55;4.22;13.89
Ben Wallace;30;2005;45;29;MIL;C;12;339;0.93;5659795;19.3;15.46;17.38
Ben Wallace;31;2006;46;30;MIL;C;95;75;1.06;6179359;26.96;2.56;14.76
Ben Wallace;32;2007;47;31;LAC;C;8;156;0.72;4820498;19.23;16.4;17.82
Ben Wallace;33;2007;47;31;BOS;C;80;1096;0.02;2022843;33.74;10.13;21.94
Ben Wallace;34;2008;48;32;NOP;C;24;210;0.71;4780532;30.28;2.0;16.14
Ben Wallace;35;2009;49;33;OKC;C;37;1065;-0.77;878014;22.84;12.38;17.61
Kevin Williams;1;1979;22;4;MIL;PG;12;351;1.41;7578187;4.24;3.16;3.7
Kevin Williams;2;1980;26;5;NJN;PG;73;2220;0.46;3781369;6.68;0.84;3.76
Kevin Williams;3;1981;24;6;KCK;PG;73;1818;0.87;5419996;8.48;1.17;4.83
Kevin Williams;4;1982;25;7;SAC;PG;78;2176;1.28;7058622;9.05;0.95;5.0
Kevin Williams;5;1982;25;7;DET;PG;41;1307;1.63;8457450;10.1;3.57;6.84
Kevin Williams;6;1982;25;7;SAS;SG;86;478;2.67;12613966;11.57;1.64;6.61
Kevin Williams;7;1983;26;8;SDC;PF;93;294;3.40;15531520;11.92;6.68;9.3
Kevin Williams;8;1984;27;9;PHI;SF;32;916;3.87;17409946;18.14;3.38;10.76
Kevin Williams;9;1985;28;10;PHI;SF;51;1836;4.82;16254350;11.0;5.82;8.41
Kevin Williams;10;1986;29;11;WSB;PG;10;369;5.94;25683011;17.34;3.58;10.46
Kevin Williams;11;1986;29;11;CHH;SF;47;309;4.92;21606428;21.88;27.11;13.39
Kevin Williams;12;1987;30;12;CHH;SF;49;1485;5.32;23205088;22.52;5.29;13.91
Kevin Williams;13;1988;31;13;CHH;SF;76;2262;4.48;19847902;17.32;15.09;16.21
Kevin Williams;14;1989;32;14;PHI;SG;31;156;3.96;17769644;6.02;4.62;5.32
Kevin Williams;15;1990;33;15;PHI;SF;17;729;4.45;19728003;15.81;2.63;9.22
Kevin Williams;16;1990;33;15;ATL;PG;45;-942;4.57;24250213;6.55;3.46;5.01
Kevin Williams;17;1991;34;16;ATL;SF;13;248;2.93;13653095;17.52;9.61;13.57
Kevin Williams;18;1991;34;16;SAS;SF;15;237;3.21;14772157;16.4;7.09;11.75
Kevin Williams;19;1992;35;17;SAS;SF;13;396;2.49;11894569;11.63;1.93;6.78
Kevin Williams;20;1993;36;18;CHI;SF;19;566;1.41;7578187;12.03;5.81;8.92
Kevin Williams;21;1994;37;19;OKC;PG;21;860;1.36;7378354;7.85;5.21;6.53
Kevin Williams;22;1995;38;20;OKC;SF;59;2115;1.26;6978689;15.93;5.8;10.87
Kevin Williams;23;1996;39;21;OKC;SF;1;29;1.08;6259292;15.18;5.85;10.52
Kevin Williams;24;1996;39;21;BOS;SF;29;278;0.69;4700599;14.04;12.03;13.04
Kevin Williams;25;1997;40;22;CLE;SF;14;444;1.33;7258455;14.67;8.77;11.72
Kevin Williams;26;1998;41;23;CHH;SF;58;2760;1.95;9736378;9.78;4.07;6.93
Kevin Williams;27;1999;42;24;SAC;PG;29;222;2.49;11894569;13.9;0.13;7.02
Kevin Williams;28;2000;43;25;PHO;SF;7;1;3.40;15531520;13.05;3.05;8.05
Kevin Williams;29;2001;41;26;PHO;PF;81;3266;30.57;16890381;23.48;13.25;18.37
Kevin Williams;30;2001;44;26;ORL;PF;28;1282;4.21;18768807;17.28;7.32;12.3
Kevin Williams;31;2002;45;27;PHI;PG;38;1195;4.16;18568974;20.16;10.66;15.41
Kevin Williams;32;2002;45;27;SAC;PF;66;1080;3.57;16210951;8.37;-8.49;9.33
Kevin Williams;33;2003;46;28;BOS;PF;25;116;3.68;16650582;21.96;10.75;16.36
Kevin Williams;34;2004;47;29;MEM;PF;22;18;3.06;14172659;16.92;9.31;13.12
Kevin Williams;35;2005;48;30;MEM;SG;31;1027;2.56;12174334;21.71;6.33;14.02
Rich Manning;1;1979;20;1;MEM;SG;10;361;0.25;2942073;10.11;4.32;7.22
Rich Manning;2;1980;21;2;MEM;SG;74;1328;0.03;2062810;8.03;11.7;9.87
Rich Manning;3;1981;22;3;MEM;SG;39;448;1.24;6898756;12.35;2.72;7.54
Rich Manning;4;1982;23;6;MEM;SG;72;2097;1.96;9776344;9.48;4.96;7.22
Rich Manning;5;1983;24;5;UTA;SG;76;1476;0.59;4300934;14.07;1.64;7.86
Rich Manning;6;1984;25;6;DEN;SG;23;227;1.35;7338388;12.08;5.06;8.57
Rich Manning;7;1985;26;7;DEN;SG;2;64;1.75;8937048;12.58;4.82;8.7
Rich Manning;8;1985;26;7;WSB;SG;55;2300;2.25;10935373;11.92;3.47;7.7
Rich Manning;9;1986;27;8;SEA;SG;40;1284;1.39;7498254;7.4;1.85;4.63
Rich Manning;10;1987;28;9;SEA;SG;11;311;0.23;2862140;9.5;4.52;7.01
Rich Manning;11;1988;29;10;CLE;SG;75;94;0.64;4500766;13.11;1.71;7.41
Rich Manning;12;1989;30;11;LAC;SG;5;80;0.66;4580699;12.27;2.56;7.42
Rich Manning;13;1989;30;11;CLE;SG;51;1728;0.23;2862140;6.39;1.42;3.91
Rich Manning;14;1989;30;11;LAC;PF;10;169;0.12;2422508;8.48;0.73;4.61
Rich Manning;15;1990;31;12;LAC;SG;21;245;-1.33;972753;5.21;5.1;5.16
Rich Manning;16;1991;32;13;LAC;SG;35;1357;-1.72;870327;16.03;7.38;11.71
Rich Manning;17;1992;33;14;SAC;C;76;8868;-2.56;957725;13.77;4.16;8.97
Rich Manning;18;1993;34;15;SDC;SG;73;292;-1.76;847061;11.36;2.95;7.16
Rich Manning;19;1994;35;16;OKC;SG;60;2775;-2.98;945767;11.37;4.93;8.15
Rich Manning;20;1995;36;17;PHI;SG;55;2241;-3.00;664540;11.14;1.15;6.15
Rich Manning;21;1995;36;17;NYK;SG;49;1129;-31.26;699493;15.44;5.51;10.48
Rich Manning;22;1996;37;18;NYK;SG;76;1763;-3.00;943499;6.24;8.58;7.41
Rich Manning;23;1997;38;19;CHI;SG;5;118;-3.00;942729;6.33;3.01;4.67
Rich Manning;24;1997;38;19;IND;SF;38;361;-3.00;722609;19.61;6.19;12.9
Rich Manning;25;1998;39;20;IND;SF;31;1168;-14.54;933287;23.37;11.56;17.47
Rich Manning;26;1998;39;20;DEN;SF;18;205;-3.00;836049;21.65;9.97;15.81
Rich Manning;27;1999;40;21;DEN;SF;45;1547;-2.90;953229;11.99;6.13;9.06
Rich Manning;28;2000;41;22;DEN;SF;40;1336;-3.00;859924;17.49;8.93;13.21
Rich Manning;29;2001;42;23;DEN;SF;34;1338;-3.00;922232;12.19;6.7;9.45
Rich Manning;30;2002;43;24;NYK;SF;33;888;-2.26;624202;7.87;7.22;7.55
Rich Manning;31;2003;44;25;LAC;SF;9;27;-2.00;989720;18.42;2.57;10.5
Rich Manning;32;2004;45;26;HOU;SF;15;98;-1.92;986899;22.44;3.71;13.08
Rich Manning;33;2005;46;27;HOU;SG;73;1927;-0.53;658572;8.74;6.57;7.66
Rich Manning;34;2006;47;24;HOU;SG;41;3769;-0.88;739775;12.17;1.63;6.9
Rich Manning;35;2007;48;29;HOU;SG;58;1053;-2.30;865431;7.39;3.31;5.35
Lucius Allen;1;1979;17;1;HOU;PG;81;2971;1.20;6738890;3.79;2.6;3.2
Lucius Allen;2;1980;18;2;HOU;PG;77;3168;1.56;8177684;8.7;1.09;4.9
Lucius Allen;3;1981;19;3;IND;PG;4;65;2.31;11175172;7.01;3.62;5.32
Lucius Allen;4;1982;15;4;IND;PG;25;75;4.23;18848740;6.3;4.85;5.58
Lucius Allen;5;1982;20;4;NJN;PG;60;749;3.58;16250917;5.09;-2.03;4.53
Lucius Allen;6;1983;21;5;NJN;SG;77;160;33.14;11095239;13.5;5.86;9.68
Lucius Allen;7;1984;22;6;NJN;SG;74;3408;4.50;19927835;5.96;7.97;6.97
Lucius Allen;8;1984;22;6;SEA;SG;28;1161;2.28;11055272;7.92;7.77;7.85
Lucius Allen;9;1985;23;7;SEA;SG;75;1661;1.88;9456612;10.82;3.58;7.2
Lucius Allen;10;1986;24;8;SEA;SG;7;273;0.75;4940398;4.75;7.03;5.89
Lucius Allen;11;1987;25;9;SEA;SG;13;480;0.50;3941235;7.22;7.89;7.56
Lucius Allen;12;1988;26;10;SEA;SG;74;3177;-0.47;74034;16.18;3.38;9.78
Lucius Allen;13;1989;27;11;NOJ;SG;68;1940;-1.35;874137;9.72;5.85;7.79
Lucius Allen;14;1990;28;12;CHH;SG;21;349;-0.79;-51372;9.06;5.29;7.18
Lucius Allen;15;1990;28;12;PHI;SG;75;2811;-1.02;745069;11.72;6.61;9.17
Lucius Allen;16;1991;29;13;PHI;SG;39;1703;-0.66;575165;11.7;0.21;5.96
Lucius Allen;17;1992;30;14;PHI;SG;62;2965;-0.58;842674;9.11;3.75;6.43
Lucius Allen;18;1993;31;15;POR;SG;24;1055;-0.56;751878;6.84;3.78;5.31
Lucius Allen;19;1994;32;16;POR;SG;55;327;-0.20;1143580;7.89;4.73;6.31
Lucius Allen;20;1995;33;17;CHI;SF;22;966;-0.76;876171;13.0;0.1;6.55
Lucius Allen;21;1996;34;18;CHI;SF;48;1704;-20.07;903781;10.94;8.61;9.78
Lucius Allen;22;1997;35;19;SAS;SF;72;3047;24.26;832519;9.32;7.7;8.51
Lucius Allen;23;1998;36;20;SAS;SF;54;613;-1.33;695788;6.8;3.21;5.01
Lucius Allen;24;1999;37;21;SAS;SF;23;882;-1.59;763307;14.39;6.86;10.63
Lucius Allen;25;2000;38;22;SAS;SF;11;249;-1.74;801307;20.87;8.31;14.59
Lucius Allen;26;2001;39;22;SAS;SF;12;67;-2.01;951457;9.28;7.94;8.61
Lucius Allen;27;2002;40;24;SAS;SF;57;850;-3.00;616958;14.5;5.89;10.2
Lucius Allen;28;2003;41;25;SAS;SF;42;522;-2.40;876236;19.82;7.52;13.67
Lucius Allen;29;2004;42;26;NJN;SF;41;1022;-1.76;808096;19.81;15.77;17.79
Lucius Allen;30;2005;43;27;CHH;SF;62;841;-2.00;973216;12.6;10.9;11.75
Lucius Allen;31;2006;44;28;GSW;SF;67;237;-2.44;775903;9.16;6.27;7.72
Lucius Allen;32;2006;44;28;HOU;SF;57;2467;-1.31;753599;19.01;8.27;13.64
Lucius Allen;33;2007;45;29;HOU;SF;11;134;-1.27;671351;9.08;6.23;7.28
Lucius Allen;34;2008;46;30;PHI;SF;62;1306;-0.95;893637;9.89;6.13;8.01
Lucius Allen;35;2009;47;31;PHI;SG;34;1613;-1.08;670315;9.95;4.66;7.31
Meyers Leonard;1;1978;18;1;IND;SF;3;34;0.67;4620666;20.64;3.1;11.87
Meyers Leonard;2;1979;19;2;IND;PF;55;1446;1.75;8937048;20.82;7.56;14.19
Meyers Leonard;3;1980;20;3;HOU;PF;49;353;2.41;11574837;22.25;6.3;14.28
Meyers Leonard;4;1981;21;4;VAN;PF;79;583;2.72;12813798;17.31;6.72;12.02
Meyers Leonard;5;1981;21;4;VAN;PF;61;2394;2.88;13453262;13.88;15.81;14.85
Meyers Leonard;6;1982;22;5;NYK;PF;30;1064;2.75;12933698;15.33;59.59;12.6
Meyers Leonard;7;1983;23;6;LAC;PF;46;2085;3.11;14372492;26.18;8.64;17.41
Meyers Leonard;8;1984;22;7;SEA;PF;7;24;1.65;8537383;21.51;8.81;15.16
Meyers Leonard;9;1985;25;8;SEA;PF;23;1040;1.17;6618991;27.91;9.82;18.87
Meyers Leonard;10;1986;29;9;POR;PF;59;596;1.45;7738053;12.29;8.48;10.39
Meyers Leonard;11;1987;28;10;POR;PF;8;230;1.95;10224712;13.09;9.29;11.19
Meyers Leonard;12;1988;28;10;DEN;PF;38;870;1.38;7458287;19.02;8.94;7.89
Meyers Leonard;13;1989;29;12;DEN;PF;15;301;2.04;10096076;24.06;10.4;17.23
Meyers Leonard;14;1990;30;13;BUF;PF;54;2129;38.78;11694736;25.65;48.10;20.37
Meyers Leonard;15;1991;31;14;DEN;PF;62;2881;2.05;10136042;16.74;9.61;13.18
Meyers Leonard;16;1992;32;15;DEN;PF;41;217;2.06;10176009;18.15;5.89;12.02
Meyers Leonard;17;1993;33;16;ATL;PF;13;151;1.87;9416646;16.86;3.13;10.0
Meyers Leonard;18;1993;33;16;MIA;SF;57;2572;0.79;5100264;16.92;0.49;8.71
Meyers Leonard;19;1994;34;17;MIA;SF;7;125;0.29;3101939;17.12;9.47;13.3
Meyers Leonard;20;1994;34;17;CHA;SF;19;754;0.13;2462475;11.14;3.35;7.25
Meyers Leonard;21;1995;35;18;CHA;SF;86;473;-0.15;1343412;10.45;-35.23;6.29
Meyers Leonard;22;1996;36;19;CHA;SF;17;797;-0.68;932627;12.87;5.89;9.38
Meyers Leonard;23;1997;37;20;MEM;SG;46;154;-0.19;1183546;7.3;1.45;4.38
Meyers Leonard;24;1998;38;21;MEM;C;3;75;0.36;3381704;5.73;6.7;6.22
Meyers Leonard;25;1999;39;22;MEM;PG;17;632;0.96;5779694;9.74;4.63;7.19
Meyers Leonard;26;2000;40;23;MEM;PG;78;771;1.30;7138555;7.1;1.01;4.06
Meyers Leonard;27;2001;41;24;MEM;PG;10;378;1.95;9736378;4.43;2.46;3.45
Meyers Leonard;28;2002;42;25;CHI;PG;39;560;2.13;10455775;2.72;0.27;1.5
Meyers Leonard;29;2003;43;26;CHI;PG;36;971;1.52;8017818;7.53;3.29;5.41
Meyers Leonard;30;2004;45;27;CHI;PG;50;305;0.76;4980364;9.97;1.68;5.83
Meyers Leonard;31;2005;45;28;CHI;PG;7;321;0.80;5140230;12.72;1.3;6.65
Meyers Leonard;32;2006;46;29;TOR;PG;41;600;0.27;3022006;10.8;1.68;6.24
Meyers Leonard;33;2007;47;30;MIL;PG;49;440;-0.84;852889;7.23;1.96;4.6
Meyers Leonard;34;2008;48;31;CLE;PG;46;1630;-0.77;619897;7.54;3.75;5.65
Meyers Leonard;35;2009;49;29;BRK;PG;33;1383;-0.98;732009;13.17;4.22;8.7
Carlton McKinney;1;1978;17;0;BOS;SF;25;595;0.57;4221001;11.97;9.12;10.55
Carlton McKinney;2;1979;18;1;BOS;SF;37;314;1.89;9496579;17.03;7.3;12.17
Carlton McKinney;3;1980;19;2;BOS;SF;38;1417;3.14;14492391;18.07;7.58;16.74
Carlton McKinney;4;1981;20;3;BOS;SF;30;298;3.60;16330850;13.05;14.19;6.99
Carlton McKinney;5;1982;21;4;BOS;SF;37;1314;4.39;19488204;12.0;7.99;10.0
Carlton McKinney;6;1983;22;5;BOS;SF;61;1540;4.45;19728003;48.67;9.56;7.95
Carlton McKinney;7;1984;23;6;BOS;SF;40;927;4.84;21286696;9.84;13.59;11.72
Carlton McKinney;8;1985;24;7;NYK;SF;48;275;4.71;20767132;15.82;6.73;11.28
Carlton McKinney;9;1986;25;8;NYK;SG;22;627;5.64;24484016;11.3;0.75;5.74
Carlton McKinney;10;1987;26;9;MIA;SG;7;290;4.83;21246730;6.81;-7.17;5.66
Carlton McKinney;11;1987;26;9;BOS;SF;29;533;-18.16;21446562;15.56;6.86;11.21
Carlton McKinney;12;1988;27;10;PHO;SF;5;167;4.14;18489041;13.44;7.93;10.69
Carlton McKinney;13;1989;28;11;PHO;SF;52;2391;6.13;26442375;9.96;1.33;5.65
Carlton McKinney;14;1990;29;12;PHO;SF;22;1026;6.66;28560599;8.44;3.11;5.78
Carlton McKinney;15;1991;30;13;GSW;SF;45;402;8.16;34555574;8.35;0.04;4.2
Carlton McKinney;16;1992;31;14;GSW;SF;32;108;8.60;36314100;44.78;9.7;10.37
Carlton McKinney;17;1993;32;15;GSW;SF;57;79;8.52;35994368;12.47;-38.33;9.70
Carlton McKinney;18;1994;33;18;GSW;SF;20;883;8.04;34075976;9.31;9.97;9.64
Carlton McKinney;19;1994;33;16;PHI;SF;32;301;-7.85;26725305;10.9;9.12;10.01
Carlton McKinney;20;1995;34;17;PHI;SF;23;248;7.65;32517283;12.54;4.22;8.38
Carlton McKinney;21;1996;35;18;NOK;SG;56;1287;6.75;28920298;-19.84;2.28;6.99
Carlton McKinney;22;1996;35;18;LAL;PG;73;681;7.67;32597216;8.78;2.57;5.68
Carlton McKinney;23;1996;35;18;SAS;PG;42;480;7.61;32357417;5.87;2.44;4.16
Carlton McKinney;24;1996;35;18;NJN;PG;1;5;6.76;28960264;28.96;1.9;4.21
Carlton McKinney;25;1996;35;18;SAS;PG;7;39;5.83;25243380;13.41;0.44;6.93
Carlton McKinney;26;1997;36;19;NJN;PG;16;615;5.40;23524820;6.98;3.07;5.03
Carlton McKinney;27;1998;37;20;KCK;PG;96;551;4.78;21046897;12.28;0.62;6.45
Carlton McKinney;28;1999;38;21;KCK;PG;6;99;4.26;18968639;3.72;1.69;2.71
Carlton McKinney;29;2000;39;22;KCK;PG;16;376;3.33;15251755;9.88;13.28;6.44
Carlton McKinney;30;2001;40;23;KCK;PG;59;781;3.28;15051922;10.38;2.94;6.66
Carlton McKinney;31;2002;41;24;KCK;PF;51;1990;2.12;10415808;5.49;2.84;4.17
Carlton McKinney;32;2003;42;25;KCK;PG;21;183;2.45;11734703;4.61;4.03;4.32
Carlton McKinney;33;2004;43;26;MIL;PG;16;727;2.61;12374167;8.13;2.82;5.48
Carlton McKinney;34;2005;44;27;DEN;PG;13;125;2.74;17804513;7.55;0.23;3.89
Carlton McKinney;35;2006;45;28;DEN;PG;63;1313;2.42;11614803;6.96;3.7;5.33
Mike Brittain;1;1979;17;4;DEN;C;56;1970;1.12;6419158;19.86;20.13;20.0
Mike Brittain;2;1980;18;5;DEN;C;23;815;1.96;9776344;34.55;16.16;25.36
Mike Brittain;3;1981;19;6;DEN;C;53;2331;2.49;11894569;25.53;8.87;17.2
Mike Brittain;4;1982;20;7;DEN;C;11;262;3.20;19365521;21.58;19.71;20.65
Mike Brittain;5;1983;21;8;DEN;C;78;10061;4.72;20807098;18.32;7.81;13.07
Mike Brittain;6;1984;22;9;NOJ;C;89;1402;3.68;16650582;17.88;16.6;22.72
Mike Brittain;7;1985;23;10;TOR;C;61;1177;3.30;15131855;16.11;11.27;13.69
Mike Brittain;8;1986;24;11;TOR;C;56;1401;3.60;16330850;27.11;3.95;15.53
Mike Brittain;9;1987;25;12;DAL;C;18;181;1.69;8697249;16.4;17.69;17.05
Mike Brittain;10;1987;25;12;DEN;PG;56;703;1.20;6738890;21.81;21.21;21.51
Mike Brittain;11;1988;26;13;TOR;C;34;1107;0.56;4181034;25.53;15.51;20.52
Mike Brittain;12;1989;27;14;NOH;PF;40;551;1.19;7650545;17.84;6.9;12.37
Mike Brittain;13;1990;28;15;TOR;PF;42;153;1.11;6379192;20.28;9.48;14.88
Mike Brittain;14;1991;29;16;CHI;PF;58;511;0.05;2142743;20.56;14.93;17.75
Mike Brittain;15;1992;30;17;CHI;C;31;908;0.74;4900431;19.15;14.23;16.69
Mike Brittain;16;1993;31;18;NYK;C;66;3041;0.64;4500766;38.82;113.09;24.48
Mike Brittain;17;1994;32;19;MIA;C;1;29;-0.70;613135;31.53;8.88;20.21
Mike Brittain;18;1995;33;20;MIA;C;48;1160;-0.52;859969;11.2;11.7;11.45
Mike Brittain;19;1995;33;20;LAC;PF;47;1551;0.20;2742240;18.64;8.73;13.69
Mike Brittain;20;1996;34;21;NJN;PF;4;91;-0.10;1543245;8.53;10.51;9.52
Mike Brittain;21;1997;35;25;NJN;PF;99;2525;-0.78;621892;15.86;4.96;10.41
Mike Brittain;22;1998;36;23;NJN;C;13;169;-0.16;1303446;31.82;8.8;20.31
Mike Brittain;23;1999;37;24;NJN;C;7;268;-1.94;934170;26.92;0.99;13.96
Mike Brittain;24;2000;38;25;NJN;C;81;563;40.74;680260;23.45;4.19;13.82
Mike Brittain;25;2001;39;26;NJN;C;37;518;-2.13;822519;25.48;3.44;14.46
Mike Brittain;26;2002;40;27;NJN;PF;43;1430;-2.33;976727;18.28;8.2;13.24
Mike Brittain;27;2003;41;28;DAL;PF;28;516;-3.00;601183;17.62;9.54;13.58
Mike Brittain;28;2004;42;30;DAL;PF;66;6147;-3.00;963681;21.85;10.33;16.09
Mike Brittain;29;2005;43;30;DAL;PF;71;726;-2.78;-12467;16.01;11.65;13.83
Mike Brittain;30;2006;44;31;DAL;PF;75;1372;-2.09;716737;9.36;1.14;5.25
Mike Brittain;31;2007;45;32;DAL;PF;40;1298;-1.93;700934;14.3;9.83;12.07
Mike Brittain;32;2007;45;32;ATL;SF;23;338;-0.71;943680;20.99;4.15;12.57
Mike Brittain;33;2008;46;33;CHI;SF;35;532;-1.11;869275;15.58;8.17;11.88
Mike Brittain;34;2008;46;33;KCK;PF;6;131;-0.94;181445;20.32;5.57;12.95
Mike Brittain;35;2009;47;34;NJN;PF;16;51;-0.37;464149;21.63;14.51;18.07
Courtney Sims;1;1979;21;2;NJN;PF;63;2251;2.84;13293396;21.84;14.88;18.36
Courtney Sims;2;1980;22;3;PHO;PF;38;1669;3.14;19016102;17.72;7.52;12.62
Courtney Sims;3;1981;23;4;PHO;PF;34;1144;2.76;12973664;24.16;7.14;15.65
Courtney Sims;4;1982;24;5;PHO;SF;78;2339;1.51;7977852;8.25;14.6;11.43
Courtney Sims;5;1983;25;6;PHO;SF;71;8;0.21;2782207;12.29;11.87;12.08
Courtney Sims;6;1984;26;7;LAL;SF;54;2174;-0.34;584049;12.72;5.82;9.27
Courtney Sims;7;1985;27;8;NOK;SF;50;1876;0.04;2102776;13.54;3.85;8.7
Courtney Sims;8;1986;28;9;GSW;SF;92;153;-0.66;727603;8.55;0.86;4.71
Courtney Sims;9;1987;24;10;GSW;SF;68;2945;-1.05;891501;10.68;10.9;10.79
Courtney Sims;10;1988;30;11;PHI;SF;25;118;-32.25;961407;14.66;8.41;11.54
Courtney Sims;11;1988;30;11;PHI;SF;47;1845;-2.69;990373;19.16;6.24;12.7
Courtney Sims;12;1989;27;13;KCK;SF;17;355;-3.00;832487;18.93;7.57;13.25
Courtney Sims;13;1990;32;13;ATL;SF;53;1574;-2.54;936026;-19.37;7.26;6.91
Courtney Sims;14;1991;33;14;ATL;SF;60;2444;-1.64;700851;13.96;6.67;10.32
Courtney Sims;15;1992;34;15;ATL;SF;33;1080;-2.20;263318;18.52;4.09;11.31
Courtney Sims;16;1993;35;16;DET;PG;29;-996;-2.14;614696;12.96;6.27;9.62
Courtney Sims;17;1994;36;17;ATL;SG;36;206;-3.00;855787;9.44;0.15;4.8
Courtney Sims;18;1995;37;18;ATL;SG;51;1824;-3.00;805885;0.96;2.95;5.06
Courtney Sims;19;1996;38;19;ATL;SF;36;347;-3.00;851237;7.84;1.08;4.46
Courtney Sims;20;1996;38;19;NYK;SF;65;1307;-2.67;666911;6.63;4.13;5.38
Courtney Sims;21;1997;39;20;NYK;PG;64;3000;-3.00;723630;68.31;9.41;9.9
Courtney Sims;22;1998;40;21;CLE;SF;38;87;-3.00;619180;13.04;2.54;7.79
Courtney Sims;23;1999;41;22;MIL;PF;16;29;-3.00;796874;17.38;10.59;13.99
Courtney Sims;24;2000;42;23;MIL;PF;59;7823;-3.00;661824;17.23;6.49;11.86
Courtney Sims;25;2001;43;24;GSW;PF;4;38;-3.00;975392;19.08;4.64;11.86
Courtney Sims;26;2002;44;25;SAC;PF;77;635;-2.39;665543;46.48;9.44;10.39
Courtney Sims;27;2003;45;26;SAC;PF;67;2033;-3.00;729702;16.85;10.77;13.81
Courtney Sims;28;2004;46;27;SAC;PF;25;346;-3.00;687316;22.08;7.9;14.99
Courtney Sims;29;2005;47;28;TOR;PF;54;1261;-3.00;956352;20.33;9.47;14.9
Courtney Sims;30;2006;48;29;CHI;PF;37;470;-2.78;628754;11.82;7.92;9.87
Courtney Sims;31;2006;48;29;GSW;PF;77;2274;-3.00;728902;12.14;10.71;11.43
Courtney Sims;32;2007;49;30;GSW;PF;46;330;-3.00;799053;20.31;11.66;15.99
Courtney Sims;33;2008;50;31;WAS;PF;74;1463;-2.65;693640;18.82;6.16;12.49
Courtney Sims;34;2009;51;32;WAS;PF;65;1462;-8.13;961316;22.98;5.95;14.47
Courtney Sims;35;2009;51;32;SAC;PF;6;201;49.29;971237;15.9;14.11;15.01
Sean Colson;1;1979;18;2;SAC;PG;43;596;0.90;5539895;7.66;0.25;3.96
Sean Colson;2;1980;19;3;SAC;PG;21;510;1.17;6618991;8.08;1.71;4.9
Sean Colson;3;1981;20;4;SAC;PG;80;1004;2.30;11135205;12.37;0.63;6.5
Sean Colson;4;1982;21;5;SAC;PG;95;4;-0.16;1303446;9.38;1.07;5.23
Sean Colson;5;1983;22;6;HOU;PG;58;1089;0.03;2062810;12.36;4.54;8.45
Sean Colson;6;1984;23;7;WSB;PG;57;2085;0.37;3421671;7.92;2.24;5.08
Sean Colson;7;1985;24;8;GSW;PF;23;231;-0.12;1463312;14.21;2.88;8.55
Sean Colson;8;1986;25;9;HOU;PG;23;473;-0.72;990934;8.84;1.97;5.41
Sean Colson;9;1987;26;10;HOU;PG;1;10;-1.64;797156;9.92;2.32;6.12
Sean Colson;10;1988;27;11;HOU;PG;27;281;-0.81;663124;8.92;3.9;6.41
Sean Colson;11;1989;28;12;HOU;SG;83;70;0.30;3141905;7.05;3.75;5.4
Sean Colson;12;1989;28;12;NYK;SG;4;115;-1.02;994270;5.37;8.09;6.73
Sean Colson;13;1990;29;13;NJN;SG;75;2896;-1.09;626670;14.89;2.32;8.61
Sean Colson;14;1991;30;14;NJN;C;72;3178;-1.29;678186;10.2;6.0;8.1
Sean Colson;15;1991;30;12;NOK;PG;39;858;-0.96;988997;6.76;5.03;5.96
Sean Colson;16;1992;31;15;NOH;PG;19;829;-0.99;667036;7.11;0.45;3.78
Sean Colson;17;1993;32;16;MIA;PG;61;2724;-0.72;687838;3.23;1.68;2.46
Sean Colson;18;1993;32;16;BOS;PG;58;3614;-1.98;682761;7.38;1.54;4.46
Sean Colson;19;1994;33;17;MIA;SG;76;716;-0.35;544082;4.62;4.44;4.53
Sean Colson;20;1995;34;18;MIA;SG;45;1180;0.32;3221838;8.51;4.56;6.54
Sean Colson;21;1996;35;19;MIA;SG;4;75;0.27;3022006;11.8;4.69;8.25
Sean Colson;22;1996;35;19;PHI;SG;72;2164;0.02;2022843;5.88;4.58;5.23
Sean Colson;23;1997;36;20;PHI;SG;53;945;0.44;3701436;8.38;2.22;5.3
Sean Colson;24;1998;37;21;PHI;SG;10;359;0.19;2702274;12.62;6.08;9.35
Sean Colson;25;1999;38;22;SDC;SF;13;50;-0.41;304283;19.45;9.23;14.34
Sean Colson;26;2000;39;23;SDC;SF;68;1054;-0.15;1343412;10.7;7.11;8.91
Sean Colson;27;2001;40;24;SDC;SF;26;1047;-0.22;1063647;9.79;8.19;8.99
Sean Colson;28;2002;41;25;SDC;SF;56;1729;-0.96;835755;12.67;10.28;11.48
Sean Colson;29;2003;42;26;VAN;SF;71;1680;-1.10;881329;6.88;4.34;5.61
Sean Colson;30;2004;43;27;DEN;SF;43;1141;-1.00;873627;17.34;3.44;6.41
Sean Colson;31;2005;44;28;DEN;SF;62;1796;-3.00;826631;12.66;13.61;13.14
Sean Colson;32;2005;44;28;PHO;SF;28;433;-3.00;612948;13.77;7.12;10.45
Sean Colson;33;2006;45;29;TOR;SF;68;1789;-3.00;618387;16.72;12.13;14.43
Sean Colson;34;2007;46;30;DEN;SF;30;803;-3.00;928532;12.64;24.12;8.84
Sean Colson;35;2008;47;31;DEN;SF;36;1289;-3.00;680702;15.85;8.92;12.39
Malik Allen;1;1979;18;2;DEN;PF;10;282;0.29;3101939;21.94;15.89;18.92
Malik Allen;2;1980;19;3;MEM;PF;94;878;0.67;4620666;26.65;1.62;14.14
Malik Allen;3;1980;16;3;POR;PF;43;1637;0.69;4700599;19.76;17.79;18.78
Malik Allen;4;1980;19;3;MIL;PF;52;1947;0.63;4460800;24.04;11.28;17.66
Malik Allen;5;1981;20;4;MIL;PF;32;1398;0.70;4740565;22.75;9.79;16.27
Malik Allen;6;1982;21;5;UTA;PF;79;1379;1.14;6499091;16.43;10.68;13.56
Malik Allen;7;1982;17;5;PHI;PF;93;106;17.02;9016981;14.81;8.96;11.89
Malik Allen;8;1982;21;5;NJN;PF;63;2523;4.28;19048572;17.8;9.16;13.48
Malik Allen;9;1982;21;5;PHI;PF;57;1234;5.70;24723815;-25.53;7.9;13.24
Malik Allen;10;1982;21;5;SAC;PF;58;572;6.32;27201738;16.68;11.23;13.96
Malik Allen;11;1983;22;6;PHO;PF;72;3160;-21.29;30958589;19.62;-7.55;15.12
Malik Allen;12;1984;23;7;PHO;PF;18;46;7.23;30838690;22.35;9.88;16.12
Malik Allen;13;1985;24;8;DAL;PF;37;3466;8.62;36394033;16.11;4.54;10.33
Malik Allen;14;1986;25;9;BOS;PF;59;6407;6.60;28320800;23.22;4.08;13.65
Malik Allen;15;1987;26;10;BOS;PF;36;1687;6.39;27481504;19.17;6.97;13.07
Malik Allen;16;1988;27;11;BOS;PF;59;2393;7.03;30039360;11.91;7.72;9.29
Malik Allen;17;1989;28;9;MIA;PG;3;19;6.35;23496191;21.31;10.03;15.67
Malik Allen;18;1990;29;13;MIA;PF;64;709;49.39;30359092;8.0;4.87;6.44
Malik Allen;19;1991;30;14;MIA;PF;72;2372;7.75;32916948;25.34;7.35;16.35
Malik Allen;20;1992;31;15;LAC;PF;41;1173;8.28;35035172;16.01;12.23;14.12
Malik Allen;21;1993;32;16;LAC;PF;41;584;8.10;34315775;19.14;7.99;13.57
Malik Allen;22;1994;33;17;LAC;SG;40;121;7.71;32757082;20.74;17.43;19.09
Malik Allen;23;1995;34;18;POR;PF;32;44;8.22;34795373;12.96;21.32;17.14
Malik Allen;24;1996;35;19;POR;SF;45;1709;8.20;34715440;16.03;6.39;11.21
Malik Allen;25;1997;36;20;POR;SF;78;1252;7.82;27984224;52.72;6.15;7.42
Malik Allen;26;1998;37;23;POR;PF;51;2346;6.78;29040197;20.05;12.87;16.46
Malik Allen;27;1999;38;22;NJN;PF;42;121;5.57;24204251;13.92;11.48;12.7
Malik Allen;28;1999;38;22;MIL;PF;35;1645;45.72;27521470;18.69;7.81;13.25
Malik Allen;29;2000;39;23;MIL;PF;58;406;6.53;28041035;17.99;5.48;11.74
Malik Allen;30;2001;43;24;CLE;PF;20;361;6.16;26562274;18.43;13.96;16.2
Malik Allen;31;2002;41;25;CLE;PF;10;79;5.64;24484016;24.06;15.75;19.91
Malik Allen;32;2003;42;26;NOH;SG;43;1173;6.20;26722140;22.03;4.71;13.37
Malik Allen;33;2004;43;27;NOH;PF;85;1485;5.81;25163447;13.12;9.57;11.35
Malik Allen;34;2005;44;28;IND;PF;11;433;5.54;24084351;14.25;10.13;12.19
Malik Allen;35;2006;45;27;ORL;PF;61;970;6.37;27401571;18.11;4.76;11.44
Justin Harper;1;1978;18;3;PHO;PF;80;1102;1.63;8457450;25.68;15.1;20.39
Justin Harper;2;1978;18;3;ORL;SG;55;1171;2.31;11175172;24.84;9.47;17.16
Justin Harper;3;1979;19;4;CHO;C;70;1311;2.45;11734703;26.27;14.37;20.32
Justin Harper;4;1980;20;5;ORL;C;71;3062;1.93;9656445;20.28;7.51;13.9
Justin Harper;5;1981;21;6;KCK;C;22;430;2.52;4860799;21.11;4.99;13.05
Justin Harper;6;1982;22;7;ORL;C;57;1476;3.10;14332525;14.43;13.14;13.79
Justin Harper;7;1982;22;7;ATL;C;52;965;-9.81;14657434;19.42;14.91;17.17
Justin Harper;8;1983;23;8;DAL;C;58;54;3.63;16450750;26.09;20.73;20.97
Justin Harper;9;1984;24;9;BOS;C;45;1827;48.65;15291721;36.9;12.45;24.68
Justin Harper;10;1985;25;10;BOS;C;9;302;5.09;22285859;12.67;23.47;18.07
Justin Harper;11;1986;26;11;CHH;C;24;225;5.66;24563949;14.17;16.27;24.94
Justin Harper;12;1987;27;12;PHI;C;6;231;5.56;24164284;30.76;10.73;20.75
Justin Harper;13;1987;27;12;MIA;C;38;949;6.28;27041872;16.42;14.59;15.51
Justin Harper;14;1988;28;13;MIA;C;32;536;5.47;23804586;12.43;2.46;7.45
Justin Harper;15;1989;29;14;MIA;C;61;287;7.65;32517283;32.05;-53.14;28.35
Justin Harper;16;1989;29;14;TOR;C;54;2347;6.62;28400733;17.08;4.76;10.92
Justin Harper;17;1990;26;15;MIN;C;1;40;6.98;29839527;10.01;23.02;16.52
Justin Harper;18;1991;31;16;MIN;C;16;284;6.30;27121805;26.41;12.02;19.22
Justin Harper;19;1992;32;17;ATL;C;23;906;6.46;27761269;27.67;13.26;20.47
Justin Harper;20;1993;33;18;ATL;C;4;76;6.38;27441537;20.39;16.47;18.43
Justin Harper;21;1994;33;19;ATL;C;72;-6893;5.19;22685524;23.2;-74.41;18.56
Justin Harper;22;1995;35;20;DET;C;63;1654;5.98;25842877;25.27;8.26;16.77
Justin Harper;23;1996;36;21;ATL;C;56;969;6.15;26522308;22.45;21.0;21.73
Justin Harper;24;1997;37;22;ATL;C;62;327;5.89;25483179;10.9;15.94;13.42
Justin Harper;25;1998;38;23;ATL;PF;23;1066;5.57;24204251;9.21;13.46;11.34
Justin Harper;26;1999;39;24;HOU;PF;34;526;5.42;23604753;11.63;9.76;10.7
Justin Harper;27;2000;40;25;CHA;PF;26;391;-28.54;19807936;23.53;8.91;18.32
Justin Harper;28;2001;41;26;LAC;PF;2;24;4.05;18129343;23.16;9.99;16.58
Justin Harper;29;2002;42;27;LAC;PF;4;124;2.13;10455775;12.43;10.51;11.47
Justin Harper;30;2003;43;28;MIL;PF;6;275;-24.43;11055272;16.35;16.15;16.25
Justin Harper;31;2004;44;29;PHI;PF;6;152;2.18;10655607;20.42;12.92;16.67
Justin Harper;32;2005;45;30;WSB;PF;51;1489;1.13;7021884;27.57;4.4;15.99
Justin Harper;33;2006;46;31;WSB;PF;47;1888;0.80;5140230;17.08;7.32;12.2
Justin Harper;34;2007;47;32;DAL;PF;12;517;0.66;4580699;22.27;7.35;14.81
Justin Harper;35;2008;48;33;UTA;PF;62;2254;0.67;4620666;8.1;7.4;7.75
Lionel Chalmers;1;1979;21;3;UTA;PG;49;1444;1.17;6618991;12.88;4.99;8.94
Lionel Chalmers;2;1980;22;4;UTA;PG;17;25;1.12;6419158;5.72;2.55;4.14
Lionel Chalmers;3;1981;23;5;PHO;PG;4;51;1.52;8017818;6.76;1.63;4.2
Lionel Chalmers;4;1982;24;6;PHI;SG;45;1927;0.14;2502441;7.2;7.5;7.35
Lionel Chalmers;5;1983;25;7;PHI;SG;74;1061;-0.99;870286;11.27;3.02;7.15
Lionel Chalmers;6;1984;26;11;BUF;SG;71;1941;-2.09;667492;7.38;2.77;5.08
Lionel Chalmers;7;1985;27;9;PHI;SG;25;727;-1.64;872416;11.2;1.41;6.31
Lionel Chalmers;8;1985;27;9;ATL;SG;17;13;-1.94;769769;8.96;0.05;4.51
Lionel Chalmers;9;1986;28;10;ATL;SG;56;414;-1.06;652431;12.49;2.24;7.37
Lionel Chalmers;10;1987;29;11;ATL;SG;52;1278;-1.89;915518;11.75;1.79;6.77
Lionel Chalmers;11;1987;29;11;MIA;SG;66;1810;-1.96;818551;15.32;4.37;9.85
Lionel Chalmers;12;1988;30;12;MIA;SG;71;1975;-0.93;605890;9.21;4.24;6.73
Lionel Chalmers;13;1989;31;9;MIA;SF;17;2040;-1.71;936329;11.49;11.13;11.31
Lionel Chalmers;14;1990;32;14;MIA;SF;76;2262;-3.00;953049;16.69;4.48;10.59
Lionel Chalmers;15;1991;33;15;MIA;SF;55;2446;-3.00;612757;9.99;9.4;9.7
Lionel Chalmers;16;1992;34;16;MIA;SF;53;649;-3.00;715415;12.85;4.16;8.51
Lionel Chalmers;17;1992;34;16;OKC;SF;85;69;-2.86;783018;47.79;8.33;9.9
Lionel Chalmers;18;1993;35;17;MIA;SF;30;162;-2.56;775769;18.21;2.27;10.24
Lionel Chalmers;19;1994;36;18;MIA;SF;10;152;-2.38;758991;18.24;2.84;10.54
Lionel Chalmers;20;1995;37;19;MIA;SF;61;1856;-2.25;652566;6.37;5.5;5.94
Lionel Chalmers;21;1996;38;20;MIA;SF;16;303;-3.00;891857;77.40;6.79;10.65
Lionel Chalmers;22;1997;39;21;MIA;SF;53;1135;-2.37;784146;16.36;11.29;13.83
Lionel Chalmers;23;1998;40;22;CLE;SF;69;1410;-2.34;847766;14.21;6.2;10.21
Lionel Chalmers;24;1999;41;23;CLE;PG;24;806;-1.63;761475;14.06;8.64;18.34
Lionel Chalmers;25;2000;42;24;CLE;SF;37;1046;-1.56;860600;11.91;10.81;11.36
Lionel Chalmers;26;2001;43;23;CLE;SF;27;1286;-2.57;730242;10.54;10.59;10.57
Lionel Chalmers;27;2002;44;26;LAL;PF;32;926;-2.34;1368550;21.46;6.75;14.11
Lionel Chalmers;28;2003;45;27;LAL;PF;14;26;-3.00;845239;-2.88;8.11;17.94
Lionel Chalmers;29;2004;46;28;ATL;PF;27;1044;-1.47;754745;16.0;13.25;14.63
Lionel Chalmers;30;2005;47;29;ATL;PF;62;53;-0.57;849691;28.71;-7.46;20.1
Lionel Chalmers;31;2006;48;30;LAC;PF;74;1514;-2.21;779575;27.71;6.87;17.29
Lionel Chalmers;32;2006;48;30;MIL;PF;37;278;-1.82;821339;82.18;7.74;14.59
Lionel Chalmers;33;2006;48;30;DEN;PF;73;1308;-2.24;868003;15.71;11.52;13.62
Lionel Chalmers;34;2007;49;33;PHO;PF;8;569;-2.48;686825;19.5;9.55;14.53
Lionel Chalmers;35;2007;49;31;HOU;PG;9;329;-3.00;961121;16.17;6.95;11.56
Ken Bannister;1;1979;22;3;MEM;C;35;1541;-1.17;638738;18.99;9.61;14.3
Ken Bannister;2;1980;23;4;UTA;C;24;451;-1.71;668552;14.06;15.82;24.72
Ken Bannister;3;1981;24;5;UTA;C;32;1165;-1.26;803206;29.45;-79.16;15.92
Ken Bannister;4;1982;25;6;UTA;PF;9;14;-13.30;872081;17.03;2.84;9.94
Ken Bannister;5;1983;26;7;CHI;PF;64;92;-2.78;644137;19.5;1.03;10.27
Ken Bannister;6;1983;26;7;SAC;PF;50;1686;15.06;682786;14.68;1.44;8.06
Ken Bannister;7;1984;27;8;SAC;PF;20;762;-2.26;998167;86.00;14.79;20.13
Ken Bannister;8;1985;28;9;SAC;PF;29;170;-1.90;791966;9.44;7.97;8.71
Ken Bannister;9;1986;29;11;ORL;PF;23;1087;-2.13;981346;19.29;10.55;14.92
Ken Bannister;10;1986;29;10;SAC;PF;80;3449;-2.63;975730;75.52;4.16;10.92
Ken Bannister;11;1987;30;11;PHO;PF;22;445;-2.87;888054;20.53;15.97;18.25
Ken Bannister;12;1988;31;12;PHO;PF;75;2703;-3.00;778426;23.2;7.66;15.43
Ken Bannister;13;1989;32;13;PHO;PF;15;628;-3.00;666241;17.57;6.99;12.28
Ken Bannister;14;1989;32;13;CHH;PF;13;418;-3.00;967836;21.77;1.89;11.83
Ken Bannister;15;1990;33;14;MIN;PF;51;1372;-3.00;811196;21.21;12.81;17.01
Ken Bannister;16;1991;34;15;MIN;C;27;739;-3.00;714431;-0.13;3.2;12.93
Ken Bannister;17;1992;35;16;ATL;C;39;1459;-1.54;899019;21.01;18.52;19.77
Ken Bannister;18;1993;36;17;ATL;PF;20;693;-1.87;737797;15.49;10.12;12.81
Ken Bannister;19;1994;37;18;NOP;C;34;208;-2.66;798761;14.53;24.08;19.31
Ken Bannister;20;1995;38;19;ATL;C;62;592;-1.60;798935;19.36;8.54;13.95
Ken Bannister;21;1995;38;19;SDC;C;35;106;-1.67;790787;38.11;12.27;16.40
Ken Bannister;22;1996;39;20;SDC;C;31;39;-3.00;676372;22.55;4.24;13.4
Ken Bannister;23;1997;40;21;SDC;C;8;79;-2.56;911781;14.09;80.67;9.36
Ken Bannister;24;1998;41;22;LAC;C;46;1669;-30.40;701293;33.81;13.94;23.88
Ken Bannister;25;1999;42;23;LAC;C;77;656;-2.15;840033;5.86;8.88;16.46
Ken Bannister;26;2000;43;24;LAC;C;46;-3066;23.36;931805;17.5;12.08;14.79
Ken Bannister;27;2001;44;25;NOJ;C;52;1381;-2.81;41634;27.54;5.73;16.64
Ken Bannister;28;2002;45;26;CHI;PG;4;314;-3.00;1267195;13.7;7.35;10.53
Ken Bannister;29;2003;46;27;CHI;C;54;1795;-3.00;846209;19.36;13.37;16.37
Ken Bannister;30;2004;47;28;CHI;C;90;1807;-3.00;664398;28.3;27.21;27.76
Ken Bannister;31;2005;48;29;HOU;SG;99;2068;-3.00;844281;11.75;2.96;7.36
Ken Bannister;32;2006;49;30;TOR;SG;80;2980;-2.84;968342;7.69;5.55;6.62
Ken Bannister;33;2007;50;31;PHO;SG;75;1785;-2.95;789391;12.23;3.53;7.88
Ken Bannister;34;2008;51;32;PHO;SG;31;1390;-2.53;285366;10.1;4.24;7.17
Ken Bannister;35;2009;52;33;PHO;SG;18;447;-3.00;830472;6.85;2.66;4.76
Derrick Chievous;1;1978;17;1;CLE;SF;53;1170;-0.95;949559;8.6;3.1;5.85
Derrick Chievous;2;1979;18;2;CHH;SF;41;1372;-0.76;870899;21.18;5.56;13.37
Derrick Chievous;3;1980;19;3;CHH;SF;8;264;-0.31;703948;16.37;3.85;10.11
Derrick Chievous;4;1981;20;4;BUF;SF;41;242;0.55;4077228;18.05;2.68;10.37
Derrick Chievous;5;1982;23;5;BOS;SF;46;1256;-1.45;749398;9.48;-15.91;8.17
Derrick Chievous;6;1983;22;6;BOS;SF;83;18;-2.31;938688;13.69;6.74;10.22
Derrick Chievous;7;1984;23;7;SAC;SF;88;37;-1.72;930810;15.51;11.2;13.36
Derrick Chievous;8;1985;19;8;VAN;SF;34;1203;-1.36;788887;9.91;5.29;7.6
Derrick Chievous;9;1986;25;9;VAN;SF;54;1869;-1.94;666703;14.62;-0.47;12.21
Derrick Chievous;10;1987;26;10;SAC;SF;10;380;-3.00;950560;11.08;5.91;8.5
Derrick Chievous;11;1987;26;10;SAC;SF;10;339;-3.00;985469;18.65;8.3;13.48
Derrick Chievous;12;1988;27;11;DEN;PF;72;2429;-3.00;721823;20.16;6.05;13.11
Derrick Chievous;13;1989;28;12;PHI;PF;88;1533;-2.67;146454;21.84;12.78;17.31
Derrick Chievous;14;1990;29;13;PHI;PF;81;27;-3.00;870623;16.34;13.15;14.75
Derrick Chievous;15;1991;30;14;PHI;PF;32;1127;-2.39;859458;19.77;7.14;11.41
Derrick Chievous;16;1992;31;15;PHI;PF;77;1699;-2.36;756531;23.04;7.25;15.15
Derrick Chievous;17;1993;31;16;PHI;PF;18;186;-1.76;695376;9.39;42.65;8.48
Derrick Chievous;18;1994;33;17;DET;PF;47;1008;-2.69;621126;18.7;4.07;11.39
Derrick Chievous;19;1995;34;18;DET;PF;48;768;-2.40;992050;19.37;9.65;14.51
Derrick Chievous;20;1996;35;19;DAL;PF;26;1164;-2.79;911398;16.88;6.45;11.67
Derrick Chievous;21;1996;35;18;PHO;PF;84;133;-2.69;830412;18.21;9.16;13.69
Derrick Chievous;22;1997;36;20;HOU;PF;21;98;-3.00;849154;10.78;16.32;13.55
Derrick Chievous;23;1998;37;21;HOU;PF;33;1372;-1.07;730364;20.96;7.9;14.43
Derrick Chievous;24;1999;38;22;HOU;PF;2;128;-0.99;758359;15.31;9.75;16.57
Derrick Chievous;25;2000;39;23;HOU;PF;81;3875;-1.58;817113;19.55;15.0;17.28
Derrick Chievous;26;2000;39;23;SAC;PF;63;2953;0.00;1942910;17.37;4.85;11.11
Derrick Chievous;27;2001;40;24;GSW;SG;12;96;0.33;3261805;19.39;17.06;18.23
Derrick Chievous;28;2002;41;25;SDC;PF;78;369;0.64;4500766;4.69;13.91;14.29
Derrick Chievous;29;2003;42;26;LAC;SF;92;400;0.79;5100264;10.75;2.28;6.52
Derrick Chievous;30;2004;43;27;LAC;SF;54;1895;-0.23;1023680;12.88;10.9;11.89
Derrick Chievous;31;2005;44;28;CHH;SF;11;188;-0.95;916273;16.91;6.57;11.74
Derrick Chievous;32;2006;45;29;CHH;SF;53;619;-0.71;138144;17.4;7.45;12.43
Derrick Chievous;33;2007;46;30;CHH;SF;61;364;-0.04;1783044;20.18;10.32;15.25
Derrick Chievous;34;2008;47;31;CHH;PG;64;1167;-0.03;1823010;6.18;8.25;7.22
Derrick Chievous;35;2009;48;32;CHH;SF;49;1615;-0.83;977779;50.20;7.87;10.55
Elvin Hayes;1;1979;19;2;CHH;PF;76;627;0.25;2942073;19.92;12.39;16.16
Elvin Hayes;2;1980;20;3;CHH;PF;78;1668;-0.26;903781;20.12;9.18;14.65
Elvin Hayes;3;1981;21;7;CHH;PF;57;2269;1.45;7738053;10.42;7.91;9.17
Elvin Hayes;4;1982;22;5;CLE;PF;59;1385;2.73;12853765;13.29;6.38;9.84
Elvin Hayes;5;1983;23;6;MIN;PF;14;661;2.73;12853765;20.73;65.73;12.68
Elvin Hayes;6;1984;24;7;BOS;PF;49;1944;3.43;15651420;18.79;7.85;13.32
Elvin Hayes;7;1985;25;8;BOS;PF;58;1215;2.78;13053597;23.54;11.36;17.45
Elvin Hayes;8;1985;25;8;SAS;SG;59;2759;1.46;7778019;15.56;7.13;11.35
Elvin Hayes;9;1986;26;9;CHI;PF;73;2788;3.13;14452425;21.39;5.28;13.34
Elvin Hayes;10;1987;27;13;CHI;PF;65;1665;3.48;15851252;19.59;6.35;12.97
Elvin Hayes;11;1988;28;11;VAN;PF;20;338;4.75;20926998;18.42;7.09;12.76
Elvin Hayes;12;1988;28;14;MIL;PF;61;765;4.78;21046897;17.65;9.53;13.59
Elvin Hayes;13;1989;29;12;GSW;C;15;374;4.36;19368304;12.25;16.51;14.38
Elvin Hayes;14;1990;30;13;NYK;C;90;37;5.39;23484854;15.24;19.85;17.55
Elvin Hayes;15;1990;30;13;MIN;C;58;1387;5.19;22685524;-57.23;13.05;14.53
Elvin Hayes;16;1991;31;14;MIN;C;67;7087;4.00;17929510;21.41;-36.10;19.66
Elvin Hayes;17;1991;31;11;CHI;C;38;947;3.62;16410783;31.25;5.99;18.62
Elvin Hayes;18;1992;32;15;MIN;C;35;748;2.46;11774669;22.55;11.95;17.25
Elvin Hayes;19;1992;32;15;MIA;C;60;-4393;2.25;10935373;28.13;15.26;21.7
Elvin Hayes;20;1993;33;16;MIA;C;60;1244;3.04;14092726;31.94;2.73;17.34
Elvin Hayes;21;1994;34;17;MIA;C;42;798;2.61;17463494;19.17;17.13;18.15
Elvin Hayes;22;1994;34;17;GSW;C;55;873;1.81;9176847;17.58;12.5;15.04
Elvin Hayes;23;1995;35;18;HOU;C;33;4695;1.33;7258455;14.76;44.74;11.48
Elvin Hayes;24;1996;36;19;HOU;C;29;1381;0.83;5260130;19.22;11.14;15.18
Elvin Hayes;25;1997;37;20;NJN;C;45;1856;0.14;2502441;18.58;81.60;15.14
Elvin Hayes;26;1998;38;21;NJN;C;46;756;0.44;3701436;23.73;8.27;16.0
Elvin Hayes;27;1998;38;21;UTA;PF;25;686;-1.00;796579;20.39;7.62;14.01
Elvin Hayes;28;1999;39;22;UTA;C;44;1411;-1.76;620120;30.33;22.69;26.51
Elvin Hayes;29;2000;40;23;UTA;C;64;381;33.29;913518;21.61;22.94;22.28
Elvin Hayes;30;2001;41;24;CLE;C;67;2594;-3.00;685400;29.95;17.22;23.59
Elvin Hayes;31;2002;42;25;CLE;C;9;129;-3.00;993882;21.3;14.88;18.09
Elvin Hayes;32;2003;43;26;DAL;C;45;1512;-2.65;932032;21.21;0.59;10.9
Elvin Hayes;33;2004;44;27;MIN;C;40;573;-3.00;785314;16.57;15.23;15.9
Elvin Hayes;34;2005;45;28;MIN;C;35;1019;45.69;1685802;36.21;12.37;24.29
Elvin Hayes;35;2006;46;29;SAS;C;24;2391;-0.72;647623;23.95;12.65;18.3
JaKarr Sampson;1;1978;16;1;DEN;PG;57;1453;-0.01;1902943;10.18;1.21;5.7
JaKarr Sampson;2;1979;17;2;DEN;PG;19;251;0.05;2142743;8.61;3.78;6.2
JaKarr Sampson;3;1979;17;2;WAS;PG;25;492;0.11;2382542;3.98;1.0;2.49
JaKarr Sampson;4;1980;18;3;UTA;PF;20;880;0.83;5260130;-18.25;23.98;4.24
JaKarr Sampson;5;1980;18;3;BOS;PG;61;2223;2.03;10056109;10.99;0.5;5.75
JaKarr Sampson;6;1981;19;4;NOH;PG;50;403;1.61;8377517;6.18;4.67;5.43
JaKarr Sampson;7;1982;20;5;BOS;PG;12;212;3.35;15331688;5.56;1.89;3.73
JaKarr Sampson;8;1983;21;6;BOS;PG;32;718;3.86;17369979;5.01;3.47;4.24
JaKarr Sampson;9;1984;22;7;DEN;PG;41;617;4.13;18449075;5.15;3.47;4.31
JaKarr Sampson;10;1984;22;7;UTA;PG;18;664;3.53;16051085;6.36;1.2;3.78
JaKarr Sampson;11;1985;23;8;NOJ;PG;35;1233;3.55;16131018;5.82;4.17;5.0
JaKarr Sampson;12;1986;24;9;UTA;PG;84;3294;3.78;17050247;7.15;0.53;3.84
JaKarr Sampson;13;1987;25;10;UTA;PG;63;1758;3.48;15851252;11.22;2.55;6.89
JaKarr Sampson;14;1988;26;11;UTA;PG;14;626;3.35;15331688;12.88;1.96;7.42
JaKarr Sampson;15;1989;27;12;UTA;PG;29;365;2.33;11255105;9.52;3.84;6.44
JaKarr Sampson;16;1990;28;13;UTA;PG;22;687;2.45;11734703;6.92;4.37;5.65
JaKarr Sampson;17;1991;29;14;CHI;PG;35;708;2.61;12374167;6.26;1.98;4.12
JaKarr Sampson;18;1992;30;15;KCK;PG;67;1022;3.51;15971152;10.78;3.62;7.2
JaKarr Sampson;19;1993;31;16;CLE;PG;72;540;4.01;17969477;8.4;3.71;6.06
JaKarr Sampson;20;1994;32;17;DAL;PG;51;1575;4.71;20767132;8.36;2.2;5.28
JaKarr Sampson;21;1995;33;18;DAL;PG;78;1725;3.91;17569812;8.26;1.97;5.12
JaKarr Sampson;22;1996;34;19;CLE;PG;5;175;3.37;15411621;5.93;0.59;3.26
JaKarr Sampson;23;1997;35;20;CLE;PG;50;2006;2.94;13693061;10.86;1.48;6.17
JaKarr Sampson;24;1998;36;21;NYK;PG;13;555;3.05;14132693;5.4;3.46;4.43
JaKarr Sampson;25;1999;37;22;NYK;PG;4;185;39.15;24297032;10.25;0.9;5.58
JaKarr Sampson;26;2000;38;23;TOR;PG;95;762;2.37;11414971;9.26;14.72;6.4
JaKarr Sampson;27;2001;39;24;TOR;PG;15;567;2.87;13413296;8.18;3.96;5.89
JaKarr Sampson;28;2002;40;25;NJN;PG;37;1197;2.61;12374167;6.34;2.6;4.47
JaKarr Sampson;29;2003;41;26;NJN;PG;45;387;2.39;11494904;11.2;3.34;7.27
JaKarr Sampson;30;2004;42;27;PHI;PG;46;2182;2.63;12454100;8.31;3.84;6.08
JaKarr Sampson;31;2005;43;28;PHI;PG;4;42;1.51;7977852;7.71;-3.84;5.32
JaKarr Sampson;32;2005;43;28;MEM;PG;2;41;1.86;9376679;6.95;3.28;5.12
JaKarr Sampson;33;2006;44;29;CHA;PG;37;919;1.19;6698924;4.73;1.96;3.35
JaKarr Sampson;34;2007;45;30;CHA;PG;76;577;1.86;9376679;9.74;0.99;5.37
JaKarr Sampson;35;2008;46;31;CHA;PG;10;233;1.16;6579024;9.71;3.12;6.42
Michael Kidd-Gilchrist;1;1978;21;1;TOR;PG;81;494;-1.11;664390;12.23;0.88;6.56
Michael Kidd-Gilchrist;2;1979;22;2;TOR;PG;22;766;-0.60;173119;8.85;3.3;6.08
Michael Kidd-Gilchrist;3;1980;23;0;CHI;PG;56;1465;-0.04;1783044;9.82;2.05;5.94
Michael Kidd-Gilchrist;4;1981;24;4;CHI;PG;21;233;-0.07;1663144;8.78;0.96;4.87
Michael Kidd-Gilchrist;5;1982;25;5;WAS;PG;39;511;-0.10;1543245;6.13;1.92;4.03
Michael Kidd-Gilchrist;6;1983;26;6;WAS;PG;58;1152;-1.52;925971;9.91;0.32;5.12
Michael Kidd-Gilchrist;7;1983;26;6;HOU;PG;75;8520;-1.17;993320;8.68;2.89;5.79
Michael Kidd-Gilchrist;8;1983;26;6;SAC;SG;73;3457;-1.94;624201;18.08;6.73;12.41
Michael Kidd-Gilchrist;9;1984;27;7;PHO;SG;22;842;-0.50;861674;13.77;3.21;8.49
Michael Kidd-Gilchrist;10;1985;28;8;DEN;SF;74;45;-0.77;798577;9.92;0.77;5.35
Michael Kidd-Gilchrist;11;1986;31;9;TOR;PF;41;988;-0.40;344250;22.43;-3.30;18.04
Michael Kidd-Gilchrist;12;1987;30;10;TOR;PF;59;2662;-1.56;716911;18.22;5.58;11.9
Michael Kidd-Gilchrist;13;1988;31;11;TOR;PF;51;706;-2.45;912302;22.19;13.89;18.04
Michael Kidd-Gilchrist;14;1989;32;12;TOR;PF;15;538;-3.00;829168;16.79;11.06;13.93
Michael Kidd-Gilchrist;15;1990;33;13;TOR;PF;72;3376;-2.81;979591;14.07;15.68;7.13
Michael Kidd-Gilchrist;16;1991;34;14;LAL;PF;46;-613;-2.25;856826;0.05;3.02;13.76
Michael Kidd-Gilchrist;17;1992;35;15;LAL;PF;56;1177;-1.62;-183073;17.14;4.69;10.92
Michael Kidd-Gilchrist;18;1993;36;16;LAL;PF;65;987;-2.56;708231;21.31;5.59;13.45
Michael Kidd-Gilchrist;19;1994;37;17;ATL;PF;75;340;-3.00;867970;26.16;10.53;22.62
Michael Kidd-Gilchrist;20;1995;38;18;ATL;PF;24;415;-3.00;636542;21.0;12.61;16.81
Michael Kidd-Gilchrist;21;1996;39;19;ATL;C;20;324;-2.17;795886;20.71;19.29;20.0
Michael Kidd-Gilchrist;22;1997;40;20;ATL;C;41;545;-1.85;1670476;31.58;10.05;20.82
Michael Kidd-Gilchrist;23;1998;41;21;ATL;C;54;1792;-1.82;600032;17.94;10.39;14.17
Michael Kidd-Gilchrist;24;1999;42;22;ATL;C;9;30;-2.65;898106;28.0;21.38;24.69
Michael Kidd-Gilchrist;25;2000;43;23;CHH;C;23;699;-2.84;966276;23.1;4.17;13.64
Michael Kidd-Gilchrist;26;2000;43;23;DEN;C;75;2659;-2.77;870814;23.0;4.6;13.8
Michael Kidd-Gilchrist;27;2001;44;24;DEN;PF;42;78;-2.07;776725;28.68;7.85;18.27
Michael Kidd-Gilchrist;28;2002;45;25;NJN;PF;13;143;-2.42;967031;15.84;11.36;13.6
Michael Kidd-Gilchrist;29;2003;46;26;LAL;SF;50;700;-2.68;821401;11.42;7.98;9.7
Michael Kidd-Gilchrist;30;2004;47;27;LAL;SG;14;378;-2.74;895131;9.08;3.66;6.37
Michael Kidd-Gilchrist;31;2005;48;28;LAL;SG;42;445;-3.00;944294;4.25;3.57;3.91
Michael Kidd-Gilchrist;32;2006;49;32;LAL;PG;48;1406;-2.93;780702;10.89;0.11;5.5
Michael Kidd-Gilchrist;33;2006;49;29;PHI;PG;42;7;-3.00;-6630;8.76;3.95;6.38
Michael Kidd-Gilchrist;34;2007;50;30;PHI;PG;16;478;-3.00;922508;6.88;3.23;5.06
Michael Kidd-Gilchrist;35;2008;51;31;PHI;PG;62;1207;-3.00;589115;6.58;15.23;4.67
Chris Porter;1;1978;19;1;SAC;SF;26;1088;0.65;4540733;13.94;1.92;7.93
Chris Porter;2;1979;20;2;MIA;SF;34;2466;1.39;7498254;15.53;2.8;9.17
Chris Porter;3;1980;21;3;MIA;PF;43;221;1.91;9576512;16.28;2.48;9.38
Chris Porter;4;1981;22;4;MIA;PF;32;811;2.33;11255105;15.71;17.89;16.8
Chris Porter;5;1982;23;5;DAL;PF;79;1254;2.87;13413296;21.73;12.95;17.34
Chris Porter;6;1983;24;6;DAL;PF;23;975;5.23;15530781;9.89;2.85;6.37
Chris Porter;7;1984;25;7;DAL;PF;79;2067;5.00;21926160;13.62;11.92;12.77
Chris Porter;8;1984;25;7;ATL;PF;19;617;5.37;23404921;9.2;4.78;6.99
Chris Porter;9;1985;26;8;ATL;PF;72;1288;49.72;27241705;15.5;11.32;13.41
Chris Porter;10;1986;27;9;ATL;SF;74;2518;7.07;30199226;9.26;4.62;6.94
Chris Porter;11;1987;28;10;ATL;PF;38;297;6.35;27321638;20.42;7.79;14.11
Chris Porter;12;1988;29;11;ATL;SG;69;901;8.32;35195038;14.48;5.81;10.15
Chris Porter;13;1988;29;11;HOU;PF;36;1208;8.11;34355741;17.4;7.5;12.45
Chris Porter;14;1989;30;12;HOU;SF;45;921;8.07;34195876;17.29;47.57;10.52
Chris Porter;15;1990;31;13;LAL;PG;17;720;8.15;34515608;14.03;5.68;9.86
Chris Porter;16;1991;28;14;LAL;PF;4;52;6.80;29120130;15.12;11.93;13.53
Chris Porter;17;1992;35;15;CHH;PF;23;490;5.07;22205926;16.82;5.49;11.16
Chris Porter;18;1993;34;16;CHH;PF;72;1070;43.11;22006093;17.43;11.19;14.31
Chris Porter;19;1994;35;17;PHO;PF;49;-2199;4.44;19688036;24.95;11.22;18.09
Chris Porter;20;1995;36;21;PHO;SG;80;2592;4.81;21166797;20.26;5.33;12.8
Chris Porter;21;1996;37;14;HOU;SF;36;385;5.02;22006093;17.95;-4.94;10.03
Chris Porter;22;1997;38;20;PHI;SF;5;117;4.23;18848740;17.02;9.48;13.25
Chris Porter;23;1998;39;21;PHI;PG;53;2242;3.86;17369979;8.44;9.13;8.79
Chris Porter;24;1999;35;22;NJN;SF;34;1492;2.88;13453262;13.2;1.45;7.33
Chris Porter;25;1999;40;22;NYK;SF;81;77;1.72;8817148;19.91;5.22;12.57
Chris Porter;26;2000;41;23;BOS;SF;3;112;2.03;10056109;11.25;4.54;7.9
Chris Porter;27;2001;42;24;BOS;SF;14;188;37.34;16170984;6.23;5.51;5.87
Chris Porter;28;2002;43;25;BOS;SF;66;2303;3.83;17250080;11.12;7.33;9.23
Chris Porter;29;2003;44;26;GSW;SF;20;80;3.79;17090214;10.96;3.0;6.98
Chris Porter;30;2004;45;27;WAS;SF;28;502;3.38;15451587;13.16;5.62;9.39
Chris Porter;31;2005;46;28;WAS;SF;93;358;2.78;18694389;11.56;-13.79;6.52
Chris Porter;32;2006;47;29;WAS;SF;28;1319;3.79;17090214;12.38;2.82;7.6
Chris Porter;33;2007;48;30;WAS;SF;3;52;2.98;13852927;20.86;6.41;13.64
Chris Porter;34;2008;52;34;CHI;SF;14;234;2.09;10295908;9.34;6.34;7.84
Chris Porter;35;2008;49;29;IND;SF;4;117;2.24;10895406;14.75;2.45;8.6
Will Conroy;1;1979;21;3;IND;SF;74;314;-0.43;224350;9.75;2.92;6.34
Will Conroy;2;1980;22;4;IND;SF;13;484;-0.32;663982;11.63;6.52;9.08
Will Conroy;3;1981;24;5;UTA;SF;10;50;-0.42;264317;10.81;2.68;6.75
Will Conroy;4;1982;25;6;UTA;PF;73;909;-0.50;805596;15.21;9.95;12.58
Will Conroy;5;1983;25;7;UTA;PF;12;238;-1.30;673633;23.09;11.13;17.11
Will Conroy;6;1984;26;8;UTA;PF;50;1791;-1.01;1386517;12.19;7.85;10.02
Will Conroy;7;1985;27;9;PHI;C;55;577;-1.32;878727;28.31;18.41;23.36
Will Conroy;8;1986;28;10;PHI;C;61;1470;-1.85;740582;18.41;15.74;17.08
Will Conroy;9;1986;28;10;UTA;C;13;345;-3.00;830518;33.24;98.88;20.15
Will Conroy;10;1987;29;11;UTA;C;26;531;-3.00;768463;29.96;3.78;16.87
Will Conroy;11;1988;30;12;UTA;C;86;187;-2.36;652608;31.56;19.44;25.5
Will Conroy;12;1989;31;13;LAC;C;42;1418;-2.90;880720;21.7;6.18;13.94
Will Conroy;13;1990;32;14;MIL;C;64;2169;-2.94;786980;25.47;14.02;19.75
Will Conroy;14;1991;33;15;ORL;PF;56;206;-2.74;667427;13.93;4.33;9.13
Will Conroy;15;1992;34;16;ORL;PG;59;2079;-3.00;861198;15.98;11.11;13.55
Will Conroy;16;1993;35;17;GSW;PF;22;415;-3.00;577547;23.04;5.27;14.16
Will Conroy;17;1994;36;18;GSW;PF;19;331;-3.00;847502;16.66;6.64;11.65
Will Conroy;18;1994;36;18;MIA;PF;76;1677;-3.00;995185;10.74;13.32;12.03
Will Conroy;19;1995;37;19;MEM;PF;74;6116;-3.00;778469;14.96;16.62;15.79
Will Conroy;20;1996;38;20;BOS;PF;64;700;-3.00;644877;17.85;7.99;12.92
Will Conroy;21;1997;39;21;BOS;PF;12;385;-3.00;719554;15.03;64.94;12.32
Will Conroy;22;1998;40;22;MIL;PG;73;177;-3.00;855605;20.41;10.0;15.21
Will Conroy;23;1999;41;23;MIL;PF;32;1289;-3.00;798223;20.62;15.73;18.18
Will Conroy;24;2000;42;24;SEA;PF;8;237;-3.00;998469;12.77;11.22;12.0
Will Conroy;25;2001;43;25;CHI;SF;51;1248;-2.68;667293;13.69;7.33;10.51
Will Conroy;26;2002;44;26;MIL;SG;93;1292;33.90;875185;10.0;3.89;6.95
Will Conroy;27;2003;45;27;ATL;SG;31;1026;-3.00;619357;7.49;6.78;7.14
Will Conroy;28;2004;46;28;ATL;SG;54;906;-3.00;660971;9.33;5.23;7.28
Will Conroy;29;2005;47;29;DEN;SG;59;731;-3.00;984177;13.87;4.73;9.3
Will Conroy;30;2006;48;30;SAS;SG;69;3243;-3.00;616405;38.81;7.13;9.62
Will Conroy;31;2007;49;31;SAS;SG;31;1289;-2.30;745752;4.06;1.32;2.69
Will Conroy;32;2008;50;32;SAS;SF;62;1783;-2.58;673686;13.02;5.82;9.42
Will Conroy;33;2009;51;35;SAS;SG;35;349;-3.00;702145;6.51;7.27;6.89
Will Conroy;34;2010;52;29;SAS;SF;54;1210;-3.00;984034;-40.89;7.78;9.28
Will Conroy;35;2011;53;35;SAS;SF;76;2000;-3.00;635570;16.48;7.5;11.99
Isaiah Morris;1;1978;18;2;DEN;PG;6;209;0.91;5579862;6.84;1.61;4.23
Isaiah Morris;2;1979;19;3;CLE;PG;24;193;2.15;10535708;8.76;5.54;7.15
Isaiah Morris;3;1980;20;4;CLE;PG;4;2;3.88;17449912;11.96;3.27;7.62
Isaiah Morris;4;1980;20;4;NOH;SG;49;-1003;3.91;17569812;10.68;0.82;5.75
Isaiah Morris;5;1980;20;4;SAC;SG;5;99;3.74;16890381;6.82;0.14;3.48
Isaiah Morris;6;1981;21;5;BUF;SG;11;254;2.48;11854602;56.93;2.05;6.36
Isaiah Morris;7;1982;22;6;SEA;SG;69;1882;2.14;10495741;11.44;6.96;9.2
Isaiah Morris;8;1983;23;7;SEA;PG;19;708;2.97;13812961;10.45;2.81;6.63
Isaiah Morris;9;1984;24;8;SEA;PG;68;1929;1.15;6539058;9.64;3.58;7.08
Isaiah Morris;10;1985;25;10;HOU;PG;35;192;1.29;7098589;13.79;0.68;7.24
Isaiah Morris;11;1986;26;7;HOU;PG;71;1647;1.46;7778019;4.51;0.17;2.34
Isaiah Morris;12;1986;26;10;IND;PG;56;785;1.01;5979527;7.52;2.55;5.04
Isaiah Morris;13;1986;26;10;WSB;PG;38;1078;-0.06;1703111;6.84;-11.43;3.63
Isaiah Morris;14;1987;27;11;WSB;PG;49;544;-0.42;264317;4.18;0.72;2.45
Isaiah Morris;15;1988;28;12;WAS;SG;45;2130;0.59;4300934;9.23;3.04;6.14
Isaiah Morris;16;1989;29;13;WAS;SG;67;2702;0.48;3861302;17.09;40.31;8.95
Isaiah Morris;17;1990;30;14;WAS;PG;89;-1668;1.44;7698086;6.5;1.57;4.04
Isaiah Morris;18;1991;31;15;WAS;PG;60;2782;0.44;3701436;6.75;2.55;4.65
Isaiah Morris;19;1992;32;16;PHI;PG;89;968;0.19;2702274;9.25;3.51;6.38
Isaiah Morris;20;1992;32;16;DEN;SG;6;21;1.16;6579024;5.42;4.5;4.96
Isaiah Morris;21;1993;29;17;CLE;C;19;642;-0.16;1303446;8.84;3.14;5.99
Isaiah Morris;22;1994;34;18;CLE;SG;5;143;0.08;2262642;6.86;5.07;5.97
Isaiah Morris;23;1995;35;19;CLE;SG;70;849;0.34;3301771;-17.43;6.71;7.33
Isaiah Morris;24;1996;36;20;LAL;SG;68;-3199;1.23;6858790;8.66;7.04;7.85
Isaiah Morris;25;1997;37;21;ATL;SG;34;282;1.86;9376679;13.52;6.57;10.05
Isaiah Morris;26;1998;38;22;ATL;SG;79;3785;0.75;4940398;11.79;2.03;6.91
Isaiah Morris;27;1999;39;23;ATL;SG;25;485;1.03;6059460;7.58;0.82;4.2
Isaiah Morris;28;2000;40;25;ATL;SG;99;1349;0.98;5859627;6.46;9.74;8.1
Isaiah Morris;29;2001;41;25;DAL;SG;52;1516;0.95;5739728;12.13;6.54;9.34
Isaiah Morris;30;2002;42;26;SAC;SG;42;1105;-21.83;3621503;11.89;2.6;7.25
Isaiah Morris;31;2003;43;27;UTA;SG;14;596;0.03;2062810;65.90;2.13;7.36
Isaiah Morris;32;2003;43;27;DET;SG;35;530;-0.45;144417;15.95;-11.96;9.53
Isaiah Morris;33;2004;44;28;BUF;SG;38;855;-1.26;866785;11.7;4.17;7.94
Isaiah Morris;34;2005;45;29;DET;SG;40;930;-1.70;703801;9.8;7.4;8.6
Isaiah Morris;35;2005;45;29;PHO;SG;63;1996;-1.85;967971;13.65;3.28;8.47
Michael Dickerson;1;1979;20;3;PHO;SG;73;1170;0.77;5020331;5.02;5.93;5.48
Michael Dickerson;2;1980;21;4;NOJ;SG;43;192;0.58;4260967;9.66;1.09;5.38
Michael Dickerson;3;1981;22;5;GSW;SG;64;362;1.13;6459125;8.07;0.41;4.24
Michael Dickerson;4;1982;23;6;PHO;SG;5;52;0.49;3901269;4.9;11.75;8.33
Michael Dickerson;5;1983;24;7;PHO;SG;37;425;1.00;5939560;12.09;-28.05;9.71
Michael Dickerson;6;1984;25;8;PHO;PG;65;2992;-0.44;184384;5.59;2.14;3.87
Michael Dickerson;7;1985;23;9;PHO;PG;27;945;-0.37;464149;6.99;0.57;3.78
Michael Dickerson;8;1986;27;10;PHO;PG;74;1665;0.07;2222676;6.18;2.84;4.51
Michael Dickerson;9;1987;28;10;PHO;PG;30;4142;-0.01;1902943;9.1;2.96;6.03
Michael Dickerson;10;1988;29;12;PHO;C;12;169;-0.01;1902943;5.85;3.98;4.92
Michael Dickerson;11;1989;30;13;PHO;PG;66;2341;0.92;5619828;8.34;3.84;6.09
Michael Dickerson;12;1990;31;14;PHO;PG;9;377;1.10;6339225;4.34;1.54;2.94
Michael Dickerson;13;1991;32;15;NOH;PG;13;583;0.33;3261805;8.31;4.3;6.31
Michael Dickerson;14;1992;33;16;CHI;PG;12;50;-0.58;638208;8.03;3.18;5.61
Michael Dickerson;15;1993;34;17;CHI;PG;95;936;-2.00;816253;13.41;2.69;8.05
Michael Dickerson;16;1994;35;18;CHI;PG;93;888;-2.47;859636;6.18;1.17;3.60
Michael Dickerson;17;1995;36;19;ORL;PG;81;3777;29.39;871132;10.18;2.47;6.82
Michael Dickerson;18;1995;36;19;DET;PG;45;17;-2.91;756927;7.0;1.94;4.47
Michael Dickerson;19;1996;33;20;GSW;PG;15;34;-3.00;724804;14.79;3.62;9.21
Michael Dickerson;20;1997;38;21;GSW;PG;69;537;-3.00;923353;8.99;4.92;6.96
Michael Dickerson;21;1998;39;22;CLE;PG;78;2843;-2.61;721379;7.53;0.59;4.06
Michael Dickerson;22;1999;40;23;CLE;PG;21;346;-2.49;890701;12.73;2.79;7.76
Michael Dickerson;23;2000;41;24;CLE;PG;26;742;-32.40;870681;8.71;4.08;6.4
Michael Dickerson;24;2000;41;24;MEM;PG;43;189;-2.69;-100822;6.22;1.4;3.81
Michael Dickerson;25;2000;41;24;ATL;PG;65;5051;-2.68;841330;7.65;0.12;3.89
Michael Dickerson;26;2001;42;25;ATL;PG;51;6878;-3.00;1731377;8.91;2.1;5.51
Michael Dickerson;27;2002;43;26;ATL;PG;31;43;-3.00;689697;6.09;4.14;5.12
Michael Dickerson;28;2003;44;27;NYK;PF;32;1407;-2.99;694841;6.79;3.77;5.28
Michael Dickerson;29;2004;45;28;NYK;SG;1;19;-2.34;690444;9.84;17.98;7.24
Michael Dickerson;30;2005;46;29;NYK;SG;89;546;-2.03;883346;6.41;5.41;5.91
Michael Dickerson;31;2006;47;30;NYK;SG;21;734;-3.00;775945;13.24;26.30;9.99
Michael Dickerson;32;2007;48;31;NYK;SG;17;475;-3.00;846255;12.47;3.5;7.99
Michael Dickerson;33;2008;49;32;PHO;SG;42;1293;-3.00;843803;8.6;0.88;4.74
Michael Dickerson;34;2009;50;33;PHO;SF;42;1189;-2.78;762690;8.52;5.66;7.09
Michael Dickerson;35;2010;51;32;PHO;SF;18;508;-3.00;750891;17.54;8.16;12.85
Victor Claver;1;1978;20;2;SAC;SF;46;1959;0.01;1982877;15.03;7.8;11.42
Victor Claver;2;1979;21;3;SAS;PG;33;933;-1.20;950712;7.07;0.27;3.67
Victor Claver;3;1980;22;4;LAL;SF;23;524;-2.59;927899;10.06;7.52;8.79
Victor Claver;4;1980;22;4;CHH;SF;3;63;-3.00;692828;16.44;13.66;15.05
Victor Claver;5;1981;23;5;CHH;SG;42;1666;-3.00;765473;10.36;4.77;7.57
Victor Claver;6;1982;24;6;CHH;SG;23;227;42.71;772514;7.11;5.18;6.15
Victor Claver;7;1983;25;7;VAN;SG;80;2468;-2.94;835103;4.66;3.89;4.28
Victor Claver;8;1984;26;8;VAN;SG;70;3090;39.01;736589;11.09;3.11;7.1
Victor Claver;9;1985;27;9;VAN;SG;69;295;-2.19;680831;16.21;2.91;9.56
Victor Claver;10;1986;28;10;DET;PF;60;1484;-2.70;662045;12.94;5.04;8.99
Victor Claver;11;1987;29;11;DET;PG;60;1368;-2.97;655156;9.48;6.57;8.03
Victor Claver;12;1987;29;11;DEN;C;50;4843;-3.00;713662;13.96;2.34;8.15
Victor Claver;13;1987;29;11;BOS;PG;18;429;-3.00;661542;36.38;13.30;6.74
Victor Claver;14;1988;30;12;DET;SG;13;383;-2.78;739416;4.88;6.35;5.62
Victor Claver;15;1989;31;13;PHI;PG;38;1725;-3.00;946054;9.74;0.24;4.99
Victor Claver;16;1989;31;13;NOH;PG;40;842;-3.00;986052;10.44;1.1;5.77
Victor Claver;17;1990;32;14;LAC;C;43;1567;-3.00;891928;4.52;0.78;2.65
Victor Claver;18;1991;33;15;LAC;SG;35;116;-3.00;800950;10.69;2.51;7.34
Victor Claver;19;1992;34;16;LAC;SG;79;1770;-3.00;742095;-37.34;8.45;8.7
Victor Claver;20;1993;35;17;MIL;SG;80;435;-3.00;758491;14.8;5.45;10.13
Victor Claver;21;1994;36;18;PHI;SG;44;1189;-3.00;774131;6.94;1.57;4.26
Victor Claver;22;1994;36;18;MIL;SG;28;387;-3.00;947794;11.29;6.33;8.81
Victor Claver;23;1995;37;19;NJN;SG;41;143;-3.00;636446;6.97;3.03;5.0
Victor Claver;24;1995;37;19;HOU;SG;25;619;-3.00;1780378;5.3;6.66;5.98
Victor Claver;25;1996;38;20;HOU;SG;41;1329;-2.96;915073;10.42;1.87;5.30
Victor Claver;26;1997;39;21;HOU;SG;70;801;-3.00;977655;13.24;4.75;9.0
Victor Claver;27;1997;39;21;CHA;SG;56;567;-3.00;913644;10.16;5.72;7.94
Victor Claver;28;1997;39;21;OKC;SG;19;153;-3.00;698174;10.43;8.07;9.25
Victor Claver;29;1998;40;22;UTA;PG;55;1668;-2.62;878003;8.96;0.09;4.53
Victor Claver;30;1999;41;23;UTA;PG;48;2229;-3.00;620534;7.92;2.58;5.25
Victor Claver;31;2000;42;20;UTA;PG;69;3235;-3.00;1109432;8.43;3.42;5.93
Victor Claver;32;2000;42;24;OKC;PG;28;458;-3.00;634187;6.58;3.73;5.16
Victor Claver;33;2000;42;24;MIL;PG;67;1195;-3.00;1506369;8.88;3.96;6.42
Victor Claver;34;2001;43;25;MIL;PG;44;1142;-3.00;841220;5.77;0.38;3.08
Victor Claver;35;2001;43;25;LAC;PF;76;3001;-2.50;669755;10.46;4.34;7.4
Gerald Brown;1;1979;17;1;LAC;C;24;411;3.13;14452425;15.24;14.69;14.97
Gerald Brown;2;1980;18;2;WAS;C;2;-42;2.90;13533195;18.58;13.16;17.86
Gerald Brown;3;1981;19;3;WAS;C;61;1085;2.74;12893731;24.34;8.04;16.19
Gerald Brown;4;1982;20;4;WAS;C;49;5599;3.58;16250917;22.27;8.17;15.22
Gerald Brown;5;1983;21;5;UTA;C;54;2553;5.46;23764619;19.6;6.7;10.38
Gerald Brown;6;1984;22;6;CHI;C;48;339;5.82;25203413;26.84;2.11;14.48
Gerald Brown;7;1985;23;7;CHI;PG;36;1698;-34.36;23444887;20.57;18.61;19.59
Gerald Brown;8;1986;24;8;PHI;C;10;-933;4.91;21566462;13.54;17.96;15.75
Gerald Brown;9;1986;24;8;IND;C;48;1830;4.11;18369142;27.06;9.57;18.32
Gerald Brown;10;1987;25;9;IND;C;13;417;4.12;18409108;18.75;2.07;10.41
Gerald Brown;11;1988;26;8;MEM;C;17;69;1.37;7418321;17.8;13.13;15.47
Gerald Brown;12;1989;27;11;ATL;C;63;2805;1.60;8337550;22.48;3.87;13.18
Gerald Brown;13;1990;28;12;ATL;C;33;13;3.21;13116588;21.61;15.32;18.47
Gerald Brown;14;1991;29;13;LAC;C;24;171;3.45;15731353;17.72;6.97;12.35
Gerald Brown;15;1992;30;14;BOS;C;27;777;2.16;10575674;27.76;9.44;18.6
Gerald Brown;16;1993;31;15;BOS;PF;72;275;1.71;8892438;13.24;6.23;9.74
Gerald Brown;17;1994;32;16;BOS;PF;79;3198;1.96;9776344;11.13;16.78;13.96
Gerald Brown;18;1994;32;16;CHI;PF;80;-6083;0.09;2302609;24.71;6.83;15.77
Gerald Brown;19;1994;32;16;GSW;PF;2;82;0.67;4620666;14.85;-32.32;11.78
Gerald Brown;20;1995;33;17;MIA;SF;5;45;1.26;6978689;10.2;10.18;10.19
Gerald Brown;21;1996;34;18;MIA;SF;66;2725;1.46;7778019;18.28;9.42;13.85
Gerald Brown;22;1997;35;19;MIA;SF;21;2592;0.92;5619828;17.56;8.05;12.81
Gerald Brown;23;1998;34;20;MIA;SF;63;448;0.55;4141068;12.86;7.1;9.98
Gerald Brown;24;1999;37;21;MIA;SF;15;239;0.38;3461637;21.07;4.21;12.64
Gerald Brown;25;2000;38;22;MIA;SF;79;3204;-1.11;920368;11.38;5.13;8.26
Gerald Brown;26;2001;39;23;MIA;SF;77;1627;-1.98;860980;22.03;4.13;13.08
Gerald Brown;27;2002;40;24;MIA;SF;75;2741;-2.45;980994;15.83;6.57;11.2
Gerald Brown;28;2002;40;24;OKC;SF;52;2010;-3.00;997169;18.98;12.68;15.83
Gerald Brown;29;2003;37;25;OKC;SF;42;999;-3.00;721669;19.54;5.45;12.5
Gerald Brown;30;2004;42;26;OKC;SF;64;1640;-3.00;818500;9.38;10.73;10.06
Gerald Brown;31;2004;42;26;CLE;SF;25;-1062;38.31;600968;15.83;5.4;10.62
Gerald Brown;32;2005;44;27;CLE;SF;15;313;-3.00;839965;15.78;11.09;13.44
Gerald Brown;33;2006;44;28;ORL;PF;15;78;-3.00;843734;19.45;8.21;13.83
Gerald Brown;34;2006;44;28;BOS;C;26;136;-3.00;1573241;20.49;7.51;14.0
Gerald Brown;35;2007;45;29;BOS;SG;38;167;-2.30;897618;-12.54;7.89;7.28
Paul Grant;1;1979;21;2;BOS;PF;61;1865;-0.97;964117;14.82;9.58;12.2
Paul Grant;2;1980;22;1;BOS;PF;76;652;-1.63;627667;11.27;7.87;9.57
Paul Grant;3;1981;23;4;BOS;PF;53;871;-1.47;647989;11.25;10.44;10.85
Paul Grant;4;1982;24;5;BOS;PF;10;274;-2.11;615615;-7.62;9.85;15.05
Paul Grant;5;1983;25;6;BOS;PF;22;943;-3.00;-182095;11.11;10.52;10.82
Paul Grant;6;1984;26;7;BOS;PF;70;441;-3.00;887575;18.67;9.34;14.01
Paul Grant;7;1984;26;7;CLE;PF;80;2859;-3.00;915653;16.18;6.77;11.48
Paul Grant;8;1985;27;8;IND;PF;67;2584;-2.69;699381;17.21;15.12;16.17
Paul Grant;9;1986;24;9;IND;PF;60;2286;-1.05;724229;11.72;11.0;11.36
Paul Grant;10;1987;29;10;IND;PF;35;260;-1.19;705992;19.01;-22.29;16.24
Paul Grant;11;1988;30;11;IND;PF;47;339;-0.91;737443;12.63;3.95;8.29
Paul Grant;12;1989;31;12;IND;PF;49;1259;-0.69;602687;25.14;8.45;16.8
Paul Grant;13;1990;32;13;PHI;PF;48;1616;-22.01;3221838;22.4;6.14;14.27
Paul Grant;14;1991;33;14;PHI;PF;7;136;0.01;1982877;32.15;13.11;22.63
Paul Grant;15;1992;34;15;PHI;PF;83;20;0.83;5260130;14.45;17.01;15.73
Paul Grant;16;1993;35;16;CLE;PF;78;669;-0.70;867231;23.02;14.33;18.68
Paul Grant;17;1994;36;17;MIN;PF;30;1338;-1.66;622654;25.88;10.09;17.99
Paul Grant;18;1995;37;16;IND;PF;27;935;-0.74;627298;16.62;1.0;8.81
Paul Grant;19;1996;38;19;IND;PF;58;2235;-0.07;1663144;20.67;10.28;15.48
Paul Grant;20;1997;39;20;IND;PF;64;923;-10.88;838995;16.52;10.81;13.67
Paul Grant;21;1998;40;21;IND;PF;55;350;38.75;712865;18.09;5.83;11.96
Paul Grant;22;1999;41;22;ATL;PF;9;263;-1.42;809162;14.85;5.93;10.39
Paul Grant;23;2000;42;23;ATL;PF;45;1634;-1.11;858222;13.79;11.62;12.71
Paul Grant;24;2001;43;24;NOH;PF;95;885;-1.46;886495;17.24;1.05;9.15
Paul Grant;25;2002;44;25;ATL;PF;8;21;-2.82;674659;19.26;9.92;14.59
Paul Grant;26;2003;45;26;ATL;PF;5;113;-2.39;616574;21.59;12.18;16.89
Paul Grant;27;2004;46;27;ATL;PF;63;2457;-2.86;676045;-2.52;3.71;14.29
Paul Grant;28;2005;47;28;ATL;PF;25;455;34.18;817539;12.27;10.75;11.51
Paul Grant;29;2006;48;29;ATL;PF;29;133;-3.00;922011;17.45;9.54;13.5
Paul Grant;30;2007;49;30;ATL;PF;73;2521;-23.65;848952;23.74;15.16;19.45
Paul Grant;31;2008;50;31;ATL;PF;59;1217;-3.00;640048;14.66;12.25;13.46
Paul Grant;32;2009;46;32;ATL;C;66;971;-3.00;644902;26.87;14.45;20.66
Paul Grant;33;2010;52;33;ATL;C;14;155;-2.18;941994;26.24;5.98;16.11
Paul Grant;34;2011;53;34;ATL;C;11;425;-2.05;1661976;39.7;9.96;24.83
Paul Grant;35;2012;54;35;POR;PF;13;-392;34.58;796135;25.08;5.98;15.53
Chad Gallagher;1;1979;18;4;WSB;PG;10;434;0.80;5140230;12.98;0.78;6.88
Chad Gallagher;2;1979;18;4;NYK;SG;28;2484;1.32;7218488;5.12;25.76;3.14
Chad Gallagher;3;1980;19;5;NYK;SG;8;299;1.12;6419158;10.06;9.16;9.61
Chad Gallagher;4;1981;20;6;NYK;SG;69;348;1.96;9776344;12.31;1.47;6.89
Chad Gallagher;5;1981;20;6;SAS;SG;7;264;1.91;9576512;7.67;5.72;6.7
Chad Gallagher;6;1982;21;7;SAS;SG;21;667;2.17;10615641;9.88;2.32;6.1
Chad Gallagher;7;1983;22;8;SAS;SG;30;277;3.26;14971989;4.57;1.56;3.07
Chad Gallagher;8;1984;23;9;BUF;SG;77;2368;3.65;16530683;14.2;5.59;9.9
Chad Gallagher;9;1984;23;9;NYK;SG;43;1536;3.27;15011956;9.06;6.84;7.95
Chad Gallagher;10;1984;23;9;OKC;SF;21;393;1.97;9816311;15.5;13.08;14.29
Chad Gallagher;11;1985;24;10;OKC;SF;7;146;1.83;9256780;18.63;7.46;13.05
Chad Gallagher;12;1986;25;11;OKC;SF;10;359;45.09;6579024;4.39;1.52;6.21
Chad Gallagher;13;1987;26;12;OKC;SF;79;3533;1.47;7817986;6.64;4.5;5.57
Chad Gallagher;14;1988;27;13;OKC;SG;15;430;1.63;8457450;5.81;2.15;3.38
Chad Gallagher;15;1989;28;14;OKC;SG;11;128;0.97;5819661;11.45;1.79;6.62
Chad Gallagher;16;1990;29;15;OKC;SG;37;1306;-1.02;778564;9.56;2.11;5.84
Chad Gallagher;17;1991;30;16;OKC;SG;40;715;-2.47;-125284;8.1;10.29;9.2
Chad Gallagher;18;1992;31;17;PHI;SG;57;535;-2.57;896816;13.75;6.42;19.85
Chad Gallagher;19;1993;32;18;POR;SG;19;816;-2.63;885927;5.88;4.79;5.34
Chad Gallagher;20;1994;33;19;NYK;SG;55;2384;-2.81;625113;9.31;1.83;5.57
Chad Gallagher;21;1994;33;19;GSW;SG;35;273;-2.80;615186;10.83;5.55;8.19
Chad Gallagher;22;1995;34;20;CLE;SG;59;544;-3.00;837810;9.34;7.5;9.41
Chad Gallagher;23;1996;35;21;POR;SG;22;886;-3.00;850179;7.96;11.09;9.53
Chad Gallagher;24;1997;36;22;POR;SG;71;2553;-3.00;783827;13.15;4.68;8.18
Chad Gallagher;25;1998;37;23;DET;SG;8;337;-3.00;716524;7.69;7.3;7.5
Chad Gallagher;26;1999;38;24;CHA;SG;40;934;-2.26;740594;13.47;3.07;8.27
Chad Gallagher;27;1999;38;24;ORL;SG;19;38;-2.24;637599;6.81;5.73;6.27
Chad Gallagher;28;2000;39;25;ORL;SG;53;604;-2.63;967208;5.44;6.33;6.41
Chad Gallagher;29;2001;40;26;GSW;SG;18;51;-3.00;647783;8.63;8.56;8.6
Chad Gallagher;30;2002;41;27;GSW;SG;67;615;-2.89;952961;7.35;3.18;5.27
Chad Gallagher;31;2003;42;28;GSW;SG;9;325;-3.00;983246;14.13;0.25;7.19
Chad Gallagher;32;2004;43;29;TOR;PF;91;545;-2.83;745827;10.82;3.06;6.94
Chad Gallagher;33;2005;44;30;TOR;SG;71;4146;-3.00;755970;12.41;2.47;7.44
Chad Gallagher;34;2006;45;31;TOR;SG;68;708;-29.93;774609;9.62;36.12;8.79
Chad Gallagher;35;2007;46;32;ATL;SG;53;795;-3.00;835414;8.1;3.16;5.63
Sean May;1;1979;19;4;DEN;SG;30;1248;0.37;3421671;8.13;3.76;5.95
Sean May;2;1979;19;4;MIA;SF;19;663;0.28;3061972;16.01;8.67;12.34
Sean May;3;1980;20;5;LAL;SF;80;778;-0.80;647936;17.12;5.49;11.31
Sean May;4;1981;21;6;LAL;PF;29;46;-3.00;754556;20.28;6.74;13.51
Sean May;5;1982;22;7;LAL;C;56;1910;-2.51;801805;25.59;14.65;20.12
Sean May;6;1983;23;8;SAS;C;57;1236;-2.97;641800;15.71;4.12;9.92
Sean May;7;1984;24;9;SAS;C;18;275;-3.00;920216;14.65;13.46;14.06
Sean May;8;1985;25;10;SAS;C;96;-1110;-2.38;910468;89.41;6.31;22.95
Sean May;9;1986;26;11;SAS;C;28;1091;-3.00;731320;16.27;12.74;14.51
Sean May;10;1987;27;12;KCK;C;64;1959;-2.77;785241;12.28;69.45;16.11
Sean May;11;1987;27;12;KCK;PF;7;57;-1.88;729839;14.71;17.34;16.03
Sean May;12;1988;28;13;SAS;PF;7;228;-1.77;916050;16.37;13.93;15.15
Sean May;13;1989;29;14;MIL;SF;53;2513;-1.03;924598;8.75;8.3;8.53
Sean May;14;1990;30;15;SAS;SF;28;231;-1.74;947512;7.39;5.62;6.51
Sean May;15;1991;31;16;NJN;SF;90;-1006;-2.81;692680;11.75;10.3;11.03
Sean May;16;1992;32;17;NJN;SG;58;242;-3.00;743778;10.82;5.45;8.14
Sean May;17;1992;32;17;PHI;SG;20;747;-3.00;979005;8.13;2.59;5.36
Sean May;18;1993;33;18;PHI;SG;17;97;-3.00;790372;13.65;7.44;10.55
Sean May;19;1994;34;19;PHI;SG;30;1026;-3.00;721803;6.53;0.67;3.6
Sean May;20;1995;35;23;PHI;SG;72;1400;-3.00;607490;10.9;1.52;6.21
Sean May;21;1995;35;20;DET;SG;68;1692;-3.00;635665;11.52;4.48;8.0
Sean May;22;1996;36;21;DET;C;50;2031;-3.00;-199765;8.56;6.13;7.35
Sean May;23;1997;37;24;DET;SG;52;1987;-2.89;921076;10.09;2.18;6.14
Sean May;24;1998;38;23;DET;SG;2;86;-1.96;917344;10.98;5.31;8.15
Sean May;25;1999;39;24;DET;PG;8;233;-3.00;989043;5.08;3.3;4.19
Sean May;26;2000;40;25;MIN;PF;26;1111;-2.50;949723;6.67;2.75;4.71
Sean May;27;2000;40;25;MIL;PG;71;1274;-3.00;1487431;6.3;4.15;5.23
Sean May;28;2001;41;26;MIL;PG;46;343;-2.69;740016;8.88;2.12;5.5
Sean May;29;2002;42;27;LAC;PG;37;1109;-2.37;753269;6.98;0.08;3.53
Sean May;30;2003;43;28;LAC;PG;37;1652;-3.00;844073;6.68;1.41;4.05
Sean May;31;2004;44;29;CLE;PG;9;206;41.66;748486;2.93;0.75;1.84
Sean May;32;2004;44;29;MEM;PG;75;789;-3.00;782147;11.26;3.55;7.29
Sean May;33;2005;45;30;MEM;PG;46;1438;-2.88;880492;5.03;1.18;3.11
Sean May;34;2006;46;31;MEM;PG;26;771;-2.92;636827;5.73;3.74;4.74
Sean May;35;2007;47;32;DET;PG;58;1592;-3.00;759366;11.7;0.14;5.92
Eddie Griffin;1;1979;20;1;DET;SG;10;263;1.15;6539058;12.76;6.43;9.6
Eddie Griffin;2;1980;21;2;DET;SG;21;752;1.75;8937048;8.41;7.81;8.11
Eddie Griffin;3;1981;18;3;BRK;SG;77;1831;2.14;10495741;8.3;0.57;4.44
Eddie Griffin;4;1982;23;4;MIA;C;79;-2030;1.07;6219326;8.2;6.06;7.13
Eddie Griffin;5;1983;24;8;TOR;SG;21;342;1.33;7258455;8.19;4.61;6.4
Eddie Griffin;6;1983;24;5;POR;SG;2;14;1.35;7338388;9.92;8.1;9.01
Eddie Griffin;7;1984;25;6;POR;SG;52;2190;3.52;16011118;11.91;-29.24;7.41
Eddie Griffin;8;1985;26;7;POR;SG;19;207;2.43;11654770;6.25;2.36;4.31
Eddie Griffin;9;1986;27;8;POR;SF;52;1748;0.93;5659795;16.35;3.9;10.13
Eddie Griffin;10;1987;28;9;POR;SG;49;532;0.55;4141068;30.57;2.55;6.97
Eddie Griffin;11;1988;29;10;LAL;SG;13;1640;0.40;3541570;4.3;0.66;2.48
Eddie Griffin;12;1989;30;11;LAL;SG;2;90;-2.09;677863;8.26;0.05;4.16
Eddie Griffin;13;1990;31;12;LAL;SG;57;1436;-1.71;774560;9.32;5.7;7.51
Eddie Griffin;14;1991;32;13;CHH;SG;40;1642;-2.52;683041;7.73;5.08;6.41
Eddie Griffin;15;1992;33;14;ORL;SG;60;1915;-3.00;810086;11.42;4.66;8.04
Eddie Griffin;16;1993;34;15;LAC;SG;13;261;-3.00;703352;11.61;4.93;8.27
Eddie Griffin;17;1993;34;15;WAS;SG;99;651;-3.00;976914;14.0;8.1;11.05
Eddie Griffin;18;1994;35;16;IND;SG;29;373;-2.94;756024;12.23;5.11;8.67
Eddie Griffin;19;1995;33;17;HOU;SG;67;2201;41.62;856887;55.15;5.3;6.78
Eddie Griffin;20;1996;37;18;HOU;SG;71;1759;-3.00;839692;11.33;3.61;7.47
Eddie Griffin;21;1997;38;19;HOU;SG;62;1740;-3.00;1351468;7.54;3.26;5.4
Eddie Griffin;22;1997;38;19;IND;SG;9;145;-2.45;634168;12.1;5.16;7.66
Eddie Griffin;23;1998;39;20;MIA;PF;49;789;-2.40;961016;10.12;5.11;7.62
Eddie Griffin;24;1998;39;20;POR;SG;62;588;-2.25;843995;11.36;5.24;8.3
Eddie Griffin;25;1999;40;21;POR;SG;74;316;-2.40;803029;10.33;4.05;7.19
Eddie Griffin;26;2000;41;22;POR;SG;17;462;-1.71;809596;9.13;3.31;5.57
Eddie Griffin;27;2001;42;23;POR;SF;51;2312;-2.86;982294;57.19;4.01;7.84
Eddie Griffin;28;2002;43;24;NYK;SF;5;33;-2.87;699049;44.06;8.15;11.8
Eddie Griffin;29;2002;43;24;HOU;PG;70;1636;-3.00;1535343;10.35;8.62;9.49
Eddie Griffin;30;2003;44;25;HOU;SF;35;936;-3.00;953357;11.17;8.42;9.8
Eddie Griffin;31;2004;45;26;CHI;PF;5;168;-3.00;677512;22.37;12.96;17.67
Eddie Griffin;32;2005;46;27;UTA;PF;91;1345;-3.00;615395;13.56;3.99;8.78
Eddie Griffin;33;2006;47;28;UTA;PF;60;392;-32.03;1191663;20.54;9.54;15.04
Eddie Griffin;34;2007;48;29;UTA;PF;10;390;-3.00;835172;23.49;6.15;14.82
Eddie Griffin;35;2008;49;30;IND;C;1;37;-3.00;936180;20.71;5.06;12.89
Frankie King;1;1979;20;2;IND;PG;39;1845;2.49;11894569;4.51;5.35;4.93
Frankie King;2;1980;21;3;WAS;SG;53;1572;2.62;12414133;14.13;4.76;9.45
Frankie King;3;1981;22;4;WAS;SF;46;1215;2.98;13852927;15.82;7.27;11.55
Frankie King;4;1982;23;5;WAS;PF;6;35;3.78;17050247;14.49;10.5;12.5
Frankie King;5;1983;24;6;GSW;PF;81;1863;2.83;13253430;22.32;6.73;14.53
Frankie King;6;1984;25;7;GSW;PF;62;896;2.94;13693061;19.37;11.94;15.66
Frankie King;7;1985;26;8;VAN;PF;45;1988;2.24;10895406;26.91;1.51;14.21
Frankie King;8;1986;27;9;CLE;PF;69;438;2.51;11974502;17.79;11.3;14.55
Frankie King;9;1987;28;6;GSW;PF;8;295;0.73;4860465;15.56;0.76;7.74
Frankie King;10;1988;29;11;DAL;SG;80;987;1.76;8977014;26.09;15.37;20.73
Frankie King;11;1988;29;11;PHO;PF;63;1939;3.10;14332525;12.01;10.24;11.13
Frankie King;12;1989;30;12;ATL;PF;37;1247;2.69;12693899;26.91;5.73;16.32
Frankie King;13;1989;30;12;ORL;SF;60;7962;3.58;16250917;6.25;7.57;6.91
Frankie King;14;1990;29;13;LAC;PF;8;248;3.54;16091051;-38.64;9.9;15.39
Frankie King;15;1991;32;14;LAC;PF;19;475;4.18;18648907;17.53;14.83;16.18
Frankie King;16;1992;33;15;HOU;PF;39;1305;4.45;19728003;15.08;4.76;9.92
Frankie King;17;1993;34;16;MIN;PF;42;287;3.58;16250917;22.16;10.23;16.2
Frankie King;18;1994;38;17;MIN;C;63;2839;3.08;14252592;15.03;15.92;15.48
Frankie King;19;1995;36;18;HOU;PG;32;-1451;3.24;14892056;29.65;9.64;19.65
Frankie King;20;1996;37;19;HOU;SG;12;519;2.10;10335875;31.28;15.22;23.25
Frankie King;21;1997;37;20;HOU;C;15;276;0.68;4660632;21.42;6.77;14.1
Frankie King;22;1998;39;21;ATL;C;41;287;0.55;4141068;24.32;2.28;13.3
Frankie King;23;1999;40;22;ATL;C;30;1098;0.42;3621503;26.14;6.9;13.64
Frankie King;24;2000;41;23;KCK;PF;60;2821;0.08;2262642;10.77;14.53;15.53
Frankie King;25;2001;42;24;UTA;PF;27;1126;-0.06;1703111;18.85;11.17;15.01
Frankie King;26;2002;43;25;UTA;SF;4;41;0.91;5579862;16.34;5.8;11.07
Frankie King;27;2002;43;26;PHO;SF;65;2023;1.16;6579024;12.21;10.62;11.42
Frankie King;28;2002;43;25;DET;SF;56;944;0.21;2782207;15.51;5.17;10.34
Frankie King;29;2003;44;26;DET;SG;18;440;0.68;4660632;11.27;9.38;10.33
Frankie King;30;2004;45;27;DET;SG;16;142;1.47;7817986;13.52;3.79;8.66
Frankie King;31;2005;46;28;LAC;SF;93;170;0.73;4860465;15.29;6.3;10.8
Frankie King;32;2006;47;29;MIL;SF;66;36;0.42;3621503;11.93;4.89;8.41
Frankie King;33;2007;48;30;MIL;SF;83;1370;1.13;6459125;7.01;4.8;5.91
Frankie King;34;2008;49;31;MIL;SF;35;800;0.07;2222676;20.47;6.64;13.56
Frankie King;35;2008;49;31;LAC;SF;10;366;1.84;9296746;19.35;11.59;15.47
Kelly Tripucka;1;1978;16;1;NYK;SG;43;1791;0.18;2662307;10.28;3.16;6.72
Kelly Tripucka;2;1979;17;2;MIA;SG;27;590;-0.49;602416;52.15;0.7;5.15
Kelly Tripucka;3;1980;18;1;MIA;SG;47;1108;-1.01;705560;8.2;1.76;4.98
Kelly Tripucka;4;1981;19;4;MIA;SG;20;362;-0.67;602560;11.39;1.15;6.27
Kelly Tripucka;5;1982;20;5;MIA;C;69;7344;-0.88;849676;14.75;29.37;8.05
Kelly Tripucka;6;1983;21;6;MIA;SF;31;722;-0.57;926671;14.96;5.31;10.14
Kelly Tripucka;7;1984;22;7;MEM;PF;78;2818;-1.65;605945;18.73;14.56;16.65
Kelly Tripucka;8;1985;23;8;MIN;PG;94;470;0.15;2542408;20.89;5.77;13.33
Kelly Tripucka;9;1986;24;9;MIN;PF;19;900;-0.65;955578;19.44;8.67;14.06
Kelly Tripucka;10;1987;25;10;MIN;PF;63;2911;-0.98;716270;11.44;5.75;8.6
Kelly Tripucka;11;1988;23;11;KCK;PF;25;2361;-0.81;780330;23.58;4.1;13.84
Kelly Tripucka;12;1989;27;12;MIN;PF;56;891;-0.63;726344;16.73;-15.90;14.35
Kelly Tripucka;13;1990;28;13;MIN;PF;40;214;1.10;6339225;14.65;7.07;10.86
Kelly Tripucka;14;1991;29;14;MIN;C;28;146;0.79;5100264;21.08;9.43;15.26
Kelly Tripucka;15;1992;30;15;MIN;C;33;408;2.01;9976176;17.29;3.7;10.5
Kelly Tripucka;16;1993;30;16;DAL;C;21;-660;2.34;11295071;15.33;9.07;12.2
Kelly Tripucka;17;1994;32;17;WAS;PF;35;1344;3.62;24196127;-29.32;4.87;9.57
Kelly Tripucka;18;1995;33;18;PHI;PF;61;2507;3.90;17529845;21.95;2.23;12.09
Kelly Tripucka;19;1996;34;19;PHI;PF;67;57;3.22;14812123;17.65;5.72;11.69
Kelly Tripucka;20;1997;35;20;GSW;C;17;792;4.23;18848740;32.64;23.94;28.29
Kelly Tripucka;21;1998;36;21;OKC;C;53;311;3.94;17689711;25.1;11.42;18.26
Kelly Tripucka;22;1999;37;22;GSW;PF;6;138;4.52;20007768;16.4;12.66;14.53
Kelly Tripucka;23;2000;38;23;GSW;PF;95;377;4.71;20767132;18.62;42.22;14.76
Kelly Tripucka;24;2001;39;24;WSB;PF;81;1910;-8.83;20327500;22.0;9.12;15.56
Kelly Tripucka;25;2001;39;24;POR;C;83;50;5.19;22685524;23.26;15.98;19.62
Kelly Tripucka;26;2002;40;25;MIN;C;46;1584;6.08;26242542;29.84;9.04;19.44
Kelly Tripucka;27;2003;41;26;MIN;C;49;2021;5.70;24723815;19.67;6.95;13.31
Kelly Tripucka;28;2004;42;27;MIN;PG;43;5497;4.71;20767132;23.02;9.8;16.41
Kelly Tripucka;29;2005;43;28;NOH;PF;9;125;4.44;19688036;-6.46;16.66;14.61
Kelly Tripucka;30;2005;43;28;LAC;PF;59;-365;3.83;17250080;17.83;2.4;10.12
Kelly Tripucka;31;2005;43;28;NYK;PF;63;2368;4.20;18728840;9.34;2.88;6.11
Kelly Tripucka;32;2006;44;29;TOR;PF;53;590;4.71;20767132;20.77;14.41;17.59
Kelly Tripucka;33;2007;45;30;NYK;PF;14;377;3.48;15851252;14.99;5.58;10.29
Kelly Tripucka;34;2008;46;31;NYK;PF;65;1224;3.97;17809611;16.91;7.97;12.44
Kelly Tripucka;35;2009;47;32;NYK;PF;67;3563;4.50;19927835;22.94;7.93;15.44
Jamaal Franklin;1;1979;19;3;NYK;PG;75;735;2.26;10975339;2.24;0.86;1.55
Jamaal Franklin;2;1980;20;4;CHI;PG;68;1737;2.89;13493229;11.15;3.65;7.4
Jamaal Franklin;3;1981;21;5;LAC;PG;32;1384;3.68;16650582;11.75;0.95;6.35
Jamaal Franklin;4;1981;21;5;UTA;PG;22;298;4.92;21606428;-31.36;4.85;7.27
Jamaal Franklin;5;1982;22;6;WSB;PG;9;260;4.32;19208438;11.39;1.38;6.39
Jamaal Franklin;6;1983;23;7;WSB;PG;36;754;3.83;17250080;8.02;5.95;6.02
Jamaal Franklin;7;1984;24;8;CHO;PG;44;1509;3.24;14892056;4.54;2.33;3.44
Jamaal Franklin;8;1985;25;9;HOU;PG;33;445;4.36;19368304;6.41;-3.19;4.21
Jamaal Franklin;9;1986;26;10;GSW;PG;3;404;4.26;18968639;9.85;1.74;5.8
Jamaal Franklin;10;1987;27;11;PHI;C;51;43;4.81;21166797;7.96;1.32;4.64
Jamaal Franklin;11;1988;28;12;PHI;PG;20;93;5.31;23165122;10.51;2.04;6.28
Jamaal Franklin;12;1989;29;13;PHI;SG;61;5561;5.15;22525658;12.31;29.44;7.11
Jamaal Franklin;13;1990;30;14;DEN;SG;67;1799;6.35;27321638;6.18;4.59;5.39
Jamaal Franklin;14;1991;31;15;DEN;SG;56;2678;6.04;26082676;6.83;3.52;5.18
Jamaal Franklin;15;1992;32;16;DEN;PF;61;185;6.87;34967848;5.03;2.54;3.79
Jamaal Franklin;16;1993;34;17;DEN;PG;47;1491;6.60;28320800;9.98;3.91;6.95
Jamaal Franklin;17;1994;34;18;DEN;PG;59;2321;5.35;23324988;11.87;4.13;8.0
Jamaal Franklin;18;1995;35;19;POR;PG;97;2039;5.64;24484016;6.11;2.85;4.48
Jamaal Franklin;19;1996;36;20;IND;PG;14;160;5.31;23165122;8.42;5.24;6.83
Jamaal Franklin;20;1997;37;24;CHI;PF;24;245;4.48;19847902;7.49;20.12;4.05
Jamaal Franklin;21;1998;38;22;CHI;SG;13;471;5.16;22565624;15.48;6.57;11.03
Jamaal Franklin;22;1999;39;23;MEM;SG;39;1087;3.91;17569812;7.48;1.24;4.36
Jamaal Franklin;23;2000;40;24;CHI;SG;34;1447;4.50;19927835;5.3;6.45;5.88
Jamaal Franklin;24;2000;40;26;SAC;SG;19;640;5.26;22965289;11.49;4.01;7.75
Jamaal Franklin;25;2001;41;25;SAC;SG;71;2949;4.48;25157519;7.52;8.61;8.07
Jamaal Franklin;26;2002;42;26;SAC;SG;76;2757;3.86;17369979;4.72;6.91;5.82
Jamaal Franklin;27;2002;42;26;POR;SG;26;772;4.96;21766294;36.91;28.79;5.34
Jamaal Franklin;28;2003;43;27;POR;SG;31;561;4.80;21126830;4.91;2.25;3.58
Jamaal Franklin;29;2004;44;28;WAS;SG;16;-1484;5.09;16092758;9.26;2.43;6.37
Jamaal Franklin;30;2005;45;29;ATL;C;54;1321;5.10;22325825;11.69;9.89;10.79
Jamaal Franklin;31;2006;46;30;ATL;SG;53;1721;4.80;21126830;11.91;5.64;8.78
Jamaal Franklin;32;2007;47;31;DEN;SG;47;926;4.56;20167634;32.43;4.47;9.72
Jamaal Franklin;33;2008;48;29;PHO;SG;86;727;3.38;15451587;10.11;4.93;7.52
Jamaal Franklin;34;2009;49;33;PHO;SG;59;1697;3.78;14657426;-5.24;10.06;8.19
Jamaal Franklin;35;2010;50;34;ORL;SG;58;1094;3.57;16210951;7.79;4.28;6.04
Tony Price;1;1979;20;2;ORL;PG;19;97;2.70;12733865;9.91;3.53;6.72
Tony Price;2;1979;20;2;NJN;PG;41;718;16.37;14252592;6.49;-2.69;4.87
Tony Price;3;1980;21;3;NJN;PG;64;1226;2.77;13013631;10.78;1.02;5.9
Tony Price;4;1980;21;3;CHH;PG;42;782;2.77;13013631;6.41;0.79;3.6
Tony Price;5;1981;22;4;CHH;PG;50;1005;3.37;15411621;3.79;5.05;4.42
Tony Price;6;1982;23;5;CHH;PG;54;1588;3.40;15531520;10.61;18.00;6.65
Tony Price;7;1982;23;5;BOS;PG;16;712;3.18;14652257;5.42;1.55;2.52
Tony Price;8;1983;24;6;DEN;PG;56;2664;1.93;9656445;8.48;3.34;5.91
Tony Price;9;1984;25;7;NJN;PG;64;2737;25.90;12933698;6.9;4.11;4.70
Tony Price;10;1984;25;7;UTA;PG;77;837;2.93;20077542;9.03;0.38;4.71
Tony Price;11;1985;26;8;UTA;PG;63;447;1.22;6818823;6.11;2.71;4.41
Tony Price;12;1985;26;8;PHI;PG;1;36;-0.04;1783044;6.79;4.77;5.78
Tony Price;13;1986;27;9;PHI;PG;8;143;-0.78;812529;7.35;0.53;3.94
Tony Price;14;1987;28;10;IND;C;44;816;-2.01;868796;8.63;2.1;5.37
Tony Price;15;1988;29;11;IND;PG;54;460;-3.00;715249;3.3;2.77;3.04
Tony Price;16;1989;30;13;CHO;PG;22;480;-2.41;637978;7.92;4.95;6.44
Tony Price;17;1990;31;13;IND;PG;63;1174;-2.56;781033;6.0;5.85;5.93
Tony Price;18;1991;32;14;IND;PG;35;1157;-1.90;970706;12.67;1.73;7.2
Tony Price;19;1992;33;15;IND;PG;81;1181;-1.80;816407;13.05;1.81;7.43
Tony Price;20;1993;34;16;IND;PG;66;1458;-1.64;922268;10.64;0.45;6.12
Tony Price;21;1994;35;17;DAL;PG;3;18;-2.60;906993;6.73;3.6;5.81
Tony Price;22;1994;35;17;NJN;PF;36;1487;-3.00;724935;4.85;1.56;3.21
Tony Price;23;1994;35;17;PHI;PG;33;374;-3.00;885919;8.64;1.36;5.0
Tony Price;24;1995;36;18;PHI;PG;10;440;-3.00;652032;10.14;1.92;6.03
Tony Price;25;1996;37;19;DET;PG;39;1750;-3.00;675080;5.79;3.02;4.41
Tony Price;26;1997;38;20;BOS;PG;5;190;-3.00;984337;8.74;2.1;5.42
Tony Price;27;1998;39;21;MIN;PG;77;2197;-3.00;736434;11.9;2.61;7.26
Tony Price;28;1999;40;22;DET;PG;20;305;-3.00;896302;9.01;4.28;6.65
Tony Price;29;2000;41;23;SAC;SG;69;2103;19.32;671457;7.53;5.65;6.59
Tony Price;30;2001;42;24;SAC;SF;22;838;-3.00;796354;13.94;0.72;7.33
Tony Price;31;2002;43;25;SAC;SF;47;654;-2.97;843690;11.42;3.63;7.53
Tony Price;32;2003;44;26;SAC;SF;44;284;-2.87;833281;9.24;5.64;7.44
Tony Price;33;2004;45;27;SAC;SF;75;1816;-2.71;825079;20.85;2.89;11.87
Tony Price;34;2005;46;28;SAC;SF;36;894;-2.62;613340;11.37;1.98;6.68
Tony Price;35;2006;47;29;SAC;SF;70;877;-3.00;750392;7.49;-36.86;8.32
Jim Les;1;1979;21;4;SAC;PG;18;299;0.82;5220163;10.58;3.85;7.22
Jim Les;2;1979;21;4;LAC;SG;45;1619;0.39;3501604;7.66;2.26;4.96
Jim Les;3;1979;21;4;SEA;SG;12;396;2.16;10575674;8.26;2.01;5.14
Jim Les;4;1980;22;5;SEA;SG;21;354;0.92;5619828;5.14;5.78;5.46
Jim Les;5;1981;23;6;SEA;SG;22;-1058;1.61;8377517;11.87;9.93;10.9
Jim Les;6;1982;27;7;SEA;SG;30;358;2.13;10455775;5.34;0.1;2.72
Jim Les;7;1983;25;8;SEA;SG;32;864;-0.01;1902943;10.92;1.52;6.22
Jim Les;8;1984;26;9;ORL;PF;50;1496;2.52;12014468;9.61;5.12;7.37
Jim Les;9;1984;26;9;SAC;SG;72;2605;-11.59;9936210;16.29;17.00;14.76
Jim Les;10;1985;27;10;CHA;SG;13;147;2.51;11974502;12.75;4.35;8.55
Jim Les;11;1986;28;11;CHA;SG;96;84;2.70;12733865;18.52;24.33;11.58
Jim Les;12;1987;29;12;MIL;C;62;1626;2.42;11614803;7.55;2.26;4.91
Jim Les;13;1988;30;13;OKC;SG;53;127;2.69;12693899;11.96;4.23;8.1
Jim Les;14;1989;31;14;MIL;SG;33;662;3.39;15491554;13.57;7.83;10.7
Jim Les;15;1990;27;15;MIL;SG;30;-56;3.27;15011956;14.3;7.22;10.76
Jim Les;16;1991;33;16;MIL;SG;79;2410;4.29;19088539;9.89;2.91;6.4
Jim Les;17;1992;34;17;CHI;SG;10;433;3.58;16250917;6.28;4.22;5.25
Jim Les;18;1993;35;18;CHI;SG;81;894;3.45;15731353;10.24;-3.29;7.16
Jim Les;19;1994;36;19;CHI;SG;56;1623;2.82;13213463;15.18;2.57;8.88
Jim Les;20;1995;37;20;CHI;SG;20;39;2.44;11694736;11.46;2.31;6.89
Jim Les;21;1996;38;21;CHI;SG;61;2764;1.43;7658120;4.16;15.98;3.89
Jim Les;22;1997;39;22;CHI;SG;42;568;1.47;7817986;16.81;5.48;11.15
Jim Les;23;1998;40;23;CHI;SG;3;62;38.79;10695574;9.7;5.17;7.44
Jim Les;24;1999;41;24;CHI;SG;25;1121;2.50;11934535;6.78;5.22;6.0
Jim Les;25;2000;42;25;CHI;SG;80;2624;1.81;9176847;6.9;2.49;4.7
Jim Les;26;2001;43;26;CHI;SG;9;288;1.36;7378354;6.54;4.37;5.46
Jim Les;27;2002;44;27;CHI;PG;38;1352;-31.56;7058622;5.08;3.47;4.28
Jim Les;28;2003;45;28;CHI;PG;12;175;1.28;7058622;17.1;3.43;10.27
Jim Les;29;2003;45;28;PHI;PG;27;824;1.15;6539058;8.23;1.52;4.88
Jim Les;30;2004;46;29;PHI;PG;54;296;0.35;3341738;-14.24;2.48;7.39
Jim Les;31;2005;47;30;PHI;PG;80;689;1.10;6339225;8.22;2.88;5.55
Jim Les;32;2006;48;31;PHI;PG;89;519;1.07;6219326;12.32;1.56;6.94
Jim Les;33;2007;49;32;SAC;PG;37;1028;0.57;4221001;10.29;3.32;6.81
Jim Les;34;2008;49;33;SAC;PG;52;1078;-0.88;884995;11.5;3.35;7.43
Jim Les;35;2009;51;34;SAC;PG;9;364;-0.59;797436;10.85;2.65;6.75
Jarvis Varnado;1;1978;21;0;VAN;SF;70;1040;1.24;6898756;8.15;7.49;7.82
Jarvis Varnado;2;1979;22;1;PHI;SF;67;503;1.34;7298421;21.4;2.45;11.93
Jarvis Varnado;3;1980;23;2;NOJ;SF;81;276;0.67;4620666;8.05;4.79;6.42
Jarvis Varnado;4;1981;24;3;PHI;SF;44;857;0.00;1942910;11.82;6.83;9.33
Jarvis Varnado;5;1982;25;4;PHI;SF;62;2268;1.29;7098589;15.55;4.21;9.88
Jarvis Varnado;6;1983;26;5;PHI;SF;37;901;1.62;8417483;16.69;4.54;8.51
Jarvis Varnado;7;1983;26;5;DEN;SF;1;17;0.37;3421671;13.99;7.59;10.79
Jarvis Varnado;8;1984;27;6;DAL;SF;34;1582;-0.20;1143580;7.7;11.47;9.59
Jarvis Varnado;9;1985;28;7;GSW;SF;27;572;0.22;2822173;14.69;6.08;10.39
Jarvis Varnado;10;1986;29;8;GSW;SF;34;984;-1.49;738263;18.93;5.7;12.32
Jarvis Varnado;11;1987;30;9;MIL;SF;62;1487;-2.26;723857;13.42;7.06;10.24
Jarvis Varnado;12;1988;31;10;MIL;SF;14;45;-2.38;907796;-31.14;8.12;9.22
Jarvis Varnado;13;1989;32;11;SAS;SF;60;1132;-1.69;888171;11.47;3.81;7.64
Jarvis Varnado;14;1989;32;11;NYK;PF;53;2382;-1.13;859853;15.15;9.26;12.21
Jarvis Varnado;15;1990;33;12;NYK;PF;55;2621;-1.18;675376;12.9;15.08;13.99
Jarvis Varnado;16;1991;34;13;NYK;PF;28;1179;-1.92;1146020;12.27;14.05;18.50
Jarvis Varnado;17;1992;35;14;ATL;PF;24;1043;-2.59;939618;16.47;7.75;12.11
Jarvis Varnado;18;1993;36;15;ATL;PF;55;1689;-3.00;625310;9.69;12.42;11.06
Jarvis Varnado;19;1993;36;15;SAC;PF;35;1250;-3.00;898652;14.4;9.33;11.87
Jarvis Varnado;20;1994;37;16;SEA;PF;10;403;-2.89;634447;22.12;14.33;18.23
Jarvis Varnado;21;1995;38;17;POR;PF;20;242;-3.00;1645145;15.87;14.21;15.04
Jarvis Varnado;22;1996;39;18;PHI;C;43;1561;-3.00;1411170;18.98;0.76;9.87
Jarvis Varnado;23;1996;38;18;DEN;C;12;163;-3.00;899837;16.23;9.06;12.65
Jarvis Varnado;24;1997;40;19;SAC;C;8;341;-1.70;648459;16.47;12.11;14.29
Jarvis Varnado;25;1998;41;20;HOU;C;79;1005;-2.08;775814;16.83;5.5;11.17
Jarvis Varnado;26;1999;42;21;HOU;C;21;546;-2.59;718013;19.02;10.06;14.54
Jarvis Varnado;27;2000;43;22;HOU;C;49;171;-1.67;652324;19.29;15.31;17.3
Jarvis Varnado;28;2001;44;23;HOU;C;55;641;-1.38;704580;35.11;2.36;18.74
Jarvis Varnado;29;2002;45;24;HOU;C;52;2089;-2.06;850135;-17.26;5.83;15.74
Jarvis Varnado;30;2003;46;25;HOU;C;61;890;-2.61;929172;12.31;15.94;14.13
Jarvis Varnado;31;2003;46;25;POR;PG;90;2064;-2.76;978106;28.0;5.11;16.56
Jarvis Varnado;32;2004;47;26;PHI;C;2;81;-3.00;786071;15.39;6.46;10.93
Jarvis Varnado;33;2004;47;26;NJN;C;74;2528;-1.94;679689;22.48;16.1;19.29
Jarvis Varnado;34;2005;48;27;NJN;C;55;899;-1.83;869918;30.3;15.81;23.06
Jarvis Varnado;35;2006;49;28;LAL;C;46;888;-1.82;734635;10.3;5.7;8.0
Jamal Mashburn;1;1979;20;4;LAL;SG;16;105;-0.25;943747;14.1;1.25;7.68
Jamal Mashburn;2;1980;21;5;SDC;SG;30;1363;0.39;3488497;9.27;4.26;6.77
Jamal Mashburn;3;1981;22;6;ATL;SG;33;1516;1.76;8977014;14.26;5.89;10.08
Jamal Mashburn;4;1982;23;7;ATL;SG;78;3630;2.69;12693899;5.44;3.72;4.58
Jamal Mashburn;5;1983;24;8;ATL;PG;25;614;1.88;9456612;9.11;0.7;4.91
Jamal Mashburn;6;1983;24;8;CLE;PF;10;217;2.27;11015306;11.38;3.16;7.27
Jamal Mashburn;7;1983;28;8;CHI;PG;53;321;1.58;8257617;5.99;0.87;3.43
Jamal Mashburn;8;1984;25;9;CHI;PG;61;2818;-13.71;9456612;9.48;0.05;4.77
Jamal Mashburn;9;1985;26;10;CHI;PG;21;417;2.16;10575674;7.29;3.14;5.22
Jamal Mashburn;10;1986;27;11;LAC;C;28;-1295;26.19;13093564;10.64;3.23;6.94
Jamal Mashburn;11;1987;28;12;LAC;PG;73;3257;3.01;13972827;4.15;0.75;2.45
Jamal Mashburn;12;1988;29;13;DEN;PG;39;1583;3.60;16330850;5.11;0.16;2.64
Jamal Mashburn;13;1989;30;14;TOR;PG;9;247;3.80;17130180;12.13;2.97;7.55
Jamal Mashburn;14;1990;31;15;TOR;PG;70;1658;4.63;20447400;12.98;5.04;9.01
Jamal Mashburn;15;1990;31;15;DEN;PG;76;2058;4.80;21126830;10.5;2.57;6.54
Jamal Mashburn;16;1991;32;16;DEN;PG;76;1203;4.44;19688036;6.48;6.47;6.48
Jamal Mashburn;17;1992;33;18;DEN;SG;43;3;4.91;21566462;10.8;2.7;6.75
Jamal Mashburn;18;1992;33;17;UTA;SG;35;261;3.86;17369979;10.02;3.76;6.89
Jamal Mashburn;19;1993;34;18;UTA;SF;29;441;4.64;20487366;8.08;3.76;5.92
Jamal Mashburn;20;1994;35;19;SAC;SF;35;708;4.14;18489041;22.04;7.09;15.98
Jamal Mashburn;21;1995;36;20;TOR;SF;25;608;5.61;24364117;22.58;1.39;11.99
Jamal Mashburn;22;1996;37;21;LAC;SF;26;933;4.21;18768807;7.79;5.9;6.85
Jamal Mashburn;23;1997;38;22;LAC;SF;58;348;5.51;23964452;8.95;9.38;9.17
Jamal Mashburn;24;1997;38;22;LAC;SG;59;2715;4.85;21326663;6.77;7.73;7.25
Jamal Mashburn;25;1998;39;23;NOH;SF;34;1098;4.98;21846227;18.63;6.24;12.44
Jamal Mashburn;26;1999;40;24;NOH;SF;33;1010;4.80;21126830;8.06;2.28;5.17
Jamal Mashburn;27;2000;41;25;WAS;SF;55;2137;3.52;19243026;21.23;6.68;13.96
Jamal Mashburn;28;2001;42;26;SEA;SF;18;175;2.93;13653095;13.17;5.55;9.36
Jamal Mashburn;29;2002;43;27;NYK;SF;71;1175;2.82;13213463;35.96;5.58;8.47
Jamal Mashburn;30;2003;44;24;NYK;SG;20;124;1.28;7058622;6.26;8.32;7.29
Jamal Mashburn;31;2003;44;28;DAL;SG;60;-3550;0.92;5619828;8.39;1.57;4.98
Jamal Mashburn;32;2004;45;29;NYK;SG;5;169;0.60;4340900;6.86;8.01;7.44
Jamal Mashburn;33;2005;46;30;NYK;SG;10;-284;-1.15;755950;10.74;6.52;8.63
Jamal Mashburn;34;2006;48;31;NYK;SG;3;110;-1.80;830799;5.45;4.06;4.76
Jamal Mashburn;35;2007;48;32;NYK;SG;77;276;33.12;613088;11.89;0.56;6.23
Rick Fox;1;1979;17;1;NYK;SG;74;395;0.47;3821336;15.44;8.1;11.77
Rick Fox;2;1980;18;2;CHO;SG;55;1266;1.62;8417483;4.19;4.59;4.39
Rick Fox;3;1980;18;-2;ORL;SG;73;478;2.05;10136042;9.24;4.78;7.01
Rick Fox;4;1981;19;3;IND;SF;71;2496;3.39;15491554;17.15;3.81;10.48
Rick Fox;5;1981;19;3;LAC;SF;50;1946;3.57;16210951;15.95;6.0;10.98
Rick Fox;6;1982;20;4;LAC;PF;13;563;2.91;13573162;23.17;12.55;17.86
Rick Fox;7;1983;21;5;LAC;SF;78;2102;1.65;8537383;21.61;7.59;14.6
Rick Fox;8;1984;22;6;LAC;PF;70;1475;2.18;10655607;16.48;12.8;14.64
Rick Fox;9;1985;23;7;LAC;C;8;145;1.72;8817148;23.19;19.54;21.37
Rick Fox;10;1985;23;7;WAS;C;26;281;1.16;6579024;27.64;7.63;17.64
Rick Fox;11;1986;24;8;WAS;C;80;1818;0.44;3701436;31.06;9.86;20.46
Rick Fox;12;1987;25;9;WAS;SG;89;1284;0.40;3541570;6.82;6.76;6.79
Rick Fox;13;1987;25;9;MIL;SG;30;956;0.36;3381704;10.44;1.16;5.8
Rick Fox;14;1988;26;10;TOR;SG;33;930;1.12;6419158;14.09;0.45;7.27
Rick Fox;15;1989;27;11;POR;SG;31;1313;0.63;4460800;6.32;3.94;5.13
Rick Fox;16;1990;28;12;POR;SG;66;400;1.13;6459125;7.58;3.78;5.68
Rick Fox;17;1991;29;12;DEN;SG;74;4765;0.61;4380867;13.13;6.21;9.67
Rick Fox;18;1992;30;14;MIL;SG;62;1889;0.23;2862140;9.44;1.34;5.76
Rick Fox;19;1993;31;15;LAL;SG;17;460;-0.43;258305;12.19;0.12;6.16
Rick Fox;20;1994;32;16;LAL;SG;40;1296;1.08;6259292;14.75;44.61;11.12
Rick Fox;21;1995;33;17;LAL;SG;79;1602;1.19;6698924;9.78;1.26;5.52
Rick Fox;22;1996;34;18;LAL;SG;36;1544;0.78;5060297;4.21;3.97;4.09
Rick Fox;23;1997;35;19;LAL;SG;81;2933;0.07;2222676;13.14;2.23;7.72
Rick Fox;24;1998;33;20;ATL;SG;31;1467;1.15;6539058;11.19;1.73;6.46
Rick Fox;25;1999;37;21;SDC;SG;12;314;-0.52;941945;-36.20;0.78;2.74
Rick Fox;26;2000;38;22;UTA;SG;25;882;-1.27;992851;7.44;2.86;5.15
Rick Fox;27;2001;39;23;UTA;C;75;2498;-1.84;947968;9.32;6.61;7.97
Rick Fox;28;2002;40;24;UTA;SG;66;2960;-1.65;677023;11.47;-26.31;7.13
Rick Fox;29;2003;41;25;UTA;SG;39;791;-2.79;940980;8.09;9.6;8.85
Rick Fox;30;2003;41;25;NJN;SG;18;100;-2.61;606632;11.75;0.63;6.19
Rick Fox;31;2004;42;24;NJN;PG;51;194;-2.15;930041;9.26;0.95;5.11
Rick Fox;32;2005;43;27;ATL;PG;89;-1395;-2.94;647659;6.3;0.44;3.37
Rick Fox;33;2006;43;28;ATL;PG;12;145;-1.49;649734;8.2;24.39;5.07
Rick Fox;34;2007;45;29;ATL;PG;75;473;-1.14;763914;4.95;1.47;3.21
Rick Fox;35;2008;46;30;NYK;PG;19;843;-1.34;962956;10.47;1.81;6.14
Tyrus Thomas;1;1978;19;1;BOS;PG;50;2236;0.87;5419996;5.39;1.39;3.39
Tyrus Thomas;2;1979;20;2;BOS;PG;69;2958;0.60;4340900;12.62;1.73;7.35
Tyrus Thomas;3;1980;21;3;BOS;PG;44;854;0.76;4980364;8.46;0.11;4.29
Tyrus Thomas;4;1981;22;4;BOS;PG;27;642;0.34;3301771;30.46;2.62;4.66
Tyrus Thomas;5;1981;22;4;CLE;PG;10;404;1.30;7138555;0.02;0.13;4.0
Tyrus Thomas;6;1982;23;5;TOR;PG;21;238;24.69;7897919;8.43;29.04;5.51
Tyrus Thomas;7;1983;24;6;MIL;PG;19;573;2.31;11175172;9.44;1.39;5.42
Tyrus Thomas;8;1984;25;7;MIL;PG;7;57;3.05;14132693;5.7;1.66;3.68
Tyrus Thomas;9;1985;21;8;MIL;PG;50;483;2.74;12893731;11.27;2.74;7.01
Tyrus Thomas;10;1986;27;9;MIL;PG;11;397;2.00;9936210;9.81;1.03;5.42
Tyrus Thomas;11;1987;28;10;MIL;PG;19;397;2.33;11255105;8.27;4.53;6.4
Tyrus Thomas;12;1987;28;10;WSB;PG;24;825;1.33;7258455;10.88;7.25;9.07
Tyrus Thomas;13;1988;29;11;WSB;PG;69;1931;-0.41;304283;7.72;3.4;5.56
Tyrus Thomas;14;1989;30;12;WSB;PG;46;1907;-1.12;916394;11.31;1.93;6.62
Tyrus Thomas;15;1990;31;13;OKC;PG;27;1093;-0.80;816111;12.8;1.95;7.38
Tyrus Thomas;16;1991;32;14;WSB;PG;44;2068;-0.15;1343412;8.08;1.11;4.6
Tyrus Thomas;17;1992;33;15;WSB;SG;51;195;-0.06;1703111;-32.17;3.56;5.73
Tyrus Thomas;18;1993;34;16;WSB;PF;55;619;0.06;2182709;17.9;4.19;11.05
Tyrus Thomas;19;1994;35;17;WSB;PG;6;1;-1.23;701883;6.81;4.11;5.46
Tyrus Thomas;20;1995;36;18;LAC;SG;15;702;-0.76;654977;14.72;-27.78;10.03
Tyrus Thomas;21;1996;37;17;CLE;SG;53;190;-0.49;797961;8.42;3.44;5.93
Tyrus Thomas;22;1997;38;20;CLE;SG;19;333;0.24;2902106;5.91;4.25;5.08
Tyrus Thomas;23;1998;39;21;CLE;SF;59;2041;-0.01;1902943;0.60;1.9;10.25
Tyrus Thomas;24;1999;40;22;MIL;SF;44;1729;0.07;2222676;15.44;3.8;9.62
Tyrus Thomas;25;1999;40;22;WSB;SG;43;303;-0.18;1223513;8.64;2.51;5.58
Tyrus Thomas;26;2000;41;23;WSB;SG;85;1181;-0.10;1444797;11.24;6.07;8.66
Tyrus Thomas;27;2001;42;24;WSB;SG;2;12;-0.05;1743077;-25.16;0.19;4.31
Tyrus Thomas;28;2002;43;25;WSB;SG;61;261;1.00;5939560;11.09;6.59;8.84
Tyrus Thomas;29;2003;47;26;MIL;SG;34;711;0.09;2302609;5.06;4.68;4.87
Tyrus Thomas;30;2003;44;26;DAL;PG;61;1093;0.08;2262642;4.27;2.46;3.37
Tyrus Thomas;31;2004;45;27;DAL;PG;40;1863;-0.55;792823;9.46;6.09;7.78
Tyrus Thomas;32;2005;46;28;DAL;PG;67;935;-2.40;706392;3.28;1.53;2.41
Tyrus Thomas;33;2005;46;28;WAS;SG;14;-1114;-1.41;726643;11.45;3.84;7.65
Tyrus Thomas;34;2006;47;29;NYK;SG;36;1300;-2.48;736417;12.57;6.69;9.63
Tyrus Thomas;35;2007;48;30;NYK;SF;54;2088;-5.81;610852;18.65;8.98;13.82
Darrell Lockhart;1;1978;18;0;DEN;PF;50;1479;1.02;6019493;23.31;2.55;12.93
Darrell Lockhart;2;1979;19;1;DEN;PF;71;2717;0.94;5699761;20.71;8.38;14.55
Darrell Lockhart;3;1980;20;2;DEN;PF;51;21;0.81;5180197;13.09;1.47;7.28
Darrell Lockhart;4;1981;21;3;UTA;PF;89;223;2.38;11454937;15.19;14.01;14.6
Darrell Lockhart;5;1982;22;4;UTA;PF;36;192;3.09;14292559;21.58;10.74;16.16
Darrell Lockhart;6;1983;23;7;UTA;PF;95;593;3.79;11864124;23.83;8.85;16.34
Darrell Lockhart;7;1984;24;6;UTA;PF;36;1696;2.91;13573162;9.41;4.51;6.96
Darrell Lockhart;8;1985;25;7;UTA;PF;1;42;1.77;8660891;37.81;2.75;12.68
Darrell Lockhart;9;1986;26;8;UTA;PF;90;7;2.08;10255942;19.81;16.7;18.26
Darrell Lockhart;10;1986;26;8;PHI;PF;60;703;2.22;10815473;9.63;5.83;7.73
Darrell Lockhart;11;1987;27;9;MIL;PF;45;1323;1.89;9496579;12.0;7.8;9.9
Darrell Lockhart;12;1987;27;9;LAC;C;26;685;1.23;6858790;32.05;8.36;20.21
Darrell Lockhart;13;1988;28;10;LAC;C;59;375;0.66;4580699;17.57;3.12;10.35
Darrell Lockhart;14;1989;29;11;LAC;C;9;130;-0.03;1823010;13.02;12.49;12.76
Darrell Lockhart;15;1990;30;12;NYK;C;44;1407;-0.20;1143580;24.26;1.42;12.84
Darrell Lockhart;16;1991;30;13;NYK;C;98;1261;0.90;5539895;19.49;8.14;13.82
Darrell Lockhart;17;1992;32;14;NYK;PG;6;243;-0.01;1902943;24.81;23.98;24.4
Darrell Lockhart;18;1993;33;15;NYK;C;47;1888;-0.94;779965;20.97;10.7;15.84
Darrell Lockhart;19;1994;34;16;NYK;C;22;750;-1.77;748929;31.09;21.94;26.52
Darrell Lockhart;20;1995;35;12;NYK;C;22;200;-1.72;988915;26.3;7.45;14.72
Darrell Lockhart;21;1996;36;18;LAC;C;30;633;-0.65;718925;15.33;20.4;17.87
Darrell Lockhart;22;1997;37;19;SAC;PF;33;135;-0.94;868087;16.08;11.91;14.0
Darrell Lockhart;23;1998;38;20;CLE;PF;80;2742;-1.60;943545;22.06;3.82;12.94
Darrell Lockhart;24;1999;39;21;UTA;PF;19;260;-2.95;971254;-11.89;8.47;13.97
Darrell Lockhart;25;2000;43;22;UTA;PF;76;2057;-3.00;744685;19.42;6.45;12.94
Darrell Lockhart;26;2001;41;24;UTA;SF;95;819;-3.00;927452;13.62;2.96;8.29
Darrell Lockhart;27;2002;42;24;BOS;SF;26;48;-3.00;850398;18.13;5.55;11.84
Darrell Lockhart;28;2003;43;25;MIN;SF;99;115;-3.00;658489;15.67;3.21;9.44
Darrell Lockhart;29;2003;41;24;SEA;SF;25;1112;-30.68;929789;10.39;8.28;9.34
Darrell Lockhart;30;2004;44;26;SEA;SF;30;104;-3.00;989409;17.6;10.15;13.88
Darrell Lockhart;31;2005;45;27;SEA;PG;14;1179;-2.04;925302;10.37;2.41;6.39
Darrell Lockhart;32;2006;46;28;SEA;SF;54;2144;-3.00;762744;9.94;8.41;9.18
Darrell Lockhart;33;2007;47;29;SEA;SG;35;1156;-3.00;720745;10.55;3.18;6.87
Darrell Lockhart;34;2008;48;30;SEA;SG;55;5872;-3.00;751744;10.65;6.51;8.58
Darrell Lockhart;35;2008;48;30;GSW;SG;22;921;-3.00;622183;11.36;4.24;7.8
Derrick Caracter;1;1979;21;2;GSW;SG;80;1872;-0.20;1143580;10.03;3.55;6.79
Derrick Caracter;2;1979;21;2;PHI;SG;68;1831;0.47;3821336;9.31;4.48;6.9
Derrick Caracter;3;1979;21;2;PHI;SG;60;2428;1.75;8937048;9.73;4.53;7.13
Derrick Caracter;4;1980;22;3;SAC;SG;22;652;2.60;12334200;13.61;2.36;7.99
Derrick Caracter;5;1981;23;4;ORL;SG;47;1154;0.71;4780532;13.69;5.79;9.74
Derrick Caracter;6;1982;24;5;NOH;SG;22;629;0.96;5779694;8.98;3.7;6.34
Derrick Caracter;7;1983;25;6;NOH;SG;34;360;1.34;7298421;4.4;4.95;4.68
Derrick Caracter;8;1984;26;7;NOH;PF;14;400;1.85;9336713;11.04;5.42;8.23
Derrick Caracter;9;1984;26;7;GSW;PG;36;340;2.39;11494904;5.94;-11.28;3.39
Derrick Caracter;10;1985;27;8;GSW;PG;61;2633;3.06;14172659;13.76;3.23;8.5
Derrick Caracter;11;1986;28;9;GSW;PG;68;2812;2.82;13213463;12.41;3.34;7.88
Derrick Caracter;12;1987;29;10;GSW;PG;81;1096;1.16;6579024;5.94;1.8;4.23
Derrick Caracter;13;1988;30;11;IND;PG;37;165;-1.22;835656;9.59;3.61;6.6
Derrick Caracter;14;1989;31;12;IND;PG;69;2568;-1.24;640705;5.79;1.44;3.62
Derrick Caracter;15;1990;32;13;IND;PG;23;652;-1.26;928173;12.75;3.41;8.08
Derrick Caracter;16;1991;33;14;IND;PG;55;1478;-0.06;1703111;9.56;2.39;5.98
Derrick Caracter;17;1992;34;15;IND;PG;70;1300;-0.06;1703111;14.0;0.48;7.24
Derrick Caracter;18;1993;35;16;HOU;PG;75;2474;-1.12;936305;27.89;1.84;8.88
Derrick Caracter;19;1994;36;17;HOU;PG;77;2974;-2.13;994617;10.34;3.21;6.78
Derrick Caracter;20;1995;37;18;HOU;PG;63;1461;-3.00;842708;10.36;3.01;6.69
Derrick Caracter;21;1996;38;19;PHI;SG;42;912;-3.00;869451;10.14;3.11;6.63
Derrick Caracter;22;1997;39;20;PHI;SG;91;174;-3.00;857616;10.42;18.48;7.2
Derrick Caracter;23;1998;40;17;PHI;SG;61;1117;-1.88;843595;-1.06;3.42;5.83
Derrick Caracter;24;1998;40;21;NYK;SG;44;578;-3.00;616985;13.99;0.59;7.29
Derrick Caracter;25;1999;41;22;NYK;PG;48;1153;-3.00;995908;10.68;2.47;6.58
Derrick Caracter;26;2000;42;23;SAC;PG;75;2233;-2.83;921609;5.57;1.12;3.35
Derrick Caracter;27;2001;43;24;SAC;C;22;332;-1.48;921486;6.86;3.62;5.24
Derrick Caracter;28;2002;44;25;SAC;C;73;869;-1.45;839043;8.36;0.22;4.29
Derrick Caracter;29;2003;45;26;NOH;PG;38;1365;-1.93;700282;8.02;3.82;5.92
Derrick Caracter;30;2003;45;26;PHO;PG;2;39;-2.41;621305;5.3;2.7;4.0
Derrick Caracter;31;2003;45;26;BOS;PG;45;1201;-3.00;942617;7.38;3.29;5.34
Derrick Caracter;32;2004;46;27;BOS;PG;50;658;-3.00;644575;45.54;2.59;6.5
Derrick Caracter;33;2005;47;28;BOS;PG;9;244;-2.97;889949;46.84;3.0;5.4
Derrick Caracter;34;2006;48;29;PHO;PG;68;3230;-3.00;885710;6.16;3.51;4.84
Derrick Caracter;35;2007;49;30;CHI;C;40;-3413;-3.00;648319;7.58;4.07;5.83
Connie Norman;1;1979;22;4;CHI;C;21;523;-0.10;1543245;14.17;20.79;17.48
Connie Norman;2;1980;23;5;CHI;C;92;764;-0.45;144417;28.9;13.37;21.14
Connie Norman;3;1980;23;5;PHI;C;18;575;-1.28;988619;17.84;22.66;20.25
Connie Norman;4;1980;23;5;GSW;C;6;165;-2.21;600082;28.39;19.7;24.05
Connie Norman;5;1981;24;6;GSW;PF;26;1218;-2.60;861295;17.48;5.51;11.5
Connie Norman;6;1982;25;7;SDC;PF;76;2350;-2.50;70025;28.93;12.64;20.79
Connie Norman;7;1983;26;8;UTA;PF;81;367;-1.16;962897;23.72;18.02;20.87
Connie Norman;8;1984;27;9;UTA;PF;2;22;-1.14;877266;19.6;11.11;15.36
Connie Norman;9;1985;28;10;MIN;PF;7;215;-1.24;623772;28.63;13.52;21.08
Connie Norman;10;1985;28;10;PHO;PF;17;670;-1.20;805965;19.45;15.76;17.61
Connie Norman;11;1986;29;11;MIA;SG;36;1285;-0.65;880836;11.86;0.6;6.23
Connie Norman;12;1987;30;12;NOJ;PF;40;1264;-1.85;903502;22.1;-10.53;17.73
Connie Norman;13;1988;31;13;CHH;PF;19;578;-2.12;638260;23.71;14.76;19.24
Connie Norman;14;1989;32;14;CHH;PF;77;100;-2.57;700886;16.71;8.8;12.76
Connie Norman;15;1990;33;15;MIA;PF;38;885;-2.85;239;17.86;6.07;11.97
Connie Norman;16;1991;34;16;MIA;PF;69;1606;-3.00;1288562;20.19;10.03;15.11
Connie Norman;17;1992;35;17;MIA;PF;77;814;-3.00;991396;8.68;8.12;7.67
Connie Norman;18;1993;36;18;MIA;PF;18;358;-2.56;980598;13.25;12.24;12.75
Connie Norman;19;1994;37;19;MIA;PF;32;1399;-3.00;937726;20.06;13.1;16.58
Connie Norman;20;1995;38;20;MIA;PF;51;2240;-3.00;738636;22.07;9.31;15.69
Connie Norman;21;1996;39;21;MIA;PF;71;189;-3.00;737789;22.3;9.82;16.06
Connie Norman;22;1997;40;22;CLE;PF;67;7605;-3.00;923692;20.04;4.66;12.35
Connie Norman;23;1998;41;23;SAS;PF;18;-639;-1.93;719359;16.44;14.64;15.54
Connie Norman;24;1998;41;23;SAS;PF;15;369;-2.39;854880;15.54;5.97;10.76
Connie Norman;25;1999;42;24;MIA;PF;11;299;-1.98;907604;17.5;14.85;16.18
Connie Norman;26;2000;43;25;MIA;PF;52;140;-2.97;922800;20.0;6.59;13.3
Connie Norman;27;2001;44;26;MIA;PF;14;110;-3.00;887837;15.75;13.41;14.58
Connie Norman;28;2002;45;27;MIA;PF;38;610;-3.00;977729;19.82;9.23;14.53
Connie Norman;29;2003;46;28;CHI;PF;69;1583;-2.30;969837;-39.84;9.07;15.08
Connie Norman;30;2004;47;29;CHI;C;54;1156;-1.86;842896;10.71;17.11;13.91
Connie Norman;31;2005;48;30;WAS;C;10;381;-1.74;720534;19.7;18.06;18.88
Connie Norman;32;2006;49;31;OKC;PG;48;1151;-1.34;610197;24.75;21.13;22.94
Connie Norman;33;2007;50;32;OKC;C;52;1188;-0.51;828868;17.68;13.66;15.67
Connie Norman;34;2008;51;33;PHI;C;30;120;0.43;3661470;25.93;6.62;16.28
Connie Norman;35;2009;52;34;PHI;C;72;3175;0.07;2222676;16.47;16.71;16.59
Julius Nwosu;1;1979;19;4;PHI;SG;44;201;1.15;6539058;9.37;2.81;6.09
Julius Nwosu;2;1980;20;5;LAC;PG;67;91;1.19;6698924;10.49;4.64;7.49
Julius Nwosu;3;1980;20;5;CHH;SG;75;1866;2.46;11774669;62.96;4.49;6.31
Julius Nwosu;4;1981;21;6;PHI;SG;37;989;2.63;12454100;12.06;2.02;7.04
Julius Nwosu;5;1982;22;7;PHI;SG;48;1304;2.31;11175172;6.96;5.59;6.28
Julius Nwosu;6;1983;23;8;PHI;SF;63;744;3.51;15971152;12.39;3.39;7.89
Julius Nwosu;7;1984;24;9;PHI;SF;38;552;-34.94;13253430;13.43;2.04;7.74
Julius Nwosu;8;1985;25;10;PHI;SF;54;2245;1.26;6978689;18.02;3.17;10.6
Julius Nwosu;9;1986;26;11;PHI;SF;3;109;0.94;5699761;9.7;1.15;5.43
Julius Nwosu;10;1986;26;11;WSB;SG;68;1343;1.04;6099426;11.52;3.79;7.66
Julius Nwosu;11;1987;27;12;WSB;SG;42;1529;48.25;7857952;10.05;5.44;7.75
Julius Nwosu;12;1988;28;13;WSB;SG;80;2695;1.81;9176847;14.54;6.16;10.35
Julius Nwosu;13;1989;29;14;WSB;SG;24;87;2.34;15890126;4.16;2.18;3.17
Julius Nwosu;14;1990;30;15;MIA;SG;15;381;-34.92;9856277;14.24;7.11;10.68
Julius Nwosu;15;1991;31;16;MIA;SG;24;72;0.46;3781369;15.04;29.94;8.11
Julius Nwosu;16;1992;32;17;SAS;PF;70;623;-26.20;680905;9.44;5.96;7.7
Julius Nwosu;17;1993;33;18;MIL;SG;8;121;-2.21;988081;5.71;2.57;4.14
Julius Nwosu;18;1994;34;19;LAC;SG;81;120;-3.00;816557;13.57;0.81;7.50
Julius Nwosu;19;1994;34;19;UTA;SG;27;148;-2.45;957240;9.35;2.02;5.69
Julius Nwosu;20;1995;35;20;ORL;SG;68;1950;-1.71;866371;9.35;6.88;8.12
Julius Nwosu;21;1996;36;21;ORL;SG;49;569;-1.03;987052;8.85;3.46;6.16
Julius Nwosu;22;1997;39;22;BRK;SG;18;255;-0.64;792446;8.29;6.77;7.53
Julius Nwosu;23;1998;38;23;ORL;SG;45;2877;-0.53;847738;17.83;6.24;12.04
Julius Nwosu;24;1999;39;24;ORL;SG;3;66;-1.46;831409;16.57;3.93;10.25
Julius Nwosu;25;1999;39;24;ATL;SG;12;1315;-2.39;610082;13.17;3.86;8.52
Julius Nwosu;26;2000;40;25;POR;SF;11;370;-3.00;779601;12.08;4.6;8.34
Julius Nwosu;27;2001;41;26;POR;SF;72;2932;-2.90;846990;11.91;2.96;7.44
Julius Nwosu;28;2002;42;27;UTA;SF;61;-4648;-3.00;999783;11.97;7.94;9.96
Julius Nwosu;29;2003;43;28;CHI;SG;59;1379;-3.00;640293;10.39;2.66;6.53
Julius Nwosu;30;2004;44;29;BRK;SG;58;-3395;-2.53;765057;14.29;2.51;8.4
Julius Nwosu;31;2005;45;25;TOR;SG;69;646;-2.93;947522;7.81;1.22;4.52
Julius Nwosu;32;2006;46;31;CHI;SG;57;588;-3.00;982038;11.71;0.08;5.9
Julius Nwosu;33;2007;47;35;CHI;SG;6;168;-3.00;841631;10.52;11.59;11.06
Julius Nwosu;34;2008;48;33;CHI;SG;79;3580;-1.86;658352;8.94;8.56;8.27
Julius Nwosu;35;2009;49;34;CHI;SG;17;310;-1.26;948773;7.26;8.26;7.76
Dave Greenwood;1;1979;21;3;LAC;PF;45;988;0.09;2302609;19.34;0.86;10.1
Dave Greenwood;2;1980;22;4;LAL;PF;47;1467;0.21;2782207;28.1;6.16;17.13
Dave Greenwood;3;1981;23;5;LAL;PF;4;34;0.85;5340063;14.51;10.47;12.49
Dave Greenwood;4;1982;24;6;PHI;PF;49;407;0.80;5140230;19.5;7.65;13.58
Dave Greenwood;5;1982;24;6;DET;PF;10;33;-0.34;584049;23.36;7.59;15.48
Dave Greenwood;6;1982;24;6;CHH;PF;57;624;-1.19;697513;20.32;7.31;13.82
Dave Greenwood;7;1983;25;7;UTA;PF;58;1234;-1.52;950703;-38.26;2.28;9.94
Dave Greenwood;8;1984;26;8;VAN;PF;37;1389;-1.34;1756672;13.97;13.59;13.78
Dave Greenwood;9;1985;27;9;VAN;SF;81;1093;0.14;2502441;12.4;6.95;9.68
Dave Greenwood;10;1986;28;10;LAC;SF;87;375;0.40;3541570;18.54;6.43;12.49
Dave Greenwood;11;1987;29;11;CHH;SF;51;2187;0.29;3101939;9.22;14.66;11.94
Dave Greenwood;12;1988;30;12;CHH;SF;75;3262;-0.14;1383379;17.69;9.87;13.78
Dave Greenwood;13;1989;31;13;CHH;PG;54;2543;-0.30;743915;22.65;3.41;8.44
Dave Greenwood;14;1990;32;14;ATL;SF;9;397;-0.63;606700;17.86;6.86;12.36
Dave Greenwood;15;1990;32;14;ATL;SF;5;141;-1.51;863750;18.2;7.85;13.03
Dave Greenwood;16;1991;33;15;SAC;SF;14;251;-0.99;951962;61.50;4.74;12.13
Dave Greenwood;17;1992;34;16;SAC;SF;72;640;-1.35;627884;18.26;4.12;11.19
Dave Greenwood;18;1993;35;17;CHI;SF;77;551;-1.43;904916;14.36;3.65;9.25
Dave Greenwood;19;1993;35;17;NOH;SF;43;132;-2.08;734452;18.6;4.79;11.7
Dave Greenwood;20;1993;35;17;LAC;SF;7;217;-2.98;696733;15.86;0.04;7.95
Dave Greenwood;21;1994;36;18;LAC;SF;50;868;-2.79;684829;11.86;4.16;8.01
Dave Greenwood;22;1995;37;19;MIA;PG;8;187;-3.00;718839;12.81;5.98;9.4
Dave Greenwood;23;1996;38;20;MIA;SF;5;98;-2.12;694891;15.25;7.27;11.26
Dave Greenwood;24;1997;39;21;MIA;SF;11;371;-2.77;628804;16.13;7.1;11.62
Dave Greenwood;25;1998;40;22;NYK;SG;10;451;-3.00;636863;5.43;2.82;4.13
Dave Greenwood;26;1999;41;23;NYK;SG;13;422;-2.41;662479;13.37;1.93;7.65
Dave Greenwood;27;2000;42;24;NYK;SG;54;240;-3.00;958318;10.27;4.33;7.3
Dave Greenwood;28;2000;42;24;NOJ;SG;31;1152;-2.65;842606;11.8;4.6;8.2
Dave Greenwood;29;2001;43;25;CHI;SG;57;2495;-19.93;679891;15.81;3.58;9.7
Dave Greenwood;30;2001;43;25;GSW;SG;12;507;-3.00;799823;13.32;3.48;8.4
Dave Greenwood;31;2001;43;25;PHI;SG;73;631;-3.00;612912;9.78;6.66;8.22
Dave Greenwood;32;2002;44;26;PHI;SG;41;1178;-2.65;841872;10.71;3.19;6.95
Dave Greenwood;33;2003;45;27;NJN;SG;30;244;-2.95;723507;12.01;7.64;9.83
Dave Greenwood;34;2004;46;28;NJN;SG;80;3704;-2.52;908187;13.5;3.82;8.66
Dave Greenwood;35;2005;47;29;NJN;SF;37;1021;-0.85;624929;10.54;7.81;9.18
Jamal Sampson;1;1979;17;1;NJN;PF;76;1556;1.02;6019493;20.06;6.42;13.24
Jamal Sampson;2;1980;18;2;NJN;PF;2;43;1.42;7618153;22.91;15.28;19.1
Jamal Sampson;3;1981;19;3;NJN;PF;94;1016;2.40;11534870;18.99;10.43;14.71
Jamal Sampson;4;1982;20;4;NJN;PF;19;897;2.23;10855440;18.38;16.77;17.58
Jamal Sampson;5;1983;21;5;NJN;PF;81;2479;1.96;9776344;66.52;13.98;14.03
Jamal Sampson;6;1984;22;6;NJN;C;56;561;2.69;12693899;20.52;8.18;14.35
Jamal Sampson;7;1985;23;7;NJN;PF;12;392;2.84;13293396;14.7;12.87;13.79
Jamal Sampson;8;1986;24;8;UTA;PF;77;2633;3.31;15171822;14.06;3.88;8.97
Jamal Sampson;9;1987;25;9;UTA;PF;67;495;4.42;19608103;17.71;12.18;14.95
Jamal Sampson;10;1988;26;10;UTA;PF;77;659;3.53;16051085;27.32;3.12;15.22
Jamal Sampson;11;1989;27;11;UTA;PF;2;40;5.05;22125993;21.28;3.4;12.34
Jamal Sampson;12;1990;28;12;UTA;PF;55;2157;6.65;28520633;13.67;13.87;13.77
Jamal Sampson;13;1991;29;13;UTA;PF;22;3;8.24;34875306;24.67;15.14;19.91
Jamal Sampson;14;1992;30;14;UTA;PF;62;5181;7.95;33716278;36.39;17.36;17.75
Jamal Sampson;15;1993;31;15;UTA;PF;62;550;6.10;26322475;21.82;9.75;15.79
Jamal Sampson;16;1994;32;16;ORL;PF;25;34;4.72;20807098;17.32;13.96;15.64
Jamal Sampson;17;1995;33;18;ORL;PF;99;323;4.88;21446562;22.15;5.96;14.06
Jamal Sampson;18;1996;34;18;MIA;SF;17;136;5.15;22525658;14.24;2.08;8.16
Jamal Sampson;19;1997;35;19;ORL;SG;62;2098;5.50;23924485;7.66;6.53;7.1
Jamal Sampson;20;1998;36;20;ORL;SG;80;3369;5.48;23844552;15.6;8.33;11.97
Jamal Sampson;21;1998;36;20;NOH;SG;1;38;4.31;19168472;13.69;3.62;8.66
Jamal Sampson;22;1999;37;21;NOH;SG;37;502;4.68;20647232;7.95;-28.98;5.09
Jamal Sampson;23;2000;38;22;CLE;PG;17;93;4.12;18409108;9.35;0.55;4.95
Jamal Sampson;24;2001;39;23;CLE;PG;96;105;2.78;13053597;6.83;1.02;3.93
Jamal Sampson;25;2002;40;24;GSW;PG;16;610;2.81;13173497;6.8;0.67;3.74
Jamal Sampson;26;2003;41;25;GSW;PG;63;1321;1.68;8657282;5.68;2.08;3.88
Jamal Sampson;27;2004;42;26;GSW;PG;29;970;2.11;10375842;4.43;3.6;4.02
Jamal Sampson;28;2005;43;27;GSW;PG;71;389;1.52;8017818;12.08;3.41;7.75
Jamal Sampson;29;2006;44;28;DEN;PG;20;562;0.78;5060297;11.25;0.86;6.06
Jamal Sampson;30;2007;45;29;DEN;PG;10;331;0.85;5340063;4.55;4.62;4.59
Jamal Sampson;31;2008;46;30;DEN;PG;50;2282;2.34;11295071;6.94;4.27;5.61
Jamal Sampson;32;2009;47;31;DEN;PG;47;1800;1.70;8737215;11.02;1.31;6.17
Jamal Sampson;33;2010;48;32;DAL;PG;43;1067;1.68;8657282;8.31;1.41;4.86
Jamal Sampson;34;2011;49;28;LAC;PG;43;873;1.53;8057785;15.35;13.37;9.43
Jamal Sampson;35;2012;50;34;MIA;PG;75;2240;1.43;7658120;6.68;3.28;5.32
Devin Gray;1;1979;18;3;DEN;C;29;302;1.67;8617316;24.44;12.98;18.71
Devin Gray;2;1980;19;4;MIL;C;19;822;2.30;11135205;29.9;16.73;23.32
Devin Gray;3;1980;21;4;SAC;C;14;405;3.25;14932023;22.47;5.98;14.23
Devin Gray;4;1981;21;5;SAC;C;67;2115;4.18;18648907;23.43;8.51;15.97
Devin Gray;5;1982;21;6;NJN;PG;48;415;4.57;20207601;8.45;10.73;9.59
Devin Gray;6;1983;22;7;NJN;SF;34;501;6.32;27201738;7.99;11.6;9.8
Devin Gray;7;1983;22;7;LAL;SG;85;2850;-14.28;25163447;15.14;2.4;8.77
Devin Gray;8;1984;23;8;LAL;SG;73;524;5.74;24883681;7.21;1.55;4.38
Devin Gray;9;1985;24;9;PHI;SG;25;1027;6.26;26961939;15.64;0.27;7.96
Devin Gray;10;1986;25;10;PHI;SG;39;1379;5.38;23444887;5.56;2.37;3.97
Devin Gray;11;1987;26;11;IND;SG;32;1205;7.11;30359092;5.91;4.08;5.0
Devin Gray;12;1988;27;12;IND;SG;69;46;7.48;31837852;12.42;5.82;9.12
Devin Gray;13;1989;28;13;IND;SG;79;3356;6.40;27521470;5.73;6.56;6.15
Devin Gray;14;1990;29;14;SAC;SG;73;2266;5.73;24843715;15.78;5.36;10.57
Devin Gray;15;1991;30;15;SAC;PG;1;40;7.09;30279159;11.31;4.69;8.25
Devin Gray;16;1992;31;16;SAC;PG;34;1491;7.60;32317450;3.87;11.74;4.26
Devin Gray;17;1993;32;17;SAC;PG;95;1038;6.02;26002743;9.7;2.16;5.93
Devin Gray;18;1994;33;18;SAC;PG;40;1790;5.73;24843715;5.6;2.87;4.24
Devin Gray;19;1995;34;19;SAC;PG;35;819;4.77;21006931;10.74;0.09;5.42
Devin Gray;20;1996;35;20;SAC;PG;5;25;4.71;20767132;12.6;5.34;8.97
Devin Gray;21;1996;35;20;UTA;PF;34;1459;3.70;16730515;9.36;3.24;6.3
Devin Gray;22;1996;35;20;IND;PG;19;1882;4.16;18568974;9.83;4.09;6.96
Devin Gray;23;1997;36;21;IND;PG;13;587;4.15;18529008;16.04;1.11;8.58
Devin Gray;24;1997;36;21;UTA;PG;16;124;2.92;13613128;8.94;1.92;5.43
Devin Gray;25;1998;37;22;UTA;SG;34;3071;2.65;12534033;5.62;3.51;4.57
Devin Gray;26;1999;38;23;UTA;SG;7;180;1.18;6658957;16.36;5.46;10.91
Devin Gray;27;1999;38;23;NOP;SG;19;792;2.44;11694736;6.91;1.79;3.38
Devin Gray;28;2000;39;21;NYK;SG;75;1846;2.88;13453262;5.16;5.87;5.52
Devin Gray;29;2001;40;25;POR;SG;70;930;2.79;13093564;7.26;3.25;5.26
Devin Gray;30;2002;41;26;MIL;SG;72;1768;2.19;10695574;10.08;4.24;7.16
Devin Gray;31;2003;42;27;DAL;PG;42;826;2.97;13812961;7.06;0.84;3.95
Devin Gray;32;2004;43;28;DAL;PG;76;3331;2.65;12534033;14.23;0.34;7.29
Devin Gray;33;2005;44;29;DAL;PG;20;194;1.67;8617316;9.76;1.19;5.48
Devin Gray;34;2006;45;30;GSW;PG;62;1792;2.03;10056109;11.63;2.43;7.03
Devin Gray;35;2007;46;31;GSW;PG;11;466;2.42;11614803;6.97;0.83;3.9
Buck Johnson;1;1979;20;3;CLE;PF;6;21;0.70;4740565;21.22;13.38;17.3
Buck Johnson;2;1979;20;3;LAL;PF;50;2223;0.79;5100264;27.38;3.08;15.23
Buck Johnson;3;1980;21;4;DAL;PF;73;316;0.23;2862140;11.84;7.92;9.88
Buck Johnson;4;1981;22;5;DAL;PF;15;226;-2.05;665903;15.99;52.89;11.9
Buck Johnson;5;1982;23;6;DAL;PF;93;21;-2.27;820314;11.31;5.8;8.56
Buck Johnson;6;1983;19;7;DAL;SG;78;3419;-3.00;603634;25.27;11.83;18.55
Buck Johnson;7;1984;25;8;WAS;PF;54;733;-3.00;898589;17.84;10.75;14.3
Buck Johnson;8;1984;25;8;BOS;PG;15;189;-3.00;809376;12.74;6.59;9.67
Buck Johnson;9;1985;26;9;NOH;PF;5;-18;-3.00;756544;19.68;5.08;12.38
Buck Johnson;10;1986;27;10;BOS;PF;68;1169;-2.56;862788;17.17;7.4;12.29
Buck Johnson;11;1987;28;11;BOS;PF;51;429;-2.74;302104;10.99;9.07;10.03
Buck Johnson;12;1987;28;11;MEM;PF;66;943;-3.00;739901;22.03;11.75;16.89
Buck Johnson;13;1987;28;9;DET;PF;53;2543;-3.00;912288;20.12;13.15;16.64
Buck Johnson;14;1988;29;12;DET;PF;6;50;-1.83;772478;27.57;5.49;14.20
Buck Johnson;15;1988;29;12;MIL;PF;35;405;-1.77;816482;12.54;11.94;12.24
Buck Johnson;16;1989;30;13;CHI;PF;63;2623;-2.27;893991;-7.33;15.1;14.21
Buck Johnson;17;1990;31;14;CHI;C;52;-949;-3.00;658130;25.13;16.81;20.97
Buck Johnson;18;1991;32;15;CHI;C;48;1636;-3.00;790529;16.5;8.39;12.45
Buck Johnson;19;1992;33;16;CHI;C;53;2352;-3.00;679824;16.5;4.1;10.3
Buck Johnson;20;1993;35;17;CHI;C;87;59;-2.66;854599;25.06;8.05;16.56
Buck Johnson;21;1994;35;18;CHI;C;26;518;-2.35;710620;22.53;10.3;16.42
Buck Johnson;22;1995;36;19;CHH;C;15;324;-1.89;283978;17.59;12.33;14.96
Buck Johnson;23;1996;37;20;CHH;C;29;1282;-1.53;781026;23.44;6.71;15.08
Buck Johnson;24;1997;38;21;CHH;PF;26;820;-2.03;659109;16.83;7.37;12.1
Buck Johnson;25;1998;39;22;SEA;PF;45;1027;-2.05;662392;27.23;1.63;14.43
Buck Johnson;26;1998;39;22;LAC;PF;68;2855;-2.90;927397;23.1;9.21;16.16
Buck Johnson;27;1999;40;23;MIA;PF;2;67;-2.62;695005;16.06;4.64;10.35
Buck Johnson;28;2000;41;24;MIA;SF;14;440;-3.00;728004;15.48;5.18;10.33
Buck Johnson;29;2001;42;25;SAC;SF;28;655;-2.56;685662;9.72;6.25;7.99
Buck Johnson;30;2002;38;26;SAC;SF;23;221;-2.47;921241;11.51;6.09;8.8
Buck Johnson;31;2003;44;27;MIA;SF;56;1921;-3.00;776918;18.92;6.35;12.64
Buck Johnson;32;2004;45;28;MIA;SF;34;1418;-3.00;828629;17.18;6.19;11.69
Buck Johnson;33;2005;46;29;ATL;SG;62;703;-2.87;666130;9.33;4.22;6.78
Buck Johnson;34;2005;46;29;SAS;SG;24;526;-2.96;1222409;8.45;1.19;4.82
Buck Johnson;35;2006;47;30;MIL;SG;37;1042;-2.57;700237;17.76;6.53;12.15
Jason Kapono;1;1979;17;1;MIL;PG;81;2655;1.05;6139393;6.77;4.43;5.6
Jason Kapono;2;1980;18;2;MIL;PG;34;1342;1.43;7658120;3.98;5.26;4.62
Jason Kapono;3;1981;19;3;MIL;PG;27;125;1.76;8977014;5.69;1.9;3.12
Jason Kapono;4;1982;20;4;MIL;PG;40;881;3.49;15891219;5.97;3.58;4.78
Jason Kapono;5;1983;21;5;ATL;PG;56;1599;4.16;18568974;6.96;0.17;3.57
Jason Kapono;6;1984;22;6;ATL;PG;4;3;5.22;28979254;10.97;1.89;6.43
Jason Kapono;7;1985;23;7;ATL;PG;99;2706;4.91;21566462;3.19;1.63;2.41
Jason Kapono;8;1985;23;7;WAS;PG;47;2112;4.47;19807936;6.66;2.9;4.78
Jason Kapono;9;1986;24;8;WAS;PG;16;716;3.35;15331688;6.06;2.81;4.44
Jason Kapono;10;1987;25;9;UTA;PG;77;760;2.94;13693061;11.49;1.04;6.27
Jason Kapono;11;1988;26;10;UTA;PG;88;493;2.83;13253430;11.02;1.26;6.14
Jason Kapono;12;1989;27;11;UTA;PG;74;2319;4.70;20727165;13.52;0.55;7.04
Jason Kapono;13;1989;27;11;LAL;PG;17;352;4.93;21646395;3.99;1.31;2.65
Jason Kapono;14;1990;28;12;SAC;PG;16;508;4.30;19128505;6.12;3.33;4.73
Jason Kapono;15;1991;29;8;SAC;PG;88;150;4.68;20647232;-30.50;4.53;7.94
Jason Kapono;16;1992;30;14;SAC;SG;27;1197;5.41;23564787;9.18;1.68;5.43
Jason Kapono;17;1993;31;15;SAC;SG;27;89;4.77;21006931;8.46;2.8;5.63
Jason Kapono;18;1994;32;16;IND;SG;5;478;4.54;20087701;8.51;0.77;4.64
Jason Kapono;19;1995;33;17;IND;SG;39;1835;-12.86;17649745;9.36;3.09;6.23
Jason Kapono;20;1996;34;18;IND;SG;67;1487;3.49;15891219;10.13;2.11;6.12
Jason Kapono;21;1997;35;19;MEM;SG;58;1966;2.43;14322288;13.23;5.24;9.24
Jason Kapono;22;1998;36;20;LAL;SG;52;2229;3.30;15131855;5.64;1.2;3.42
Jason Kapono;23;1998;36;20;CHH;SG;44;1057;2.38;11454937;10.78;5.89;8.34
Jason Kapono;24;1999;37;21;CHH;SG;4;169;2.20;10735540;5.38;4.14;4.76
Jason Kapono;25;1999;37;21;GSW;PF;19;672;1.89;9496579;12.12;6.06;9.09
Jason Kapono;26;2000;38;22;GSW;PF;56;1843;1.79;9096914;8.77;6.41;7.59
Jason Kapono;27;2001;39;23;GSW;SG;68;1909;1.18;6658957;13.49;5.24;9.37
Jason Kapono;28;2002;40;24;IND;SG;13;137;0.76;4980364;10.68;9.19;9.94
Jason Kapono;29;2003;41;25;IND;SG;33;312;0.29;3101939;6.92;7.8;7.36
Jason Kapono;30;2004;42;26;DAL;SG;59;860;0.09;2302609;7.75;-4.89;6.36
Jason Kapono;31;2005;43;27;DAL;SG;8;44;-0.06;1703111;9.58;7.96;7.81
Jason Kapono;32;2006;44;28;MIL;PG;45;1850;0.09;2302609;7.25;3.16;5.21
Jason Kapono;33;2007;45;29;ATL;PG;18;857;-0.75;987856;10.24;2.49;6.37
Jason Kapono;34;2008;46;30;ATL;PG;19;2260;0.24;2902106;11.14;1.27;6.21
Jason Kapono;35;2009;47;31;DAL;PG;6;77;-1.28;655872;10.39;3.61;7.0
Popeye Jones;1;1979;17;3;DAL;PG;49;272;-1.23;962201;13.3;4.17;8.74
Popeye Jones;2;1980;18;4;DAL;PG;5;7;-0.81;863590;4.77;1.44;3.11
Popeye Jones;3;1981;19;5;DAL;PG;4;160;0.38;3461637;2.11;2.56;2.34
Popeye Jones;4;1982;20;6;MIN;PG;50;380;0.91;5579862;6.34;0.82;3.58
Popeye Jones;5;1982;20;6;CHO;PG;76;191;0.09;2302609;6.07;4.09;5.08
Popeye Jones;6;1983;21;7;CHO;PG;48;608;-0.40;344250;-17.90;0.92;4.48
Popeye Jones;7;1984;22;8;CLE;PG;70;1009;0.76;4980364;5.27;1.58;3.43
Popeye Jones;8;1984;22;8;ATL;PG;59;653;1.81;9176847;8.18;29.22;4.67
Popeye Jones;9;1985;23;9;ATL;SG;68;737;1.99;9896244;8.38;7.79;8.09
Popeye Jones;10;1986;24;10;ATL;SG;57;1427;1.93;9656445;9.87;4.7;7.29
Popeye Jones;11;1987;25;11;DAL;SG;32;882;1.70;8737215;12.14;6.77;9.46
Popeye Jones;12;1988;26;12;LAC;SG;51;1678;2.82;13213463;14.27;1.7;7.99
Popeye Jones;13;1989;27;13;SAC;SG;92;965;0.90;5539895;8.38;-27.51;6.42
Popeye Jones;14;1990;28;14;NOP;SG;22;389;0.08;2262642;7.07;5.3;6.19
Popeye Jones;15;1991;29;15;NOP;SG;20;714;-0.15;1343412;9.79;3.9;6.85
Popeye Jones;16;1992;30;16;UTA;SG;3;139;-1.18;959302;9.33;31.32;6.38
Popeye Jones;17;1993;31;17;PHO;SG;31;1125;-1.43;948443;7.79;8.68;8.24
Popeye Jones;18;1994;32;18;NYK;SG;70;1544;-1.60;967583;14.31;3.66;8.99
Popeye Jones;19;1994;32;18;BOS;SG;38;538;-1.97;829354;4.07;4.08;4.08
Popeye Jones;20;1995;33;19;DET;PG;49;1633;-2.08;702475;-23.40;4.13;7.24
Popeye Jones;21;1995;33;19;OKC;PG;77;3227;-1.68;827899;8.38;1.66;5.02
Popeye Jones;22;1996;34;23;OKC;PG;63;1070;-2.36;911831;15.38;3.2;9.29
Popeye Jones;23;1997;35;21;OKC;PG;77;2900;-2.31;669383;10.26;0.21;5.24
Popeye Jones;24;1998;36;22;OKC;PG;56;557;-2.47;843235;10.54;1.94;6.24
Popeye Jones;25;1999;37;23;GSW;PF;23;966;-2.97;638356;6.18;3.0;4.59
Popeye Jones;26;2000;38;25;WAS;PG;9;167;-3.00;711328;13.08;3.29;8.19
Popeye Jones;27;2001;39;25;WAS;PG;51;1404;-3.00;637475;8.07;2.76;5.42
Popeye Jones;28;2002;37;26;WAS;PG;69;2965;-3.00;-12978;9.99;2.5;6.25
Popeye Jones;29;2003;41;27;UTA;PG;74;2162;-2.19;915063;5.91;1.67;3.79
Popeye Jones;30;2004;42;31;POR;PG;85;1851;-1.92;678157;8.43;2.39;5.41
Popeye Jones;31;2005;43;29;POR;PG;2;9;-2.63;989599;9.68;3.4;6.54
Popeye Jones;32;2006;44;30;CHI;PF;15;9;-2.94;908040;6.12;3.47;4.8
Popeye Jones;33;2007;45;31;ATL;PG;80;3626;-25.13;978947;11.59;4.02;7.81
Popeye Jones;34;2008;46;32;ATL;PG;30;1277;-1.88;243812;11.98;3.0;7.49
Popeye Jones;35;2009;47;33;DET;SG;85;277;-2.13;832546;9.55;5.39;7.47
Mitchell Butler;1;1979;18;1;DET;PG;65;2215;1.35;7338388;7.77;2.21;4.99
Mitchell Butler;2;1980;22;2;DET;PG;70;609;46.98;9896244;12.36;3.23;7.8
Mitchell Butler;3;1981;21;3;DET;PG;9;235;1.74;8897081;7.87;2.11;4.99
Mitchell Butler;4;1981;20;3;NYK;PG;38;74;29.72;9496579;4.12;1.69;2.91
Mitchell Butler;5;1982;21;4;NYK;PG;54;937;-0.74;1737044;6.44;3.86;5.15
Mitchell Butler;6;1983;22;5;NYK;PG;71;2712;-36.89;980932;7.38;2.15;4.15
Mitchell Butler;7;1984;23;6;NYK;PG;75;3076;-2.35;887353;7.21;0.51;3.86
Mitchell Butler;8;1985;24;7;NYK;PG;17;115;-1.67;740852;9.5;1.12;5.31
Mitchell Butler;9;1986;28;8;WSB;PG;49;500;-0.74;609384;5.67;2.61;4.91
Mitchell Butler;10;1987;26;9;WSB;PG;13;551;-1.43;670441;9.63;2.33;5.98
Mitchell Butler;11;1987;26;9;PHI;PG;13;502;-0.14;1383379;3.2;2.53;2.87
Mitchell Butler;12;1988;27;10;PHI;PG;17;254;1.13;6459125;8.59;3.58;6.09
Mitchell Butler;13;1989;28;12;PHI;PG;59;2078;1.35;7422539;10.97;2.12;6.55
Mitchell Butler;14;1990;29;12;PHI;PF;8;328;-0.62;666242;12.88;0.46;6.67
Mitchell Butler;15;1991;30;13;PHI;SG;37;788;-0.36;504116;10.89;3.23;7.06
Mitchell Butler;16;1992;31;14;PHI;SG;10;-274;-0.02;1862977;9.7;3.87;6.79
Mitchell Butler;17;1992;31;14;NYK;SF;68;1396;0.32;3221838;16.76;7.02;11.89
Mitchell Butler;18;1993;32;15;NYK;SF;25;721;0.33;3261805;7.08;6.6;6.84
Mitchell Butler;19;1994;33;16;NYK;SF;30;1406;-0.72;215144;17.66;4.89;11.28
Mitchell Butler;20;1995;34;17;MIA;SF;20;876;-0.44;184384;12.72;5.05;8.89
Mitchell Butler;21;1996;35;18;MIA;SF;36;-3243;-1.54;1502102;12.71;10.3;11.51
Mitchell Butler;22;1996;35;18;DET;SF;1;26;-2.54;975124;14.47;7.41;10.94
Mitchell Butler;23;1997;36;19;UTA;SG;73;1744;-3.00;654377;9.37;4.39;6.88
Mitchell Butler;24;1998;37;20;UTA;SF;35;608;-3.00;732193;-22.56;9.97;10.8
Mitchell Butler;25;1999;38;21;UTA;SF;30;757;-3.00;619781;11.06;7.37;9.22
Mitchell Butler;26;2000;39;22;DEN;PG;91;23;-3.00;196264;13.98;5.9;9.94
Mitchell Butler;27;2001;37;23;DEN;SF;33;1033;-3.00;601260;6.88;12.39;9.64
Mitchell Butler;28;2001;40;23;SAS;SF;50;2029;-3.00;868049;13.64;8.21;10.93
Mitchell Butler;29;2002;41;24;SAS;PF;26;1004;-3.00;915825;19.64;4.63;12.14
Mitchell Butler;30;2003;42;25;SAS;PF;26;1169;-3.00;660601;25.61;10.35;17.98
Mitchell Butler;31;2004;43;26;ORL;PG;11;378;-3.00;873032;17.86;3.96;10.91
Mitchell Butler;32;2005;44;27;LAL;C;38;1553;-2.07;691085;28.69;2.91;15.8
Mitchell Butler;33;2006;45;31;LAL;C;4;-35;-3.00;616872;17.92;-47.80;18.73
Mitchell Butler;34;2007;45;29;GSW;C;3;100;-3.00;653533;22.67;6.17;14.42
Mitchell Butler;35;2008;47;30;GSW;C;37;1454;-2.25;860092;10.71;12.77;11.74
Tarence Kinsey;1;1979;17;1;GSW;PF;63;1446;0.50;3941235;14.39;15.82;15.11
Tarence Kinsey;2;1980;18;2;IND;PF;60;785;1.21;6778857;28.22;12.96;20.59
Tarence Kinsey;3;1981;19;3;GSW;PF;1;7;1.48;7857952;36.21;15.67;18.01
Tarence Kinsey;4;1981;19;3;PHI;PF;66;446;2.35;11335038;21.53;7.55;14.54
Tarence Kinsey;5;1982;20;4;PHI;C;12;389;1.79;9096914;27.97;10.72;19.35
Tarence Kinsey;6;1982;20;4;MIA;C;32;524;2.25;10935373;23.6;18.97;21.29
Tarence Kinsey;7;1983;21;5;MIA;C;9;166;2.26;10975339;23.52;16.81;20.17
Tarence Kinsey;8;1984;22;6;MIA;PF;47;829;2.90;13533195;21.11;2.67;11.89
Tarence Kinsey;9;1985;23;7;MEM;PF;65;2348;3.81;17170147;11.64;7.0;9.32
Tarence Kinsey;10;1986;24;8;MEM;PF;2;26;3.90;17529845;18.19;8.55;13.37
Tarence Kinsey;11;1986;24;8;HOU;PF;57;1737;5.28;23045222;11.15;4.62;7.81
Tarence Kinsey;12;1987;25;9;SAS;PG;35;1582;4.92;21606428;11.48;4.46;7.97
Tarence Kinsey;13;1988;26;10;SAS;SF;81;1056;5.48;23844552;15.22;3.84;9.53
Tarence Kinsey;14;1989;27;11;ATL;SF;80;1921;5.53;24044385;15.71;0.18;7.95
Tarence Kinsey;15;1990;28;12;ATL;SF;8;132;6.35;27321638;7.48;4.57;6.03
Tarence Kinsey;16;1990;28;12;POR;SF;50;2018;7.13;30439025;15.34;7.53;11.44
Tarence Kinsey;17;1991;29;13;MIL;SF;42;1820;8.06;34155909;6.09;8.61;7.35
Tarence Kinsey;18;1992;30;14;MIL;PF;50;946;7.32;31198388;18.97;14.72;16.85
Tarence Kinsey;19;1993;31;15;MIL;PF;63;430;7.57;32197551;17.2;2.72;9.96
Tarence Kinsey;20;1994;32;16;MIL;PF;38;491;-9.11;36434000;-26.51;0.71;9.15
Tarence Kinsey;21;1995;33;17;DET;PF;43;1558;9.14;44462906;22.08;3.46;12.77
Tarence Kinsey;22;1996;34;18;HOU;PF;25;544;-19.89;37593028;15.62;5.18;10.4
Tarence Kinsey;23;1997;35;19;HOU;SF;49;1439;8.55;36114268;14.68;7.42;11.05
Tarence Kinsey;24;1998;36;20;HOU;SF;45;1467;8.86;40280424;14.78;9.25;12.02
Tarence Kinsey;25;1999;37;21;HOU;SF;14;303;9.58;40230817;13.48;47.17;11.08
Tarence Kinsey;26;2000;38;22;NOH;SF;53;2388;8.98;37832827;16.64;2.31;9.48
Tarence Kinsey;27;2001;39;23;SAC;SF;4;181;8.91;37553062;14.15;6.96;10.56
Tarence Kinsey;28;2002;40;24;SAC;PF;43;2004;8.94;37672961;16.96;8.4;2.69
Tarence Kinsey;29;2003;41;25;CHA;PF;70;452;8.95;37712928;9.55;10.26;9.91
Tarence Kinsey;30;2003;43;25;DET;PF;24;29;9.64;40470616;17.16;12.98;15.07
Tarence Kinsey;31;2004;42;26;DET;SF;76;683;47.74;40310750;12.61;8.52;10.57
Tarence Kinsey;32;2005;43;27;DET;SF;86;3771;9.35;39311588;10.19;7.81;9.0
Tarence Kinsey;33;2005;43;27;MIL;SF;16;702;9.53;40030985;55.83;5.36;6.87
Tarence Kinsey;34;2006;39;28;NOH;SF;51;195;8.49;42048267;11.14;10.53;10.84
Tarence Kinsey;35;2007;45;29;MIL;PF;90;281;7.05;30119293;46.20;6.89;13.6
Damien Wilkins;1;1978;17;1;PHI;PG;2;94;0.08;2262642;4.23;2.82;3.53
Damien Wilkins;2;1978;17;1;NOH;PG;39;1098;1.12;6419158;3.35;16.67;2.77
Damien Wilkins;3;1979;18;2;NOH;PG;35;883;0.44;3701436;8.94;3.38;6.16
Damien Wilkins;4;1980;19;3;GSW;SG;87;1059;0.81;5180197;5.63;3.16;4.4
Damien Wilkins;5;1981;20;4;ORL;SG;53;1326;0.40;3541570;11.62;3.86;7.74
Damien Wilkins;6;1982;21;5;ORL;SG;14;263;-0.78;1426560;13.23;4.96;9.1
Damien Wilkins;7;1983;22;6;MIL;SG;72;2835;-0.41;304283;12.2;7.09;9.65
Damien Wilkins;8;1984;23;7;DAL;SF;69;914;-0.08;1623178;16.79;5.22;11.01
Damien Wilkins;9;1985;24;8;DAL;SF;16;-1383;0.84;5300096;64.80;2.69;5.0
Damien Wilkins;10;1985;24;8;ATL;SF;29;78;1.48;7857952;13.05;4.63;8.84
Damien Wilkins;11;1986;25;9;POR;SG;56;2156;1.64;8497416;7.18;10.08;8.63
Damien Wilkins;12;1986;25;9;LAC;SG;20;82;2.45;11734703;10.08;1.6;6.20
Damien Wilkins;13;1987;26;10;LAC;SG;21;426;2.75;12933698;6.55;0.96;3.76
Damien Wilkins;14;1988;27;11;NOH;SF;27;1124;3.72;16810448;19.9;6.39;13.15
Damien Wilkins;15;1989;28;10;NOH;SG;28;811;4.44;19688036;6.35;4.84;5.6
Damien Wilkins;16;1990;29;13;OKC;PF;18;334;4.34;19288371;8.54;2.14;5.34
Damien Wilkins;17;1991;30;14;CHA;SG;11;1476;3.87;17409946;3.94;0.39;6.59
Damien Wilkins;18;1992;31;15;IND;SG;8;10;3.26;14971989;4.71;3.82;4.27
Damien Wilkins;19;1993;32;16;IND;SG;79;2159;3.36;15371654;7.54;7.32;7.43
Damien Wilkins;20;1993;32;16;WSB;C;22;89;3.65;9012901;11.89;4.7;8.3
Damien Wilkins;21;1994;33;17;WAS;SG;70;224;3.69;16690549;10.22;1.56;6.15
Damien Wilkins;22;1995;34;18;MIL;SG;67;236;4.35;19328338;10.33;0.36;5.35
Damien Wilkins;23;1996;35;19;MIL;SG;74;2972;4.09;18289209;5.36;4.61;4.99
Damien Wilkins;24;1997;36;20;DET;SG;56;1544;4.90;21526495;7.34;4.15;5.75
Damien Wilkins;25;1997;36;20;SEA;SG;79;47;4.67;20607266;11.84;0.11;5.98
Damien Wilkins;26;1998;37;21;CHI;SG;2;68;5.58;24244217;6.71;1.74;4.23
Damien Wilkins;27;1999;38;22;DEN;SG;27;361;3.91;17569812;6.68;8.29;7.49
Damien Wilkins;28;2000;39;23;IND;SG;24;555;2.58;12254267;5.19;5.48;5.34
Damien Wilkins;29;2001;40;24;SAS;SG;8;338;3.22;14812123;15.63;2.83;9.23
Damien Wilkins;30;2002;41;25;SAS;PF;26;232;2.01;9976176;12.93;0.71;6.82
Damien Wilkins;31;2003;42;26;SAS;SG;4;126;2.67;12613966;8.74;1.95;5.35
Damien Wilkins;32;2004;43;27;HOU;SG;11;1017;-7.35;7298421;12.94;0.67;6.81
Damien Wilkins;33;2005;44;28;POR;SG;84;1088;1.04;6099426;12.76;4.21;8.49
Damien Wilkins;34;2006;45;29;POR;SG;33;1338;-0.52;703741;6.07;4.51;5.29
Damien Wilkins;35;2006;45;29;BOS;SG;84;52;-1.26;625525;13.08;6.75;9.92
Lazaro Borrell;1;1979;19;1;IND;PF;33;1446;1.19;6698924;20.93;11.14;16.04
Lazaro Borrell;2;1979;19;1;CHI;C;8;71;0.96;5779694;80.14;8.03;15.94
Lazaro Borrell;3;1979;19;1;DET;C;9;253;1.61;8377517;23.0;10.37;16.69
Lazaro Borrell;4;1980;20;2;MIN;PF;71;3360;2.79;11307863;18.43;13.71;16.07
Lazaro Borrell;5;1981;21;3;MIN;PF;3;17;-11.24;12573999;16.47;11.78;14.13
Lazaro Borrell;6;1982;22;-1;MIN;PF;42;1295;3.63;16450750;19.13;56.80;13.83
Lazaro Borrell;7;1982;22;4;WSB;PF;14;543;4.42;19608103;26.33;9.63;17.98
Lazaro Borrell;8;1983;23;5;WSB;C;17;628;5.54;29276469;26.99;3.98;15.49
Lazaro Borrell;9;1983;23;5;NYK;C;78;1518;6.43;27641370;21.41;12.94;17.18
Lazaro Borrell;10;1984;24;6;NYK;C;46;1871;5.95;25722978;26.82;15.85;30.89
Lazaro Borrell;11;1985;25;7;NYK;C;51;2185;5.39;23484854;27.08;4.05;15.57
Lazaro Borrell;12;1985;25;7;PHI;C;35;350;4.49;19887869;29.24;6.04;17.64
Lazaro Borrell;13;1986;26;8;PHI;C;60;1940;4.32;19208438;24.69;17.76;21.23
Lazaro Borrell;14;1987;27;9;PHI;C;44;1658;3.44;15691386;15.91;2.64;9.28
Lazaro Borrell;15;1988;28;10;WSB;PF;50;1981;4.01;17969477;19.16;5.38;12.27
Lazaro Borrell;16;1988;28;10;ORL;PF;76;-3216;3.87;17409946;18.57;6.65;12.61
Lazaro Borrell;17;1989;29;11;HOU;C;56;44;27.34;16051085;26.31;6.86;16.59
Lazaro Borrell;18;1990;30;12;HOU;C;53;591;2.52;12014468;16.61;5.14;10.88
Lazaro Borrell;19;1991;31;15;HOU;C;77;1374;0.68;4660632;19.36;13.94;20.88
Lazaro Borrell;20;1992;32;14;HOU;C;34;571;0.39;3501604;11.78;110.45;10.38
Lazaro Borrell;21;1992;32;14;PHI;PF;28;1341;0.13;2462475;15.09;6.8;19.05
Lazaro Borrell;22;1993;33;15;SDC;PF;1;16;0.99;5899594;20.52;16.69;19.48
Lazaro Borrell;23;1994;34;16;SDC;PF;48;2001;1.85;9336713;17.37;10.12;13.75
Lazaro Borrell;24;1994;34;16;DAL;PF;62;472;1.61;8377517;22.42;8.6;15.51
Lazaro Borrell;25;1995;35;17;CLE;PF;73;780;1.41;7578187;53.35;0.71;10.92
Lazaro Borrell;26;1996;36;21;LAL;PF;8;360;2.04;10096076;19.57;8.37;13.97
Lazaro Borrell;27;1997;37;19;BOS;PF;38;1351;2.29;8430382;25.66;3.04;14.35
Lazaro Borrell;28;1997;33;19;CLE;PF;49;1469;1.83;8441185;24.62;12.85;18.74
Lazaro Borrell;29;1998;38;22;CLE;PF;80;2772;1.24;6898756;79.86;7.87;14.35
Lazaro Borrell;30;1999;39;21;CLE;PF;81;126;1.82;9216813;24.57;16.18;20.38
Lazaro Borrell;31;2000;40;22;NOH;PF;55;-4618;1.95;9736378;12.38;7.97;10.18
Lazaro Borrell;32;2001;41;23;NOP;PF;44;1354;2.00;9936210;22.69;9.58;16.14
Lazaro Borrell;33;2002;42;23;NYK;PF;66;845;2.17;15093885;12.03;5.37;8.7
Lazaro Borrell;34;2003;43;25;PHI;PF;63;2644;2.53;12054435;24.56;8.6;16.58
Lazaro Borrell;35;2004;44;26;NJN;C;35;247;3.47;15811286;25.45;13.82;19.64
Darius Morris;1;1979;17;3;LAC;SG;45;756;1.01;5979527;14.15;0.03;7.09
Darius Morris;2;1980;18;4;LAC;SG;60;1790;1.24;6898756;10.88;0.31;5.6
Darius Morris;3;1981;19;5;OKC;PF;68;6303;1.43;7658120;6.23;2.31;4.27
Darius Morris;4;1982;20;6;OKC;SG;32;1130;3.27;15011956;10.01;8.94;10.20
Darius Morris;5;1983;21;7;IND;SG;24;436;5.07;22205926;12.31;0.54;6.43
Darius Morris;6;1984;22;8;CHI;PG;1;38;5.23;22845390;6.53;0.6;3.57
Darius Morris;7;1985;23;5;CHI;PG;55;1400;4.54;20087701;5.49;3.65;4.57
Darius Morris;8;1986;24;10;CHI;PF;47;990;4.17;18608941;7.15;3.51;5.33
Darius Morris;9;1987;20;11;CHI;PG;80;3704;5.39;16917590;5.36;2.55;3.96
Darius Morris;10;1988;26;12;CHI;PG;27;507;4.44;24683986;11.9;1.08;6.49
Darius Morris;11;1989;27;13;MIL;PG;68;1595;4.66;20567299;8.72;2.63;6.61
Darius Morris;12;1989;27;13;CLE;PG;9;184;4.58;20247567;6.69;3.25;4.97
Darius Morris;13;1990;28;14;CLE;PG;8;209;5.59;24284184;8.32;2.82;5.57
Darius Morris;14;1991;29;15;MIL;PG;56;2465;4.81;21166797;31.27;5.19;5.91
Darius Morris;15;1991;29;15;SEA;PG;11;225;4.85;21326663;35.09;4.26;4.29
Darius Morris;16;1992;30;13;LAL;PG;65;2511;6.02;26002743;11.54;3.62;7.58
Darius Morris;17;1993;31;17;POR;PG;34;747;7.10;30319125;12.19;2.72;7.46
Darius Morris;18;1994;32;18;POR;PG;16;618;7.47;31797886;11.97;3.44;7.71
Darius Morris;19;1995;33;19;DEN;PG;32;735;7.37;31398221;5.45;1.36;3.41
Darius Morris;20;1995;33;19;IND;PG;20;28;6.61;28360767;5.82;2.27;4.05
Darius Morris;21;1996;34;20;BOS;PG;60;481;6.34;27281671;3.65;2.61;3.13
Darius Morris;22;1997;35;21;GSW;PG;57;661;6.40;27521470;12.61;0.75;6.68
Darius Morris;23;1998;36;22;GSW;PG;71;3329;7.12;30399058;8.98;2.41;5.7
Darius Morris;24;1999;37;23;GSW;PG;44;1044;6.90;29519795;7.32;0.35;3.84
Darius Morris;25;2000;38;24;GSW;PG;66;1844;6.81;29160097;8.09;2.99;5.54
Darius Morris;26;2001;39;25;GSW;PG;6;269;6.95;29719628;10.84;1.86;6.35
Darius Morris;27;2002;40;23;CHH;PG;2;30;6.41;27561437;5.38;3.31;4.35
Darius Morris;28;2003;41;27;GSW;PG;37;1723;6.01;25962777;4.04;3.16;3.6
Darius Morris;29;2004;42;28;GSW;PG;55;1400;4.12;18409108;9.44;1.97;5.71
Darius Morris;30;2005;43;29;IND;PG;1;39;4.55;26504909;11.29;0.74;6.02
Darius Morris;31;2006;44;30;IND;PG;28;34;5.21;22765457;5.91;1.38;3.65
Darius Morris;32;2007;45;31;IND;PG;8;253;5.46;29862134;8.45;22.29;4.85
Darius Morris;33;2008;46;33;IND;PG;41;833;3.96;17769644;8.84;0.42;4.63
Darius Morris;34;2009;47;36;IND;PG;88;647;3.76;16970314;9.57;2.15;5.86
Darius Morris;35;2010;48;34;IND;PG;51;1380;4.12;18409108;11.44;1.8;6.62
Hakeem Olajuwon;1;1979;17;1;IND;SG;56;2410;0.56;4181034;9.09;5.46;7.28
Hakeem Olajuwon;2;1980;18;2;IND;SG;35;139;2.17;10615641;10.78;4.96;7.87
Hakeem Olajuwon;3;1981;19;3;IND;SG;47;1519;3.07;14212626;9.28;4.18;6.73
Hakeem Olajuwon;4;1981;19;3;CHI;SG;76;1531;4.37;19408271;9.3;3.69;6.5
Hakeem Olajuwon;5;1982;20;4;NYK;SG;80;2467;4.71;20767132;9.4;6.71;8.06
Hakeem Olajuwon;6;1983;21;5;NYK;PF;58;310;7.93;33636345;9.63;4.26;6.95
Hakeem Olajuwon;7;1983;21;5;CHI;PG;47;362;7.33;31238355;10.62;8.91;9.77
Hakeem Olajuwon;8;1984;22;6;CHI;SF;56;2025;7.64;32477316;9.02;5.41;7.22
Hakeem Olajuwon;9;1984;22;6;SAC;SF;62;724;7.89;33476479;14.18;10.88;12.53
Hakeem Olajuwon;10;1984;22;6;LAC;SF;63;1870;20.85;38672124;10.5;1.57;6.04
Hakeem Olajuwon;11;1985;23;7;LAC;SF;12;437;10.28;43028472;15.97;0.07;8.02
Hakeem Olajuwon;12;1986;24;8;LAC;SF;50;1731;11.54;48064251;18.93;6.31;22.03
Hakeem Olajuwon;13;1987;25;9;LAC;SF;59;1024;10.76;44946864;11.07;6.0;8.54
Hakeem Olajuwon;14;1988;26;10;BOS;SF;10;5;11.10;46305725;8.62;3.49;6.06
Hakeem Olajuwon;15;1989;27;11;GSW;SF;20;808;10.92;45586328;12.48;6.89;9.69
Hakeem Olajuwon;16;1990;28;12;GSW;SF;31;1323;10.09;42269109;15.42;3.8;9.61
Hakeem Olajuwon;17;1991;29;13;DEN;SF;29;67;9.22;38792023;14.9;8.62;11.76
Hakeem Olajuwon;18;1992;30;14;WSB;SF;19;59;9.69;40670449;12.56;3.92;8.24
Hakeem Olajuwon;19;1992;30;14;DAL;SF;75;1751;9.11;38352392;15.49;3.26;9.62
Hakeem Olajuwon;20;1993;31;15;DAL;SF;19;837;7.35;31318288;15.7;4.46;10.08
Hakeem Olajuwon;21;1994;32;16;DAL;SF;78;3173;6.45;27721303;11.1;6.98;9.04
Hakeem Olajuwon;22;1995;33;17;LAC;SF;34;1586;7.10;30319125;14.26;3.02;8.64
Hakeem Olajuwon;23;1995;33;17;CLE;SF;64;112;7.22;30798723;14.65;10.19;12.42
Hakeem Olajuwon;24;1996;34;18;CHH;SF;66;1481;8.18;34635507;23.02;10.47;16.75
Hakeem Olajuwon;25;1997;35;19;HOU;SF;12;484;8.47;35794536;8.93;2.22;5.58
Hakeem Olajuwon;26;1998;36;20;ATL;SF;4;140;7.77;32996881;25.77;4.92;15.35
Hakeem Olajuwon;27;1999;37;21;ATL;SF;27;441;7.96;33756244;14.19;1.18;6.79
Hakeem Olajuwon;28;2000;38;21;ATL;SF;39;1829;6.95;29719628;-27.83;10.76;8.74
Hakeem Olajuwon;29;2000;38;22;CLE;SF;7;320;6.77;29000231;24.91;7.85;16.38
Hakeem Olajuwon;30;2000;38;22;SEA;SF;4;38;5.75;24923648;19.27;7.76;13.52
Hakeem Olajuwon;31;2001;39;23;SEA;SF;85;1287;4.80;21126830;16.1;5.36;10.73
Hakeem Olajuwon;32;2002;40;27;SEA;SF;40;469;3.84;17290046;15.21;5.73;10.47
Hakeem Olajuwon;33;2003;41;25;NJN;SF;80;1093;4.90;21526495;15.46;25.11;8.75
Hakeem Olajuwon;34;2004;42;26;NYK;SG;61;755;4.90;21526495;6.66;2.49;4.58
Hakeem Olajuwon;35;2004;42;26;DEN;SG;35;1602;5.43;23644720;11.67;5.36;8.52
Wayne Kreklow;1;1979;22;1;DEN;SF;46;598;2.64;12494066;9.68;2.83;6.26
Wayne Kreklow;2;1980;23;2;DEN;PF;74;-4415;3.03;14052760;16.06;14.61;15.34
Wayne Kreklow;3;1980;23;2;DAL;PF;75;1740;3.83;17250080;18.42;10.93;14.68
Wayne Kreklow;4;1981;24;3;DAL;PF;13;397;-8.69;19568137;15.93;14.2;15.07
Wayne Kreklow;5;1981;24;3;BOS;PF;35;4767;4.07;18209276;12.54;8.02;10.28
Wayne Kreklow;6;1981;24;3;CHI;PF;13;928;4.32;19208438;19.48;8.43;13.96
Wayne Kreklow;7;1982;25;4;CHI;PF;5;90;50.19;20327500;16.19;9.57;12.88
Wayne Kreklow;8;1983;26;5;CHI;SG;50;2164;5.27;23005256;18.78;3.77;11.28
Wayne Kreklow;9;1984;27;6;VAN;SF;74;622;4.37;19408271;11.06;3.38;7.22
Wayne Kreklow;10;1985;28;7;CHI;SF;36;428;4.32;19208438;11.61;2.89;7.25
Wayne Kreklow;11;1986;29;8;CHI;SF;40;370;4.30;19128505;12.75;8.44;10.6
Wayne Kreklow;12;1987;30;9;CHI;SF;40;965;4.34;19288371;11.62;9.32;20.15
Wayne Kreklow;13;1988;31;10;CHI;PF;62;303;4.50;19927835;25.09;11.11;23.73
Wayne Kreklow;14;1989;35;11;LAC;PF;75;2644;3.88;17449912;12.43;9.74;11.09
Wayne Kreklow;15;1990;33;12;NYK;PF;58;1676;3.80;17130180;25.2;6.56;24.23
Wayne Kreklow;16;1991;34;13;NYK;SG;6;101;3.84;17290046;15.38;4.78;10.08
Wayne Kreklow;17;1992;35;14;NYK;PF;13;1733;3.94;17689711;-6.51;9.01;13.87
Wayne Kreklow;18;1993;36;15;ORL;PF;36;1485;3.79;17090214;9.55;17.64;13.6
Wayne Kreklow;19;1994;37;16;ORL;PF;69;2356;3.57;16210951;16.1;14.56;15.33
Wayne Kreklow;20;1995;38;17;ORL;PF;1;137;2.40;11534870;15.64;12.14;13.89
Wayne Kreklow;21;1996;39;18;ORL;PF;45;5773;3.54;16091051;11.51;14.62;13.07
Wayne Kreklow;22;1997;40;19;LAC;PF;98;69;4.32;19208438;11.3;7.47;9.39
Wayne Kreklow;23;1998;41;20;POR;PF;46;1842;4.66;20567299;10.08;9.21;9.65
Wayne Kreklow;24;1998;41;20;DAL;PF;14;316;4.37;19408271;19.85;7.84;13.85
Wayne Kreklow;25;1999;42;23;MIL;C;10;415;4.41;19568137;19.52;15.68;17.6
Wayne Kreklow;26;2000;43;22;MIL;C;41;1901;4.39;19488204;16.16;19.02;17.59
Wayne Kreklow;27;2001;44;23;LAC;PF;25;830;5.26;22965289;18.36;14.47;16.42
Wayne Kreklow;28;2002;45;24;LAC;PF;63;-1942;5.22;22805423;21.13;11.54;16.34
Wayne Kreklow;29;2003;42;25;LAC;PF;31;156;4.57;10481469;16.11;5.67;10.89
Wayne Kreklow;30;2004;47;26;LAC;PF;57;1794;4.04;18089376;16.27;17.3;16.79
Wayne Kreklow;31;2005;48;27;MEM;SF;27;829;2.69;12693899;10.68;8.11;9.4
Wayne Kreklow;32;2006;49;28;MIA;SF;27;545;3.01;13972827;15.92;1.2;8.56
Wayne Kreklow;33;2007;50;29;MIA;SG;31;131;2.27;11015306;14.46;2.08;8.27
Wayne Kreklow;34;2007;50;29;NJN;SG;35;199;2.32;11215138;9.57;5.89;7.73
Wayne Kreklow;35;2008;51;30;NJN;SG;19;519;1.35;7338388;11.31;6.45;8.88
Quentin Richardson;1;1979;21;1;NJN;SG;37;815;2.71;12773832;11.82;0.44;6.13
Quentin Richardson;2;1980;22;2;CLE;SG;34;489;1.56;8177684;12.76;1.57;7.06
Quentin Richardson;3;1980;22;2;DAL;SG;59;1418;1.96;9776344;8.21;1.67;4.94
Quentin Richardson;4;1981;23;3;DAL;SG;22;330;1.92;9616478;11.79;4.48;8.14
Quentin Richardson;5;1982;24;4;DAL;SG;72;2651;2.85;13333363;11.81;1.49;6.65
Quentin Richardson;6;1983;25;5;DAL;SG;68;646;3.35;15331688;46.56;2.12;5.14
Quentin Richardson;7;1983;25;4;NOH;SG;10;31;4.22;18808773;20.38;3.86;12.12
Quentin Richardson;8;1984;26;6;MIL;SG;52;782;4.89;21486529;9.04;3.9;6.47
Quentin Richardson;9;1985;27;7;UTA;SG;49;1755;5.51;23964452;7.92;4.57;6.25
Quentin Richardson;10;1986;28;8;UTA;SG;67;2087;5.61;24364117;7.25;2.56;4.91
Quentin Richardson;11;1987;29;9;WSB;SF;2;47;7.00;29919460;22.04;2.41;12.23
Quentin Richardson;12;1988;30;10;WSB;SF;24;805;6.78;29040197;13.07;5.19;9.13
Quentin Richardson;13;1989;31;11;WSB;SG;7;199;6.06;26162609;7.33;5.34;6.34
Quentin Richardson;14;1990;32;12;WSB;SG;1;31;6.86;29359929;8.78;4.6;6.69
Quentin Richardson;15;1991;33;13;WSB;SG;49;1708;-31.40;30798723;10.47;-6.81;8.66
Quentin Richardson;16;1992;34;14;WSB;SG;56;76;7.64;32477316;6.67;3.94;5.31
Quentin Richardson;17;1993;35;15;WSB;SG;39;1407;7.39;31478154;13.46;6.45;9.96
Quentin Richardson;18;1994;38;16;SDC;SG;32;1190;7.20;30718790;5.82;2.12;3.97
Quentin Richardson;19;1995;37;17;WSB;SG;51;1258;6.32;27201738;7.58;5.17;5.47
Quentin Richardson;20;1996;38;18;DET;SG;75;273;5.98;25842877;9.12;3.47;6.3
Quentin Richardson;21;1997;39;19;ATL;SG;70;775;6.87;29399896;55.13;2.11;4.57
Quentin Richardson;22;1998;40;20;CHH;SG;63;387;6.40;27521470;7.34;3.47;6.38
Quentin Richardson;23;1999;41;21;CHH;SG;21;515;6.19;26682174;13.93;7.37;10.65
Quentin Richardson;24;1999;41;21;PHI;SG;32;60;6.32;35786914;12.37;4.05;8.21
Quentin Richardson;25;2000;42;22;PHI;SG;19;658;7.00;29919460;7.48;5.0;6.24
Quentin Richardson;26;2001;43;23;NOH;SG;14;34;8.09;34275809;16.83;1.5;9.17
Quentin Richardson;27;2002;44;24;MIL;SG;8;324;26.41;35874469;10.43;7.98;9.21
Quentin Richardson;28;2003;47;26;MIL;SG;68;1464;-21.83;35554737;12.35;4.34;8.35
Quentin Richardson;29;2004;46;26;MIL;SF;62;755;6.74;28880331;8.6;12.34;10.47
Quentin Richardson;30;2005;47;26;DET;PF;65;1694;5.44;23684686;17.29;16.72;18.55
Quentin Richardson;31;2006;48;28;HOU;C;24;1110;5.51;23964452;12.62;13.49;13.06
Quentin Richardson;32;2007;49;29;HOU;PG;72;2554;4.51;19967802;15.22;12.23;13.73
Quentin Richardson;33;2008;50;30;PHI;C;72;2298;4.40;19528170;22.33;7.7;15.02
Quentin Richardson;34;2009;51;31;PHI;C;33;29;5.12;22405758;27.37;14.98;21.18
Quentin Richardson;35;2010;55;32;PHI;C;77;1709;5.45;23724653;18.83;14.54;16.69
Reggie Hanson;1;1979;19;3;PHI;SG;41;515;0.08;2262642;9.37;3.6;6.49
Reggie Hanson;2;1980;20;4;DEN;SG;8;245;0.35;3341738;9.94;4.56;7.25
Reggie Hanson;3;1981;21;5;DEN;SG;38;4293;0.44;3701436;13.59;7.91;10.75
Reggie Hanson;4;1982;22;6;LAC;SG;30;536;0.99;5899594;6.54;0.6;3.57
Reggie Hanson;5;1983;23;2;LAC;SG;20;315;0.60;4340900;11.84;6.21;9.03
Reggie Hanson;6;1984;26;8;HOU;PF;27;731;0.26;2982039;9.79;2.34;6.07
Reggie Hanson;7;1984;24;8;SAC;SG;16;209;1.30;7139762;34.97;1.21;7.07
Reggie Hanson;8;1985;25;9;LAL;SG;76;3595;1.22;6818823;9.51;2.31;5.91
Reggie Hanson;9;1986;26;10;BRK;SG;32;89;16.59;10176009;11.06;3.17;7.12
Reggie Hanson;10;1987;27;11;CHA;SG;9;320;2.00;9936210;4.86;4.38;4.62
Reggie Hanson;11;1988;28;12;CHA;SG;71;1171;1.47;7817986;5.75;4.71;5.23
Reggie Hanson;12;1989;29;13;CHA;SG;55;164;0.55;4141068;8.64;8.36;8.5
Reggie Hanson;13;1990;30;14;CHA;SG;64;44;0.15;2542408;15.11;0.61;7.86
Reggie Hanson;14;1991;31;15;CHO;SF;67;2961;-0.37;464149;12.78;6.24;9.51
Reggie Hanson;15;1992;32;16;CLE;SF;63;2742;-36.85;5220163;21.21;3.56;12.39
Reggie Hanson;16;1993;33;17;BOS;PF;73;1594;-1.67;845194;19.16;14.8;16.98
Reggie Hanson;17;1994;34;18;BOS;PF;88;434;-1.03;746333;20.39;8.56;19.44
Reggie Hanson;18;1995;38;19;MIA;C;8;194;-0.60;852756;27.53;20.49;24.01
Reggie Hanson;19;1996;36;20;MIA;C;81;1874;-1.51;876818;31.66;9.38;20.52
Reggie Hanson;20;1997;37;21;MIA;C;38;1541;-0.84;733242;31.1;13.21;22.16
Reggie Hanson;21;1998;38;22;MIA;C;42;1435;-0.49;878629;17.53;27.74;22.64
Reggie Hanson;22;1999;39;23;MIA;C;45;251;-0.64;778198;20.49;15.55;18.02
Reggie Hanson;23;2000;40;24;MIL;C;71;862;0.20;2742240;23.21;10.43;16.82
Reggie Hanson;24;2001;41;25;MIL;C;8;381;0.15;2542408;11.43;6.33;8.88
Reggie Hanson;25;2002;42;26;MIL;C;9;182;-0.76;955336;16.32;19.77;18.05
Reggie Hanson;26;2003;43;27;MIL;C;65;785;-1.57;683078;27.3;4.39;15.85
Reggie Hanson;27;2004;44;28;HOU;C;41;935;37.87;774564;30.19;22.62;26.41
Reggie Hanson;28;2005;45;29;SEA;C;32;714;-1.75;1724654;28.4;16.57;22.49
Reggie Hanson;29;2006;46;30;SEA;C;73;180;-1.98;877718;11.19;-61.05;14.21
Reggie Hanson;30;2007;47;31;SEA;C;55;507;-3.00;781078;112.74;19.09;17.36
Reggie Hanson;31;2008;48;32;SEA;C;43;107;-2.04;711634;26.56;18.35;22.46
Reggie Hanson;32;2009;49;33;DEN;PG;88;807;-3.00;675086;38.78;5.07;21.93
Reggie Hanson;33;2009;49;33;MIL;PF;39;1242;-2.69;675508;12.97;11.03;12.0
Reggie Hanson;34;2010;50;34;MIL;PF;41;1172;-3.00;827069;14.99;14.32;14.66
Reggie Hanson;35;2011;51;35;MIL;PF;43;643;20.19;767024;18.01;0.54;9.08
Derrick Byars;1;1979;22;4;CHI;SG;22;238;0.30;3141905;10.46;3.87;7.17
Derrick Byars;2;1980;23;5;CHI;SG;10;94;0.54;4101101;11.96;8.25;10.11
Derrick Byars;3;1981;24;6;LAL;SG;65;242;-11.24;3061972;12.53;4.0;8.27
Derrick Byars;4;1982;25;7;LAL;SG;8;331;-0.80;729436;8.75;0.31;4.53
Derrick Byars;5;1983;26;8;PHO;SG;48;103;-0.83;638177;9.55;0.37;4.96
Derrick Byars;6;1984;27;9;PHO;SG;16;170;-0.99;606534;16.54;2.94;9.74
Derrick Byars;7;1985;28;10;PHO;SG;58;881;25.47;938478;17.11;2.68;9.9
Derrick Byars;8;1986;32;11;VAN;SG;81;1658;-1.14;634026;6.7;0.7;3.7
Derrick Byars;9;1987;30;12;PHO;SG;42;159;0.60;4340900;13.12;5.34;9.23
Derrick Byars;10;1988;31;13;ORL;SG;19;869;-0.34;584049;8.73;1.95;5.34
Derrick Byars;11;1989;32;14;ORL;SG;48;263;-0.61;882414;11.27;0.81;6.04
Derrick Byars;12;1990;33;15;ORL;SG;87;312;-1.26;960115;4.63;4.37;4.5
Derrick Byars;13;1991;34;16;ORL;SG;59;1717;-1.33;972773;5.47;9.11;7.29
Derrick Byars;14;1992;35;17;SAS;SG;64;91;37.14;1237302;13.06;8.5;10.78
Derrick Byars;15;1993;36;18;SAS;SG;38;473;-12.51;713707;8.67;3.26;6.69
Derrick Byars;16;1994;37;19;SAS;PF;23;1007;-1.48;763500;8.28;1.31;4.8
Derrick Byars;17;1995;40;20;NOK;SG;38;1499;-2.39;813272;10.93;2.14;6.54
Derrick Byars;18;1996;39;19;PHO;SG;31;1391;-2.45;906852;11.31;5.04;8.18
Derrick Byars;19;1997;40;22;PHO;SG;42;878;-2.29;941359;15.08;4.27;9.68
Derrick Byars;20;1998;41;23;PHO;SG;35;1222;-2.76;970506;9.45;3.39;6.42
Derrick Byars;21;1999;42;24;PHO;SG;27;355;-3.00;615706;13.71;2.09;7.9
Derrick Byars;22;2000;43;25;MIN;SG;45;1538;-3.00;979215;7.03;1.71;4.37
Derrick Byars;23;2000;43;25;NYK;SG;63;2297;-3.00;610966;10.38;5.03;7.71
Derrick Byars;24;2001;44;26;NYK;SG;81;79;-1.20;866225;8.9;3.83;6.37
Derrick Byars;25;2002;45;27;NYK;SG;36;370;-1.72;766538;4.46;0.98;2.72
Derrick Byars;26;2003;46;28;NYK;SG;92;7;-1.25;823078;5.36;4.16;4.76
Derrick Byars;27;2003;46;28;BOS;C;33;924;-0.88;906437;12.42;3.4;7.91
Derrick Byars;28;2004;47;29;BOS;SG;11;412;-1.43;790887;8.82;0.46;4.64
Derrick Byars;29;2005;48;30;BOS;SG;31;438;-1.49;729530;9.68;3.78;6.73
Derrick Byars;30;2006;49;31;BOS;SG;51;964;-1.97;752750;7.47;3.7;5.59
Derrick Byars;31;2007;50;32;BOS;SG;58;2752;-1.07;899300;6.85;8.72;7.79
Derrick Byars;32;2008;51;33;BOS;SG;18;367;-0.96;869250;10.17;2.67;6.42
Derrick Byars;33;2009;51;34;BOS;SG;95;466;-1.59;952195;15.01;6.89;10.95
Derrick Byars;34;2010;53;35;BOS;SG;7;281;-2.08;885376;9.86;2.86;6.36
Derrick Byars;35;2011;54;36;BOS;SG;64;2141;-2.38;709064;11.06;4.62;7.84
David Cooke;1;1979;20;3;CHI;PG;73;11;1.61;8377517;7.24;0.93;4.09
David Cooke;2;1980;21;4;CHI;PG;77;2039;-20.70;8537383;8.98;4.98;6.98
David Cooke;3;1981;23;5;CHH;PG;53;529;3.21;14772157;9.7;2.25;5.93
David Cooke;4;1982;23;6;GSW;PG;43;1612;3.20;14732190;8.78;1.21;5.0
David Cooke;5;1983;24;7;GSW;PG;46;364;2.31;11175172;12.33;1.24;6.79
David Cooke;6;1984;25;8;GSW;PG;79;2503;3.06;14172659;12.91;2.45;6.84
David Cooke;7;1985;26;9;GSW;PG;61;203;2.76;12973664;11.83;1.71;6.77
David Cooke;8;1986;27;10;GSW;PG;48;630;2.27;11015306;9.43;20.48;6.49
David Cooke;9;1987;28;11;GSW;SG;72;1256;25.07;8497416;11.1;9.24;10.17
David Cooke;10;1988;29;12;GSW;SG;54;690;0.68;4660632;14.07;3.97;9.02
David Cooke;11;1989;30;13;PHI;SG;12;513;0.66;4580699;4.59;7.34;5.97
David Cooke;12;1990;31;14;PHI;SG;23;819;-1.00;602394;9.32;4.88;7.1
David Cooke;13;1991;32;15;PHI;SG;53;2133;-1.43;649326;10.21;5.09;7.65
David Cooke;14;1992;33;16;HOU;SG;41;466;-0.66;959406;11.58;7.68;9.63
David Cooke;15;1993;34;17;HOU;SG;54;1361;-1.46;907340;11.54;1.66;6.6
David Cooke;16;1994;35;18;ORL;SG;78;-6638;-2.05;874412;11.3;7.76;9.53
David Cooke;17;1994;35;18;CLE;SG;52;1445;-2.86;998498;11.04;5.6;8.32
David Cooke;18;1995;36;19;MIN;SG;17;108;-3.00;896859;8.44;0.84;4.64
David Cooke;19;1996;37;20;CLE;SG;86;1225;-3.00;744872;11.3;6.43;9.81
David Cooke;20;1997;38;21;SAS;C;15;495;-1.54;872766;15.76;9.76;12.76
David Cooke;21;1998;39;22;SAS;SF;35;291;-2.92;771860;9.97;13.78;11.88
David Cooke;22;1999;40;23;SAS;SF;4;189;-2.66;913710;15.53;5.64;10.59
David Cooke;23;2000;41;24;SAS;SF;11;41;-2.56;913315;8.46;8.84;8.65
David Cooke;24;2001;42;25;SAS;SG;65;2162;-3.00;776964;18.53;8.9;13.72
David Cooke;25;2002;43;26;SAS;SF;58;837;-2.79;795902;7.86;9.24;8.55
David Cooke;26;2003;44;27;SAS;SF;60;1838;-3.00;1201823;11.49;1.26;6.11
David Cooke;27;2004;45;28;SAS;SF;18;74;-3.00;984928;11.81;3.52;7.67
David Cooke;28;2004;45;28;CLE;SG;45;2107;-3.00;682189;13.91;4.18;9.05
David Cooke;29;2005;46;29;CLE;SG;8;95;-3.00;653183;8.28;2.62;5.45
David Cooke;30;2006;46;30;CLE;SG;54;2273;-3.00;896864;13.17;4.96;9.07
David Cooke;31;2006;47;30;SEA;SG;94;91;-3.00;1643047;14.82;6.64;10.73
David Cooke;32;2007;48;31;SEA;SF;80;3420;-3.00;793265;18.28;5.45;11.36
David Cooke;33;2008;49;32;MIL;PF;6;102;-3.00;1368760;20.81;10.22;15.52
David Cooke;34;2009;50;33;MIL;PF;35;1297;-3.00;912531;18.33;8.8;18.31
David Cooke;35;2010;48;34;MIL;SG;20;767;-1.40;882950;12.83;8.43;10.63
Calbert Cheaney;1;1979;17;3;ORL;SF;46;1238;1.15;6539058;11.3;4.16;7.73
Calbert Cheaney;2;1980;18;4;ORL;SF;78;3445;1.12;6419158;9.3;2.54;5.92
Calbert Cheaney;3;1981;19;5;DEN;SF;47;1521;2.17;10615641;37.54;7.4;12.22
Calbert Cheaney;4;1982;20;6;DEN;SF;59;1862;2.23;10855440;18.3;10.99;14.65
Calbert Cheaney;5;1983;21;7;DEN;SF;54;468;2.48;11854602;18.4;6.99;12.7
Calbert Cheaney;6;1983;21;7;POR;SF;38;1283;2.55;12134368;11.67;11.97;11.82
Calbert Cheaney;7;1984;22;4;POR;SF;48;1284;3.69;16690549;17.08;11.8;4.63
Calbert Cheaney;8;1985;23;10;POR;SF;68;755;4.60;20327500;15.28;5.75;10.52
Calbert Cheaney;9;1985;23;9;ATL;SF;77;2899;5.15;22525658;23.35;3.9;13.63
Calbert Cheaney;10;1986;24;10;ATL;PF;67;2522;6.19;26682174;21.79;6.92;14.36
Calbert Cheaney;11;1987;25;11;POR;C;71;1955;6.32;27201738;22.71;8.57;15.64
Calbert Cheaney;12;1988;26;12;MIA;C;36;1318;5.29;23085189;24.05;45.36;20.21
Calbert Cheaney;13;1989;27;13;NYK;C;22;978;6.63;28440700;24.15;6.21;15.18
Calbert Cheaney;14;1990;28;14;NYK;C;81;3221;5.78;25043547;31.25;8.36;19.81
Calbert Cheaney;15;1991;29;15;NYK;C;15;17;5.50;23924485;26.75;6.63;16.69
Calbert Cheaney;16;1992;30;16;NYK;C;30;841;6.26;26961939;23.92;21.93;22.93
Calbert Cheaney;17;1993;31;17;NYK;C;22;602;4.92;21606428;30.95;10.09;20.52
Calbert Cheaney;18;1994;32;18;NYK;SF;21;603;6.21;26762107;15.73;0.56;8.15
Calbert Cheaney;19;1995;33;19;CHI;SG;66;131;7.27;30998556;10.07;7.62;8.85
Calbert Cheaney;20;1996;34;20;GSW;SG;71;1764;7.34;31278321;8.33;4.74;6.54
Calbert Cheaney;21;1997;35;21;SAS;SG;4;5;6.64;28480666;8.18;0.01;4.1
Calbert Cheaney;22;1998;36;22;CHI;SG;41;1797;5.88;25443212;11.37;2.26;6.82
Calbert Cheaney;23;1999;37;23;CHI;SG;18;426;7.36;31358254;11.21;2.86;7.04
Calbert Cheaney;24;2000;38;24;CHI;SG;62;2582;6.24;26882006;10.55;7.02;8.79
Calbert Cheaney;25;2001;39;25;CHI;SG;26;119;4.52;20007768;12.93;9.33;11.13
Calbert Cheaney;26;2002;43;26;CHI;SG;23;647;4.19;9250069;9.39;4.39;6.89
Calbert Cheaney;27;2003;41;27;NYK;SG;34;-735;3.28;15051922;8.23;5.11;6.67
Calbert Cheaney;28;2004;42;28;NYK;SG;1;15;3.27;15011956;8.01;5.29;6.65
Calbert Cheaney;29;2005;43;29;NYK;SG;37;1502;3.01;13972827;8.49;4.35;6.42
Calbert Cheaney;30;2006;44;30;WSB;SF;56;171;3.34;15291721;14.58;5.71;10.15
Calbert Cheaney;31;2006;41;30;NYK;SF;73;3073;2.86;13373329;18.58;6.72;12.65
Calbert Cheaney;32;2007;45;31;NYK;SF;81;1604;3.00;13932860;12.35;2.62;7.49
Calbert Cheaney;33;2008;46;32;NYK;SF;79;3067;2.99;13892894;14.1;2.62;8.36
Calbert Cheaney;34;2009;47;33;DEN;PF;69;851;2.91;13573162;16.42;13.98;15.2
Calbert Cheaney;35;2009;47;33;SAS;PF;43;1072;1.61;8377517;22.15;37.82;14.58
A.J. Price;1;1979;18;3;SAS;C;75;411;0.82;5220163;32.77;9.9;21.34
A.J. Price;2;1980;19;3;SAS;PF;69;4857;1.09;6299259;12.93;9.28;11.11
A.J. Price;3;1981;20;5;SAS;SF;85;1315;0.03;2062810;10.74;-33.65;7.49
A.J. Price;4;1982;21;6;SAS;SF;73;2780;-0.28;823848;18.3;11.69;15.0
A.J. Price;5;1983;22;7;UTA;SF;33;1283;-0.24;983714;17.73;6.83;12.28
A.J. Price;6;1984;23;8;DEN;SF;90;92;0.97;5819661;46.85;14.2;14.05
A.J. Price;7;1985;24;9;DEN;SF;63;1649;0.30;3141905;13.78;2.29;8.04
A.J. Price;8;1986;25;10;DEN;SF;78;2404;1.35;7338388;18.77;7.7;9.74
A.J. Price;9;1987;26;11;DEN;SF;12;344;1.69;8697249;16.41;11.77;14.09
A.J. Price;10;1988;27;12;DEN;SF;45;53;0.79;5100264;18.84;5.55;12.2
A.J. Price;11;1989;28;13;BOS;SF;27;233;2.66;12573999;54.38;52.46;13.54
A.J. Price;12;1989;28;13;SAS;SF;50;6497;1.47;7817986;21.21;9.66;15.44
A.J. Price;13;1990;29;17;NYK;PF;16;68;1.76;8977014;19.76;0.5;10.13
A.J. Price;14;1991;30;15;NYK;PF;66;1929;1.77;9016981;-17.15;11.17;12.64
A.J. Price;15;1992;31;16;NYK;PG;6;201;2.17;10615641;17.05;5.38;4.80
A.J. Price;16;1993;32;17;NYK;PF;7;301;2.87;13413296;23.37;6.35;14.86
A.J. Price;17;1993;32;17;DEN;PF;36;1400;2.56;12174334;23.64;0.78;12.21
A.J. Price;18;1994;32;18;DEN;PF;65;2809;2.88;13453262;-6.84;10.8;15.57
A.J. Price;19;1994;33;18;DET;PF;2;273;3.91;17569812;23.4;5.21;14.31
A.J. Price;20;1995;34;19;MIA;PF;8;303;3.50;15931185;18.65;18.84;18.75
A.J. Price;21;1996;35;20;MIA;PF;16;929;3.11;14372492;13.24;12.48;12.86
A.J. Price;22;1996;35;20;PHO;PF;77;245;2.50;11934535;16.3;29.24;11.68
A.J. Price;23;1997;36;21;LAC;PF;48;271;3.49;15891219;11.21;5.8;8.51
A.J. Price;24;1998;37;22;CHA;PF;37;-3042;2.19;10695574;15.46;10.5;12.98
A.J. Price;25;1999;38;23;ATL;PF;10;58;1.50;7937885;22.61;9.9;16.26
A.J. Price;26;2000;39;24;NJN;PF;68;2802;0.90;5539895;23.23;1.05;12.14
A.J. Price;27;2001;40;25;NJN;PF;63;763;0.40;3541570;23.43;14.55;18.99
A.J. Price;28;2002;41;26;NJN;PF;55;191;-0.58;623260;21.61;11.63;16.62
A.J. Price;29;2003;42;27;DAL;PF;41;1208;-0.68;688453;15.66;15.98;15.82
A.J. Price;30;2003;42;27;LAC;PF;71;871;0.84;5300096;12.88;7.96;10.42
A.J. Price;31;2004;43;28;GSW;PF;70;3174;1.76;8977014;22.78;13.23;18.01
A.J. Price;32;2004;43;28;CHA;PF;66;1347;-0.41;304283;20.42;17.04;18.73
A.J. Price;33;2005;44;29;TOR;PF;47;1744;-0.53;601512;21.72;13.53;17.63
A.J. Price;34;2006;45;30;PHO;PF;8;51;0.73;4860465;18.54;13.51;16.03
A.J. Price;35;2007;46;31;DEN;PF;17;789;0.66;4580699;9.95;9.67;9.81
Chris Owens;1;1979;19;3;TOR;PG;4;76;0.95;5739728;7.37;0.78;4.08
Chris Owens;2;1980;20;4;TOR;PG;28;306;1.84;9296746;5.15;2.39;4.07
Chris Owens;3;1981;21;5;TOR;PG;83;2869;3.07;14212626;7.01;1.03;4.02
Chris Owens;4;1982;22;6;TOR;C;57;1496;5.37;23404921;12.69;2.38;7.54
Chris Owens;5;1983;23;7;ORL;PG;4;-162;35.62;23165122;8.97;2.62;5.8
Chris Owens;6;1984;24;8;CHI;PG;37;260;5.58;24244217;7.08;0.21;3.65
Chris Owens;7;1985;25;9;SAS;PG;92;1168;4.39;19488204;2.0;4.12;3.06
Chris Owens;8;1986;26;10;SAS;PG;81;643;5.34;23285021;9.26;2.51;5.89
Chris Owens;9;1987;27;11;SAS;PG;57;1893;35.06;20407433;11.38;5.74;8.56
Chris Owens;10;1987;27;11;UTA;PG;27;2691;6.05;26122643;7.84;2.96;5.4
Chris Owens;11;1988;28;12;UTA;PG;22;822;4.70;20727165;7.44;2.18;4.81
Chris Owens;12;1989;29;13;UTA;PG;1;23;4.03;18049410;10.04;0.18;5.11
Chris Owens;13;1990;30;14;UTA;PG;3;103;3.65;25406458;8.41;1.91;5.16
Chris Owens;14;1991;31;15;UTA;PG;13;1433;4.32;19208438;9.09;3.55;6.32
Chris Owens;15;1991;31;15;NYK;PG;42;119;3.51;15971152;14.07;3.65;8.86
Chris Owens;16;1992;32;16;CHI;PG;6;245;3.67;16610616;6.13;6.62;6.38
Chris Owens;17;1993;33;17;NOK;PG;39;1687;2.89;13493229;11.18;1.66;6.95
Chris Owens;18;1994;34;18;HOU;PG;52;737;1.43;7658120;12.78;0.29;6.54
Chris Owens;19;1995;35;19;DET;PG;88;2344;0.73;4860465;3.43;3.19;3.31
Chris Owens;20;1996;36;20;DET;PG;61;6557;0.82;5220163;6.46;2.69;4.58
Chris Owens;21;1997;37;21;SAC;PG;42;330;-0.48;24518;4.77;16.50;3.69
Chris Owens;22;1998;36;22;MEM;PG;38;130;-2.20;687038;6.53;4.33;5.43
Chris Owens;23;1998;38;22;DEN;PG;23;925;-3.00;987065;13.39;1.05;7.22
Chris Owens;24;1999;39;25;DEN;PG;7;34;-2.48;946385;7.74;2.32;5.03
Chris Owens;25;2000;40;24;WSB;PG;59;921;-3.00;56149;3.5;2.58;3.04
Chris Owens;26;2001;41;25;WSB;SG;15;579;-3.00;661807;9.54;5.34;7.44
Chris Owens;27;2002;42;26;WSB;SG;9;231;-2.79;621349;6.88;6.33;6.61
Chris Owens;28;2003;43;27;GSW;SG;59;552;-2.44;1205387;20.95;5.01;12.98
Chris Owens;29;2004;47;28;IND;SG;18;269;-2.97;734612;7.9;2.0;4.95
Chris Owens;30;2005;45;29;UTA;SG;51;1143;-2.47;843065;10.51;3.09;6.8
Chris Owens;31;2006;46;30;DET;SG;68;2960;-3.00;715163;11.19;2.94;7.07
Chris Owens;32;2007;47;31;DET;SG;43;1405;-3.00;890660;8.06;3.99;6.03
Chris Owens;33;2008;48;32;DET;SG;57;2142;-3.00;663529;6.05;12.26;9.16
Chris Owens;34;2009;49;33;DET;SG;20;246;-3.00;824098;9.39;3.63;6.51
Chris Owens;35;2010;50;34;DET;SG;21;758;-3.00;759740;8.81;8.64;8.73
Bernard Thompson;1;1979;19;3;DET;PF;30;888;-1.18;680347;14.33;15.75;15.04
Bernard Thompson;2;1980;20;4;DET;PG;9;241;-1.32;753753;20.01;6.23;21.81
Bernard Thompson;3;1981;21;5;DET;PF;5;35;-0.92;804104;18.42;11.74;15.08
Bernard Thompson;4;1982;22;6;NJN;PF;12;304;-1.81;776871;8.85;7.17;8.01
Bernard Thompson;5;1983;23;7;NJN;PF;63;351;-1.78;757098;18.86;10.07;14.47
Bernard Thompson;6;1984;24;8;CHH;PF;61;2246;-15.43;951761;19.05;6.3;12.68
Bernard Thompson;7;1985;25;9;CHH;PF;61;2096;0.13;2462475;18.23;9.94;14.09
Bernard Thompson;8;1986;26;10;PHO;PF;73;454;-1.86;955375;27.62;9.06;18.34
Bernard Thompson;9;1987;27;8;CHI;PF;23;774;-1.65;691186;25.74;6.08;15.91
Bernard Thompson;10;1988;28;12;CHH;PF;56;538;0.07;2222676;21.26;7.21;14.24
Bernard Thompson;11;1989;29;13;CHH;PF;54;24;-3.00;856218;23.76;5.15;14.46
Bernard Thompson;12;1990;30;14;PHI;SF;2;29;-2.60;978166;17.34;8.71;13.03
Bernard Thompson;13;1991;31;15;ORL;SF;37;1568;-2.06;762319;12.54;9.84;11.19
Bernard Thompson;14;1992;32;16;UTA;SG;75;2428;-2.14;604864;8.24;5.63;6.94
Bernard Thompson;15;1992;32;16;LAC;PG;94;1970;-0.82;908943;8.94;0.13;4.54
Bernard Thompson;16;1993;33;17;LAC;PG;75;10662;-0.20;1143580;2.82;3.53;3.18
Bernard Thompson;17;1994;34;18;LAC;PG;84;835;-0.58;811491;2.81;0.3;1.56
Bernard Thompson;18;1995;35;19;SAS;PG;13;108;-0.92;773813;-24.04;4.09;6.21
Bernard Thompson;19;1996;36;20;SAS;PG;84;-121;-0.31;703948;6.89;0.76;3.83
Bernard Thompson;20;1997;37;22;SAS;PG;90;-4407;0.21;2782207;7.15;2.07;4.61
Bernard Thompson;21;1998;38;22;SAS;PG;57;1700;-0.45;144417;7.07;1.26;4.17
Bernard Thompson;22;1999;39;23;SAS;PG;76;458;0.24;2902106;5.85;3.46;4.66
Bernard Thompson;23;2000;40;24;SAS;PG;47;80;-0.69;950585;5.74;3.01;4.38
Bernard Thompson;24;2001;41;25;ORL;PG;35;1308;-1.84;980463;3.83;0.31;2.07
Bernard Thompson;25;2002;42;26;ORL;PG;80;3674;-1.85;692462;8.8;2.91;5.28
Bernard Thompson;26;2003;43;27;ORL;PG;65;2931;-1.89;986442;5.11;6.03;5.57
Bernard Thompson;27;2004;40;28;NOK;PG;22;539;-2.96;777573;4.37;0.62;2.5
Bernard Thompson;28;2005;45;29;ORL;PG;79;2162;-36.53;700759;9.37;1.02;5.2
Bernard Thompson;29;2006;46;30;ORL;PG;2;52;-3.00;965592;9.61;0.98;5.3
Bernard Thompson;30;2007;47;33;NOP;PG;63;884;-3.00;902484;4.46;1.84;3.15
Bernard Thompson;31;2008;48;32;GSW;SG;57;884;-2.61;909415;13.2;7.93;4.29
Bernard Thompson;32;2009;49;33;GSW;SG;26;652;-3.00;746108;14.6;1.57;8.09
Bernard Thompson;33;2010;50;34;GSW;SG;76;2901;-3.00;938986;11.78;2.68;7.23
Bernard Thompson;34;2011;51;35;GSW;SG;26;982;-3.00;973931;11.99;8.75;10.37
Bernard Thompson;35;2012;52;36;GSW;SG;23;575;-2.12;958251;11.12;5.35;8.24
Vincent Askew;1;1979;22;3;GSW;SF;42;938;-0.32;663982;16.92;10.72;13.82
Vincent Askew;2;1980;23;4;GSW;SF;63;2390;1.41;7578187;10.79;1.99;6.39
Vincent Askew;3;1981;24;5;GSW;SF;46;313;1.64;8497416;17.23;6.35;11.79
Vincent Askew;4;1982;25;6;GSW;SG;79;3094;1.58;8257617;8.67;1.67;5.85
Vincent Askew;5;1983;26;7;GSW;SG;32;420;0.03;2062810;5.42;5.65;5.54
Vincent Askew;6;1984;27;8;GSW;SG;76;2285;0.60;4340900;8.29;1.0;4.45
Vincent Askew;7;1985;28;9;PHI;SF;2;3;0.26;2982039;17.33;2.34;9.84
Vincent Askew;8;1986;29;10;PHI;SF;43;2014;0.13;2462475;11.57;6.16;8.29
Vincent Askew;9;1987;30;11;BUF;SF;55;417;0.29;3101939;12.03;4.5;8.27
Vincent Askew;10;1988;31;12;SAC;SG;16;6;-1.00;873224;7.2;7.45;7.33
Vincent Askew;11;1989;32;13;SAC;SG;51;1342;-0.86;955835;9.01;5.06;6.49
Vincent Askew;12;1990;33;14;SAC;SG;34;208;0.02;2022843;11.2;4.62;7.91
Vincent Askew;13;1990;33;14;ATL;SF;12;296;0.64;4500766;11.74;10.09;10.92
Vincent Askew;14;1991;34;15;DET;SF;72;193;0.90;5539895;22.56;5.28;6.22
Vincent Askew;15;1992;35;16;PHI;SF;52;2372;1.51;7977852;76.98;3.93;11.23
Vincent Askew;16;1992;35;16;ORL;SF;16;331;0.93;5659795;1.21;4.75;8.56
Vincent Askew;17;1993;36;17;ORL;SF;26;978;0.66;4580699;17.06;12.26;14.66
Vincent Askew;18;1994;37;18;NOH;SG;6;254;0.79;5100264;12.91;3.07;7.99
Vincent Askew;19;1995;38;19;NOH;SG;16;459;-1.15;965518;14.53;4.73;9.63
Vincent Askew;20;1996;39;20;CHA;SG;29;1019;-1.41;910638;9.83;2.15;5.99
Vincent Askew;21;1997;40;21;CHA;SG;1;42;-1.21;635683;5.69;5.37;5.53
Vincent Askew;22;1998;41;22;PHO;C;98;6566;-1.19;948209;19.05;33.62;11.06
Vincent Askew;23;1999;43;23;ATL;SG;9;307;-2.06;776776;7.42;38.99;3.9
Vincent Askew;24;2000;43;24;ATL;SG;4;174;-1.66;871271;5.53;5.55;5.54
Vincent Askew;25;2001;44;25;DEN;SG;7;-32;-3.00;856767;12.8;10.0;11.4
Vincent Askew;26;2002;45;26;DEN;SF;2;14;-2.71;804273;13.93;5.24;9.59
Vincent Askew;27;2003;45;27;DEN;PG;98;1135;38.30;847081;21.33;6.74;14.04
Vincent Askew;28;2004;47;28;DEN;SF;40;274;40.78;905246;10.87;6.88;8.88
Vincent Askew;29;2004;47;28;TOR;SF;22;295;-1.67;827627;12.35;2.47;7.41
Vincent Askew;30;2005;48;29;HOU;SF;41;469;-0.97;727395;9.46;7.12;7.89
Vincent Askew;31;2006;49;30;PHI;SG;4;496;-1.49;930573;8.03;4.76;6.97
Vincent Askew;32;2007;50;31;PHI;SG;55;1924;-0.97;957787;8.06;6.79;7.43
Vincent Askew;33;2008;51;32;ATL;PF;80;1289;0.13;2462475;8.83;3.23;6.03
Vincent Askew;34;2009;52;33;ATL;SG;93;-2084;17.00;5499929;7.72;2.49;5.70
Vincent Askew;35;2010;54;34;ATL;SG;36;756;1.27;7018656;9.62;-14.79;7.24
Dennis Rodman;1;1979;19;3;ATL;SF;68;3137;2.19;10695574;17.8;9.01;13.41
Dennis Rodman;2;1980;20;4;NYK;SF;44;969;2.74;12893731;14.81;5.47;10.14
Dennis Rodman;3;1981;21;5;NYK;SF;30;374;2.47;11814636;14.02;8.33;11.18
Dennis Rodman;4;1982;22;6;NYK;SG;67;1242;2.42;11614803;6.21;2.84;4.53
Dennis Rodman;5;1983;23;7;MIL;SG;44;1342;2.83;13253430;5.34;1.77;3.56
Dennis Rodman;6;1984;24;8;MIL;C;61;1531;2.01;9976176;12.26;7.19;9.73
Dennis Rodman;7;1985;25;9;MIL;SG;15;648;3.23;14852090;4.4;6.41;5.41
Dennis Rodman;8;1985;25;9;CHA;SG;73;1192;2.80;13133530;9.69;4.03;6.86
Dennis Rodman;9;1986;26;10;CHA;SG;13;326;4.24;18888706;10.4;3.59;7.0
Dennis Rodman;10;1987;27;11;MEM;SG;15;16;6.15;26522308;8.03;6.06;7.05
Dennis Rodman;11;1987;26;11;ORL;SG;36;969;4.28;19048572;4.43;7.6;6.02
Dennis Rodman;12;1988;28;12;ORL;SG;54;820;5.11;22365792;10.64;3.28;6.96
Dennis Rodman;13;1989;29;13;WSB;SG;79;1875;4.03;18049410;6.08;0.56;3.32
Dennis Rodman;14;1990;30;14;WSB;SG;31;4021;4.17;18608941;11.4;5.76;8.58
Dennis Rodman;15;1991;31;15;WSB;SG;7;99;3.05;14132693;13.88;0.32;7.1
Dennis Rodman;16;1992;32;16;WSB;SG;19;2528;3.21;14772157;5.53;1.38;3.46
Dennis Rodman;17;1993;33;18;WSB;SG;61;184;3.15;14532358;14.02;4.6;9.31
Dennis Rodman;18;1994;34;18;SEA;SG;47;2075;1.31;7178522;12.01;3.56;7.79
Dennis Rodman;19;1995;35;19;ORL;PF;42;306;1.59;8297584;10.61;1.02;5.82
Dennis Rodman;20;1996;36;20;SAC;SG;37;1401;0.65;4540733;14.02;7.03;10.53
Dennis Rodman;21;1997;37;21;ORL;SG;63;2729;1.14;6499091;10.1;4.57;7.34
Dennis Rodman;22;1998;38;22;NYK;SG;48;1249;-12.64;8497416;9.45;4.06;6.76
Dennis Rodman;23;1999;39;23;NYK;SG;44;843;1.79;9096914;8.94;5.01;6.98
Dennis Rodman;24;2000;40;24;LAC;SG;78;1361;2.37;11414971;7.05;2.74;4.9
Dennis Rodman;25;2001;41;25;LAC;SG;63;1210;2.12;10415808;5.96;7.39;6.68
Dennis Rodman;26;2001;41;25;CLE;SG;66;2106;2.19;10695574;9.23;37.05;9.51
Dennis Rodman;27;2002;42;26;CLE;SG;55;630;-38.65;7178522;8.24;7.01;7.63
Dennis Rodman;28;2003;43;27;CLE;SF;15;149;-0.31;703948;12.7;7.51;10.11
Dennis Rodman;29;2004;44;28;WSB;SF;42;522;-0.83;730366;18.84;8.67;13.76
Dennis Rodman;30;2005;45;29;WSB;SF;31;1002;-0.47;64484;66.14;5.33;10.53
Dennis Rodman;31;2006;46;30;GSW;SF;34;1399;-1.01;964918;16.3;11.85;14.08
Dennis Rodman;32;2007;48;31;GSW;SF;30;1022;-2.02;861926;11.16;7.77;9.47
Dennis Rodman;33;2008;48;32;GSW;SF;7;265;-2.58;869501;12.75;3.9;8.33
Dennis Rodman;34;2009;49;33;NOH;SG;2;95;-2.99;677493;10.51;5.11;7.81
Dennis Rodman;35;2010;50;34;GSW;SG;37;1020;-3.00;747911;9.16;5.96;7.56
Kiwane Garris;1;1979;21;3;GSW;C;4;79;2.12;10415808;13.97;16.14;15.06
Kiwane Garris;2;1980;22;4;GSW;PG;11;46;3.08;14252592;50.06;3.96;15.16
Kiwane Garris;3;1981;23;5;GSW;C;12;39;3.80;17130180;17.58;11.19;14.39
Kiwane Garris;4;1982;24;6;NYK;C;19;806;3.00;13932860;21.88;8.56;15.22
Kiwane Garris;5;1983;25;7;DAL;C;54;948;48.44;7658120;24.22;1.01;12.62
Kiwane Garris;6;1984;26;8;DAL;PF;54;345;1.51;7977852;21.03;14.29;17.66
Kiwane Garris;7;1985;27;9;NJN;PF;28;480;0.60;4340900;14.16;9.95;12.06
Kiwane Garris;8;1986;28;10;TOR;PF;81;3584;-0.79;912592;8.94;10.9;9.92
Kiwane Garris;9;1987;29;11;TOR;PF;18;404;-0.99;614361;27.07;15.37;21.22
Kiwane Garris;10;1988;31;12;TOR;PF;65;3006;-0.89;934682;17.81;2.96;10.39
Kiwane Garris;11;1989;26;13;NYK;PF;28;204;-1.78;602638;9.75;4.34;7.05
Kiwane Garris;12;1989;31;13;HOU;PF;12;474;-2.57;726309;20.34;5.2;12.77
Kiwane Garris;13;1990;32;14;SAS;PF;17;606;32.62;722366;17.45;9.24;13.35
Kiwane Garris;14;1991;33;15;SAS;PF;37;-728;-3.00;985516;16.77;9.03;12.9
Kiwane Garris;15;1992;34;16;SEA;PF;73;3326;-3.00;949934;14.85;13.24;14.05
Kiwane Garris;16;1993;37;17;SEA;PF;21;77;-3.00;959144;22.97;29.65;18.88
Kiwane Garris;17;1994;36;18;POR;SF;71;3134;-2.77;916844;9.8;11.35;9.32
Kiwane Garris;18;1994;36;15;NOJ;SF;51;-3427;-2.21;926844;12.96;0.73;6.85
Kiwane Garris;19;1995;37;19;IND;SF;56;2320;-3.00;892234;9.09;-6.23;8.61
Kiwane Garris;20;1996;38;20;NYK;SF;19;418;-1.51;738169;8.66;7.81;8.24
Kiwane Garris;21;1996;38;20;DAL;SF;90;12;-4.24;927463;12.67;3.7;8.19
Kiwane Garris;22;1997;39;21;DAL;SF;42;945;-2.92;793480;17.04;9.13;13.09
Kiwane Garris;23;1998;40;22;DAL;SF;42;1637;-3.00;832137;11.27;4.76;7.47
Kiwane Garris;24;1999;41;23;NOP;PG;17;156;-3.00;820775;14.76;5.4;10.08
Kiwane Garris;25;2000;42;24;NOP;SF;30;304;-3.00;607239;12.83;3.68;8.26
Kiwane Garris;26;2001;42;25;NOP;SF;39;1056;-3.00;710248;10.8;11.3;11.05
Kiwane Garris;27;2002;44;26;NOP;SF;69;2458;-3.00;828767;8.3;-33.55;7.8
Kiwane Garris;28;2003;45;27;NOP;SF;21;345;-2.42;884794;8.01;9.76;8.89
Kiwane Garris;29;2004;49;28;NOP;SF;9;176;-1.96;971354;11.88;6.0;8.94
Kiwane Garris;30;2005;47;29;NOP;SF;67;-5580;-0.84;905608;10.86;7.72;9.29
Kiwane Garris;31;2006;48;30;DAL;SF;76;839;-1.32;655261;15.14;56.56;10.3
Kiwane Garris;32;2007;49;31;DAL;SF;61;1547;-1.29;964170;14.05;2.37;8.21
Kiwane Garris;33;2008;50;32;TOR;SF;47;1267;-0.85;981170;14.11;4.46;9.29
Kiwane Garris;34;2008;50;32;PHO;SF;13;181;-2.14;607263;9.57;6.33;7.95
Kiwane Garris;35;2009;51;33;PHO;SF;33;1196;-2.63;879320;15.02;1.26;8.14
Tito Horford;1;1979;18;4;PHO;PF;76;2894;1.17;6618991;12.6;3.75;8.18
Tito Horford;2;1979;18;4;LAL;PF;41;1271;0.54;4101101;18.37;16.17;17.27
Tito Horford;3;1980;19;5;LAL;C;6;92;1.67;8617316;-21.88;7.76;15.61
Tito Horford;4;1981;20;6;PHI;C;31;631;1.99;9896244;28.02;28.35;28.19
Tito Horford;5;1982;21;7;PHI;C;37;426;2.22;10815473;1.60;9.33;16.44
Tito Horford;6;1983;22;8;ORL;C;91;1339;1.80;9136880;20.6;10.49;15.55
Tito Horford;7;1984;24;9;SAS;C;93;234;1.08;6259292;20.61;16.38;18.5
Tito Horford;8;1985;24;10;SAS;C;25;470;1.40;7597433;24.43;8.06;10.78
Tito Horford;9;1986;25;11;UTA;C;27;740;2.03;10056109;24.17;8.17;16.17
Tito Horford;10;1987;26;12;BUF;C;72;1405;0.54;3196573;31.72;5.29;18.51
Tito Horford;11;1988;27;13;UTA;C;84;1431;2.02;10016143;15.18;6.79;10.99
Tito Horford;12;1989;28;14;UTA;C;55;1748;3.11;14372492;17.2;7.51;12.36
Tito Horford;13;1990;29;15;LAC;PG;5;83;3.64;16490716;17.4;20.3;18.85
Tito Horford;14;1991;30;16;DEN;C;56;1677;3.65;16530683;31.68;14.42;23.05
Tito Horford;15;1991;30;16;DAL;C;63;247;2.59;12294234;17.76;5.57;11.67
Tito Horford;16;1991;30;16;ATL;SG;27;827;2.30;11135205;12.42;1.2;6.81
Tito Horford;17;1992;31;17;ATL;PG;72;2856;1.03;6059460;8.28;2.62;5.45
Tito Horford;18;1993;32;18;ATL;PG;75;3142;1.35;7338388;9.37;-9.48;6.09
Tito Horford;19;1994;33;21;UTA;PG;26;478;1.34;7298421;5.29;1.79;3.54
Tito Horford;20;1994;33;19;BOS;PG;5;37;1.73;8857115;5.23;3.14;4.19
Tito Horford;21;1995;34;20;NYK;PG;12;967;0.78;5060297;8.94;3.45;6.36
Tito Horford;22;1996;35;16;NYK;PG;25;276;-0.07;1663144;8.51;1.64;5.08
Tito Horford;23;1997;36;19;NYK;PG;73;2866;-0.07;1663144;6.31;1.33;3.82
Tito Horford;24;1998;37;23;NYK;PG;94;2892;-0.04;1783044;6.97;0.99;3.98
Tito Horford;25;1999;33;24;PHO;PG;13;499;0.98;5859627;41.73;0.52;5.15
Tito Horford;26;1999;38;24;HOU;PG;26;1095;-1.22;782157;-31.07;3.84;4.55
Tito Horford;27;1999;38;22;NYK;PF;5;221;-0.84;773611;12.28;1.79;7.04
Tito Horford;28;2000;39;25;NYK;PG;60;16;-0.60;786693;8.31;-3.27;6.61
Tito Horford;29;2001;40;26;NYK;PG;30;682;0.01;1982877;10.55;0.95;5.75
Tito Horford;30;2002;41;27;SAS;PF;34;278;48.37;745400;4.58;3.22;3.9
Tito Horford;31;2003;42;24;POR;PG;27;746;-2.67;839855;7.71;1.56;4.64
Tito Horford;32;2004;43;29;POR;PG;21;850;-2.53;728884;5.2;3.6;4.4
Tito Horford;33;2005;44;30;CHO;PG;37;569;-3.00;927828;9.79;3.37;5.70
Tito Horford;34;2006;45;31;IND;PG;4;91;-3.00;960264;12.04;2.43;7.24
Tito Horford;35;2007;46;32;IND;PG;7;45;-3.00;609040;9.99;3.34;6.67
James Harden;1;1979;22;4;IND;PG;3;82;0.78;5060297;7.19;2.4;4.8
James Harden;2;1980;23;5;IND;PG;2;55;34.03;5020331;8.28;1.24;4.28
James Harden;3;1981;24;6;IND;PG;73;263;1.12;6419158;8.47;3.65;6.06
James Harden;4;1982;25;7;MIL;PG;55;803;2.42;11614803;3.6;1.02;2.31
James Harden;5;1983;26;8;MIA;PG;28;912;2.18;10655607;5.9;2.2;4.05
James Harden;6;1984;27;9;MIL;PG;10;283;0.97;5819661;8.3;3.15;5.73
James Harden;7;1985;28;10;MIL;PG;63;2896;1.23;6858790;3.35;2.42;2.89
James Harden;8;1985;28;10;HOU;SG;77;3388;1.23;6858790;13.97;3.81;8.89
James Harden;9;1986;29;11;HOU;SF;14;637;2.77;13013631;15.28;-38.67;11.54
James Harden;10;1987;30;12;MIN;PG;33;-472;1.71;8777182;8.67;6.19;7.43
James Harden;11;1988;31;13;HOU;SF;57;681;1.25;6938723;14.64;10.61;12.63
James Harden;12;1989;32;14;HOU;SF;1;12;1.59;8297584;36.85;9.04;9.89
James Harden;13;1990;33;15;HOU;SF;20;150;-0.04;1783044;13.34;2.73;8.04
James Harden;14;1990;33;15;SAC;SF;79;2462;-0.63;775727;8.51;6.45;7.48
James Harden;15;1991;34;16;TOR;SF;40;1015;-33.74;3901269;7.45;10.95;9.2
James Harden;16;1991;36;16;SAS;PG;44;2037;0.51;3981202;15.01;9.27;12.14
James Harden;17;1992;35;17;SAS;PF;88;370;0.47;3905807;13.64;12.36;13.0
James Harden;18;1993;36;18;DEN;PF;24;127;0.91;5579862;23.67;9.85;16.76
James Harden;19;1994;34;19;DEN;PF;88;1635;1.40;7817279;14.22;13.57;13.9
James Harden;20;1995;38;20;POR;PF;34;323;0.06;2182709;21.79;8.96;15.38
James Harden;21;1996;39;21;POR;PF;58;176;0.53;4061135;22.12;12.91;17.52
James Harden;22;1997;40;22;POR;C;33;260;0.57;4221001;15.79;6.23;11.01
James Harden;23;1997;40;19;SAS;C;22;930;-0.79;762963;25.87;19.94;22.91
James Harden;24;1998;41;23;DET;C;70;2263;-1.77;923230;29.71;15.09;22.4
James Harden;25;1999;42;24;UTA;C;7;206;-0.96;808590;16.04;1.86;8.95
James Harden;26;1999;42;24;PHO;C;44;1405;-1.64;862350;23.96;6.74;15.35
James Harden;27;2000;43;25;PHO;PF;66;2106;-1.03;688644;22.59;15.57;19.08
James Harden;28;2001;44;26;WSB;SF;72;1403;-2.10;607560;10.61;6.72;8.67
James Harden;29;2002;45;27;WSB;SF;14;19;-1.63;685346;-33.51;2.53;10.6
James Harden;30;2003;46;28;MIL;SF;12;456;-1.99;608091;17.08;6.12;13.94
James Harden;31;2004;47;29;MIL;SF;59;2537;48.18;827438;17.51;3.02;10.27
James Harden;32;2005;48;30;LAC;SF;13;-308;-2.50;782470;12.55;48.08;7.29
James Harden;33;2006;49;31;KCK;SF;38;1066;-3.00;640989;13.43;0.3;6.87
James Harden;34;2007;50;32;DAL;PF;79;1424;-3.00;799371;28.56;14.55;21.56
James Harden;35;2008;51;35;DAL;C;46;1896;-2.40;995631;24.32;6.55;15.44
Will Solomon;1;1979;20;4;MIL;PF;11;153;-0.64;992096;12.24;8.68;10.46
Will Solomon;2;1980;21;5;SEA;PF;87;1161;-0.26;903781;9.88;10.53;10.21
Will Solomon;3;1981;22;6;SEA;SF;17;457;0.25;2942073;13.41;8.47;10.94
Will Solomon;4;1982;23;2;MIL;PF;50;1636;-0.54;863493;14.3;6.35;10.33
Will Solomon;5;1983;24;8;UTA;C;57;1414;-0.03;1823010;23.68;12.47;18.08
Will Solomon;6;1984;25;9;UTA;C;54;1061;-0.56;1488593;28.47;11.69;20.08
Will Solomon;7;1985;26;10;UTA;C;33;-1877;-0.24;983714;20.15;6.34;13.25
Will Solomon;8;1986;27;11;WSB;C;25;742;-0.06;1703111;27.15;0.91;14.03
Will Solomon;9;1986;27;11;CHI;C;31;1406;0.14;2502441;21.86;25.21;23.54
Will Solomon;10;1987;28;12;CHI;C;87;346;-0.36;434778;26.74;1.02;13.88
Will Solomon;11;1987;28;12;GSW;C;76;2013;-4.64;1743077;11.04;22.32;16.68
Will Solomon;12;1988;30;16;GSW;C;61;2091;-0.42;264317;17.21;19.0;18.11
Will Solomon;13;1989;30;14;GSW;PF;31;1068;37.77;832923;22.24;8.31;15.28
Will Solomon;14;1990;31;15;GSW;PF;2;20;0.02;2022843;20.45;15.79;18.12
Will Solomon;15;1991;32;16;GSW;SF;72;2296;0.47;3821336;11.94;5.86;9.65
Will Solomon;16;1992;33;17;CHI;SF;5;40;-0.07;1663144;-36.20;9.4;10.5
Will Solomon;17;1992;33;17;MIL;SF;95;1235;0.28;3061972;59.18;8.37;10.3
Will Solomon;18;1993;34;18;MIA;SF;69;1672;0.94;5699761;14.36;12.03;13.2
Will Solomon;19;1994;35;19;MIA;SF;91;505;2.17;10615641;11.7;3.95;7.83
Will Solomon;20;1994;35;19;DET;PF;2;3;1.91;9576512;10.63;9.11;9.87
Will Solomon;21;1995;36;20;DET;SF;49;77;2.04;10096076;9.63;41.16;5.42
Will Solomon;22;1996;37;21;MIN;PG;77;665;3.30;15131855;20.17;5.22;12.7
Will Solomon;23;1997;38;22;MIN;SF;21;874;-34.33;10815473;19.12;4.07;11.6
Will Solomon;24;1998;40;23;DAL;SF;51;2068;1.62;8417483;17.51;2.2;9.86
Will Solomon;25;1999;39;24;DAL;SF;17;356;1.22;6818823;15.7;6.35;11.03
Will Solomon;26;2000;41;25;DAL;SF;74;1142;1.91;10136866;22.46;9.5;15.98
Will Solomon;27;2001;42;26;NYK;SF;7;-297;2.47;11814636;18.25;7.42;12.84
Will Solomon;28;2002;43;27;PHO;SF;57;287;2.99;13892894;15.69;9.58;12.64
Will Solomon;29;2003;44;28;CHA;SF;30;1420;2.68;12653932;14.98;12.72;13.85
Will Solomon;30;2004;45;29;CHA;SF;59;1334;3.46;15771319;17.26;3.02;10.14
Will Solomon;31;2005;46;30;TOR;SF;33;690;3.23;17888235;18.76;6.15;12.46
Will Solomon;32;2006;47;31;LAL;SF;11;509;1.86;9376679;43.31;4.61;6.33
Will Solomon;33;2007;48;32;MEM;SF;72;618;1.45;7738053;15.64;6.67;11.16
Will Solomon;34;2008;49;33;LAL;SF;12;430;1.32;7218488;14.46;6.35;10.41
Will Solomon;35;2009;50;34;LAL;SF;36;572;41.53;5859627;15.93;9.3;12.62
Jordan Clarkson;1;1979;20;2;LAL;SF;44;2080;0.64;4500766;13.5;10.21;11.86
Jordan Clarkson;2;1980;21;3;ATL;SF;67;775;0.78;5060297;20.22;7.94;13.70
Jordan Clarkson;3;1981;22;4;ATL;SF;54;1990;1.84;9296746;16.06;3.13;9.6
Jordan Clarkson;4;1981;22;4;SAC;SF;24;1046;2.91;13573162;9.88;6.24;8.06
Jordan Clarkson;5;1982;23;5;SAC;SF;43;918;3.77;17010281;19.81;0.59;10.2
Jordan Clarkson;6;1983;26;6;SAC;SF;32;1426;3.73;16850415;9.11;3.13;6.12
Jordan Clarkson;7;1984;25;7;BUF;SF;34;303;3.46;15771319;14.64;3.69;9.17
Jordan Clarkson;8;1985;26;8;POR;SF;59;609;3.67;16610616;12.66;2.67;7.67
Jordan Clarkson;9;1986;27;9;POR;SF;37;27;2.32;11215138;10.92;-15.62;9.43
Jordan Clarkson;10;1987;28;10;SEA;SF;6;56;1.51;7977852;11.9;8.72;10.31
Jordan Clarkson;11;1987;28;10;DEN;SF;61;840;2.37;11414971;13.01;4.2;8.61
Jordan Clarkson;12;1988;29;11;DEN;PF;78;18;2.39;11494904;24.9;13.4;19.15
Jordan Clarkson;13;1988;29;11;MIA;PF;48;5030;2.40;11534870;17.06;12.58;14.82
Jordan Clarkson;14;1989;30;12;MIA;PF;69;794;0.53;4061135;16.27;10.62;13.45
Jordan Clarkson;15;1990;31;13;UTA;PF;4;87;-0.63;753848;11.6;3.63;7.62
Jordan Clarkson;16;1991;32;14;NJN;PF;23;756;-0.35;612608;11.87;5.57;8.72
Jordan Clarkson;17;1991;32;14;CHA;PF;57;172;-0.60;774393;16.96;11.98;14.47
Jordan Clarkson;18;1992;33;15;CHA;C;26;831;1.22;6818823;15.1;22.2;18.65
Jordan Clarkson;19;1993;34;16;CHA;C;1;13;-0.61;928969;23.72;5.89;14.81
Jordan Clarkson;20;1994;35;17;ORL;C;26;1170;-0.86;735668;25.05;9.82;17.44
Jordan Clarkson;21;1995;36;18;ORL;C;35;543;-0.04;1783044;91.26;13.13;18.63
Jordan Clarkson;22;1995;36;18;ORL;C;61;2805;-0.22;1641845;22.69;5.07;13.88
Jordan Clarkson;23;1996;37;19;HOU;C;64;763;-1.66;991911;18.15;6.31;12.23
Jordan Clarkson;24;1996;37;19;HOU;C;46;39;-1.45;809674;12.12;31.54;21.83
Jordan Clarkson;25;1997;38;20;WSB;C;30;692;-2.06;851917;16.12;27.19;21.66
Jordan Clarkson;26;1998;39;21;SAS;C;80;1583;-1.82;612744;18.12;0.46;9.29
Jordan Clarkson;27;1999;40;22;SAS;C;44;977;-1.73;732972;22.32;4.17;10.53
Jordan Clarkson;28;2000;41;23;SAS;C;14;337;-2.06;766508;19.5;23.18;21.34
Jordan Clarkson;29;2001;42;24;SAS;SG;35;1453;-2.64;924902;10.02;1.73;5.88
Jordan Clarkson;30;2002;43;21;PHO;SG;16;742;-3.00;920475;14.22;5.7;9.96
Jordan Clarkson;31;2003;44;22;PHO;SG;40;1282;-2.48;982115;9.07;0.86;4.97
Jordan Clarkson;32;2004;45;27;ORL;SG;47;-2111;-2.08;802846;10.59;3.61;7.1
Jordan Clarkson;33;2004;45;27;MEM;SG;80;1433;-3.00;725676;6.34;40.88;4.97
Jordan Clarkson;34;2005;46;28;MEM;SG;56;1515;-3.00;718377;12.86;3.35;8.11
Jordan Clarkson;35;2006;47;29;DET;SG;8;364;-3.00;742484;7.63;4.87;6.25
Andrei Kirilenko;1;1978;18;1;SEA;C;77;3673;2.48;11854602;30.35;7.38;18.87
Andrei Kirilenko;2;1979;19;2;BRK;C;58;329;3.50;15931185;21.72;-57.57;15.92
Andrei Kirilenko;3;1980;20;3;DAL;C;69;306;4.99;14699244;20.67;12.25;16.46
Andrei Kirilenko;4;1980;20;3;NJN;PF;66;2376;-28.79;34970848;13.0;6.14;9.57
Andrei Kirilenko;5;1981;21;4;NJN;PF;49;555;4.87;21406596;14.78;3.4;9.09
Andrei Kirilenko;6;1982;22;5;IND;PG;13;579;6.09;26282509;21.38;7.73;14.56
Andrei Kirilenko;7;1983;23;6;CHI;PF;33;1178;5.44;23684686;21.86;3.94;12.9
Andrei Kirilenko;8;1984;24;7;DEN;PF;10;386;6.66;28560599;18.01;11.51;14.76
Andrei Kirilenko;9;1985;25;8;POR;PF;57;1259;6.59;28280834;18.14;12.27;15.21
Andrei Kirilenko;10;1986;26;9;POR;PF;37;1698;6.07;26202576;39.53;7.76;14.54
Andrei Kirilenko;11;1987;25;10;POR;PF;84;1044;6.03;26042710;9.08;18.13;13.61
Andrei Kirilenko;12;1988;28;11;POR;PF;43;304;5.98;25842877;19.28;11.17;9.73
Andrei Kirilenko;13;1989;29;7;POR;SF;55;4300;6.31;27161772;13.88;4.37;9.13
Andrei Kirilenko;14;1990;30;13;KCK;SF;60;1304;6.03;26042710;14.01;6.6;10.31
Andrei Kirilenko;15;1991;31;14;MIA;SF;95;143;4.60;20327500;13.66;7.61;10.64
Andrei Kirilenko;16;1992;32;15;NJN;PG;56;1238;4.09;18289209;17.78;3.32;10.55
Andrei Kirilenko;17;1993;33;16;NJN;SF;63;1795;4.08;18249242;18.19;6.27;12.23
Andrei Kirilenko;18;1994;34;17;NJN;SF;24;668;5.05;22125993;13.97;5.11;9.54
Andrei Kirilenko;19;1995;35;18;IND;SF;49;263;4.89;21486529;19.54;4.75;12.15
Andrei Kirilenko;20;1996;36;19;WAS;SF;68;2898;4.47;19807936;16.66;6.79;11.73
Andrei Kirilenko;21;1997;37;20;SAC;SF;27;333;4.26;18968639;12.62;5.65;9.14
Andrei Kirilenko;22;1997;37;20;ORL;SF;27;402;5.45;23724653;14.81;7.34;11.08
Andrei Kirilenko;23;1998;35;22;ORL;SF;73;1941;4.54;20087701;14.98;3.9;9.44
Andrei Kirilenko;24;1999;39;22;ORL;PF;35;631;4.46;19767969;14.68;6.44;10.56
Andrei Kirilenko;25;2000;40;23;ORL;PF;96;2548;4.02;18009443;15.21;4.47;9.84
Andrei Kirilenko;26;2001;41;26;ORL;PF;63;5215;3.92;17609778;21.73;18.79;20.26
Andrei Kirilenko;27;2002;42;25;HOU;SF;63;1366;2.24;10895406;42.31;13.13;14.95
Andrei Kirilenko;28;2003;43;26;HOU;SF;4;45;43.42;4460800;13.32;8.7;11.01
Andrei Kirilenko;29;2004;44;27;TOR;SF;59;870;-0.46;104451;11.74;7.04;9.39
Andrei Kirilenko;30;2005;45;28;MEM;SF;54;1754;-2.25;654261;17.56;11.75;14.66
Andrei Kirilenko;31;2006;46;29;MEM;SF;51;2112;-3.00;947481;19.62;8.26;13.94
Andrei Kirilenko;32;2007;47;30;TOR;SF;6;15;-2.65;698956;12.95;6.69;9.82
Andrei Kirilenko;33;2007;47;30;CHI;SF;3;103;-2.16;637801;18.33;21.27;9.41
Andrei Kirilenko;34;2008;48;31;PHI;SF;52;1977;-1.83;824717;15.88;8.99;12.44
Andrei Kirilenko;35;2009;49;32;UTA;SF;47;827;-2.08;864838;10.1;22.88;9.83
Al Horford;1;1979;18;3;UTA;C;10;471;1.19;6698924;22.36;15.66;19.01
Al Horford;2;1980;19;4;UTA;PF;69;64;1.92;9616478;27.21;16.69;21.95
Al Horford;3;1980;19;1;OKC;PF;65;214;3.24;14892056;8.75;10.39;9.57
Al Horford;4;1981;20;5;SAC;PF;31;44;3.56;16170984;16.65;8.73;12.69
Al Horford;5;1982;21;6;CLE;PF;47;156;3.29;15091889;14.57;8.12;11.35
Al Horford;6;1983;22;7;NJN;C;43;935;3.32;15211788;25.42;107.47;17.63
Al Horford;7;1984;23;8;MIN;C;29;281;2.65;12534033;20.19;13.13;16.66
Al Horford;8;1985;24;9;MIN;C;5;93;2.11;10375842;16.22;19.43;17.83
Al Horford;9;1986;25;10;POR;C;69;985;1.22;6818823;24.63;14.7;19.67
Al Horford;10;1987;26;11;MIN;C;64;6075;1.48;7857952;26.58;5.45;16.02
Al Horford;11;1988;27;12;MIN;C;77;2141;0.97;5819661;20.17;15.48;17.83
Al Horford;12;1989;28;13;HOU;C;47;1777;0.36;3381704;25.36;13.87;19.62
Al Horford;13;1990;29;11;HOU;C;75;663;2.30;11135205;27.86;8.98;18.42
Al Horford;14;1990;29;14;CHA;C;17;560;0.41;3581537;19.6;10.36;14.98
Al Horford;15;1991;30;15;MIA;C;17;257;0.01;1982877;24.91;16.34;20.63
Al Horford;16;1992;31;16;MIA;C;61;601;-0.79;700461;22.83;7.44;15.14
Al Horford;17;1993;32;17;MIA;PF;17;5;-1.42;626303;19.22;18.78;19.0
Al Horford;18;1994;33;18;DAL;PF;55;1673;0.10;2342575;20.34;7.24;13.79
Al Horford;19;1995;34;19;LAL;PF;89;2602;0.67;4620666;19.23;13.16;16.2
Al Horford;20;1996;35;20;LAL;C;37;284;0.47;3821336;28.51;12.93;20.72
Al Horford;21;1997;36;21;LAL;C;57;1145;-38.08;5499929;26.54;1.99;14.27
Al Horford;22;1997;36;21;LAL;C;8;206;-21.07;2822173;14.5;15.3;14.9
Al Horford;23;1998;37;22;IND;C;58;2162;1.61;8377517;14.69;10.14;12.42
Al Horford;24;1999;38;23;IND;PG;20;85;0.67;4620666;50.99;23.66;25.04
Al Horford;25;2000;39;24;IND;C;67;2317;-0.21;1103613;16.76;6.0;11.38
Al Horford;26;2001;42;25;IND;C;2;-87;-2.48;793434;34.37;7.66;21.02
Al Horford;27;2002;41;26;IND;C;36;1340;-2.33;708361;28.19;13.13;20.66
Al Horford;28;2003;42;27;ATL;PF;14;149;-3.00;881239;27.45;5.48;16.47
Al Horford;29;2004;43;28;ATL;PF;20;198;-2.44;820356;16.73;5.43;11.08
Al Horford;30;2004;43;28;NYK;PF;21;124;-2.21;884897;18.72;5.27;12.0
Al Horford;31;2005;44;29;NYK;PF;33;1052;-1.75;653434;22.19;8.2;14.84
Al Horford;32;2006;45;30;NYK;PF;47;2249;-1.83;645539;15.72;-32.89;12.43
Al Horford;33;2007;46;31;NYK;C;24;395;-1.91;991799;19.69;8.45;14.07
Al Horford;34;2008;46;32;NYK;C;23;860;-0.58;889398;27.53;6.37;16.95
Al Horford;35;2009;48;33;GSW;PF;5;49;-1.00;776115;18.47;9.56;14.02
Renaldo Balkman;1;1979;22;1;IND;PG;16;569;-0.92;772403;6.34;2.42;4.38
Renaldo Balkman;2;1980;23;2;IND;PG;26;330;-0.53;768429;10.37;2.52;6.45
Renaldo Balkman;3;1981;24;0;IND;PG;86;1234;-0.81;900374;7.84;1.18;4.51
Renaldo Balkman;4;1981;24;3;CLE;PG;33;1218;-0.69;656790;-6.58;0.57;5.7
Renaldo Balkman;5;1982;25;4;CLE;PG;45;762;-13.90;738200;9.67;2.69;6.18
Renaldo Balkman;6;1983;26;5;CLE;PG;39;1397;-36.87;660545;11.12;2.61;6.87
Renaldo Balkman;7;1984;27;6;CLE;PG;56;2034;-1.26;819602;10.31;0.02;5.17
Renaldo Balkman;8;1984;27;6;MIA;PF;48;966;46.40;625620;9.67;0.91;5.29
Renaldo Balkman;9;1985;28;7;MIA;PG;3;130;-1.39;795124;2.89;4.5;3.7
Renaldo Balkman;10;1986;29;8;BOS;PG;76;688;-1.80;976736;9.91;3.22;6.57
Renaldo Balkman;11;1987;30;9;BOS;PG;3;54;-2.09;853206;9.55;4.45;7.0
Renaldo Balkman;12;1988;31;10;POR;PG;7;122;-1.81;911040;6.52;2.92;4.72
Renaldo Balkman;13;1989;32;11;BOS;PG;67;1567;-33.48;808126;6.28;2.26;4.27
Renaldo Balkman;14;1990;33;12;CHI;PG;46;375;-2.14;824679;9.35;0.5;4.93
Renaldo Balkman;15;1991;34;13;CHI;PG;61;1673;-2.60;872100;5.14;4.27;4.71
Renaldo Balkman;16;1992;35;16;CHI;PG;17;170;-6.57;889165;6.35;0.34;3.35
Renaldo Balkman;17;1993;36;15;CHI;PG;32;312;-2.33;931295;6.91;1.64;4.28
Renaldo Balkman;18;1994;37;16;CHI;PG;30;767;-2.27;801176;8.0;17.23;5.18
Renaldo Balkman;19;1995;37;17;CHI;PG;54;2141;-3.00;825712;7.64;1.41;4.53
Renaldo Balkman;20;1996;39;18;CHI;PG;9;380;-3.00;604852;6.09;3.47;4.78
Renaldo Balkman;21;1997;40;19;CHI;PG;46;2143;-3.00;985934;12.12;3.58;7.85
Renaldo Balkman;22;1998;41;20;CHI;PG;76;340;-3.00;840980;12.1;5.01;8.56
Renaldo Balkman;23;1999;42;23;CHI;PG;41;1056;-2.36;733819;10.83;2.94;6.89
Renaldo Balkman;24;2000;43;22;CHI;PG;57;121;-2.27;792219;10.56;0.17;5.37
Renaldo Balkman;25;2001;44;23;CHH;PG;53;2491;-2.62;982533;9.21;3.04;6.13
Renaldo Balkman;26;2002;45;24;CHH;PG;14;-495;-1.58;937808;4.17;3.33;3.75
Renaldo Balkman;27;2003;46;25;BOS;PG;7;265;-1.64;931379;9.51;4.58;7.05
Renaldo Balkman;28;2004;47;26;CHH;PG;24;1022;-1.39;770599;8.27;3.52;5.9
Renaldo Balkman;29;2005;48;27;ORL;PG;65;1072;-1.37;956007;4.33;2.31;3.32
Renaldo Balkman;30;2005;48;27;LAC;PG;7;216;-0.76;1637270;15.01;1.85;8.43
Renaldo Balkman;31;2006;49;28;CHI;PG;59;333;0.22;2822173;12.78;4.64;8.71
Renaldo Balkman;32;2006;49;28;PHI;PF;28;633;1.59;8297584;5.45;13.34;3.51
Renaldo Balkman;33;2007;50;29;PHI;PG;80;3540;0.68;4660632;4.57;3.79;4.18
Renaldo Balkman;34;2008;51;30;SAC;PG;48;947;0.50;3941235;-16.89;1.02;4.67
Renaldo Balkman;35;2009;52;31;SAC;PG;81;2280;-0.38;424183;7.09;1.64;4.37
Casey Jacobsen;1;1978;18;3;PHI;SG;74;1525;0.84;5300096;8.66;5.33;7.0
Casey Jacobsen;2;1978;18;3;TOR;SG;42;1302;1.15;6539058;8.97;6.14;7.56
Casey Jacobsen;3;1979;19;4;TOR;SG;42;1660;2.28;11055272;7.7;4.43;6.07
Casey Jacobsen;4;1980;20;5;PHI;SG;17;244;2.67;17148642;9.85;32.74;7.83
Casey Jacobsen;5;1981;21;6;PHI;SG;85;139;5.39;23484854;10.16;7.57;8.87
Casey Jacobsen;6;1982;22;7;DAL;SG;89;179;6.78;29040197;8.54;5.24;6.89
Casey Jacobsen;7;1983;23;8;DAL;C;27;1271;8.15;34515608;6.78;9.34;8.06
Casey Jacobsen;8;1984;24;9;DAL;SG;79;3152;7.53;32037685;12.81;1.65;7.23
Casey Jacobsen;9;1985;25;10;DAL;SG;28;73;7.37;31398221;12.93;2.59;7.76
Casey Jacobsen;10;1985;25;10;LAL;SG;18;243;5.93;25643045;10.41;4.01;7.21
Casey Jacobsen;11;1986;26;11;LAL;SG;74;3356;5.33;23245055;9.8;3.31;6.56
Casey Jacobsen;12;1987;27;15;LAL;SF;63;365;5.33;23245055;10.95;5.53;8.24
Casey Jacobsen;13;1988;28;13;LAL;SF;72;2407;5.33;23245055;8.9;4.64;6.77
Casey Jacobsen;14;1989;29;14;ATL;SF;62;2182;5.91;25563112;74.99;9.79;8.93
Casey Jacobsen;15;1990;30;15;ATL;SF;48;738;5.35;23324988;15.69;1.18;8.44
Casey Jacobsen;16;1991;31;16;ATL;PG;21;863;4.86;21366629;11.11;5.21;8.16
Casey Jacobsen;17;1992;32;17;MIN;SF;11;168;4.47;19807936;15.58;10.72;13.15
Casey Jacobsen;18;1993;33;18;CLE;SF;45;655;5.59;24284184;13.6;6.8;10.2
Casey Jacobsen;19;1993;33;18;SEA;SF;38;7;5.63;24444050;17.53;3.96;10.75
Casey Jacobsen;20;1994;34;19;SEA;SF;63;112;5.95;25722978;15.62;-5.84;11.03
Casey Jacobsen;21;1995;35;20;WAS;SF;75;3273;5.97;25802911;15.17;8.15;11.66
Casey Jacobsen;22;1996;36;21;DET;SF;39;458;6.68;28640532;14.55;7.42;10.99
Casey Jacobsen;23;1997;37;22;DET;SF;47;310;6.58;28240867;10.44;5.18;7.81
Casey Jacobsen;24;1998;38;23;TOR;SF;5;80;6.30;27121805;15.32;11.35;13.34
Casey Jacobsen;25;1999;39;24;HOU;SF;25;1144;5.90;25523145;13.95;9.16;11.56
Casey Jacobsen;26;2000;40;25;HOU;SF;47;472;3.75;16930348;17.1;-33.99;13.59
Casey Jacobsen;27;2001;41;26;HOU;SF;19;323;4.79;21086864;9.44;4.94;7.66
Casey Jacobsen;28;2002;42;27;HOU;SF;78;2644;4.11;18369142;11.19;15.0;13.1
Casey Jacobsen;29;2003;43;28;ORL;SF;7;174;4.13;18449075;16.37;7.11;11.74
Casey Jacobsen;30;2004;44;29;ORL;SF;5;47;4.28;19048572;11.47;3.4;7.44
Casey Jacobsen;31;2005;45;30;HOU;SF;41;1931;4.13;18449075;13.39;4.32;8.86
Casey Jacobsen;32;2006;46;31;HOU;SF;13;393;2.65;12534033;15.97;4.36;10.17
Casey Jacobsen;33;2007;47;32;HOU;SF;78;2847;2.57;12214301;9.04;6.72;7.88
Casey Jacobsen;34;2008;48;33;HOU;SF;63;479;1.31;7739807;8.5;5.81;7.65
Casey Jacobsen;35;2009;49;34;HOU;SF;7;120;0.69;4700599;14.08;-27.07;9.39
Butch Graves;1;1979;20;3;HOU;SG;70;1156;1.22;6818823;8.61;4.64;6.63
Butch Graves;2;1979;20;3;ATL;SG;15;40;1.77;9016981;6.68;4.45;5.57
Butch Graves;3;1980;21;4;GSW;SG;73;3194;3.86;17369979;8.11;6.41;7.26
Butch Graves;4;1981;21;5;GSW;PG;53;651;4.19;18688874;9.21;4.4;6.81
Butch Graves;5;1982;23;6;GSW;PG;24;361;4.34;19288371;10.26;1.51;5.89
Butch Graves;6;1982;23;6;NJN;PG;24;413;3.24;14892056;4.93;4.41;4.67
Butch Graves;7;1982;23;3;SAC;PG;13;54;38.16;18608941;5.96;4.29;5.13
Butch Graves;8;1983;24;7;SDC;PG;44;456;4.52;20007768;4.97;4.22;4.6
Butch Graves;9;1984;25;8;SAC;PG;57;2306;2.73;16510514;6.19;0.22;3.21
Butch Graves;10;1985;26;9;HOU;PG;35;202;-38.43;20687199;7.38;1.68;4.53
Butch Graves;11;1986;27;10;CHA;C;65;2630;4.35;19328338;6.6;1.52;4.06
Butch Graves;12;1987;28;11;CHO;PG;49;1287;4.65;20527333;7.8;2.41;5.11
Butch Graves;13;1988;29;12;CHO;PG;80;2487;4.60;20327500;10.43;1.24;5.84
Butch Graves;14;1989;30;13;ATL;PG;78;1401;4.51;19967802;10.98;0.34;5.66
Butch Graves;15;1990;31;14;WAS;PG;3;91;4.53;20047735;7.13;3.58;5.36
Butch Graves;16;1991;32;15;BRK;PG;90;2712;4.40;19528170;11.29;2.05;6.67
Butch Graves;17;1992;33;16;BRK;PG;38;187;3.95;17729678;5.67;2.92;4.3
Butch Graves;18;1993;34;17;DAL;PG;61;2573;1.65;8537383;15.1;3.66;9.38
Butch Graves;19;1994;35;18;DAL;PG;61;2883;1.00;5939560;7.8;1.85;4.83
Butch Graves;20;1994;35;18;DEN;PG;67;1993;0.65;4540733;9.62;0.03;4.83
Butch Graves;21;1995;36;19;DEN;PG;35;1428;0.29;3101939;9.15;2.26;5.71
Butch Graves;22;1996;37;20;NJN;PG;77;-713;0.11;2382542;6.12;4.84;5.48
Butch Graves;23;1997;38;21;NJN;PG;24;340;-0.66;837038;10.24;4.1;7.17
Butch Graves;24;1997;38;21;DAL;PG;5;188;-1.72;859190;8.9;2.74;5.82
Butch Graves;25;1998;39;22;DAL;PG;18;480;-2.77;844837;9.97;3.26;6.62
Butch Graves;26;1999;40;23;GSW;PG;33;1391;-3.00;907010;8.41;2.2;5.31
Butch Graves;27;2000;41;24;GSW;PG;70;342;-3.00;994249;6.9;4.1;5.5
Butch Graves;28;2001;42;25;GSW;SG;43;3;-2.14;803877;7.24;8.0;7.79
Butch Graves;29;2002;43;26;HOU;SG;63;2207;-1.96;950528;6.1;1.78;3.94
Butch Graves;30;2003;44;27;LAC;SG;28;738;-1.09;785372;8.45;7.11;7.78
Butch Graves;31;2004;45;28;LAC;SG;56;2009;-0.99;705459;10.75;5.95;8.35
Butch Graves;32;2005;46;29;CHO;SG;70;1675;-1.56;990548;15.45;4.09;9.77
Butch Graves;33;2005;46;29;POR;C;4;61;-2.16;638658;10.57;5.0;7.79
Butch Graves;34;2006;47;30;NJN;SG;60;2134;-2.47;696537;5.57;3.1;4.34
Butch Graves;35;2007;48;31;SAC;SG;32;1082;-3.00;828336;7.4;2.39;4.71
Dontonio Wingfield;1;1979;18;1;SAC;C;1;37;0.66;4580699;26.54;10.48;18.51
Dontonio Wingfield;2;1980;19;2;LAL;PF;51;857;49.36;3301771;18.13;3.73;8.68
Dontonio Wingfield;3;1981;20;0;LAL;PF;28;114;0.37;3421671;20.18;8.6;14.39
Dontonio Wingfield;4;1982;21;4;LAL;PF;53;2501;-0.60;642573;16.73;0.35;8.54
Dontonio Wingfield;5;1983;22;1;LAL;PF;55;700;-0.43;224350;15.69;7.95;11.82
Dontonio Wingfield;6;1984;23;6;LAL;SG;11;47;-0.49;951178;28.05;12.92;20.49
Dontonio Wingfield;7;1985;24;7;LAL;PF;36;1253;-0.01;1902943;19.77;5.19;12.48
Dontonio Wingfield;8;1986;25;8;BRK;PF;22;637;-0.38;424183;-5.66;14.84;14.02
Dontonio Wingfield;9;1987;26;12;LAL;PF;60;2722;-1.59;819685;22.57;10.83;16.7
Dontonio Wingfield;10;1988;27;10;LAL;PF;54;1966;-1.63;986945;21.69;7.58;14.64
Dontonio Wingfield;11;1989;28;11;LAL;PF;40;1168;-2.57;644604;21.31;4.58;12.95
Dontonio Wingfield;12;1990;29;12;LAL;PF;54;2028;-3.00;848316;27.18;1.53;14.36
Dontonio Wingfield;13;1991;30;16;LAL;PF;10;279;-3.00;787424;25.35;0.36;12.86
Dontonio Wingfield;14;1992;31;14;LAL;PF;16;539;-3.00;930878;13.66;16.92;15.29
Dontonio Wingfield;15;1993;32;15;UTA;PF;33;1120;-2.85;656049;22.0;7.6;14.8
Dontonio Wingfield;16;1994;33;16;UTA;PF;76;4211;-2.93;763811;13.27;11.59;12.43
Dontonio Wingfield;17;1995;34;16;PHI;PF;57;-3100;-3.00;651278;20.91;62.34;15.52
Dontonio Wingfield;18;1996;35;18;PHI;PF;47;771;-3.00;977807;11.52;16.63;14.08
Dontonio Wingfield;19;1997;36;19;PHI;PF;47;230;-3.00;607987;15.85;-46.16;10.84
Dontonio Wingfield;20;1998;37;20;PHI;C;28;1153;-1.95;884191;15.99;17.79;16.89
Dontonio Wingfield;21;1999;38;21;PHI;C;22;346;-1.93;811480;27.36;30.41;28.89
Dontonio Wingfield;22;2000;39;22;NJN;C;30;1264;-1.66;814117;20.83;16.05;18.44
Dontonio Wingfield;23;2001;40;23;NJN;SG;25;501;-1.45;614872;10.36;2.53;6.45
Dontonio Wingfield;24;2002;44;24;NJN;SG;57;266;-0.30;743915;4.81;1.82;3.32
Dontonio Wingfield;25;2003;42;25;ATL;SG;19;110;-0.18;1223513;7.54;3.18;6.07
Dontonio Wingfield;26;2004;43;26;ATL;SG;8;144;0.41;3581537;4.96;4.86;4.91
Dontonio Wingfield;27;2005;44;27;ATL;PF;72;493;-0.27;863814;47.05;5.44;6.42
Dontonio Wingfield;28;2006;45;28;ATL;PF;46;820;-0.89;854171;11.44;-26.53;9.02
Dontonio Wingfield;29;2006;45;28;CLE;SG;71;2873;-1.54;763968;9.79;6.63;8.21
Dontonio Wingfield;30;2006;45;29;WAS;SG;55;2165;-2.33;777259;14.65;5.2;9.93
Dontonio Wingfield;31;2007;46;29;PHI;SG;25;1179;-3.00;716899;49.32;6.88;7.29
Dontonio Wingfield;32;2008;47;30;PHI;SG;41;639;-3.00;983619;10.57;4.67;7.62
Dontonio Wingfield;33;2008;47;30;ATL;SG;6;192;-3.00;843009;12.33;8.22;10.28
Dontonio Wingfield;34;2009;43;31;SAS;SG;10;43;-3.00;874759;7.01;2.58;4.8
Dontonio Wingfield;35;2010;49;32;SAS;SF;72;60;-2.46;890885;15.28;3.01;9.15
Kim Anderson;1;1979;22;4;SAS;PG;71;1961;0.42;3621503;3.86;1.53;2.7
Kim Anderson;2;1980;23;5;SAS;PG;70;964;-0.87;766907;9.55;1.95;5.75
Kim Anderson;3;1980;23;5;DEN;PG;93;705;-0.65;790278;10.08;3.42;6.75
Kim Anderson;4;1981;24;6;DEN;PG;10;210;-0.42;264317;9.16;3.56;6.36
Kim Anderson;5;1982;27;7;DEN;PG;52;1115;0.22;2822173;11.89;1.98;7.90
Kim Anderson;6;1983;26;8;DEN;SG;7;20;0.24;2902106;6.63;6.57;6.6
Kim Anderson;7;1983;26;8;UTA;SG;76;1656;0.13;2462475;9.18;2.42;5.8
Kim Anderson;8;1983;26;8;SAS;SG;75;2599;-0.25;943747;55.05;5.59;7.04
Kim Anderson;9;1984;27;9;SAS;SG;22;563;0.39;3501604;12.68;9.76;11.22
Kim Anderson;10;1985;28;10;CLE;SG;14;-852;0.70;4740565;11.6;3.32;7.46
Kim Anderson;11;1986;29;11;CLE;SG;50;23;-1.41;980494;10.61;6.54;8.58
Kim Anderson;12;1987;30;12;CLE;SG;49;2100;-0.98;788325;10.54;5.79;8.17
Kim Anderson;13;1987;30;12;DAL;SG;69;1326;-2.71;990140;8.43;2.15;5.29
Kim Anderson;14;1988;31;13;DAL;SF;76;1069;-3.00;767912;15.61;11.36;13.49
Kim Anderson;15;1989;32;14;DAL;SF;52;1494;-3.00;997560;16.86;6.27;11.57
Kim Anderson;16;1990;33;15;DAL;SF;26;269;-3.00;920675;13.46;7.23;10.35
Kim Anderson;17;1991;34;16;DAL;SF;33;378;-3.00;931627;12.65;4.83;8.74
Kim Anderson;18;1991;34;16;NJN;SF;74;1766;-3.00;841925;16.04;7.27;11.66
Kim Anderson;19;1992;35;17;MIN;SF;50;2096;-3.00;751166;19.93;8.17;7.81
Kim Anderson;20;1993;36;18;MIA;SG;97;13;-13.94;743373;11.9;5.06;8.48
Kim Anderson;21;1994;37;19;MIA;SG;50;2095;-3.00;720566;11.54;7.46;9.5
Kim Anderson;22;1995;38;20;MIA;SG;97;2659;-3.00;707852;13.23;2.66;7.95
Kim Anderson;23;1996;39;21;MIA;SG;33;559;-3.00;678985;8.35;6.04;7.2
Kim Anderson;24;1996;39;21;GSW;SG;84;688;-3.00;796145;11.07;3.44;7.26
Kim Anderson;25;1997;40;22;GSW;SG;2;81;-1.73;860354;7.61;4.48;6.05
Kim Anderson;26;1998;41;25;GSW;SG;26;1198;-0.84;680933;10.65;6.97;8.81
Kim Anderson;27;1999;42;24;GSW;PG;42;642;-0.52;827801;5.39;4.74;5.07
Kim Anderson;28;2000;43;25;GSW;PG;39;487;-1.22;1606434;5.44;1.18;3.31
Kim Anderson;29;2001;44;26;GSW;PG;57;2499;-1.85;606010;8.43;2.97;5.79
Kim Anderson;30;2001;44;26;CHI;PG;2;32;-2.94;606283;9.33;1.1;5.77
Kim Anderson;31;2001;44;25;CLE;PG;2;22;-2.52;770986;7.54;2.24;4.89
Kim Anderson;32;2002;45;27;NOK;PG;60;258;-2.59;641224;7.38;1.89;4.64
Kim Anderson;33;2003;46;28;NJN;PG;75;5262;-3.00;764005;4.52;0.45;2.49
Kim Anderson;34;2004;47;29;NJN;PG;44;432;-3.00;908443;12.6;2.79;7.7
Kim Anderson;35;2004;47;29;DAL;PG;12;129;-3.00;719143;10.11;-1.20;5.63
Michael Beasley;1;1979;17;1;CHA;PG;51;868;0.25;2942073;9.09;3.47;6.28
Michael Beasley;2;1980;18;2;NJN;PG;34;968;0.65;4540733;13.92;2.86;8.39
Michael Beasley;3;1981;19;3;NJN;PG;64;893;-0.01;1902943;10.14;6.96;8.55
Michael Beasley;4;1982;20;4;MIL;PG;80;2181;2.11;10375842;4.73;1.17;2.95
Michael Beasley;5;1983;21;5;MIL;PG;17;185;2.27;11015306;9.75;3.87;6.81
Michael Beasley;6;1984;22;6;MIL;PG;16;244;1.87;9416646;14.23;4.98;9.61
Michael Beasley;7;1984;22;6;HOU;PG;15;95;1.92;9616478;7.52;3.05;5.29
Michael Beasley;8;1985;23;7;HOU;PG;62;1744;2.40;4227755;3.01;0.94;1.98
Michael Beasley;9;1985;23;7;IND;PG;73;2966;44.13;9816311;2.82;21.77;3.96
Michael Beasley;10;1986;24;8;NJN;PG;55;146;2.87;13413296;5.76;0.85;3.31
Michael Beasley;11;1986;24;8;NJN;PG;9;276;2.65;12534033;4.96;1.91;3.44
Michael Beasley;12;1987;25;9;WSB;PG;25;851;2.56;12174334;8.24;1.82;5.03
Michael Beasley;13;1988;26;10;WSB;C;71;831;1.65;8537383;8.69;2.9;5.8
Michael Beasley;14;1989;27;11;WSB;PG;31;985;-0.17;1263479;8.22;2.2;5.21
Michael Beasley;15;1990;28;12;WSB;PG;16;210;1.72;8817148;6.97;28.17;4.8
Michael Beasley;16;1991;29;13;WSB;PG;10;12;2.58;12254267;38.51;1.69;4.37
Michael Beasley;17;1992;30;14;WSB;PG;3;-11;2.11;10375842;8.89;1.78;5.34
Michael Beasley;18;1993;31;15;WSB;SG;55;620;0.59;4300934;17.29;5.75;11.52
Michael Beasley;19;1993;31;15;NYK;SG;72;2126;0.07;2222676;13.94;5.82;9.72
Michael Beasley;20;1994;32;16;NYK;SG;1;20;1.13;6459125;12.18;6.95;9.57
Michael Beasley;21;1995;33;17;HOU;SF;42;342;1.05;6139393;12.4;3.46;7.93
Michael Beasley;22;1996;34;18;HOU;SF;7;154;1.66;8577349;15.35;9.1;12.23
Michael Beasley;23;1997;35;19;HOU;SF;67;2930;2.49;11894569;11.69;6.03;8.86
Michael Beasley;24;1998;36;20;HOU;SF;67;1140;2.32;11215138;15.04;30.27;12.94
Michael Beasley;25;1999;37;21;HOU;SF;3;120;2.93;13653095;16.59;7.91;12.25
Michael Beasley;26;2000;38;22;POR;SF;45;1193;2.52;12014468;9.67;4.36;7.02
Michael Beasley;27;2001;39;23;POR;SF;18;331;1.48;7857952;12.11;1.36;6.74
Michael Beasley;28;2001;39;23;HOU;SF;65;412;1.31;7178522;15.5;11.8;13.65
Michael Beasley;29;2002;40;24;HOU;SF;81;974;0.79;5100264;12.12;5.4;8.76
Michael Beasley;30;2002;40;24;BOS;SF;19;663;-0.81;707963;20.53;29.32;12.44
Michael Beasley;31;2003;43;25;BOS;SF;38;1399;-1.09;929990;10.2;8.81;9.51
Michael Beasley;32;2004;42;26;BOS;SF;14;380;-1.95;835814;11.9;8.25;10.08
Michael Beasley;33;2005;43;27;BOS;SF;93;2412;-1.25;966338;11.62;3.83;7.73
Michael Beasley;34;2006;44;28;PHO;SF;74;2983;-1.02;663224;16.15;6.44;11.3
Michael Beasley;35;2007;45;29;PHO;SF;24;617;-1.94;992797;12.03;12.44;12.24
Jo Jo White;1;1978;19;2;NYK;SG;79;2346;-0.07;1663144;13.45;7.45;10.45
Jo Jo White;2;1979;20;3;NYK;PG;18;686;0.40;3541570;8.33;2.36;5.35
Jo Jo White;3;1979;20;3;DEN;PG;17;170;0.19;2702274;2.9;2.28;2.59
Jo Jo White;4;1980;21;4;DEN;SG;71;1684;1.07;6219326;10.73;2.49;6.61
Jo Jo White;5;1981;22;5;DEN;PG;12;445;1.39;7498254;10.75;0.44;5.6
Jo Jo White;6;1982;23;6;SEA;SG;5;17;-0.25;943747;4.98;3.52;4.15
Jo Jo White;7;1983;24;7;SEA;SG;18;264;0.21;2782207;11.86;4.04;7.95
Jo Jo White;8;1984;25;8;GSW;SF;18;503;0.13;2462475;9.28;6.85;8.07
Jo Jo White;9;1985;26;9;GSW;SF;41;1923;1.72;8817148;11.66;10.29;10.98
Jo Jo White;10;1985;26;9;CHI;SF;74;1890;2.18;10655607;7.92;10.9;9.41
Jo Jo White;11;1986;27;10;CHI;PF;55;2165;3.33;6100253;18.36;2.54;10.45
Jo Jo White;12;1987;28;11;CHH;PF;76;831;3.10;14332525;62.76;13.03;11.84
Jo Jo White;13;1988;29;12;CHH;SF;74;2343;3.81;17170147;11.8;4.08;7.94
Jo Jo White;14;1989;30;13;NYK;SF;66;770;3.80;17130180;7.83;9.06;8.45
Jo Jo White;15;1989;30;13;HOU;SF;13;62;23.78;14532358;-20.69;3.7;8.33
Jo Jo White;16;1990;31;14;HOU;SF;81;1326;3.96;17769644;9.73;7.52;8.63
Jo Jo White;17;1991;32;15;TOR;SF;62;603;3.85;8954660;13.38;9.99;11.69
Jo Jo White;18;1992;33;16;NYK;SF;17;31;3.86;17369979;10.46;14.19;12.33
Jo Jo White;19;1992;33;16;NOJ;SF;16;486;3.41;15571487;16.31;9.88;14.79
Jo Jo White;20;1993;34;17;NYK;SF;6;159;4.22;18808773;9.49;10.06;9.78
Jo Jo White;21;1994;35;17;NYK;SF;69;964;4.73;20847065;17.18;50.58;11.68
Jo Jo White;22;1994;35;18;PHO;SF;30;359;5.68;16110261;18.31;5.99;12.15
Jo Jo White;23;1995;36;19;PHO;SF;35;1404;4.74;20887031;17.04;5.55;11.3
Jo Jo White;24;1996;37;20;LAL;SF;10;129;4.68;20647232;7.53;11.02;9.28
Jo Jo White;25;1997;38;21;CHA;PG;2;33;4.67;20607266;17.74;4.37;11.06
Jo Jo White;26;1998;39;22;CHA;SF;36;745;4.55;20127668;9.18;7.05;8.12
Jo Jo White;27;1998;39;22;SAS;SF;68;1159;3.63;16450750;19.24;10.23;14.74
Jo Jo White;28;1999;40;23;TOR;SF;17;529;3.67;16610616;6.74;7.15;6.95
Jo Jo White;29;2000;41;24;TOR;SF;51;365;3.95;17729678;8.39;5.97;7.18
Jo Jo White;30;2001;42;25;CHO;SF;67;1970;3.53;16051085;16.06;6.52;11.29
Jo Jo White;31;2001;41;25;DET;SF;69;46;2.80;13133530;13.85;3.4;8.63
Jo Jo White;32;2002;40;26;NYK;SF;15;630;3.53;16051085;18.23;11.75;14.99
Jo Jo White;33;2002;43;26;TOR;SF;4;155;2.55;12134368;15.3;8.01;11.66
Jo Jo White;34;2003;44;27;TOR;SF;74;3295;0.92;6086673;10.83;7.14;8.99
Jo Jo White;35;2004;45;28;TOR;PG;71;1915;-0.34;584049;21.27;-35.31;11.16
Daequan Cook;1;1979;20;4;CHI;SG;18;393;0.90;5539895;10.98;1.41;6.2
Daequan Cook;2;1979;20;4;PHI;SG;76;3022;0.51;3981202;8.97;11.4;10.19
Daequan Cook;3;1979;20;4;CHH;SG;16;285;1.00;5939560;7.76;2.93;5.35
Daequan Cook;4;1980;21;5;PHI;SG;33;146;1.64;8497416;12.79;5.23;9.01
Daequan Cook;5;1981;22;6;DET;SG;57;102;4.02;18009443;11.15;6.56;8.86
Daequan Cook;6;1982;23;7;ATL;SG;38;400;3.27;15011956;15.42;4.98;10.2
Daequan Cook;7;1983;27;8;ATL;SG;1;9;2.69;12693899;35.80;2.97;5.93
Daequan Cook;8;1984;25;9;ORL;SG;53;-1401;3.09;5864080;7.9;0.93;4.42
Daequan Cook;9;1985;26;10;ORL;SG;5;224;1.70;8737215;9.05;3.23;6.14
Daequan Cook;10;1986;27;11;SEA;PG;28;665;1.31;7178522;8.22;2.68;5.45
Daequan Cook;11;1987;28;12;SEA;PG;64;1703;0.56;4181034;8.58;1.94;5.26
Daequan Cook;12;1987;28;12;LAC;PG;43;711;-0.48;24518;11.24;2.92;7.08
Daequan Cook;13;1987;28;12;LAC;PG;38;1120;-0.45;144417;11.66;4.09;7.88
Daequan Cook;14;1988;29;13;MIL;PG;51;197;0.34;3301771;2.89;3.62;3.26
Daequan Cook;15;1989;30;14;UTA;PG;23;598;-1.19;708432;5.44;1.47;3.46
Daequan Cook;16;1990;31;15;IND;PG;28;453;-2.99;628054;11.2;5.86;8.53
Daequan Cook;17;1991;32;16;HOU;PG;75;1316;-17.20;876785;6.92;1.62;4.27
Daequan Cook;18;1992;33;19;HOU;PG;38;1306;-2.10;742118;6.09;5.77;5.93
Daequan Cook;19;1993;34;18;HOU;PG;67;928;-2.91;800746;9.27;2.93;6.1
Daequan Cook;20;1993;34;18;MIL;PG;39;925;-3.00;774369;8.76;2.96;5.86
Daequan Cook;21;1994;35;19;MIL;PG;7;759;-3.00;756112;11.98;0.58;6.50
Daequan Cook;22;1995;36;20;DEN;PG;24;707;-3.00;630201;6.0;1.51;3.76
Daequan Cook;23;1996;37;21;DEN;PG;18;718;-3.00;621537;11.28;1.1;6.19
Daequan Cook;24;1997;36;22;DEN;PG;68;198;-3.00;811910;3.11;0.26;1.69
Daequan Cook;25;1998;39;23;DEN;PG;43;1753;-3.00;778031;5.21;2.74;3.98
Daequan Cook;26;1999;40;24;DEN;PG;26;763;-3.00;725175;10.73;3.33;7.03
Daequan Cook;27;2000;41;25;DEN;PF;77;-4226;-2.76;636346;9.0;3.56;6.28
Daequan Cook;28;2001;42;29;SEA;PG;48;1254;-3.00;391423;9.97;5.89;7.93
Daequan Cook;29;2002;43;27;HOU;PG;9;417;-2.73;947130;8.3;3.37;5.84
Daequan Cook;30;2003;44;28;HOU;PG;5;89;-1.26;816130;11.78;1.41;6.6
Daequan Cook;31;2004;45;29;HOU;PG;76;1022;45.11;976943;8.53;4.3;6.42
Daequan Cook;32;2005;46;30;HOU;PG;5;61;-0.78;606185;6.3;3.56;4.93
Daequan Cook;33;2006;47;31;HOU;PG;69;2318;-2.04;702281;5.89;19.09;3.29
Daequan Cook;34;2007;48;32;HOU;SG;10;344;-2.08;824473;7.84;8.56;8.2
Daequan Cook;35;2008;49;33;HOU;SG;44;795;-3.00;932341;9.95;7.51;8.73
Chris Corchiani;1;1979;20;2;MIN;C;7;235;1.32;7218488;24.64;5.77;15.21
Chris Corchiani;2;1979;20;5;MIN;C;13;517;1.99;9896244;15.52;19.0;17.26
Chris Corchiani;3;1979;20;2;LAC;C;65;867;3.09;14292559;18.65;18.34;18.5
Chris Corchiani;4;1980;21;3;LAC;C;17;676;3.85;17330013;25.16;5.98;15.57
Chris Corchiani;5;1980;21;3;NYK;PF;34;936;4.95;21726328;12.62;7.55;10.09
Chris Corchiani;6;1981;22;4;CHI;PF;17;301;3.37;15411621;20.39;10.96;15.68
Chris Corchiani;7;1982;23;5;CHI;PF;20;-541;4.09;18289209;20.03;10.7;15.37
Chris Corchiani;8;1983;24;6;CHI;SF;5;18;4.70;20727165;16.88;5.84;11.36
Chris Corchiani;9;1984;25;7;MIN;SF;69;3143;4.84;21286696;19.91;5.9;12.91
Chris Corchiani;10;1985;26;8;MIN;SF;33;395;5.20;22725490;21.1;4.93;13.02
Chris Corchiani;11;1986;27;9;GSW;SF;37;494;5.17;22605591;13.72;8.86;11.29
Chris Corchiani;12;1987;28;10;GSW;SF;41;448;5.43;23644720;57.94;11.07;22.60
Chris Corchiani;13;1988;29;11;GSW;SF;71;2611;5.20;22725490;13.24;1.79;7.52
Chris Corchiani;14;1989;30;12;GSW;SF;30;14;4.68;20647232;12.2;8.95;10.58
Chris Corchiani;15;1990;31;13;GSW;PF;7;50;4.06;18169309;19.06;6.54;12.8
Chris Corchiani;16;1991;32;14;NOH;PF;29;3575;3.81;17170147;15.64;7.45;11.55
Chris Corchiani;17;1992;33;15;ORL;C;39;600;3.69;16690549;10.54;3.53;7.04
Chris Corchiani;18;1993;34;19;ORL;C;78;2962;2.27;11015306;21.14;7.9;14.52
Chris Corchiani;19;1994;35;17;ORL;C;20;665;0.78;5060297;31.29;13.25;22.27
Chris Corchiani;20;1995;36;18;IND;C;29;367;-0.53;795114;15.42;2.43;8.93
Chris Corchiani;21;1996;37;19;IND;C;4;143;-0.64;804735;33.17;18.79;25.98
Chris Corchiani;22;1997;38;20;KCK;C;28;743;0.25;2942073;22.78;11.12;16.95
Chris Corchiani;23;1998;39;21;IND;C;48;1086;-1.70;956488;19.71;22.94;21.33
Chris Corchiani;24;1999;40;22;LAC;C;41;281;-2.39;617887;26.6;12.56;19.58
Chris Corchiani;25;2000;41;23;LAC;C;71;2437;-3.00;864709;18.31;12.35;15.33
Chris Corchiani;26;2001;42;24;LAC;PF;3;127;-3.00;887150;19.12;10.35;14.74
Chris Corchiani;27;2002;43;25;LAC;PF;8;22;-3.00;780381;13.94;8.35;11.15
Chris Corchiani;28;2003;44;26;LAC;PF;51;1853;-3.00;958772;21.14;5.14;13.14
Chris Corchiani;29;2004;45;27;MIN;PF;54;51;-28.17;879256;13.74;9.9;11.82
Chris Corchiani;30;2005;46;28;HOU;PF;19;901;-2.61;867481;19.68;10.6;15.14
Chris Corchiani;31;2006;47;29;DET;PF;32;1191;-3.00;932406;19.71;5.12;12.42
Chris Corchiani;32;2007;48;30;DET;PF;63;2339;-3.00;712671;19.34;-11.31;14.75
Chris Corchiani;33;2007;48;30;HOU;PF;7;27;-3.00;648366;16.95;10.35;13.65
Chris Corchiani;34;2008;49;31;HOU;PF;79;1736;-3.00;605588;15.82;10.95;14.80
Chris Corchiani;35;2009;50;32;SAS;PF;58;2158;-3.00;817906;14.16;5.5;9.83
Jim Paxson;1;1979;17;3;CHI;PF;44;826;0.51;3981202;27.6;9.56;18.58
Jim Paxson;2;1980;18;4;CHI;PF;29;3477;0.70;4740565;15.6;8.38;11.99
Jim Paxson;3;1981;19;7;ORL;PF;71;135;1.83;9256780;17.2;6.18;11.69
Jim Paxson;4;1981;19;5;CHH;PF;29;61;2.80;17060590;21.42;5.18;13.3
Jim Paxson;5;1982;20;6;NOH;PF;59;1048;3.43;15651420;16.05;11.42;13.74
Jim Paxson;6;1983;21;7;NOH;PF;50;175;5.57;24204251;18.98;19.05;19.02
Jim Paxson;7;1984;22;8;NOH;PF;54;401;5.52;24004418;18.58;13.24;15.91
Jim Paxson;8;1985;23;9;IND;PF;42;4610;6.67;28600566;17.95;14.01;15.98
Jim Paxson;9;1986;24;10;IND;PF;43;1675;7.03;30039360;-42.38;6.81;12.37
Jim Paxson;10;1987;25;11;IND;C;55;1188;5.22;22805423;12.56;19.44;16.0
Jim Paxson;11;1988;26;12;SAC;SF;80;2561;4.57;20207601;15.92;12.18;14.05
Jim Paxson;12;1988;26;12;TOR;SF;5;126;4.89;21486529;6.91;8.47;7.69
Jim Paxson;13;1989;27;13;TOR;SF;77;1716;6.38;27441537;16.48;6.4;11.44
Jim Paxson;14;1990;28;14;TOR;SF;43;1510;4.64;20487366;13.97;6.16;8.17
Jim Paxson;15;1991;29;15;MIL;SF;20;776;-21.08;30918623;11.02;-3.81;10.27
Jim Paxson;16;1991;29;15;WSB;SF;34;80;7.14;30478991;15.16;11.31;13.24
Jim Paxson;17;1992;30;16;TOR;SF;22;314;6.55;28120968;23.15;1.32;12.24
Jim Paxson;18;1993;31;17;CHA;SF;12;34;6.22;26802073;9.05;21.83;6.26
Jim Paxson;19;1994;32;18;NJN;SG;66;408;4.90;21526495;7.9;3.43;5.67
Jim Paxson;20;1995;33;19;CHO;SG;19;910;5.16;22565624;4.14;2.85;3.5
Jim Paxson;21;1995;30;19;DET;SG;80;2817;24.14;21766294;7.63;5.17;5.67
Jim Paxson;22;1996;34;20;DET;SG;73;2568;4.96;21766294;16.56;5.25;10.91
Jim Paxson;23;1996;34;20;POR;SG;74;2069;4.40;19528170;7.69;9.0;8.35
Jim Paxson;24;1997;35;21;POR;SG;8;57;3.84;17290046;5.37;6.22;5.8
Jim Paxson;25;1998;36;22;POR;SG;61;2748;3.43;15651420;8.74;9.45;9.1
Jim Paxson;26;1999;37;23;POR;SF;16;513;3.08;14252592;12.18;13.22;12.7
Jim Paxson;27;1999;37;23;IND;SF;36;1242;3.89;17489879;10.49;2.7;6.6
Jim Paxson;28;2000;38;24;IND;SF;75;3933;4.12;18409108;8.57;2.21;5.39
Jim Paxson;29;2001;39;25;TOR;SF;38;1820;3.56;16170984;13.77;4.27;9.02
Jim Paxson;30;2002;40;26;TOR;SF;50;2312;2.60;12334200;20.04;12.67;16.36
Jim Paxson;31;2003;41;27;TOR;SF;28;3;1.23;6858790;18.96;3.39;11.18
Jim Paxson;32;2004;42;28;PHI;PG;2;12;0.69;4700599;15.95;4.45;10.2
Jim Paxson;33;2005;43;29;MIA;SF;52;1748;-0.96;721463;19.91;0.48;10.2
Jim Paxson;34;2006;44;30;MIA;SF;78;485;-1.17;775620;11.99;5.74;8.87
Jim Paxson;35;2007;46;32;MIA;SF;35;71;-1.40;836407;11.64;3.88;7.76
Stephane Lasme;1;1979;19;3;MIA;SG;61;2522;1.19;6698924;11.71;5.32;8.52
Stephane Lasme;2;1980;20;4;PHO;SG;21;402;1.55;8137718;12.06;26.39;9.15
Stephane Lasme;3;1981;21;5;PHO;SG;67;1341;1.46;7572435;8.23;6.73;7.48
Stephane Lasme;4;1981;21;5;MIL;SG;27;58;3.31;15171822;7.52;6.37;6.95
Stephane Lasme;5;1982;22;6;CLE;SG;55;114;5.06;22165959;43.28;0.28;5.37
Stephane Lasme;6;1983;23;7;OKC;SG;71;1207;4.89;21486529;5.13;3.04;4.09
Stephane Lasme;7;1984;24;8;CHA;SG;3;36;4.22;18808773;14.64;2.5;8.57
Stephane Lasme;8;1985;25;9;CHA;SG;79;5811;4.66;20567299;10.03;4.75;7.38
Stephane Lasme;9;1986;26;10;CHA;SG;59;2738;5.40;31629288;10.02;2.15;6.09
Stephane Lasme;10;1987;27;11;WAS;SG;28;549;-29.11;25563112;15.72;2.56;9.14
Stephane Lasme;11;1987;27;11;WAS;SG;67;2541;4.15;18529008;12.27;0.65;6.46
Stephane Lasme;12;1987;27;11;UTA;PF;39;446;5.18;22645557;6.19;1.04;3.62
Stephane Lasme;13;1988;28;12;UTA;PG;17;759;5.85;25323313;-20.38;29.21;3.15
Stephane Lasme;14;1988;28;12;BOS;PG;4;164;35.76;19128505;5.24;0.44;2.84
Stephane Lasme;15;1989;29;13;DAL;PG;87;582;2.82;13213463;11.13;3.22;7.18
Stephane Lasme;16;1989;29;13;NJN;PG;70;323;4.08;18249242;6.55;3.6;5.08
Stephane Lasme;17;1990;33;14;IND;PG;43;215;4.26;18968639;9.25;3.04;6.15
Stephane Lasme;18;1991;28;15;IND;PG;75;1580;-7.76;25842877;7.98;3.59;5.79
Stephane Lasme;19;1991;33;15;GSW;PG;33;23;5.94;25683011;5.97;3.03;4.5
Stephane Lasme;20;1992;32;16;HOU;PG;31;852;5.48;23844552;6.78;3.82;5.3
Stephane Lasme;21;1993;33;17;HOU;SG;67;781;5.47;23804586;6.52;0.23;3.38
Stephane Lasme;22;1993;33;17;NOH;SF;60;2354;5.54;24084351;13.77;9.45;11.61
Stephane Lasme;23;1994;34;18;PHI;SF;14;414;5.53;24044385;13.05;5.94;9.47
Stephane Lasme;24;1994;34;18;DET;SF;64;1911;5.07;22205926;20.67;5.86;13.27
Stephane Lasme;25;1995;35;19;DET;SF;79;556;5.44;23684686;15.24;7.35;11.3
Stephane Lasme;26;1996;36;20;DET;SF;58;1850;4.56;20167634;14.67;2.21;8.44
Stephane Lasme;27;1997;37;21;IND;SG;12;349;3.23;14852090;8.2;4.69;6.45
Stephane Lasme;28;1997;37;21;SAS;SG;70;2612;3.27;15011956;8.11;3.96;6.04
Stephane Lasme;29;1998;38;22;SAS;SG;40;1496;2.83;13253430;9.67;6.61;8.14
Stephane Lasme;30;1999;39;23;SAS;SG;14;613;3.09;14292559;5.43;0.21;2.82
Stephane Lasme;31;1999;39;23;MIL;SF;14;401;3.52;16011118;11.41;4.91;8.16
Stephane Lasme;32;2000;40;24;MIL;SF;64;1141;3.07;14212626;72.10;7.0;8.37
Stephane Lasme;33;2001;41;25;SEA;SF;35;380;3.06;14172659;14.66;2.82;9.21
Stephane Lasme;34;2002;42;26;SEA;SF;62;247;3.24;14892056;13.33;5.97;9.87
Stephane Lasme;35;2003;43;27;SEA;SF;26;429;3.03;14052760;-22.15;5.12;8.93
Nikola Jokic;1;1979;19;4;SEA;PG;46;664;1.54;8097751;9.21;2.51;5.86
Nikola Jokic;2;1979;19;4;CLE;PG;27;1545;2.02;10016143;6.26;3.05;4.66
Nikola Jokic;3;1979;19;4;SEA;PG;21;476;3.04;14092726;5.67;3.7;4.69
Nikola Jokic;4;1980;20;5;SEA;PG;70;-2015;2.35;11335038;8.21;3.61;5.91
Nikola Jokic;5;1981;21;6;SEA;PG;44;111;2.10;10335875;7.5;3.43;5.47
Nikola Jokic;6;1982;22;7;SEA;PG;71;2811;3.76;16970314;2.92;3.0;2.96
Nikola Jokic;7;1983;23;8;HOU;PG;23;147;5.95;25722978;8.66;2.45;5.56
Nikola Jokic;8;1984;24;9;HOU;PG;32;179;5.15;22525658;9.28;3.39;6.34
Nikola Jokic;9;1985;25;10;HOU;PG;78;3000;4.69;20687199;4.02;-16.55;3.1
Nikola Jokic;10;1986;26;11;HOU;PF;9;78;4.57;20207601;6.37;4.88;5.63
Nikola Jokic;11;1987;27;12;BOS;PG;43;313;5.33;23245055;7.8;0.23;4.02
Nikola Jokic;12;1988;28;13;BOS;SG;3;83;4.82;21206763;7.35;4.96;6.16
Nikola Jokic;13;1989;29;14;BOS;SF;44;1802;4.69;20687199;19.25;8.82;14.04
Nikola Jokic;14;1990;30;15;LAL;SF;53;1535;4.97;21806261;14.27;1.32;7.8
Nikola Jokic;15;1990;30;15;BOS;SF;67;2260;5.15;22525658;11.03;2.28;6.66
Nikola Jokic;16;1990;30;15;LAL;PG;17;270;4.52;20007768;19.56;3.19;11.38
Nikola Jokic;17;1990;30;15;IND;SG;40;1079;4.25;18928673;9.68;0.38;5.03
Nikola Jokic;18;1991;27;16;IND;PG;70;2529;3.37;15411621;9.9;1.92;5.91
Nikola Jokic;19;1992;32;17;IND;PG;19;17;2.50;11934535;4.87;2.86;3.87
Nikola Jokic;20;1993;33;18;NYK;PG;14;1848;2.90;13533195;6.58;0.65;3.62
Nikola Jokic;21;1994;34;19;NYK;PG;52;1648;3.86;17369979;34.76;2.6;5.49
Nikola Jokic;22;1994;34;19;BOS;PG;29;2978;3.66;16570649;8.96;3.44;6.97
Nikola Jokic;23;1994;34;19;OKC;PG;83;75;1.62;8417483;11.73;5.0;8.37
Nikola Jokic;24;1994;34;19;BOS;PG;36;75;1.11;6379192;3.13;1.4;2.27
Nikola Jokic;25;1994;32;19;ORL;PG;12;322;1.00;5939560;13.12;2.28;7.7
Nikola Jokic;26;1995;35;20;WAS;PG;87;571;0.03;2062810;4.65;1.56;3.11
Nikola Jokic;27;1996;39;21;POR;SG;77;-3477;-1.06;879830;46.73;8.95;8.8
Nikola Jokic;28;1997;37;19;POR;SG;56;677;-2.23;854488;7.31;1.5;4.41
Nikola Jokic;29;1998;38;20;POR;C;16;211;-1.42;847609;5.43;8.12;6.78
Nikola Jokic;30;1999;39;24;TOR;SG;14;474;-0.65;890594;19.09;7.39;13.24
Nikola Jokic;31;2000;40;25;WAS;PG;94;1049;-2.20;361229;6.13;2.96;4.55
Nikola Jokic;32;2001;41;26;WAS;PG;97;1050;-2.64;847553;8.13;2.12;5.13
Nikola Jokic;33;2002;42;27;WAS;PG;29;109;-2.81;797888;8.6;3.05;5.83
Nikola Jokic;34;2003;43;28;CHH;PG;79;248;-2.22;623802;24.90;3.09;6.13
Nikola Jokic;35;2003;43;28;DAL;PG;1;12;-2.82;729012;8.78;4.47;6.63
Mickey Dillard;1;1979;20;3;MIN;C;63;1680;1.81;9176847;19.23;37.75;28.49
Mickey Dillard;2;1980;21;4;MIN;C;40;4602;2.51;11974502;24.48;9.52;17.0
Mickey Dillard;3;1981;22;5;TOR;C;53;1064;2.82;13213463;40.39;10.31;25.35
Mickey Dillard;4;1982;23;6;WAS;C;36;1182;2.90;13533195;17.89;17.96;17.93
Mickey Dillard;5;1983;24;7;NOP;C;92;574;3.93;17649745;20.35;9.13;14.74
Mickey Dillard;6;1984;25;8;PHO;C;78;2475;-15.32;14252592;15.14;21.31;18.23
Mickey Dillard;7;1985;26;9;POR;C;64;1489;3.81;17170147;17.88;5.67;11.78
Mickey Dillard;8;1986;27;10;NYK;PF;66;387;4.33;19248405;26.16;10.23;18.2
Mickey Dillard;9;1987;28;11;BUF;PF;12;8;3.73;16850415;13.49;10.76;12.13
Mickey Dillard;10;1987;28;11;SAS;PF;18;428;4.17;18608941;22.81;10.49;16.65
Mickey Dillard;11;1988;29;12;CLE;PF;70;1793;2.77;13013631;16.62;8.49;21.93
Mickey Dillard;12;1989;30;15;NYK;PF;6;166;2.54;12094401;16.16;12.99;14.58
Mickey Dillard;13;1990;31;14;LAL;PF;2;47;2.46;11774669;10.73;10.83;10.78
Mickey Dillard;14;1991;32;15;OKC;PF;9;204;2.36;11375004;13.83;10.91;12.37
Mickey Dillard;15;1992;33;16;LAC;PF;38;1522;1.82;9216813;16.89;9.4;13.15
Mickey Dillard;16;1993;34;17;CLE;PF;34;1518;1.02;6019493;19.76;8.67;14.22
Mickey Dillard;17;1994;35;18;CLE;SF;15;278;1.21;6778857;-29.86;9.58;10.45
Mickey Dillard;18;1995;36;19;CLE;SF;81;2267;1.02;6019493;15.32;7.99;11.66
Mickey Dillard;19;1995;36;19;BOS;SF;70;919;0.57;4221001;14.59;4.1;9.35
Mickey Dillard;20;1996;37;20;NYK;PF;70;2312;0.82;5220163;10.58;8.93;9.76
Mickey Dillard;21;1997;38;21;NYK;PF;79;2880;0.85;5340063;22.7;11.19;16.95
Mickey Dillard;22;1997;38;21;NOJ;PG;16;75;0.70;4740565;16.33;13.37;14.85
Mickey Dillard;23;1998;39;22;WAS;PF;54;1194;1.77;9016981;21.68;8.43;15.06
Mickey Dillard;24;1999;36;23;SAS;PF;27;312;2.04;10096076;16.24;14.79;15.52
Mickey Dillard;25;1999;40;23;GSW;SF;2;29;1.93;9656445;11.26;9.56;10.41
Mickey Dillard;26;2000;41;24;PHI;SF;6;139;1.85;9336713;6.98;6.32;6.65
Mickey Dillard;27;2001;42;25;PHI;SF;70;330;1.47;7817986;12.11;4.02;8.07
Mickey Dillard;28;2001;42;25;PHI;SF;30;956;1.43;7658120;17.78;6.07;11.93
Mickey Dillard;29;2002;43;26;POR;SF;43;369;0.11;2382542;12.6;1.78;7.19
Mickey Dillard;30;2003;44;27;POR;SF;14;13;-0.08;1623178;-2.91;16.72;12.59
Mickey Dillard;31;2004;45;28;POR;SF;60;2331;-0.27;863814;12.46;31.84;9.72
Mickey Dillard;32;2005;46;29;POR;SF;20;507;0.88;5459962;15.06;11.13;8.42
Mickey Dillard;33;2006;47;30;POR;SF;12;242;0.44;3701436;13.33;1.43;7.38
Mickey Dillard;34;2007;48;31;NYK;SG;56;1116;-0.18;1223513;10.43;4.69;7.18
Mickey Dillard;35;2008;49;32;MIA;SG;33;826;-0.97;992262;17.68;1.46;9.57
John Schweitz;1;1979;19;3;DEN;C;60;1379;-0.18;1223513;24.45;4.82;14.64
John Schweitz;2;1980;20;4;HOU;C;80;1624;0.10;2342575;16.68;1.23;8.96
John Schweitz;3;1980;20;4;NOK;C;21;897;-0.43;224350;16.74;25.21;20.98
John Schweitz;4;1980;20;4;NJN;C;23;356;-0.62;978033;12.38;1.0;6.69
John Schweitz;5;1981;21;5;NJN;C;68;-4718;-1.21;974535;20.89;18.99;19.94
John Schweitz;6;1982;22;6;CHI;C;35;458;-0.05;1743077;19.5;16.61;18.06
John Schweitz;7;1983;23;7;NJN;PF;50;2096;-0.32;663982;10.76;17.16;12.40
John Schweitz;8;1984;24;8;NJN;PF;68;922;0.02;2022843;14.73;18.26;16.5
John Schweitz;9;1984;24;8;BOS;PF;9;-65;0.70;4740565;17.05;10.1;13.58
John Schweitz;10;1985;25;9;BOS;PF;34;1521;0.89;5499929;12.18;5.26;8.72
John Schweitz;11;1986;26;10;BOS;PF;10;304;1.16;6579024;12.5;11.1;11.8
John Schweitz;12;1987;27;11;BOS;PF;2;36;1.65;8537383;11.43;3.29;7.36
John Schweitz;13;1988;28;14;BOS;PF;44;741;1.80;9314370;22.21;7.34;14.78
John Schweitz;14;1988;28;12;CLE;PF;20;156;2.14;10495741;25.94;13.79;19.87
John Schweitz;15;1989;29;13;CHO;PF;62;1173;2.58;12254267;12.48;6.49;9.49
John Schweitz;16;1990;30;14;NYK;PF;36;1442;2.06;10176009;17.17;11.77;14.61
John Schweitz;17;1991;31;15;NYK;PF;74;2557;1.51;7977852;12.87;6.45;9.66
John Schweitz;18;1992;32;16;HOU;PF;40;1393;0.48;3861302;25.39;11.96;18.68
John Schweitz;19;1992;32;16;GSW;PF;22;592;0.89;5499929;13.19;13.22;13.21
John Schweitz;20;1992;32;16;PHI;SF;37;1540;0.69;4700599;61.90;7.85;14.76
John Schweitz;21;1993;33;14;PHI;SF;91;824;0.43;3661470;11.1;2.24;6.67
John Schweitz;22;1993;33;17;ORL;SF;45;704;1.41;7578187;8.26;4.48;6.37
John Schweitz;23;1993;33;17;SAC;PF;60;1774;1.61;8377517;14.63;13.88;14.26
John Schweitz;24;1993;33;17;IND;PF;85;280;1.81;9176847;15.85;9.97;12.91
John Schweitz;25;1994;34;18;IND;PF;83;1225;0.05;2142743;13.08;15.49;14.29
John Schweitz;26;1994;34;18;ATL;PF;11;454;0.83;5260130;20.72;12.39;16.56
John Schweitz;27;1995;35;19;ATL;PF;62;1668;1.10;6339225;16.63;9.04;12.84
John Schweitz;28;1996;36;20;ATL;PF;62;2366;1.23;6858790;14.97;10.65;12.81
John Schweitz;29;1996;36;20;SAC;C;72;2056;1.08;6259292;22.72;85.35;19.77
John Schweitz;30;1997;37;21;SAC;C;18;389;0.20;2742240;16.23;6.84;11.54
John Schweitz;31;1998;38;22;DEN;C;79;2543;-1.19;113703;15.94;7.76;11.85
John Schweitz;32;1998;38;26;NJN;C;34;1454;-1.32;953728;21.39;12.73;17.06
John Schweitz;33;1999;39;23;NJN;C;10;171;-3.00;780800;-7.45;5.64;15.83
John Schweitz;34;2000;40;24;NJN;C;21;255;-2.88;981761;27.95;12.57;20.26
John Schweitz;35;2001;44;25;CHH;C;24;920;-15.61;647704;15.71;5.74;10.73
Noel Felix;1;1979;17;4;NOH;SF;35;1265;0.35;3341738;12.05;6.96;9.51
Noel Felix;2;1980;18;5;ATL;SF;75;3140;0.46;3781369;5.15;1.27;9.71
Noel Felix;3;1981;19;6;ATL;PF;13;436;-0.41;304283;-5.31;6.24;15.94
Noel Felix;4;1982;20;7;ATL;PF;24;108;-0.22;1063647;21.29;6.11;13.7
Noel Felix;5;1983;21;8;POR;PF;69;2019;2.61;12374167;23.6;4.15;13.88
Noel Felix;6;1984;22;9;POR;PF;71;2333;1.21;6778857;14.24;12.16;13.2
Noel Felix;7;1985;23;10;POR;PF;46;1455;0.78;5060297;20.09;5.61;12.85
Noel Felix;8;1986;24;11;POR;PF;23;549;1.64;8497416;21.17;9.97;15.57
Noel Felix;9;1987;25;12;POR;PF;81;1382;2.08;10255942;63.60;13.08;16.22
Noel Felix;10;1988;26;13;POR;PF;97;1106;3.08;14252592;12.81;13.95;13.38
Noel Felix;11;1989;27;14;POR;PF;28;197;2.84;13293396;11.92;10.34;11.13
Noel Felix;12;1989;27;14;SAS;C;78;438;2.11;10375842;25.64;8.94;17.29
Noel Felix;13;1990;28;15;SAS;SG;53;494;2.26;10975339;16.04;9.08;12.56
Noel Felix;14;1990;28;15;WAS;SG;87;983;2.57;12214301;9.16;3.61;6.39
Noel Felix;15;1991;29;16;CHA;SG;60;1771;1.55;8137718;5.95;0.88;3.42
Noel Felix;16;1992;30;17;DAL;SG;9;1135;1.23;6858790;10.71;7.58;9.15
Noel Felix;17;1993;31;18;DAL;PG;72;1774;1.17;6618991;7.26;0.85;4.06
Noel Felix;18;1994;32;19;DAL;PG;28;136;1.24;6898756;8.37;4.23;6.3
Noel Felix;19;1994;32;19;LAC;PG;34;212;0.97;5819661;5.66;0.98;3.32
Noel Felix;20;1995;33;20;UTA;PG;24;994;0.79;5100264;2.56;2.25;2.41
Noel Felix;21;1996;34;21;CLE;PG;58;2661;0.18;2662307;10.97;4.37;7.67
Noel Felix;22;1996;34;21;ORL;PG;52;1789;0.31;3181872;3.51;2.96;3.24
Noel Felix;23;1997;35;22;ORL;PG;67;1051;-0.42;203464;11.22;4.3;7.76
Noel Felix;24;1997;35;22;ATL;PG;39;659;-1.37;723971;11.75;28.21;7.36
Noel Felix;25;1998;36;23;ATL;PG;10;390;-2.28;934902;6.85;1.46;4.16
Noel Felix;26;1999;37;24;ATL;PG;49;1623;-3.00;805299;8.0;3.83;5.92
Noel Felix;27;2000;38;25;DAL;PG;52;2339;-2.03;894460;5.43;4.09;4.76
Noel Felix;28;2001;39;26;DAL;PG;13;523;-1.68;895327;9.72;3.55;6.64
Noel Felix;29;2002;40;27;DAL;PG;43;1049;-1.38;636646;5.21;1.39;3.92
Noel Felix;30;2003;41;28;DAL;PG;28;447;-1.03;855659;5.24;2.11;3.68
Noel Felix;31;2004;42;29;DAL;PG;49;2062;-0.45;144417;5.6;0.57;3.09
Noel Felix;32;2005;43;30;DAL;PG;59;2287;0.59;4300934;7.25;2.98;5.12
Noel Felix;33;2006;44;31;DAL;PG;17;770;0.17;2622341;9.8;5.15;7.48
Noel Felix;34;2007;43;32;BOS;PG;27;1276;-1.09;802700;4.69;0.93;2.81
Noel Felix;35;2008;48;33;MIN;PG;65;9129;-1.54;742291;6.74;2.07;4.41
Oliver Lafayette;1;1978;20;2;HOU;PF;3;88;1.18;6658957;19.57;11.47;15.52
Oliver Lafayette;2;1979;21;3;HOU;SF;18;613;1.90;9536545;18.36;3.43;10.9
Oliver Lafayette;3;1980;22;4;HOU;PF;50;1281;1.85;9336713;17.62;3.29;8.06
Oliver Lafayette;4;1981;23;5;HOU;PF;48;188;1.61;8377517;11.26;10.23;10.75
Oliver Lafayette;5;1982;24;6;HOU;PF;58;963;2.06;10176009;17.88;9.0;13.44
Oliver Lafayette;6;1983;25;7;HOU;C;28;171;1.06;6305461;19.82;2.75;11.29
Oliver Lafayette;7;1984;26;8;HOU;C;14;1761;0.77;5020331;23.26;20.37;21.82
Oliver Lafayette;8;1985;27;9;HOU;C;22;743;0.40;3541570;27.15;7.9;17.53
Oliver Lafayette;9;1986;28;10;HOU;C;79;1071;-0.68;703572;22.33;19.53;20.93
Oliver Lafayette;10;1987;29;11;HOU;C;79;3628;-0.45;144417;23.09;19.54;21.32
Oliver Lafayette;11;1988;30;12;HOU;SF;81;2351;-0.52;1309485;15.74;6.02;10.88
Oliver Lafayette;12;1988;30;12;MIN;PF;56;1181;-34.97;689630;21.56;7.91;14.74
Oliver Lafayette;13;1988;30;12;ATL;PF;31;180;0.26;2982039;13.08;7.7;10.39
Oliver Lafayette;14;1989;31;13;ATL;PF;5;42;-0.24;983714;23.79;-29.96;17.85
Oliver Lafayette;15;1990;32;14;ATL;PF;74;2151;0.22;2822173;16.29;3.86;10.08
Oliver Lafayette;16;1991;33;15;ATL;PF;56;522;-0.87;630347;16.71;13.66;15.19
Oliver Lafayette;17;1992;34;12;ATL;PG;21;134;-0.16;1303446;11.45;5.23;8.43
Oliver Lafayette;18;1993;35;17;ATL;PF;11;162;-0.12;1463312;17.02;8.87;12.95
Oliver Lafayette;19;1994;36;18;ATL;PF;5;120;-0.53;840460;20.08;12.42;16.25
Oliver Lafayette;20;1995;37;19;ATL;PF;57;2658;-2.03;940804;18.55;9.88;14.22
Oliver Lafayette;21;1996;38;20;ATL;PF;21;808;48.61;733891;10.46;8.06;9.26
Oliver Lafayette;22;1997;39;21;ATL;PF;81;1680;-1.99;964080;17.32;9.0;13.16
Oliver Lafayette;23;1998;40;22;ATL;PF;12;565;-2.13;744085;15.82;9.15;12.49
Oliver Lafayette;24;1998;40;22;SAC;PF;63;392;-2.58;880218;25.98;-41.54;16.9
Oliver Lafayette;25;1999;41;23;SAC;SF;19;488;-2.12;834077;16.61;0.1;8.36
Oliver Lafayette;26;2000;42;24;SAC;SG;31;169;-2.54;893908;14.08;8.61;11.35
Oliver Lafayette;27;2001;43;25;WAS;SG;48;1258;-3.00;943097;10.37;5.33;7.85
Oliver Lafayette;28;2002;44;26;MIL;SG;75;2176;-3.00;664811;12.43;4.12;8.28
Oliver Lafayette;29;2002;44;26;SEA;SG;81;690;-3.00;954139;9.98;2.79;6.39
Oliver Lafayette;30;2003;45;27;BOS;PG;58;2494;-3.00;926863;11.1;2.44;6.77
Oliver Lafayette;31;2004;46;28;BOS;PG;13;344;46.38;998857;6.07;0.39;3.23
Oliver Lafayette;32;2005;47;29;BOS;PG;79;1578;-3.00;980051;9.69;4.31;7.0
Oliver Lafayette;33;2006;48;25;BOS;PG;72;398;-2.93;612904;7.78;4.02;5.9
Oliver Lafayette;34;2007;49;31;BOS;PG;7;81;-2.90;736843;6.67;3.82;5.25
Oliver Lafayette;35;2008;50;32;BOS;SG;1;24;-3.00;944608;7.58;6.26;6.92
Charles Barkley;1;1979;21;1;MIN;PF;21;287;0.20;2742240;14.33;15.61;14.97
Charles Barkley;2;1980;22;2;MIN;PF;53;1820;0.11;2382542;21.76;14.11;17.94
Charles Barkley;3;1980;22;-2;CHI;PF;74;3349;-0.11;1503278;21.51;13.21;11.69
Charles Barkley;4;1981;23;3;TOR;PF;21;81;-0.07;1663144;13.18;11.8;12.49
Charles Barkley;5;1982;24;4;DEN;SF;54;264;0.02;2022843;21.25;6.46;13.61
Charles Barkley;6;1983;25;5;DEN;SF;80;1637;0.65;4540733;11.53;6.6;9.07
Charles Barkley;7;1984;23;6;BUF;SF;60;7739;48.36;2662307;18.32;8.91;13.62
Charles Barkley;8;1985;27;7;SAS;SF;65;-445;-1.16;-120510;17.38;8.03;12.71
Charles Barkley;9;1986;28;8;ORL;SF;1;31;-2.73;605891;15.83;3.16;9.5
Charles Barkley;10;1987;29;9;ORL;SF;11;293;-3.00;877954;17.66;15.14;16.4
Charles Barkley;11;1987;29;9;PHO;SF;64;2618;-3.00;876967;9.0;6.49;7.75
Charles Barkley;12;1988;30;10;GSW;SF;5;85;-3.00;739088;14.25;3.58;8.92
Charles Barkley;13;1988;30;10;SAS;SF;11;431;-3.00;876117;7.49;10.62;9.06
Charles Barkley;14;1989;31;11;SAS;SF;81;3673;26.46;795310;7.53;2.0;4.77
Charles Barkley;15;1990;32;12;SAS;SF;16;212;-2.98;948217;15.35;4.83;10.09
Charles Barkley;16;1991;33;13;SAS;SF;86;455;-3.00;638220;13.36;2.44;7.9
Charles Barkley;17;1992;34;14;SAS;SF;50;144;-1.81;726835;21.94;3.08;12.51
Charles Barkley;18;1992;34;14;PHI;SF;53;56;-1.42;965169;20.49;11.16;15.83
Charles Barkley;19;1993;35;15;WSB;SG;51;121;-1.67;601300;11.4;0.52;5.96
Charles Barkley;20;1994;36;16;ATL;SF;78;1372;-0.86;692226;14.21;6.44;10.33
Charles Barkley;21;1994;36;19;MIA;SF;53;409;-2.72;885792;15.48;5.97;10.73
Charles Barkley;22;1995;37;17;MIA;SF;2;18;-1.91;909594;10.03;0.54;5.29
Charles Barkley;23;1996;38;18;MIA;SF;67;-393;-1.45;686169;16.51;6.34;11.43
Charles Barkley;24;1997;39;14;MIA;SF;30;215;-2.15;626241;12.88;10.27;11.58
Charles Barkley;25;1998;40;23;MIA;PF;28;837;-1.79;776526;29.94;12.39;21.17
Charles Barkley;26;1998;40;20;TOR;PF;81;2077;-2.18;898215;12.34;3.44;7.89
Charles Barkley;27;1999;41;21;TOR;PF;32;889;-1.79;975995;17.63;67.49;13.21
Charles Barkley;28;1999;41;24;TOR;PF;40;1758;-1.71;804327;16.53;3.1;9.82
Charles Barkley;29;2000;42;22;NOJ;PF;23;562;-1.71;861838;19.65;4.13;4.01
Charles Barkley;30;2000;42;22;BOS;PF;68;2426;-2.01;703633;19.62;13.19;16.41
Charles Barkley;31;2001;43;23;BOS;PF;75;1593;-2.42;784410;16.97;10.69;13.83
Charles Barkley;32;2002;44;24;BOS;PF;42;136;-2.26;695616;25.37;11.77;18.57
Charles Barkley;33;2003;45;25;SDC;PF;87;1585;-1.47;856440;16.39;12.66;14.53
Charles Barkley;34;2004;46;26;POR;PF;30;1113;-1.50;312368;28.05;8.2;18.13
Charles Barkley;35;2005;47;27;POR;PF;86;825;-2.79;1745700;14.89;10.54;12.72
Al Thornton;1;1979;19;4;HOU;SG;47;801;2.13;10455775;10.82;3.39;7.11
Al Thornton;2;1980;20;5;IND;C;18;233;2.94;13693061;7.34;2.63;4.99
Al Thornton;3;1981;21;6;IND;SG;75;3089;2.96;13772994;11.12;1.91;6.52
Al Thornton;4;1982;22;7;SAC;SG;90;1034;2.86;13373329;6.38;6.89;6.64
Al Thornton;5;1983;23;8;WSB;SG;42;1003;2.09;10295908;11.4;3.78;7.59
Al Thornton;6;1984;24;9;WAS;SG;20;112;2.03;10056109;7.57;0.51;4.04
Al Thornton;7;1985;25;10;WAS;C;14;481;3.80;17130180;4.11;1.06;2.59
Al Thornton;8;1986;26;11;WAS;SG;44;632;4.20;18728840;15.88;3.93;9.91
Al Thornton;9;1987;27;12;WAS;SG;6;133;5.09;22285859;16.96;5.05;11.01
Al Thornton;10;1988;28;13;WAS;SG;14;448;5.12;22405758;10.18;9.71;9.95
Al Thornton;11;1989;29;14;DAL;SG;47;1732;3.72;16810448;12.77;1.62;7.2
Al Thornton;12;1990;30;15;IND;C;30;478;3.83;17250080;9.07;5.05;7.06
Al Thornton;13;1991;31;16;IND;SF;10;36;3.57;16210951;12.74;14.07;13.41
Al Thornton;14;1991;31;16;DAL;SF;43;238;3.94;17689711;13.35;11.28;12.32
Al Thornton;15;1992;32;17;CHO;SF;3;131;4.68;20647232;11.71;5.26;8.49
Al Thornton;16;1993;33;18;NYK;SF;1;11;4.87;21406596;19.62;6.75;13.19
Al Thornton;17;1994;34;19;NYK;SF;61;1648;3.70;16730515;52.03;4.25;8.25
Al Thornton;18;1994;34;19;GSW;SF;13;132;2.98;13852927;19.36;4.65;12.01
Al Thornton;19;1995;35;20;SAC;SF;42;1817;0.85;5340063;18.17;0.43;9.3
Al Thornton;20;1996;36;21;LAC;SF;65;1653;1.16;6579024;16.06;2.75;9.41
Al Thornton;21;1997;37;23;KCK;SF;76;3628;-14.75;778417;10.11;6.69;8.4
Al Thornton;22;1998;38;23;POR;SF;49;940;-1.09;626259;19.46;4.65;12.06
Al Thornton;23;1999;39;24;POR;SF;2;43;-1.21;958475;14.51;5.48;10.0
Al Thornton;24;2000;40;25;POR;SF;71;824;-3.00;911468;11.86;10.73;11.3
Al Thornton;25;2001;41;26;HOU;SF;8;165;-3.00;980833;67.72;11.54;11.63
Al Thornton;26;2002;42;27;CHH;SF;53;1501;-3.00;806355;-27.38;50.55;15.04
Al Thornton;27;2003;43;28;CHH;SF;35;26;-3.00;989689;17.95;7.06;12.51
Al Thornton;28;2004;44;29;CHH;SF;32;985;-3.00;875780;17.54;9.25;13.4
Al Thornton;29;2005;45;30;GSW;SG;42;433;-3.00;828132;12.58;2.78;7.68
Al Thornton;30;2006;46;31;GSW;SG;88;852;-3.00;845720;17.28;5.9;11.59
Al Thornton;31;2007;47;32;GSW;SF;67;3093;-3.00;823759;20.14;5.39;12.77
Al Thornton;32;2008;48;33;GSW;SF;70;3242;-3.00;745753;14.29;0.59;7.44
Al Thornton;33;2009;49;34;GSW;SF;39;257;-2.87;704507;18.66;4.7;11.68
Al Thornton;34;2010;50;35;GSW;SF;20;649;-3.00;770567;18.13;10.75;14.44
Al Thornton;35;2011;51;36;SAS;SF;91;1406;-3.00;954386;11.07;10.42;10.75
Larry Owens;1;1979;19;2;SAS;SF;27;720;1.11;6379192;11.15;6.54;8.85
Larry Owens;2;1980;20;3;SAS;SF;68;2534;2.09;10295908;15.94;5.97;10.96
Larry Owens;3;1981;21;1;SAS;SF;25;841;1.73;8857115;21.53;7.46;14.5
Larry Owens;4;1982;21;5;TOR;PG;44;924;1.80;9136880;6.92;3.99;5.46
Larry Owens;5;1983;23;6;SAS;SG;38;203;1.35;7338388;5.81;2.77;4.29
Larry Owens;6;1983;23;4;DAL;SG;50;1793;25.33;2982039;7.69;15.51;7.19
Larry Owens;7;1984;24;7;IND;SF;33;1183;0.50;3941235;6.21;3.79;5.0
Larry Owens;8;1985;25;8;IND;SF;28;7;1.97;9816311;-4.93;4.77;8.81
Larry Owens;9;1986;26;9;IND;SF;53;344;1.88;9456612;19.94;3.79;11.87
Larry Owens;10;1987;27;10;IND;SF;30;1285;1.65;8537383;11.2;4.36;7.78
Larry Owens;11;1987;27;10;GSW;SG;67;169;0.49;3901269;8.59;5.53;7.06
Larry Owens;12;1988;31;11;GSW;PF;19;484;-0.55;675590;4.93;0.88;2.91
Larry Owens;13;1989;29;12;GSW;PG;26;584;-1.22;664410;9.39;5.33;7.36
Larry Owens;14;1989;29;12;IND;PG;77;284;-1.55;903133;4.53;1.12;2.83
Larry Owens;15;1990;30;13;IND;PG;48;2011;-1.35;821859;7.45;3.0;5.23
Larry Owens;16;1991;31;14;IND;PG;55;1913;-2.53;746830;9.79;0.32;5.06
Larry Owens;17;1992;32;15;IND;PG;21;38;-2.19;940780;5.51;3.58;4.55
Larry Owens;18;1993;33;16;IND;PG;55;302;-1.98;871547;8.96;2.82;5.89
Larry Owens;19;1994;34;17;IND;SG;68;1759;-2.09;608227;9.28;6.86;8.07
Larry Owens;20;1995;35;18;IND;SG;10;412;-3.00;772543;9.76;3.21;6.49
Larry Owens;21;1996;36;19;IND;SF;63;2338;-3.00;656267;10.87;8.22;9.55
Larry Owens;22;1997;38;20;IND;SF;12;245;-3.00;774751;7.91;4.29;6.1
Larry Owens;23;1998;38;21;ATL;SF;8;155;-3.00;660351;6.75;11.62;9.19
Larry Owens;24;1999;39;22;ATL;SF;9;413;-2.76;654968;16.15;2.66;9.41
Larry Owens;25;1999;39;22;PHI;SF;47;284;-2.14;852313;14.87;6.07;17.19
Larry Owens;26;2000;40;23;NJN;SF;47;2095;-3.00;808845;15.81;7.15;11.48
Larry Owens;27;2001;41;25;NJN;SF;72;4;-2.90;623734;15.39;3.0;9.2
Larry Owens;28;2002;42;25;NJN;SF;73;728;-3.00;663556;12.27;4.0;8.14
Larry Owens;29;2002;42;25;PHI;SF;59;1967;-2.53;959888;7.41;11.25;9.33
Larry Owens;30;2003;43;26;DET;SF;15;487;-3.00;743381;19.59;10.74;15.17
Larry Owens;31;2004;44;29;MIN;PG;47;2008;-2.25;657887;10.55;0.59;5.57
Larry Owens;32;2004;44;27;MIN;SF;61;1316;-2.66;369664;16.31;6.07;11.19
Larry Owens;33;2004;44;27;PHI;SF;79;2603;-2.87;915939;7.13;3.5;5.32
Larry Owens;34;2004;44;27;HOU;PG;71;289;-3.00;720283;15.61;17.84;16.73
Larry Owens;35;2005;45;28;HOU;PF;2;39;-3.00;642736;13.45;7.56;10.51
Festus Ezeli;1;1979;19;3;NJN;C;71;1459;0.91;5579862;20.61;9.17;14.89
Festus Ezeli;2;1980;20;4;NJN;C;42;822;1.84;9296746;25.51;8.5;17.01
Festus Ezeli;3;1981;21;5;NJN;C;32;800;3.50;15931185;25.06;5.72;15.39
Festus Ezeli;4;1982;22;6;LAC;PG;45;2151;4.85;21326663;17.09;15.69;16.39
Festus Ezeli;5;1983;23;7;LAC;PG;79;889;4.71;20767132;23.47;8.86;16.17
Festus Ezeli;6;1984;24;8;LAC;C;64;524;5.34;23285021;27.35;12.14;19.75
Festus Ezeli;7;1985;25;9;UTA;C;24;909;5.95;25722978;20.52;0.27;10.4
Festus Ezeli;8;1986;26;8;UTA;C;13;371;5.25;22925323;11.37;11.23;11.3
Festus Ezeli;9;1987;27;11;UTA;C;1;8;4.63;20447400;26.56;11.3;18.93
Festus Ezeli;10;1988;28;12;UTA;C;18;9;5.49;23884519;30.82;4.21;7.97
Festus Ezeli;11;1988;28;12;MEM;PF;35;129;-38.80;22285859;15.66;3.8;9.73
Festus Ezeli;12;1989;29;13;MEM;PF;58;2031;4.77;21006931;16.92;9.75;13.34
Festus Ezeli;13;1990;30;14;MEM;PF;15;262;4.18;18648907;19.02;9.88;14.45
Festus Ezeli;14;1991;31;15;MEM;SF;19;443;48.92;22046060;15.67;1.32;8.5
Festus Ezeli;15;1992;32;16;MEM;PG;90;1282;5.06;22165959;11.51;9.19;10.35
Festus Ezeli;16;1993;33;17;IND;PF;17;220;4.17;18608941;23.16;11.59;17.38
Festus Ezeli;17;1994;34;18;IND;PF;52;493;3.56;16170984;13.35;8.14;10.75
Festus Ezeli;18;1995;35;19;IND;PF;67;2805;4.07;18209276;17.75;73.48;11.12
Festus Ezeli;19;1996;36;20;IND;PF;68;1473;4.17;18608941;15.48;5.86;10.67
Festus Ezeli;20;1997;37;21;IND;PF;23;117;5.21;22765457;22.33;-29.34;18.64
Festus Ezeli;21;1997;37;21;NJN;PF;23;120;5.42;23604753;61.45;6.93;13.76
Festus Ezeli;22;1998;38;22;NJN;SF;48;492;6.05;26122643;20.11;-16.04;14.05
Festus Ezeli;23;1999;39;23;NOJ;SF;64;1416;5.63;24444050;14.9;7.57;11.24
Festus Ezeli;24;2000;40;24;WSB;SF;59;2223;7.19;21107893;11.95;1.48;6.72
Festus Ezeli;25;2001;41;25;WSB;SF;4;-134;6.02;26002743;15.18;2.52;8.85
Festus Ezeli;26;2001;41;25;PHI;SF;19;121;4.46;19767969;17.74;1.47;9.61
Festus Ezeli;27;2002;42;26;HOU;SF;17;93;3.21;14772157;16.68;8.23;12.46
Festus Ezeli;28;2003;43;27;PHI;PF;74;2282;2.61;12374167;9.88;5.45;7.67
Festus Ezeli;29;2003;43;27;GSW;SF;41;1946;1.94;9696411;12.05;8.46;10.26
Festus Ezeli;30;2004;44;28;GSW;SF;80;2137;2.59;12294234;13.42;10.2;11.81
Festus Ezeli;31;2005;45;29;GSW;PF;53;1079;1.68;8657282;15.07;10.95;13.01
Festus Ezeli;32;2006;46;30;MIA;PF;12;161;1.37;7418321;26.85;14.98;20.92
Festus Ezeli;33;2006;46;30;DET;C;11;188;1.54;8097751;19.43;11.48;15.46
Festus Ezeli;34;2007;47;31;DET;C;44;713;2.57;12214301;27.55;10.32;18.94
Festus Ezeli;35;2008;48;32;SDC;C;41;1289;0.52;4021168;-33.36;6.69;11.07
Pooh Richardson;1;1979;22;1;DET;SF;80;2990;0.77;5020331;16.54;5.9;11.22
Pooh Richardson;2;1980;23;2;UTA;SF;76;29;0.45;4479389;19.55;4.52;12.04
Pooh Richardson;3;1980;23;2;PHI;PF;87;2500;0.89;5499929;24.69;11.67;18.18
Pooh Richardson;4;1981;24;3;PHI;PF;75;548;-0.80;805052;18.22;9.2;13.71
Pooh Richardson;5;1981;24;3;DET;PF;44;141;0.68;4660632;23.37;13.04;18.21
Pooh Richardson;6;1982;25;4;PHI;PF;77;458;0.39;4409776;19.96;29.33;13.31
Pooh Richardson;7;1983;26;6;MIL;PF;1;14;1.51;7977852;29.48;6.86;18.17
Pooh Richardson;8;1983;26;5;SDC;PF;12;303;0.98;5859627;24.53;5.63;15.08
Pooh Richardson;9;1983;26;5;DAL;C;44;711;39.03;5300096;16.4;13.91;15.16
Pooh Richardson;10;1984;27;6;DAL;C;1;10;-0.27;863814;18.87;12.66;15.77
Pooh Richardson;11;1985;28;6;DAL;PF;60;105;-0.93;896387;20.45;12.98;16.72
Pooh Richardson;12;1986;29;8;OKC;PF;12;118;-1.12;851561;9.77;9.73;9.75
Pooh Richardson;13;1987;30;9;DET;PF;94;1586;-1.86;708247;12.75;30.88;12.07
Pooh Richardson;14;1988;31;10;DET;PF;46;1593;-2.42;978117;8.99;4.95;6.97
Pooh Richardson;15;1989;32;11;DET;PF;43;392;-2.46;785130;22.39;14.48;18.44
Pooh Richardson;16;1990;33;12;DET;PF;63;2683;-3.00;931166;21.07;6.72;13.9
Pooh Richardson;17;1990;33;12;SAS;PF;8;215;-3.00;738299;-34.72;13.1;15.36
Pooh Richardson;18;1991;34;13;SAS;PF;58;-503;-3.00;868856;24.39;11.32;17.86
Pooh Richardson;19;1992;35;14;LAC;PF;11;59;-3.00;686256;15.44;10.79;13.12
Pooh Richardson;20;1993;36;15;LAC;SG;94;1106;-2.95;672530;15.16;10.9;13.03
Pooh Richardson;21;1994;37;16;NYK;PF;43;521;-38.28;703645;15.39;8.38;11.89
Pooh Richardson;22;1995;38;17;MIA;PF;19;852;-3.00;729288;12.27;4.95;8.61
Pooh Richardson;23;1996;39;18;UTA;PF;52;2204;-3.00;842291;21.07;7.07;8.82
Pooh Richardson;24;1997;40;19;BOS;PF;30;597;-3.00;886805;19.55;4.93;12.24
Pooh Richardson;25;1998;41;20;BOS;PF;39;1469;-3.00;105080;13.0;10.06;11.53
Pooh Richardson;26;1999;42;21;BOS;PF;15;342;-2.83;649133;10.31;10.91;10.61
Pooh Richardson;27;2000;43;22;CHI;SF;45;1688;-3.00;748479;13.09;5.3;9.2
Pooh Richardson;28;2001;44;23;NJN;SF;66;-2596;-2.89;978740;9.24;-17.96;6.31
Pooh Richardson;29;2002;45;24;NJN;SF;49;365;-3.00;897099;21.93;8.82;15.38
Pooh Richardson;30;2003;46;25;WAS;SF;66;3143;-3.00;699272;16.2;3.38;9.79
Pooh Richardson;31;2004;47;26;NYK;PF;20;220;-3.00;729917;27.32;9.13;18.23
Pooh Richardson;32;2005;48;27;NYK;PF;13;41;-3.00;713146;26.61;-27.44;18.43
Pooh Richardson;33;2006;49;28;NYK;PF;72;476;-1.41;945282;21.86;14.96;18.41
Pooh Richardson;34;2007;50;29;NYK;SG;63;438;-1.33;768169;15.13;4.17;9.65
Pooh Richardson;35;2008;51;30;NYK;PF;49;6183;-1.10;826136;16.16;4.33;10.25
Cedrick Hordges;1;1979;19;4;MIA;C;74;1799;1.61;8377517;19.01;17.46;18.24
Cedrick Hordges;2;1980;20;5;MIA;C;29;1332;17.07;12094401;29.46;13.64;21.55
Cedrick Hordges;3;1981;21;6;MIA;C;81;2463;5.83;25243380;16.15;6.06;11.11
Cedrick Hordges;4;1982;22;7;MIA;C;93;746;5.37;23404921;23.11;15.35;19.23
Cedrick Hordges;5;1983;23;8;SAC;C;57;633;5.16;22565624;19.46;9.74;14.6
Cedrick Hordges;6;1984;24;9;SAC;PG;81;2631;3.89;17489879;29.4;12.96;21.18
Cedrick Hordges;7;1985;25;10;SAC;C;30;289;3.06;14172659;14.33;13.25;13.79
Cedrick Hordges;8;1985;25;10;TOR;C;66;1139;2.73;12002613;11.77;14.37;13.07
Cedrick Hordges;9;1985;25;10;NJN;C;45;1423;4.15;18529008;30.52;11.97;21.25
Cedrick Hordges;10;1986;26;11;DET;C;69;2204;4.95;21726328;13.95;22.19;20.92
Cedrick Hordges;11;1987;27;12;DEN;C;86;692;4.83;21246730;21.49;16.56;19.03
Cedrick Hordges;12;1988;28;13;DEN;C;69;3129;6.24;26882006;21.22;12.69;16.96
Cedrick Hordges;13;1989;29;14;PHI;C;61;2703;8.04;34075976;-17.59;6.51;15.48
Cedrick Hordges;14;1990;30;15;GSW;C;12;144;7.77;32996881;27.24;7.43;17.34
Cedrick Hordges;15;1990;30;15;CHI;C;7;235;-35.18;36873631;23.28;-43.85;22.93
Cedrick Hordges;16;1991;31;14;CHI;C;66;-5077;9.10;38312425;33.06;16.78;24.92
Cedrick Hordges;17;1992;32;17;TOR;C;69;1444;27.67;39951052;21.83;14.5;18.17
Cedrick Hordges;18;1993;33;18;SAC;C;26;643;10.34;43268271;22.49;7.92;15.21
Cedrick Hordges;19;1994;34;19;NOJ;C;44;1099;9.52;39991018;26.62;2.65;14.64
Cedrick Hordges;20;1995;35;20;CHI;C;50;1764;8.38;35434837;14.29;6.44;10.37
Cedrick Hordges;21;1996;36;21;CHI;C;30;492;8.22;34795373;22.1;26.7;24.4
Cedrick Hordges;22;1997;34;22;NYK;C;3;55;8.39;35474804;17.84;112.26;11.54
Cedrick Hordges;23;1998;38;23;HOU;C;10;284;7.51;31957752;23.96;15.02;19.49
Cedrick Hordges;24;1999;39;24;SAC;C;23;45;6.72;28800398;34.77;11.23;23.0
Cedrick Hordges;25;2000;40;25;SAC;C;7;5;6.74;28880331;21.98;15.1;18.54
Cedrick Hordges;26;2001;42;26;LAL;C;47;58;6.30;27121805;25.58;1.0;13.29
Cedrick Hordges;27;2002;42;27;LAL;C;20;51;6.26;26961939;14.43;24.57;19.5
Cedrick Hordges;28;2003;43;28;LAL;C;12;525;6.38;27441537;23.84;17.86;20.85
Cedrick Hordges;29;2004;44;29;LAL;PG;61;4689;7.35;31318288;10.99;9.98;10.49
Cedrick Hordges;30;2005;45;30;LAL;C;80;2549;6.85;29319963;22.11;41.99;17.41
Cedrick Hordges;31;2005;45;30;IND;C;77;776;6.26;26961939;13.32;3.14;8.23
Cedrick Hordges;32;2005;45;32;NYK;C;69;527;7.26;30958589;13.76;2.51;8.14
Cedrick Hordges;33;2006;46;31;NYK;C;79;11096;6.72;28800398;25.51;-38.90;18.87
Cedrick Hordges;34;2007;47;32;NYK;C;87;655;7.00;29919460;12.36;20.3;16.33
Cedrick Hordges;35;2008;48;33;NYK;PF;41;-740;6.07;26202576;13.82;4.91;9.37
Johnny Rogers;1;1979;18;4;NYK;SF;53;2396;2.09;10295908;11.38;7.42;9.4
Johnny Rogers;2;1980;19;5;LAC;SF;5;99;2.92;13613128;10.38;45.81;6.63
Johnny Rogers;3;1981;20;6;LAC;SF;29;1148;3.93;17649745;23.09;5.79;14.44
Johnny Rogers;4;1982;21;7;LAC;SF;77;3591;5.93;25643045;8.69;3.48;6.09
Johnny Rogers;5;1983;22;8;LAC;SF;80;3351;5.64;24484016;7.54;6.62;7.08
Johnny Rogers;6;1984;23;9;LAC;SF;53;2406;6.06;26162609;15.21;5.57;10.39
Johnny Rogers;7;1985;24;10;CLE;PF;42;1903;6.31;27161772;19.46;7.46;13.46
Johnny Rogers;8;1985;24;10;IND;PF;78;1839;6.75;28920298;17.74;6.56;19.84
Johnny Rogers;9;1986;25;11;DEN;PF;10;310;7.47;31797886;16.96;14.51;15.74
Johnny Rogers;10;1987;24;12;DEN;PF;22;336;8.68;36633832;18.53;6.2;12.37
Johnny Rogers;11;1987;26;12;ORL;SF;60;1568;7.53;32037685;10.21;6.45;8.33
Johnny Rogers;12;1988;27;13;ORL;SF;2;107;7.00;29919460;7.4;8.02;7.71
Johnny Rogers;13;1988;27;13;CHH;SF;26;770;6.72;28800398;16.0;10.19;13.1
Johnny Rogers;14;1989;28;14;MIL;SG;50;1778;5.93;25643045;13.17;3.4;8.29
Johnny Rogers;15;1990;29;15;SDC;SG;49;-1069;5.92;25603078;9.88;5.75;7.82
Johnny Rogers;16;1991;30;16;MIL;SG;53;808;6.10;26322475;9.07;3.14;6.11
Johnny Rogers;17;1992;31;17;HOU;SG;14;113;4.59;16931459;5.63;5.53;5.58
Johnny Rogers;18;1993;32;18;MIN;SG;42;2010;-26.60;20807098;12.33;4.15;7.31
Johnny Rogers;19;1994;33;19;MIN;PG;43;1811;5.30;23125155;9.56;3.01;6.29
Johnny Rogers;20;1994;33;19;SEA;C;41;49;4.27;19008606;9.64;1.94;5.79
Johnny Rogers;21;1995;34;20;PHI;PG;32;28;5.68;24643882;-5.60;1.95;4.0
Johnny Rogers;22;1995;34;20;HOU;PG;32;88;6.18;26642207;5.92;1.84;3.88
Johnny Rogers;23;1996;35;21;HOU;PG;57;148;5.88;25443212;10.82;2.18;6.5
Johnny Rogers;24;1997;36;22;NOH;SG;90;882;-21.72;28680499;11.19;2.24;6.72
Johnny Rogers;25;1998;37;23;TOR;SG;16;235;6.91;29559762;8.99;3.28;6.14
Johnny Rogers;26;1998;37;23;TOR;SG;66;720;7.15;30518958;15.07;2.26;8.67
Johnny Rogers;27;1999;38;24;LAC;SG;29;1384;7.24;30878656;12.66;2.74;7.7
Johnny Rogers;28;2000;39;25;MIN;SG;36;1559;6.63;28440700;11.47;2.49;6.98
Johnny Rogers;29;2001;40;28;NOH;SG;1;25;6.26;26961939;13.48;5.61;9.55
Johnny Rogers;30;2001;40;26;WAS;SG;59;312;6.02;26002743;7.78;1.62;4.7
Johnny Rogers;31;2002;41;27;WAS;SG;54;1039;4.58;20247567;11.1;1.58;6.34
Johnny Rogers;32;2003;42;28;SAC;SG;71;1750;5.55;24124318;10.06;6.02;8.04
Johnny Rogers;33;2003;42;28;ATL;SG;1;1;5.70;24723815;10.82;4.25;7.54
Johnny Rogers;34;2003;42;28;SAC;SG;63;1633;5.91;16965088;8.84;5.52;7.18
Johnny Rogers;35;2004;43;29;SAC;SF;79;2901;6.08;26242542;11.05;11.37;11.21
Tyreke Evans;1;1979;21;2;SAC;SF;3;119;2.06;10176009;15.38;2.94;9.16
Tyreke Evans;2;1980;22;3;BOS;SF;8;286;29.69;9056947;17.0;9.07;13.04
Tyreke Evans;3;1981;23;4;BOS;SF;37;1676;0.81;5180197;13.04;5.83;9.44
Tyreke Evans;4;1981;23;4;MIN;SF;60;2598;1.65;8537383;34.60;9.79;12.43
Tyreke Evans;5;1982;25;5;PHI;SG;7;120;-7.69;5020331;10.73;3.9;7.32
Tyreke Evans;6;1983;25;6;PHI;SG;72;1910;1.24;6898756;8.67;7.34;8.01
Tyreke Evans;7;1984;26;7;SDC;SG;41;1601;0.64;4500766;7.54;1.62;4.58
Tyreke Evans;8;1985;27;8;HOU;SG;86;949;0.87;5419996;10.14;8.02;9.08
Tyreke Evans;9;1985;27;5;CHA;SG;14;58;0.58;4260967;5.84;7.08;6.46
Tyreke Evans;10;1986;28;9;CHA;SG;43;820;0.10;2342575;14.08;3.14;8.61
Tyreke Evans;11;1986;28;9;TOR;PF;6;81;26.13;773360;11.09;4.41;7.75
Tyreke Evans;12;1987;29;10;TOR;SG;69;1242;-1.38;854989;6.07;2.93;4.5
Tyreke Evans;13;1988;30;14;DEN;SG;15;276;-2.42;931005;6.54;7.28;6.91
Tyreke Evans;14;1989;31;12;PHO;SG;86;1161;-2.39;891241;13.28;2.62;7.95
Tyreke Evans;15;1990;32;13;UTA;SG;57;196;-2.84;740817;11.6;6.32;8.96
Tyreke Evans;16;1991;33;14;UTA;SG;35;-849;-3.00;910673;10.21;-27.17;5.7
Tyreke Evans;17;1992;34;15;UTA;SG;48;898;-3.00;1760092;5.15;2.13;3.64
Tyreke Evans;18;1993;35;16;CHI;PF;16;72;-3.00;722004;10.99;0.94;5.97
Tyreke Evans;19;1994;36;17;CHI;SG;47;638;-2.65;996873;11.84;2.25;7.05
Tyreke Evans;20;1995;37;18;ATL;SG;40;1245;-2.61;719099;5.42;3.0;4.21
Tyreke Evans;21;1996;38;19;ATL;C;57;846;-2.24;782703;9.23;1.54;5.39
Tyreke Evans;22;1997;39;20;ATL;SG;8;309;-2.66;962078;13.85;7.48;10.67
Tyreke Evans;23;1998;40;21;ATL;SG;28;1027;-1.59;680436;11.4;4.93;8.17
Tyreke Evans;24;1999;41;22;ATL;SG;33;994;-2.78;821910;9.52;2.36;5.94
Tyreke Evans;25;2000;42;23;DET;SG;33;191;-3.00;702175;5.6;4.14;4.87
Tyreke Evans;26;2001;43;24;NOP;SG;16;536;-3.00;980702;47.33;5.06;5.77
Tyreke Evans;27;2002;44;25;NOJ;SG;50;1514;-2.80;909854;10.04;4.64;7.34
Tyreke Evans;28;2003;45;26;LAC;SG;29;770;-1.70;943070;5.9;-25.17;6.75
Tyreke Evans;29;2004;46;27;LAC;SG;5;46;-1.15;945843;8.27;2.73;5.5
Tyreke Evans;30;2005;47;28;LAC;SG;7;274;0.21;2782207;8.13;2.97;5.55
Tyreke Evans;31;2006;48;29;LAC;SG;5;115;-0.21;1103613;16.07;0.33;8.2
Tyreke Evans;32;2007;49;30;LAC;SG;40;1347;-0.01;1902943;4.76;8.33;6.55
Tyreke Evans;33;2008;50;31;LAL;SG;40;1676;-0.58;664482;15.77;1.97;8.87
Tyreke Evans;34;2009;51;32;CHA;SG;60;2185;-1.49;643155;10.63;2.3;6.47
Tyreke Evans;35;2010;52;33;SEA;SG;38;-645;-1.68;707633;7.62;6.75;7.19
Earl Evans;1;1979;21;3;GSW;PG;75;215;-0.18;1223513;8.16;1.15;4.66
Earl Evans;2;1980;22;5;WSB;PG;77;3059;1.86;9376679;7.2;1.03;4.12
Earl Evans;3;1980;22;4;MIA;PG;72;2787;1.62;8417483;11.06;3.02;7.04
Earl Evans;4;1981;23;5;NJN;PG;52;1576;0.82;5220163;11.98;5.02;8.5
Earl Evans;5;1982;24;6;DAL;PG;27;721;0.79;5100264;9.99;0.94;5.47
Earl Evans;6;1983;25;7;DAL;PG;22;333;1.69;8697249;6.95;2.67;4.81
Earl Evans;7;1984;26;8;DAL;PG;1;27;2.66;12573999;8.23;1.29;4.76
Earl Evans;8;1985;27;9;DAL;PG;1;36;2.46;11774669;7.8;2.09;4.95
Earl Evans;9;1986;28;10;PHO;PG;13;62;3.21;14772157;10.66;1.26;5.96
Earl Evans;10;1987;29;11;PHO;PF;41;597;0.17;2622341;11.19;2.9;7.05
Earl Evans;11;1988;30;12;DAL;PG;19;269;0.38;3461637;5.01;3.45;4.23
Earl Evans;12;1989;31;13;MIA;PG;44;402;1.27;7018656;43.46;2.37;6.17
Earl Evans;13;1990;32;14;DAL;PG;10;13;-0.02;1862977;8.72;1.26;4.99
Earl Evans;14;1991;33;15;DAL;PG;34;1609;0.34;3301771;10.5;3.7;7.1
Earl Evans;15;1992;34;16;DAL;PG;40;228;-0.06;1703111;7.08;3.08;5.08
Earl Evans;16;1993;35;17;WAS;PG;68;860;-0.11;1503278;9.93;3.33;6.63
Earl Evans;17;1994;36;18;WAS;PG;77;2125;-0.80;609470;8.54;2.79;5.67
Earl Evans;18;1995;37;19;DAL;PG;62;686;1.24;6898756;27.31;2.23;5.32
Earl Evans;19;1995;37;18;DAL;PG;59;2913;0.73;4860465;6.99;1.39;4.19
Earl Evans;20;1996;38;20;PHO;PG;28;259;0.03;2062810;4.94;4.48;4.71
Earl Evans;21;1997;39;21;PHO;C;54;876;-1.29;905434;6.62;4.61;5.62
Earl Evans;22;1998;40;22;PHO;PG;23;669;-1.18;863450;9.34;3.62;6.48
Earl Evans;23;1999;41;23;PHO;PG;22;1010;-0.88;639791;38.12;2.78;6.84
Earl Evans;24;1999;41;23;BOS;PG;14;54;-0.97;664416;4.73;0.84;2.79
Earl Evans;25;1999;41;23;CLE;PG;17;8;-0.68;888979;8.8;4.64;6.43
Earl Evans;26;2000;42;24;PHI;PG;18;4;-1.94;811337;8.14;22.67;5.54
Earl Evans;27;2001;43;25;NJN;PG;28;796;-2.31;913071;6.67;6.91;6.60
Earl Evans;28;2002;44;26;NJN;PG;40;1324;-2.42;647201;9.73;2.76;6.25
Earl Evans;29;2002;44;26;MIA;PG;21;236;-3.00;684700;12.25;1.88;7.07
Earl Evans;30;2003;45;27;MIA;PG;77;669;-3.00;872602;12.48;1.41;6.95
Earl Evans;31;2004;46;28;MIL;PG;21;21;-3.00;810403;9.0;2.96;5.98
Earl Evans;32;2005;47;29;MIL;PG;70;507;-2.45;975000;5.4;1.58;3.49
Earl Evans;33;2005;51;29;CHH;PG;2;13;-2.10;879935;7.18;4.56;5.87
Earl Evans;34;2006;48;30;CHH;PG;83;737;-1.96;646106;8.64;3.39;6.02
Earl Evans;35;2007;49;31;DAL;PG;88;313;-2.28;995665;6.63;2.24;4.44
Bob Sura;1;1979;21;2;MIN;SF;38;888;1.20;6738890;17.33;11.3;14.32
Bob Sura;2;1980;22;3;SAC;SF;25;1138;2.48;11854602;10.85;8.58;9.72
Bob Sura;3;1981;23;4;SAC;SF;68;2494;1.13;6459125;15.28;4.92;10.1
Bob Sura;4;1982;24;5;SAC;SF;85;241;1.89;9496579;13.37;3.83;8.6
Bob Sura;5;1983;25;6;SAC;SF;64;121;1.69;8697249;11.82;5.89;8.86
Bob Sura;6;1984;26;7;BUF;SF;81;718;2.04;10096076;9.4;7.83;9.38
Bob Sura;7;1985;27;8;BOS;SF;21;363;2.24;10895406;9.97;11.3;10.64
Bob Sura;8;1986;28;9;NYK;SF;52;2112;1.66;8849638;8.82;10.55;9.69
Bob Sura;9;1986;30;9;CLE;SF;45;1069;2.45;11734703;18.45;8.74;13.6
Bob Sura;10;1987;29;10;ORL;SF;76;105;3.83;17250080;15.69;7.6;11.65
Bob Sura;11;1988;30;11;ORL;SF;3;60;3.65;16530683;21.21;11.04;16.13
Bob Sura;12;1989;31;12;BOS;SF;34;4;3.84;17290046;18.48;11.6;15.04
Bob Sura;13;1990;32;13;BOS;SF;40;1730;4.37;19408271;19.68;4.34;8.83
Bob Sura;14;1991;33;14;CLE;SF;50;1462;4.58;20247567;8.14;6.35;7.25
Bob Sura;15;1992;34;15;NOJ;SF;72;1831;2.98;13852927;20.16;6.88;13.52
Bob Sura;16;1993;35;16;HOU;SF;15;310;1.99;9896244;13.81;8.61;11.21
Bob Sura;17;1994;33;17;SAC;SF;78;2278;1.48;7857952;12.57;4.85;9.59
Bob Sura;18;1995;37;18;SAC;SF;22;363;1.88;9456612;15.85;3.52;9.69
Bob Sura;19;1996;38;19;SAC;SF;23;311;1.51;7977852;13.26;8.83;11.05
Bob Sura;20;1996;38;19;ORL;SF;62;1669;-4.79;7538220;11.15;6.68;8.92
Bob Sura;21;1996;38;19;MIL;SF;61;2852;-0.94;882813;14.62;10.25;12.44
Bob Sura;22;1996;38;19;CLE;SF;38;7;-1.15;793718;14.39;7.89;11.14
Bob Sura;23;1997;39;20;CLE;SG;39;1010;-1.65;723176;5.98;2.88;4.43
Bob Sura;24;1998;40;21;CLE;SG;44;661;-1.03;654365;15.19;6.97;11.08
Bob Sura;25;1999;41;22;CHI;SG;17;217;-37.90;675443;12.5;2.54;7.52
Bob Sura;26;2000;42;23;CHI;SG;95;479;-2.40;956424;10.44;3.51;6.98
Bob Sura;27;2001;43;24;LAL;SG;42;1835;-1.36;945734;12.11;3.31;7.45
Bob Sura;28;2001;43;24;CHH;SG;27;736;-0.45;144417;8.92;2.06;5.49
Bob Sura;29;2001;43;24;GSW;SG;29;1365;-0.67;688722;6.6;3.73;5.17
Bob Sura;30;2002;44;25;KCK;SG;51;409;-0.85;-186452;12.3;4.84;8.57
Bob Sura;31;2003;48;26;GSW;SG;33;830;-2.20;992225;8.57;6.22;7.4
Bob Sura;32;2003;45;26;HOU;SG;81;992;-1.88;902906;13.5;2.34;7.92
Bob Sura;33;2004;46;27;IND;C;62;1284;-1.79;970545;2.52;3.36;2.94
Bob Sura;34;2005;47;28;IND;SG;76;3217;-2.48;830959;10.99;5.11;8.05
Bob Sura;35;2006;48;29;IND;SG;2;68;-1.93;906071;8.65;3.14;5.9
Dominic Pressley;1;1978;16;0;PHI;PF;64;1588;-0.87;810660;19.17;5.15;12.16
Dominic Pressley;2;1979;17;2;ATL;SF;11;59;-2.30;947245;14.72;6.86;10.79
Dominic Pressley;3;1979;18;1;MIA;SF;54;2510;-2.02;962069;9.8;5.98;7.89
Dominic Pressley;4;1980;18;2;MIA;SF;56;28;-1.69;711310;20.43;9.26;14.85
Dominic Pressley;5;1981;19;3;PHI;SF;9;30;-0.53;651364;11.14;7.09;9.12
Dominic Pressley;6;1982;20;4;LAL;SF;35;471;-0.43;224350;15.96;11.79;13.88
Dominic Pressley;7;1983;21;5;LAL;SF;25;1075;-0.81;659561;15.64;11.27;13.46
Dominic Pressley;8;1984;22;7;PHO;SF;73;8821;-1.23;992224;19.26;6.85;13.06
Dominic Pressley;9;1985;23;3;PHO;PF;41;1371;-0.91;989435;16.73;1.76;9.25
Dominic Pressley;10;1986;24;8;PHO;SF;35;370;-26.97;854103;19.81;7.91;13.86
Dominic Pressley;11;1987;25;9;PHO;PF;33;196;-0.36;504116;9.17;16.73;12.95
Dominic Pressley;12;1987;25;9;DET;PF;40;4;-1.70;748770;15.48;2.42;8.95
Dominic Pressley;13;1988;26;13;DET;C;5;214;-1.37;856817;30.9;4.86;17.88
Dominic Pressley;14;1989;27;11;LAC;PF;36;551;-1.72;851353;18.08;5.75;11.92
Dominic Pressley;15;1990;28;12;LAC;PF;36;197;-2.97;945125;24.61;14.16;19.39
Dominic Pressley;16;1991;29;13;TOR;PF;36;1116;-2.36;989697;13.53;13.69;13.61
Dominic Pressley;17;1991;29;13;DEN;SF;36;541;-2.16;709284;11.96;5.75;8.86
Dominic Pressley;18;1992;30;14;DEN;SG;9;284;-2.46;959308;9.15;6.94;8.05
Dominic Pressley;19;1993;31;15;TOR;SF;75;1771;-3.00;918773;6.12;12.22;9.17
Dominic Pressley;20;1994;32;16;IND;SF;80;3158;-2.74;953604;21.63;3.22;12.43
Dominic Pressley;21;1995;33;17;IND;SF;21;602;-3.00;994030;15.11;1.78;8.45
Dominic Pressley;22;1996;34;18;IND;SF;93;150;-3.00;749491;12.13;1.22;6.68
Dominic Pressley;23;1997;30;19;IND;PF;55;228;-3.00;698940;16.32;4.37;10.35
Dominic Pressley;24;1998;36;20;IND;PF;58;2116;-3.00;784938;18.19;10.37;14.28
Dominic Pressley;25;1999;37;21;SAC;PF;24;1004;-3.00;924887;22.95;6.32;14.64
Dominic Pressley;26;1999;37;21;UTA;SF;77;577;-1.98;942138;8.41;5.76;7.09
Dominic Pressley;27;2000;38;22;UTA;SF;1;18;-1.83;619749;11.37;7.61;9.49
Dominic Pressley;28;2000;37;22;PHI;SF;60;1776;-4.39;925265;22.25;5.23;13.74
Dominic Pressley;29;2001;39;23;DEN;SF;70;153;-3.00;602477;9.23;6.46;7.85
Dominic Pressley;30;2002;40;24;DEN;SF;75;115;-1.83;670458;13.46;10.78;12.12
Dominic Pressley;31;2003;41;25;DEN;SF;28;497;-0.38;424183;12.82;8.29;10.56
Dominic Pressley;32;2003;41;25;LAL;SF;53;1965;-1.03;812583;8.43;1.44;4.94
Dominic Pressley;33;2004;42;26;LAL;SF;9;166;-0.93;612450;13.79;4.21;9.0
Dominic Pressley;34;2004;42;26;PHO;SF;44;349;-1.72;882246;26.27;3.48;14.88
Dominic Pressley;35;2005;43;27;PHO;SF;36;1124;-2.74;697997;7.44;5.63;6.54
Greivis Vasquez;1;1979;20;1;IND;SG;74;2397;0.25;2942073;5.53;11.31;8.42
Greivis Vasquez;2;1980;21;2;ATL;SG;69;-2464;0.46;3781369;9.24;-3.91;7.6
Greivis Vasquez;3;1980;21;2;DET;SG;25;642;1.65;8537383;5.62;2.45;4.04
Greivis Vasquez;4;1981;22;3;DET;SG;79;3057;1.35;7338388;7.41;8.92;8.17
Greivis Vasquez;5;1982;23;4;DET;SG;78;-3961;2.23;10855440;9.03;1.98;5.51
Greivis Vasquez;6;1983;24;5;NOK;SG;95;468;3.24;14892056;10.71;4.9;7.81
Greivis Vasquez;7;1984;25;6;CLE;SG;6;8;4.14;18489041;9.13;1.74;5.44
Greivis Vasquez;8;1985;26;7;HOU;SG;65;2795;4.61;20367467;7.87;4.57;6.22
Greivis Vasquez;9;1985;26;7;GSW;SG;30;1300;4.93;21646395;7.16;2.25;4.71
Greivis Vasquez;10;1986;27;8;CHI;SG;48;1764;4.50;19927835;14.4;4.15;9.28
Greivis Vasquez;11;1987;28;9;CHI;SG;70;2670;48.10;19368304;9.49;4.27;6.88
Greivis Vasquez;12;1988;29;10;SEA;SG;71;3334;3.86;17369979;11.98;4.39;8.19
Greivis Vasquez;13;1988;25;10;NJN;SG;52;1384;4.19;18688874;14.91;9.92;12.42
Greivis Vasquez;14;1989;30;11;PHI;SG;49;2226;3.13;14452425;6.47;0.8;3.64
Greivis Vasquez;15;1990;31;12;PHI;SG;62;2313;1.51;7977852;8.08;2.0;5.04
Greivis Vasquez;16;1991;32;13;PHI;SG;8;212;1.46;7778019;4.71;6.13;5.42
Greivis Vasquez;17;1992;33;14;CLE;SG;47;1260;0.87;5419996;17.89;3.68;10.79
Greivis Vasquez;18;1993;34;15;PHI;SG;20;220;0.76;4980364;10.07;4.61;7.34
Greivis Vasquez;19;1994;35;16;PHI;SG;89;699;0.40;3541570;8.67;4.62;6.65
Greivis Vasquez;20;1994;35;16;HOU;SG;27;508;29.29;4940398;10.1;4.63;7.37
Greivis Vasquez;21;1995;36;17;HOU;SG;36;582;-0.22;1063647;15.81;5.16;10.49
Greivis Vasquez;22;1995;36;19;SAC;SG;79;1171;-1.07;632534;7.46;5.4;6.43
Greivis Vasquez;23;1996;37;18;SAC;SF;14;-290;-0.60;918354;21.71;3.85;12.78
Greivis Vasquez;24;1997;38;19;WAS;SF;16;660;-0.90;914108;14.36;5.16;9.76
Greivis Vasquez;25;1998;39;20;PHI;SF;37;480;18.64;830823;12.63;5.05;8.84
Greivis Vasquez;26;1999;40;21;CHH;SG;5;148;-3.00;760164;14.97;2.13;8.55
Greivis Vasquez;27;2000;41;22;NYK;PF;30;1274;-3.00;686834;22.97;22.52;13.36
Greivis Vasquez;28;2001;42;23;NYK;SF;2;75;-3.00;891767;9.84;6.06;7.95
Greivis Vasquez;29;2002;43;24;ATL;SF;34;185;-3.00;640117;7.03;7.7;7.37
Greivis Vasquez;30;2003;44;25;IND;SF;92;372;-2.22;713381;8.12;11.27;9.7
Greivis Vasquez;31;2004;45;26;DAL;SF;25;1185;-2.12;777393;19.94;5.61;12.78
Greivis Vasquez;32;2005;48;27;DAL;SF;85;30;-1.33;688667;16.08;4.05;10.07
Greivis Vasquez;33;2005;46;27;TOR;SG;12;77;-1.44;738603;11.09;4.89;7.99
Greivis Vasquez;34;2005;46;27;DET;SG;45;953;-1.39;612201;8.21;1.83;5.02
Greivis Vasquez;35;2006;47;28;GSW;SG;2;7;-1.97;694473;5.38;8.1;6.74
Alexander Johnson;1;1979;19;2;MIA;SF;52;872;1.96;9776344;14.62;2.79;8.71
Alexander Johnson;2;1980;20;3;MIA;SF;56;1993;41.54;14412458;14.55;8.32;11.44
Alexander Johnson;3;1981;21;4;CHO;SF;87;1558;4.02;18009443;14.39;6.15;10.27
Alexander Johnson;4;1982;22;5;NOH;SF;34;1254;5.82;25203413;11.53;6.32;8.93
Alexander Johnson;5;1983;23;6;NOK;SF;1;13;5.16;22565624;10.12;10.96;10.54
Alexander Johnson;6;1984;24;7;CHI;SF;15;503;4.03;18049410;23.07;6.76;14.92
Alexander Johnson;7;1984;28;7;CLE;SF;64;1348;4.35;19328338;45.58;10.02;11.05
Alexander Johnson;8;1985;25;8;MIL;SF;60;2617;3.12;14412458;17.2;5.79;11.5
Alexander Johnson;9;1986;26;9;NOH;SF;2;42;4.19;18688874;14.87;7.44;11.16
Alexander Johnson;10;1986;25;9;PHI;SF;55;688;3.99;17889544;18.22;6.45;12.34
Alexander Johnson;11;1987;27;10;PHI;SF;24;2264;3.74;16890381;13.08;15.71;14.4
Alexander Johnson;12;1988;28;11;ATL;SF;14;600;4.45;19728003;18.86;5.6;12.23
Alexander Johnson;13;1989;29;12;MIA;SF;34;690;4.31;19168472;9.57;7.45;8.51
Alexander Johnson;14;1990;30;13;MIA;SF;52;1677;3.39;15491554;7.26;1.51;4.39
Alexander Johnson;15;1991;31;14;MIA;SF;34;1366;4.31;19168472;13.84;7.64;10.74
Alexander Johnson;16;1992;32;15;MIA;SF;62;2886;3.58;16250917;8.78;0.73;4.76
Alexander Johnson;17;1993;33;16;CHH;SF;15;616;3.37;15411621;13.03;2.51;7.77
Alexander Johnson;18;1994;34;17;PHO;SF;86;375;4.66;20567299;15.28;10.51;12.9
Alexander Johnson;19;1995;32;18;MIA;SG;39;88;3.96;17769644;12.09;6.74;9.42
Alexander Johnson;20;1996;36;19;SAS;SG;29;305;2.94;13693061;8.3;3.18;5.74
Alexander Johnson;21;1997;37;20;MIL;SG;79;782;3.20;14732190;12.52;2.78;7.65
Alexander Johnson;22;1998;38;21;SAS;PG;6;17;3.25;14932023;10.93;5.73;8.33
Alexander Johnson;23;1999;39;22;SAS;PG;31;1077;3.51;15971152;7.87;3.18;5.53
Alexander Johnson;24;2000;40;23;SAS;PG;76;1237;4.15;18529008;5.94;4.79;5.37
Alexander Johnson;25;2001;41;24;TOR;PG;84;834;4.98;21846227;8.88;3.24;6.06
Alexander Johnson;26;2002;42;25;TOR;PG;31;964;4.78;21046897;5.5;5.32;5.41
Alexander Johnson;27;2003;43;29;IND;PF;12;249;5.16;22565624;11.54;2.76;7.15
Alexander Johnson;28;2003;43;26;GSW;PG;25;3153;4.23;18848740;6.99;1.9;4.45
Alexander Johnson;29;2004;44;27;GSW;PG;87;-3321;4.73;16106243;6.91;0.24;3.58
Alexander Johnson;30;2005;45;28;GSW;PG;49;154;3.46;15771319;3.9;2.63;3.27
Alexander Johnson;31;2006;46;29;GSW;PG;88;3173;3.81;17170147;8.8;2.87;5.84
Alexander Johnson;32;2007;47;30;GSW;PG;4;121;2.99;13892894;3.92;3.59;3.76
Alexander Johnson;33;2008;51;31;GSW;PG;20;172;2.74;12893731;9.49;2.28;5.89
Alexander Johnson;34;2009;49;35;GSW;PG;4;26;2.01;9976176;12.56;2.15;7.36
Alexander Johnson;35;2010;50;33;GSW;PG;43;686;0.89;5499929;15.48;3.4;9.44
Donnell Harvey;1;1979;20;3;DEN;PG;50;214;1.29;7098589;12.42;1.45;6.94
Donnell Harvey;2;1980;21;4;DEN;PG;38;178;1.44;7698086;8.48;4.15;6.32
Donnell Harvey;3;1981;22;5;ORL;PG;85;3150;2.18;10655607;5.95;2.65;4.3
Donnell Harvey;4;1982;23;4;ORL;PG;63;2242;1.56;8177684;10.72;3.51;7.12
Donnell Harvey;5;1983;24;7;ORL;PG;47;149;0.95;5739728;5.66;3.2;4.43
Donnell Harvey;6;1984;25;8;ORL;SG;58;1900;0.30;3141905;13.04;5.85;9.45
Donnell Harvey;7;1985;26;9;ORL;PG;51;547;-0.63;710651;6.4;1.77;4.09
Donnell Harvey;8;1985;26;9;MIL;PG;24;986;-1.26;143350;9.91;5.21;7.56
Donnell Harvey;9;1985;26;9;SEA;PG;37;5195;-0.79;714944;3.96;2.44;3.2
Donnell Harvey;10;1986;27;10;POR;PG;47;840;-1.43;874745;8.28;5.3;6.79
Donnell Harvey;11;1987;28;11;POR;PG;35;1328;-1.61;633086;7.55;1.71;4.63
Donnell Harvey;12;1988;29;12;POR;PG;25;1042;-1.11;870468;6.59;4.0;4.49
Donnell Harvey;13;1989;30;13;POR;PG;52;450;-1.10;928101;11.04;2.89;6.97
Donnell Harvey;14;1990;31;14;BOS;PG;12;94;-1.09;1500118;7.42;10.00;5.19
Donnell Harvey;15;1991;32;15;CLE;SG;29;501;-1.44;687711;14.49;3.09;8.79
Donnell Harvey;16;1992;34;16;IND;SG;40;1641;-1.79;681761;13.63;10.5;12.07
Donnell Harvey;17;1993;34;17;IND;SG;58;1223;-2.51;890242;11.16;4.84;8.0
Donnell Harvey;18;1994;30;18;IND;PF;36;-258;19.85;-158745;5.06;5.02;5.04
Donnell Harvey;19;1995;36;19;IND;SG;77;1600;-2.93;368113;7.16;5.18;6.17
Donnell Harvey;20;1996;37;20;SDC;SG;30;783;-2.41;885427;9.34;4.96;7.15
Donnell Harvey;21;1997;38;21;IND;SG;67;2450;-2.05;847958;13.76;3.97;8.87
Donnell Harvey;22;1998;39;22;IND;SG;75;1395;-3.00;856729;9.69;3.4;6.55
Donnell Harvey;23;1999;40;23;IND;SG;33;1188;-2.81;888171;10.36;1.88;6.12
Donnell Harvey;24;2000;41;24;IND;SG;75;2645;-3.00;956140;11.05;2.34;6.7
Donnell Harvey;25;2001;42;25;IND;SG;12;561;-3.00;760707;5.62;3.91;4.77
Donnell Harvey;26;2002;43;26;IND;SG;44;1080;-3.00;717741;8.24;4.18;6.21
Donnell Harvey;27;2002;43;26;MIL;SG;50;1676;-2.09;806700;11.07;3.82;7.45
Donnell Harvey;28;2003;44;27;MIL;C;78;2553;-2.18;814741;7.36;5.16;6.26
Donnell Harvey;29;2003;44;27;ORL;SG;43;1029;-2.35;971883;10.52;4.26;7.39
Donnell Harvey;30;2004;45;29;ORL;SG;93;131;-2.21;897375;10.48;7.05;8.77
Donnell Harvey;31;2005;46;29;ORL;SF;51;1374;-1.67;744726;8.25;2.85;5.55
Donnell Harvey;32;2006;47;30;NJN;SF;98;1089;-1.47;904572;13.15;7.35;10.25
Donnell Harvey;33;2006;43;30;MIL;SF;36;1119;-2.77;908475;49.45;5.01;9.69
Donnell Harvey;34;2007;48;31;NOH;SF;54;827;-3.00;992318;9.32;5.38;7.35
Donnell Harvey;35;2008;49;32;SEA;SF;53;2081;-3.00;679873;10.61;9.2;9.91
Steve Hayes;1;1979;18;2;SEA;SF;14;89;0.63;4460800;16.2;7.96;12.08
Steve Hayes;2;1980;19;3;SEA;SF;67;3148;0.66;4580699;12.56;8.9;1.04
Steve Hayes;3;1981;20;4;SDC;SF;67;2216;2.22;19132760;13.31;11.94;12.63
Steve Hayes;4;1982;21;7;SDC;SF;25;259;2.88;13453262;6.73;4.91;5.82
Steve Hayes;5;1983;22;6;SDC;SF;30;1075;3.08;14252592;11.77;12.64;12.21
Steve Hayes;6;1984;23;7;DET;SF;2;30;3.31;15171822;10.55;7.79;9.17
Steve Hayes;7;1985;24;8;DET;SF;43;1166;3.28;15051922;10.51;1.69;6.1
Steve Hayes;8;1986;25;9;NJN;SF;61;2204;2.94;13693061;9.31;8.77;9.04
Steve Hayes;9;1987;26;10;NJN;SF;86;1124;3.05;14132693;10.39;-8.20;7.97
Steve Hayes;10;1988;27;11;MIL;SF;43;190;1.63;8457450;15.52;4.81;10.17
Steve Hayes;11;1989;25;12;MIL;SG;25;519;2.98;13852927;7.85;2.38;5.12
Steve Hayes;12;1990;29;10;MIL;SG;18;46;22.37;16610616;15.9;7.94;11.92
Steve Hayes;13;1991;30;14;PHI;SF;77;3286;3.38;15451587;11.29;4.8;8.05
Steve Hayes;14;1992;31;15;SAC;SF;3;50;2.38;11454937;8.78;16.76;12.77
Steve Hayes;15;1993;32;16;PHO;SF;15;134;2.01;9976176;9.99;11.77;10.88
Steve Hayes;16;1994;33;17;PHO;SF;20;217;1.21;6778857;12.32;9.36;10.84
Steve Hayes;17;1995;34;18;PHO;SF;48;1768;1.65;8537383;15.84;10.64;13.24
Steve Hayes;18;1996;35;22;PHO;SF;65;1237;1.76;8977014;19.84;4.94;12.39
Steve Hayes;19;1997;36;20;PHO;SF;51;1782;2.81;13173497;14.39;0.69;7.54
Steve Hayes;20;1998;37;21;BRK;SF;20;123;2.17;4770768;11.62;1.43;6.53
Steve Hayes;21;1999;38;22;LAC;SF;49;964;0.96;5779694;11.2;14.25;12.73
Steve Hayes;22;1999;38;22;DEN;SF;19;22;-0.13;1423345;13.3;6.69;10.0
Steve Hayes;23;2000;39;23;DEN;SG;25;104;-0.14;1383379;8.68;5.74;7.21
Steve Hayes;24;2001;40;24;DEN;SG;19;744;-0.24;983714;26.38;0.82;7.38
Steve Hayes;25;2001;44;24;LAC;SF;64;73;0.19;2702274;9.93;9.21;9.57
Steve Hayes;26;2002;41;25;LAC;SG;75;682;-0.40;344250;4.08;5.51;4.8
Steve Hayes;27;2003;42;26;LAL;SG;64;1048;0.83;5260130;10.17;3.28;6.73
Steve Hayes;28;2003;42;26;IND;SF;40;1527;0.74;4900431;14.54;5.1;9.82
Steve Hayes;29;2003;42;26;ATL;SF;44;288;0.44;3701436;6.98;4.9;5.94
Steve Hayes;30;2004;43;27;POR;PG;51;1591;0.95;5739728;13.3;7.46;10.38
Steve Hayes;31;2005;44;28;POR;SF;81;248;1.35;7338388;16.35;5.8;11.08
Steve Hayes;32;2006;45;29;POR;SF;6;45;2.11;10375842;15.53;1.39;8.46
Steve Hayes;33;2007;46;30;UTA;SF;76;376;1.04;6099426;10.7;8.76;9.73
Steve Hayes;34;2008;47;31;POR;SF;5;190;0.94;5699761;17.86;5.73;11.8
Steve Hayes;35;2009;48;32;BOS;SF;48;609;1.51;7977852;11.07;7.02;9.05
Maurice Carter;1;1979;19;4;BOS;PG;28;711;1.01;5979527;12.68;3.88;8.28
Maurice Carter;2;1980;20;5;BOS;PG;79;2567;-0.32;663982;10.36;2.6;6.48
Maurice Carter;3;1981;21;6;BOS;PF;31;758;-0.14;1383379;10.71;2.55;6.63
Maurice Carter;4;1982;22;7;BOS;PG;50;1319;0.90;5539895;36.55;1.96;2.54
Maurice Carter;5;1983;23;8;BOS;PG;75;1113;0.04;2102776;12.01;1.02;6.52
Maurice Carter;6;1984;24;9;BOS;PG;58;2699;0.20;2742240;7.36;2.81;5.09
Maurice Carter;7;1985;25;10;BOS;PG;73;2150;0.50;3941235;6.71;2.32;4.52
Maurice Carter;8;1986;26;11;BOS;PG;3;229;1.26;6978689;11.39;1.23;6.31
Maurice Carter;9;1987;27;12;CLE;SG;10;152;2.13;10455775;11.33;5.0;8.17
Maurice Carter;10;1988;28;13;PHI;SG;54;808;3.00;19113225;13.33;5.18;9.26
Maurice Carter;11;1989;29;14;PHI;SG;86;525;3.69;16690549;9.28;0.72;5.0
Maurice Carter;12;1990;30;15;PHI;SG;38;1578;2.87;13413296;10.89;4.38;7.64
Maurice Carter;13;1990;30;15;TOR;PG;13;490;4.25;18928673;14.34;5.29;9.82
Maurice Carter;14;1991;31;16;CHI;SG;91;853;4.12;18409108;15.8;2.52;9.16
Maurice Carter;15;1992;32;17;CHI;PG;27;718;5.51;23964452;52.55;22.90;5.83
Maurice Carter;16;1993;33;18;LAL;PG;38;474;5.81;25163447;10.13;2.76;6.45
Maurice Carter;17;1994;34;19;LAL;PG;23;149;4.98;21846227;6.55;4.71;5.63
Maurice Carter;18;1995;35;20;LAL;PG;54;1470;3.97;17809611;4.88;2.72;3.8
Maurice Carter;19;1996;36;21;BRK;PG;36;1334;4.58;20247567;8.46;1.66;5.06
Maurice Carter;20;1997;37;22;LAL;PG;81;1450;3.76;16970314;7.61;2.25;4.93
Maurice Carter;21;1998;38;23;MIL;PG;14;626;4.30;10132063;6.66;2.4;4.53
Maurice Carter;22;1999;39;24;MIL;PG;9;56;4.46;19767969;6.29;4.69;5.49
Maurice Carter;23;2000;40;25;SEA;PG;14;571;5.06;22165959;10.24;3.03;6.64
Maurice Carter;24;2001;41;26;KCK;PG;39;398;5.59;24284184;4.68;2.18;3.43
Maurice Carter;25;2002;42;27;SEA;PG;42;1218;5.38;23444887;5.05;1.11;3.08
Maurice Carter;26;2003;43;28;CHO;PG;51;2188;17.39;20926998;3.9;0.78;2.34
Maurice Carter;27;2004;44;29;TOR;PG;45;133;4.07;18209276;7.64;3.68;5.66
Maurice Carter;28;2004;44;29;POR;PG;76;1816;4.02;18009443;6.9;3.85;5.38
Maurice Carter;29;2005;45;30;POR;PG;52;2275;4.00;17929510;11.99;-1.06;7.23
Maurice Carter;30;2006;46;31;POR;PG;29;569;-17.30;16530683;-16.83;0.62;5.18
Maurice Carter;31;2007;47;32;POR;PG;22;329;3.49;15891219;6.25;1.29;3.77
Maurice Carter;32;2008;48;33;POR;PG;29;1343;3.87;21873940;11.34;27.97;7.26
Maurice Carter;33;2009;49;34;UTA;PG;36;405;4.06;18169309;7.23;2.61;4.92
Maurice Carter;34;2010;50;35;POR;PG;98;690;4.34;19288371;6.07;0.72;3.24
Maurice Carter;35;2011;51;34;POR;SG;57;1749;5.86;25363279;7.35;2.58;4.97
Mike Mitchell;1;1979;20;3;NYK;PF;65;474;1.13;6459125;20.0;10.74;15.37
Mike Mitchell;2;1980;21;4;NYK;SF;48;1890;-1.78;771374;18.68;1.85;10.27
Mike Mitchell;3;1981;22;5;NYK;SF;4;97;0.67;4620666;9.96;7.48;8.72
Mike Mitchell;4;1982;23;6;LAC;SF;31;983;0.36;3381704;-38.54;4.06;7.14
Mike Mitchell;5;1983;24;7;LAC;SF;63;2430;-0.14;1383379;11.9;6.37;9.14
Mike Mitchell;6;1984;25;8;NOH;SF;51;349;1.72;8817148;15.86;9.89;12.88
Mike Mitchell;7;1985;26;9;NOH;SF;61;1891;-0.01;1902943;12.64;4.91;8.78
Mike Mitchell;8;1986;27;10;NOH;SF;42;1573;0.29;3959163;7.04;6.03;6.54
Mike Mitchell;9;1987;30;11;PHI;SF;66;3005;0.27;3022006;12.45;4.14;8.3
Mike Mitchell;10;1988;29;12;PHI;SF;68;839;1.28;7058622;13.64;10.7;12.17
Mike Mitchell;11;1989;30;12;DAL;SF;16;484;0.07;2222676;6.1;6.1;6.1
Mike Mitchell;12;1990;31;14;DAL;SF;11;39;-0.62;902694;13.9;10.38;12.14
Mike Mitchell;13;1991;32;15;DAL;SF;4;173;-1.79;807662;13.68;3.93;8.81
Mike Mitchell;14;1992;33;16;DAL;SF;76;71;17.76;788651;19.01;6.99;13.0
Mike Mitchell;15;1993;34;17;ORL;PG;56;2490;-1.61;643971;16.69;7.06;11.88
Mike Mitchell;16;1994;35;18;ORL;SF;81;1741;-1.74;904576;15.41;3.97;9.69
Mike Mitchell;17;1995;36;19;ORL;PF;12;545;-1.75;793859;11.84;13.15;12.5
Mike Mitchell;18;1996;37;20;ORL;PF;73;2424;-2.66;684583;18.85;10.19;14.52
Mike Mitchell;19;1997;38;21;ORL;PF;71;2060;-3.00;661566;-41.35;12.05;17.99
Mike Mitchell;20;1997;38;21;CLE;SG;71;2339;-3.00;971856;16.35;2.93;9.64
Mike Mitchell;21;1998;39;22;CLE;PF;45;198;-2.90;773332;19.21;6.52;12.87
Mike Mitchell;22;1998;39;22;NOH;PF;71;456;-3.00;811119;9.35;7.07;8.21
Mike Mitchell;23;1999;40;23;NOH;PF;2;50;-2.77;694087;21.73;9.46;15.6
Mike Mitchell;24;2000;41;24;NOH;C;19;452;-2.51;642473;21.3;17.98;19.64
Mike Mitchell;25;2001;42;25;TOR;C;40;649;-3.00;623357;18.76;-6.21;14.59
Mike Mitchell;26;2002;43;26;CLE;C;25;744;-2.71;724881;18.1;15.42;16.76
Mike Mitchell;27;2003;44;27;LAL;C;13;541;-3.00;712704;24.65;17.09;17.94
Mike Mitchell;28;2004;45;28;LAC;C;6;139;-5.63;910692;27.21;26.29;26.75
Mike Mitchell;29;2005;46;29;GSW;C;61;617;-2.90;606283;23.85;11.26;17.56
Mike Mitchell;30;2006;47;30;GSW;PF;7;100;-3.00;803908;15.62;14.01;14.82
Mike Mitchell;31;2007;48;31;GSW;SF;7;173;-3.00;764897;14.24;4.84;9.54
Mike Mitchell;32;2008;49;32;GSW;PF;63;2939;-2.34;933429;9.55;2.85;6.2
Mike Mitchell;33;2009;50;33;GSW;PF;26;1192;-3.00;732700;17.75;11.88;14.82
Mike Mitchell;34;2010;51;34;ORL;PF;30;612;-3.00;649807;15.66;6.2;10.93
Mike Mitchell;35;2011;52;35;ORL;PF;17;695;-3.00;942505;15.88;10.5;13.19
Raul Neto;1;1979;19;1;NYK;PF;9;26;-0.35;544082;15.71;6.5;11.11
Raul Neto;2;1980;20;2;NYK;PF;67;522;-0.92;821000;32.07;7.67;19.87
Raul Neto;3;1980;20;2;TOR;PF;77;972;-0.95;777078;16.9;8.7;20.74
Raul Neto;4;1981;21;3;TOR;PF;52;2073;-0.22;1063647;18.91;10.38;14.65
Raul Neto;5;1982;22;4;TOR;PF;28;2120;-1.51;896087;19.06;10.43;19.75
Raul Neto;6;1982;22;4;SAS;PF;79;858;-1.73;745483;16.41;10.48;13.45
Raul Neto;7;1983;23;5;SAS;C;66;2098;-1.70;1057060;37.93;8.62;23.28
Raul Neto;8;1984;24;7;SAS;C;75;1721;-1.70;760185;16.99;18.47;17.73
Raul Neto;9;1985;25;7;CHI;PG;94;296;-0.55;906027;12.3;15.7;14.0
Raul Neto;10;1985;25;3;SEA;C;62;809;-0.25;944436;21.92;12.06;16.99
Raul Neto;11;1985;25;7;WSB;C;76;184;-37.88;724935;21.73;20.51;21.12
Raul Neto;12;1986;26;8;WSB;C;34;1005;-1.79;684756;14.27;8.17;11.22
Raul Neto;13;1987;27;9;PHI;C;11;4;-3.00;820218;32.55;10.29;21.42
Raul Neto;14;1988;28;10;IND;C;44;603;-3.00;968755;29.37;14.04;21.71
Raul Neto;15;1989;29;11;IND;C;13;177;-3.00;660923;23.96;9.6;16.78
Raul Neto;16;1990;30;12;IND;C;31;634;-3.00;658540;-24.85;9.57;17.81
Raul Neto;17;1991;31;13;ATL;C;79;1810;-3.00;658125;-14.44;10.98;10.85
Raul Neto;18;1992;32;14;ATL;PG;1;4;-3.00;954564;10.08;8.08;9.08
Raul Neto;19;1993;35;15;ATL;C;63;1824;-3.00;605284;12.87;20.3;16.59
Raul Neto;20;1994;34;16;ATL;C;9;368;-2.69;906188;20.37;7.41;13.89
Raul Neto;21;1995;35;17;ATL;C;29;940;-3.00;648419;40.05;1.67;20.86
Raul Neto;22;1996;36;18;ATL;PG;66;287;-3.00;969483;19.03;7.13;13.08
Raul Neto;23;1996;36;18;IND;C;79;3681;-3.00;698415;20.07;7.48;13.78
Raul Neto;24;1996;36;18;CHI;C;75;418;-3.00;961670;25.97;10.87;12.09
Raul Neto;25;1996;37;18;PHO;C;40;1217;-3.00;1502260;13.58;6.49;10.04
Raul Neto;26;1996;36;18;MIA;C;45;1471;-3.00;977910;21.17;21.66;21.42
Raul Neto;27;1996;36;18;LAC;C;70;8361;-3.00;740841;20.83;16.61;18.72
Raul Neto;28;1997;37;19;LAC;PF;28;843;-2.81;709226;21.66;9.41;15.54
Raul Neto;29;1998;38;20;LAC;PF;15;610;-3.00;778643;17.2;6.72;11.96
Raul Neto;30;1999;39;21;LAC;PF;46;917;-2.78;697384;16.92;11.62;5.58
Raul Neto;31;2000;40;22;LAC;PF;19;454;-3.00;901183;17.15;14.36;15.76
Raul Neto;32;2000;40;22;NYK;PF;22;349;-3.00;882830;27.32;3.4;15.36
Raul Neto;33;2001;41;23;CHI;SF;34;-2796;-3.00;704033;15.19;5.83;10.51
Raul Neto;34;2002;42;24;CHI;SF;56;2578;-23.21;799986;-12.31;10.86;11.51
Raul Neto;35;2003;43;25;CHI;SF;72;7063;-3.69;620559;19.37;8.46;13.92